sample_id,group,combination,prediction_png,prediction_sha256,target_png,target_sha256,psnr,ssim,lpips,maniqa,clipiqa,musiq
test/A/rain + haze/003,A,rain+haze,/root/autodl-tmp/aaa/graphrestore/artifacts/formal_mio100/graphrestore_v7_1_stage4_step040000/methods/graphrestore_v7_1_stage4_step040000/d2/rain+haze/003.png,ff06ae3c228b2c7b1053eec992ec5a0e7fc0542a71b5600cfff5a257050e368b,/root/autodl-tmp/graph/data/graphrestore/raw/agenticir/extracted/HQ/003.png,c2a2513992db412a7160dfa2f82535dccaa188db91df80ee6ed5b0dd5c5d2d1a,24.674776077270508,0.8956598498094306,0.10129641741514206,0.40277883410453796,0.7613223195075989,73.04655456542969
test/A/rain + haze/004,A,rain+haze,/root/autodl-tmp/aaa/graphrestore/artifacts/formal_mio100/graphrestore_v7_1_stage4_step040000/methods/graphrestore_v7_1_stage4_step040000/d2/rain+haze/004.png,a660a86f3438ed0624c6fbb78fcbae773a097fe1da1ee6610120206c1b1d89e7,/root/autodl-tmp/graph/data/graphrestore/raw/agenticir/extracted/HQ/004.png,f1ad3f60cd8e680739263535ab1620a2490f3bc0c65a9355a965c7dff9be1fed,25.80024528503418,0.9135169485384296,0.12292241305112839,0.4581761956214905,0.6985868215560913,73.75032806396484
test/A/rain + haze/005,A,rain+haze,/root/autodl-tmp/aaa/graphrestore/artifacts/formal_mio100/graphrestore_v7_1_stage4_step040000/methods/graphrestore_v7_1_stage4_step040000/d2/rain+haze/005.png,9fc6c3d4f7a20d9ced3d844f1bae69f5b3f021e395f9bea0470b76c5b1b0cef1,/root/autodl-tmp/graph/data/graphrestore/raw/agenticir/extracted/HQ/005.png,1d8eb1ef9c1817c087956135efa85be686e7169ef11eb532c768d32d7267a0ff,26.55173110961914,0.9103292665417637,0.046258777379989624,0.34469908475875854,0.7762096524238586,70.95633697509766
test/A/rain + haze/006,A,rain+haze,/root/autodl-tmp/aaa/graphrestore/artifacts/formal_mio100/graphrestore_v7_1_stage4_step040000/methods/graphrestore_v7_1_stage4_step040000/d2/rain+haze/006.png,43d8290351fa785da1a913e1126ac52662ebd8bccc70f6beac99678e8377175c,/root/autodl-tmp/graph/data/graphrestore/raw/agenticir/extracted/HQ/006.png,f62feddd2f379d039dd1effe18b6368c79a6fe31fb8177f797c9f230eb8e1211,13.649558067321777,0.8229765876944857,0.1715061366558075,0.3503788411617279,0.6128048300743103,62.46773910522461
test/A/rain + haze/007,A,rain+haze,/root/autodl-tmp/aaa/graphrestore/artifacts/formal_mio100/graphrestore_v7_1_stage4_step040000/methods/graphrestore_v7_1_stage4_step040000/d2/rain+haze/007.png,9c6248779cfe3a18b3d184aa9ba8bb4aa0a37ef5cf257bf57f554d5288fbb5d2,/root/autodl-tmp/graph/data/graphrestore/raw/agenticir/extracted/HQ/007.png,b876f087d5f42a9350f28383ff2df22156b6bbba702809d134b7713d9430881c,16.616371154785156,0.9382251582852927,0.09025698900222778,0.5951753854751587,0.8184804916381836,74.8507080078125
test/A/rain + haze/008,A,rain+haze,/root/autodl-tmp/aaa/graphrestore/artifacts/formal_mio100/graphrestore_v7_1_stage4_step040000/methods/graphrestore_v7_1_stage4_step040000/d2/rain+haze/008.png,9aa90d4b77ab5dfe790ccb32ab79e6704aa1a8ab9e3050fd996ce6f1fb545971,/root/autodl-tmp/graph/data/graphrestore/raw/agenticir/extracted/HQ/008.png,4efb8dbbd2ba5090b7b951a456ec5ed27a5d61360ab95cb1c5a9366f2868cb94,25.59067726135254,0.9286963137051509,0.06452929228544235,0.39062291383743286,0.7191329002380371,74.55066680908203
test/A/rain + haze/009,A,rain+haze,/root/autodl-tmp/aaa/graphrestore/artifacts/formal_mio100/graphrestore_v7_1_stage4_step040000/methods/graphrestore_v7_1_stage4_step040000/d2/rain+haze/009.png,e465d97651a573d17897f15eedac879c7241a92e8b55a4cf75a8c22dc9f8c7ef,/root/autodl-tmp/graph/data/graphrestore/raw/agenticir/extracted/HQ/009.png,5b779ac0fbe5d1e4d4126fd2864493dcc2ecdbde374ede7e29a054b2a9cb4f21,20.78598403930664,0.912408426423892,0.1783275604248047,0.2074396312236786,0.31599536538124084,54.764366149902344
test/A/rain + haze/010,A,rain+haze,/root/autodl-tmp/aaa/graphrestore/artifacts/formal_mio100/graphrestore_v7_1_stage4_step040000/methods/graphrestore_v7_1_stage4_step040000/d2/rain+haze/010.png,f779be3ec1409c55f7076ef8a624fdd2c90e341a61cd3b1b5daee47e87f340d7,/root/autodl-tmp/graph/data/graphrestore/raw/agenticir/extracted/HQ/010.png,327492996d853f5c8873b435f98a91afd07db64567545baa61c9f4f64f717a0d,26.200496673583984,0.9355673457534776,0.14393043518066406,0.4421309232711792,0.7617312669754028,76.91355895996094
test/A/rain + haze/013,A,rain+haze,/root/autodl-tmp/aaa/graphrestore/artifacts/formal_mio100/graphrestore_v7_1_stage4_step040000/methods/graphrestore_v7_1_stage4_step040000/d2/rain+haze/013.png,0b3f891a67ad57e28c2d873b5f7437374d277fca7922e1354d2278ea6789fe12,/root/autodl-tmp/graph/data/graphrestore/raw/agenticir/extracted/HQ/013.png,afe18305499bd0b8318392e8f34ede33aafb5a0df2371075fe9f30a1c81a75eb,22.441530227661133,0.8399501066716009,0.11586637794971466,0.5182397961616516,0.6209461092948914,73.5295639038086
test/A/rain + haze/014,A,rain+haze,/root/autodl-tmp/aaa/graphrestore/artifacts/formal_mio100/graphrestore_v7_1_stage4_step040000/methods/graphrestore_v7_1_stage4_step040000/d2/rain+haze/014.png,25d888686a030843031c0f32e0a4c68d19f25e9e4a4c2a967d44e5c0f26d9bd1,/root/autodl-tmp/graph/data/graphrestore/raw/agenticir/extracted/HQ/014.png,2d569d9b923a96b1542c0b845dce0c7657794eba9f6f22ae5d02f335ef1bc4a0,30.00338363647461,0.9040495636437222,0.06789159774780273,0.4071694314479828,0.6764702796936035,70.79985046386719
test/A/rain + haze/015,A,rain+haze,/root/autodl-tmp/aaa/graphrestore/artifacts/formal_mio100/graphrestore_v7_1_stage4_step040000/methods/graphrestore_v7_1_stage4_step040000/d2/rain+haze/015.png,ff7acac45ff2457e22f117cb8f4f690a8702e9e92e17925f3212f39e969d0ed8,/root/autodl-tmp/graph/data/graphrestore/raw/agenticir/extracted/HQ/015.png,286adb5a1c45ee88f14e1b16e3af420910584bf5ebdd72c40cf75317559c731f,26.47697639465332,0.9241631872131967,0.032727744430303574,0.5544731616973877,0.7098243832588196,69.59437561035156
test/A/rain + haze/016,A,rain+haze,/root/autodl-tmp/aaa/graphrestore/artifacts/formal_mio100/graphrestore_v7_1_stage4_step040000/methods/graphrestore_v7_1_stage4_step040000/d2/rain+haze/016.png,7bd60201dd1684b9e50ad16c22e97528471676c0afc5142cdbe9dd24d939f338,/root/autodl-tmp/graph/data/graphrestore/raw/agenticir/extracted/HQ/016.png,ddc71b4b9bd2a57cabf985c7743b8ff7083a0d9205008603edb440ba27da9313,25.634292602539062,0.9247575650284889,0.04886038228869438,0.5003827214241028,0.6242070198059082,75.37928009033203
test/A/rain + haze/017,A,rain+haze,/root/autodl-tmp/aaa/graphrestore/artifacts/formal_mio100/graphrestore_v7_1_stage4_step040000/methods/graphrestore_v7_1_stage4_step040000/d2/rain+haze/017.png,34da6a1a33057fa6dc5c1fdbd4d21c778ef8c49c395c26005b262d75a843d9fe,/root/autodl-tmp/graph/data/graphrestore/raw/agenticir/extracted/HQ/017.png,ab3ab0c03c2d8c9c0befbcad219fae23c9795fdf99d664630f4f4febbd02c519,30.568531036376953,0.9338611938298046,0.03516276925802231,0.5475680828094482,0.8283834457397461,72.8677749633789
test/A/rain + haze/018,A,rain+haze,/root/autodl-tmp/aaa/graphrestore/artifacts/formal_mio100/graphrestore_v7_1_stage4_step040000/methods/graphrestore_v7_1_stage4_step040000/d2/rain+haze/018.png,5537e0500fb7a6fdb76358c1be0ba01e7e291ce8bd8dcc2dceeceadcf01d4e8a,/root/autodl-tmp/graph/data/graphrestore/raw/agenticir/extracted/HQ/018.png,66db8e4aeb78f506ae4415572eb910726c3f16ede70138093ab4eced187b8df1,25.662002563476562,0.9227507456729556,0.06438775360584259,0.49791011214256287,0.6946512460708618,67.7386703491211
test/A/rain + haze/019,A,rain+haze,/root/autodl-tmp/aaa/graphrestore/artifacts/formal_mio100/graphrestore_v7_1_stage4_step040000/methods/graphrestore_v7_1_stage4_step040000/d2/rain+haze/019.png,b2637a30bc833191067ee6bfb21b29c202bc6415729d7b8b25f1e291654ac61d,/root/autodl-tmp/graph/data/graphrestore/raw/agenticir/extracted/HQ/019.png,fb026cef85a4f7e64ad7c5f064ed15de1f04a7a7b6bde70b28ee78a55db21aeb,26.098190307617188,0.9228201421290295,0.055895980447530746,0.39783674478530884,0.5694371461868286,63.324493408203125
test/A/rain + haze/020,A,rain+haze,/root/autodl-tmp/aaa/graphrestore/artifacts/formal_mio100/graphrestore_v7_1_stage4_step040000/methods/graphrestore_v7_1_stage4_step040000/d2/rain+haze/020.png,ae6b4e1580ace12f8e3bb05beaffe949a2f8b1f7e10a004eb48fc0d39d6eb723,/root/autodl-tmp/graph/data/graphrestore/raw/agenticir/extracted/HQ/020.png,daa15d9f51eab9eca70197a7f05df7873e3eab75e432b0a81fe9488be552f37a,24.894718170166016,0.9299634800083826,0.0396253801882267,0.44986724853515625,0.4867017865180969,64.3145751953125
test/A/rain + haze/023,A,rain+haze,/root/autodl-tmp/aaa/graphrestore/artifacts/formal_mio100/graphrestore_v7_1_stage4_step040000/methods/graphrestore_v7_1_stage4_step040000/d2/rain+haze/023.png,4d65ff47b22b12c3aa2b0b3f43ce1f2bd12b15553b6bc0347ce15070e2989b96,/root/autodl-tmp/graph/data/graphrestore/raw/agenticir/extracted/HQ/023.png,befde78eca5789c87200ca1e2ac905ba8ad5706b50af86454bd30bc857c90e02,22.094501495361328,0.8816152715200768,0.16080418229103088,0.37620168924331665,0.5152363181114197,67.01622772216797
test/A/rain + haze/024,A,rain+haze,/root/autodl-tmp/aaa/graphrestore/artifacts/formal_mio100/graphrestore_v7_1_stage4_step040000/methods/graphrestore_v7_1_stage4_step040000/d2/rain+haze/024.png,d5001a915369ef5063c61ba946f5bed6e7f9666d881c2d91d6b0ac9fc7e2e884,/root/autodl-tmp/graph/data/graphrestore/raw/agenticir/extracted/HQ/024.png,e51441e174dd8dc0c47872ccb4221ab3f054b716588ee0f42d58a56098bd9538,26.380460739135742,0.9262305447782692,0.05338025838136673,0.39973965287208557,0.7956584692001343,66.50167846679688
test/A/rain + haze/025,A,rain+haze,/root/autodl-tmp/aaa/graphrestore/artifacts/formal_mio100/graphrestore_v7_1_stage4_step040000/methods/graphrestore_v7_1_stage4_step040000/d2/rain+haze/025.png,411d3c995cc64994ad3cf1412190bdb1996771e18ef68076f45944a21061b16b,/root/autodl-tmp/graph/data/graphrestore/raw/agenticir/extracted/HQ/025.png,f384d4a9bc3c31bc29038378f849002dc4ff2db373d852b732f5cfc24ebed244,25.591190338134766,0.9267541659333182,0.08568480610847473,0.35264626145362854,0.49204960465431213,70.26163482666016
test/A/rain + haze/026,A,rain+haze,/root/autodl-tmp/aaa/graphrestore/artifacts/formal_mio100/graphrestore_v7_1_stage4_step040000/methods/graphrestore_v7_1_stage4_step040000/d2/rain+haze/026.png,f41d7bcad9f571b995604c41c1c4c242d181b6154c93a5dc77eae621fb3f094b,/root/autodl-tmp/graph/data/graphrestore/raw/agenticir/extracted/HQ/026.png,cfce1d4c02a00f28988a64f63cd538c4147c3a72c147a6549d71f1105d671224,25.91625213623047,0.876125909225393,0.16825319826602936,0.2488119751214981,0.38967227935791016,57.78131103515625
test/A/rain + haze/027,A,rain+haze,/root/autodl-tmp/aaa/graphrestore/artifacts/formal_mio100/graphrestore_v7_1_stage4_step040000/methods/graphrestore_v7_1_stage4_step040000/d2/rain+haze/027.png,57560d3626f2ed89af09c1c9a6e8890c68724021abbb694411a0928a6937f59c,/root/autodl-tmp/graph/data/graphrestore/raw/agenticir/extracted/HQ/027.png,d69be3d26f3d3c95ffd9de3bd8d565120e0f09fb4aa84c72ae18d8fc4f871aae,23.928977966308594,0.9070799450219376,0.1557958573102951,0.3004467785358429,0.6413483023643494,67.33590698242188
test/A/rain + haze/028,A,rain+haze,/root/autodl-tmp/aaa/graphrestore/artifacts/formal_mio100/graphrestore_v7_1_stage4_step040000/methods/graphrestore_v7_1_stage4_step040000/d2/rain+haze/028.png,8a946abd16b68fd1abcfc9c6f5f310191d15b563e4b6fafd5519aa91eb4fd4ed,/root/autodl-tmp/graph/data/graphrestore/raw/agenticir/extracted/HQ/028.png,181f97da79059de1a93d1a0d30f6851393282c6af8b607d83ce29ab8c9dbf771,26.723024368286133,0.9504104651817874,0.11520056426525116,0.4758479595184326,0.7943200469017029,68.16151428222656
test/A/rain + haze/029,A,rain+haze,/root/autodl-tmp/aaa/graphrestore/artifacts/formal_mio100/graphrestore_v7_1_stage4_step040000/methods/graphrestore_v7_1_stage4_step040000/d2/rain+haze/029.png,11deee9d6539855c5ba0bd4ebfa5023d1b6b96d3b0d9997058d3c7cd4f2d601b,/root/autodl-tmp/graph/data/graphrestore/raw/agenticir/extracted/HQ/029.png,3c7f43d0544ada8d7b64d7bb197621349fa1dcdf8400fb6128afaf8787814556,31.099205017089844,0.8520412231967587,0.0783444344997406,0.3473632037639618,0.4837186932563782,60.59346389770508
test/A/rain + haze/030,A,rain+haze,/root/autodl-tmp/aaa/graphrestore/artifacts/formal_mio100/graphrestore_v7_1_stage4_step040000/methods/graphrestore_v7_1_stage4_step040000/d2/rain+haze/030.png,567614baad99fc7958108ef45b813c945e0ca5cb8a1e2ff89e3616d4c2c9b576,/root/autodl-tmp/graph/data/graphrestore/raw/agenticir/extracted/HQ/030.png,576b0158cf5a541dd6aaf522902400e8ba3175aacca36d9df22951f52acf3f2f,17.657329559326172,0.8756552228671949,0.23328043520450592,0.5176458954811096,0.7457597255706787,70.6917953491211
test/A/rain + haze/033,A,rain+haze,/root/autodl-tmp/aaa/graphrestore/artifacts/formal_mio100/graphrestore_v7_1_stage4_step040000/methods/graphrestore_v7_1_stage4_step040000/d2/rain+haze/033.png,91a89e89f830ebdfbe3995bb5a52c88d97fd2b9b0a096510eec9bb3d3457efa5,/root/autodl-tmp/graph/data/graphrestore/raw/agenticir/extracted/HQ/033.png,9590f1419e378254c01f330c248e12e8a62792b04a27b72daf2c0afd6c41c758,24.492877960205078,0.888768380808652,0.08793913573026657,0.429898202419281,0.8404993414878845,63.242374420166016
test/A/rain + haze/034,A,rain+haze,/root/autodl-tmp/aaa/graphrestore/artifacts/formal_mio100/graphrestore_v7_1_stage4_step040000/methods/graphrestore_v7_1_stage4_step040000/d2/rain+haze/034.png,2c10357bafcf15079e459fc947184d060382675b149303c10242a04802ad63af,/root/autodl-tmp/graph/data/graphrestore/raw/agenticir/extracted/HQ/034.png,0575cc2334f8f50fcbd3d9f58173645db8764f938ee55e8899084ca2b66fd018,24.477930068969727,0.8837423716893706,0.13018178939819336,0.4816651940345764,0.6363112330436707,61.76877212524414
test/A/rain + haze/035,A,rain+haze,/root/autodl-tmp/aaa/graphrestore/artifacts/formal_mio100/graphrestore_v7_1_stage4_step040000/methods/graphrestore_v7_1_stage4_step040000/d2/rain+haze/035.png,95330e352394c8e887c4a53d52e68621e5b7cde81542f61451f700710ce97ce6,/root/autodl-tmp/graph/data/graphrestore/raw/agenticir/extracted/HQ/035.png,4e230744a9cb7c3ebe976ae7267155312b876fb355283b4938b34b758aef7ff9,28.961164474487305,0.9421596421423009,0.07385282963514328,0.48028743267059326,0.7414292693138123,71.42036437988281
test/A/rain + haze/036,A,rain+haze,/root/autodl-tmp/aaa/graphrestore/artifacts/formal_mio100/graphrestore_v7_1_stage4_step040000/methods/graphrestore_v7_1_stage4_step040000/d2/rain+haze/036.png,b724c3c5e3395f2ab071439472a1c6093e127aabeb126536a9357e4d78028d05,/root/autodl-tmp/graph/data/graphrestore/raw/agenticir/extracted/HQ/036.png,409fbd0ad51be33e9e2711cb7b22cb39999eaac6e278ca1621c20300be446d76,27.87266731262207,0.8963956689950331,0.06203760206699371,0.3581799566745758,0.6144707798957825,60.69512176513672
test/A/rain + haze/037,A,rain+haze,/root/autodl-tmp/aaa/graphrestore/artifacts/formal_mio100/graphrestore_v7_1_stage4_step040000/methods/graphrestore_v7_1_stage4_step040000/d2/rain+haze/037.png,d31e7a0c2f36f34cb82b9c8454c27e48970e38e2df5328a1355cd8840318ba42,/root/autodl-tmp/graph/data/graphrestore/raw/agenticir/extracted/HQ/037.png,8f31abe11ce5d5377f131fdc788024ffb8d5cfdda501c06a64ca1fc80fab0d07,27.35765838623047,0.9405267387613163,0.1409936100244522,0.35144224762916565,0.6594833731651306,62.85966873168945
test/A/rain + haze/038,A,rain+haze,/root/autodl-tmp/aaa/graphrestore/artifacts/formal_mio100/graphrestore_v7_1_stage4_step040000/methods/graphrestore_v7_1_stage4_step040000/d2/rain+haze/038.png,9ad3f675822bc73861522c817f22a11705ea6c5ee5b0d704be18056f7bf4b640,/root/autodl-tmp/graph/data/graphrestore/raw/agenticir/extracted/HQ/038.png,fe7df2186482ca2cc105baed74cb1da9667b3b03e1629055880b6012db131aa1,25.455095291137695,0.9022825461346748,0.1489519625902176,0.30943986773490906,0.4551253914833069,59.32695770263672
test/A/rain + haze/039,A,rain+haze,/root/autodl-tmp/aaa/graphrestore/artifacts/formal_mio100/graphrestore_v7_1_stage4_step040000/methods/graphrestore_v7_1_stage4_step040000/d2/rain+haze/039.png,2c84a5ce2f35dedb7f1dcd91feced640a11968904a27cf57762bf064796900a9,/root/autodl-tmp/graph/data/graphrestore/raw/agenticir/extracted/HQ/039.png,a2038f7610363fb1916197e0557fa84b50b610d86885a2d6409f9e3aa75fbbcd,18.802326202392578,0.6423814368122901,0.173557311296463,0.3502683639526367,0.7001828551292419,51.44105911254883
test/A/rain + haze/040,A,rain+haze,/root/autodl-tmp/aaa/graphrestore/artifacts/formal_mio100/graphrestore_v7_1_stage4_step040000/methods/graphrestore_v7_1_stage4_step040000/d2/rain+haze/040.png,a65b2ebb8d3515880de0faa2a72ffd57458d2f1a5a5e81c9fd4f14bf17e12b51,/root/autodl-tmp/graph/data/graphrestore/raw/agenticir/extracted/HQ/040.png,c5a9e4bb9d84a6734bdc04c272c48c1b17b150a1e346afab2338eb0ba41f1464,24.826595306396484,0.896761722387514,0.1330028921365738,0.398690402507782,0.6998316645622253,61.686336517333984
test/A/rain + haze/043,A,rain+haze,/root/autodl-tmp/aaa/graphrestore/artifacts/formal_mio100/graphrestore_v7_1_stage4_step040000/methods/graphrestore_v7_1_stage4_step040000/d2/rain+haze/043.png,97724d824c34ea870028f26fe415f8425b8c8d1107c844b40df61446a6356253,/root/autodl-tmp/graph/data/graphrestore/raw/agenticir/extracted/HQ/043.png,15880c27b3101797c4e5896dee7349ad832ac1c49fcd0c559b357f4e28296b4d,27.55511474609375,0.8931241196319453,0.031088704243302345,0.5327709317207336,0.8205767869949341,67.70564270019531
test/A/rain + haze/044,A,rain+haze,/root/autodl-tmp/aaa/graphrestore/artifacts/formal_mio100/graphrestore_v7_1_stage4_step040000/methods/graphrestore_v7_1_stage4_step040000/d2/rain+haze/044.png,de00adccfea7b7a1398d0b94e0df675839ee29abb088f0233f40d609bfff7767,/root/autodl-tmp/graph/data/graphrestore/raw/agenticir/extracted/HQ/044.png,0645011c1dc3777ab263df617d1747b902c2d321de6f939549cfbe43eabc9245,23.808448791503906,0.9095893593804878,0.06851544976234436,0.4127221703529358,0.7893258333206177,57.485103607177734
test/A/rain + haze/045,A,rain+haze,/root/autodl-tmp/aaa/graphrestore/artifacts/formal_mio100/graphrestore_v7_1_stage4_step040000/methods/graphrestore_v7_1_stage4_step040000/d2/rain+haze/045.png,31618b9584477751e6a59f5b3692dab3ab3b5358d3d1fc6944f6e1b0950f88ec,/root/autodl-tmp/graph/data/graphrestore/raw/agenticir/extracted/HQ/045.png,d3e352c98c1fe9df1181c1e362bb9c3ba3a1d077456198796083821dab20d1fc,23.680618286132812,0.9066619597003883,0.08384515345096588,0.43770575523376465,0.7319402098655701,64.30221557617188
test/A/rain + haze/046,A,rain+haze,/root/autodl-tmp/aaa/graphrestore/artifacts/formal_mio100/graphrestore_v7_1_stage4_step040000/methods/graphrestore_v7_1_stage4_step040000/d2/rain+haze/046.png,ef7652e492f6994d6e9d00c684dc1a05e2d129a986eaea023fae5328a6f4cde9,/root/autodl-tmp/graph/data/graphrestore/raw/agenticir/extracted/HQ/046.png,af4b21bf96515f2ff4f97a4990856b43ae02a1d8f39909428228a2612b5f936f,29.8055362701416,0.9681372557219647,0.04782608896493912,0.6263970136642456,0.7965176701545715,66.05693817138672
test/A/rain + haze/047,A,rain+haze,/root/autodl-tmp/aaa/graphrestore/artifacts/formal_mio100/graphrestore_v7_1_stage4_step040000/methods/graphrestore_v7_1_stage4_step040000/d2/rain+haze/047.png,c269fb7f7a4fac63393c65afac216defa3f23fd9dfff1c0637012e0b34946ab0,/root/autodl-tmp/graph/data/graphrestore/raw/agenticir/extracted/HQ/047.png,8ecf454f7d68ca4ebf19b2b4a22275d3bb344666e4e483fda2c8cb84d5ff94db,30.81171417236328,0.9494599027475634,0.03945304453372955,0.5597711205482483,0.8198077082633972,68.79407501220703
test/A/rain + haze/048,A,rain+haze,/root/autodl-tmp/aaa/graphrestore/artifacts/formal_mio100/graphrestore_v7_1_stage4_step040000/methods/graphrestore_v7_1_stage4_step040000/d2/rain+haze/048.png,07c4c57d7a765b47c9532324915c693319abbe89fb2aa77bacc5c822b6b2fc53,/root/autodl-tmp/graph/data/graphrestore/raw/agenticir/extracted/HQ/048.png,b74e449ab10a96799f5e791f68de34dcfaf90a4befdb242cee372f6743841606,29.066070556640625,0.9723375315024968,0.020169630646705627,0.45303988456726074,0.6104404926300049,65.53108978271484
test/A/rain + haze/049,A,rain+haze,/root/autodl-tmp/aaa/graphrestore/artifacts/formal_mio100/graphrestore_v7_1_stage4_step040000/methods/graphrestore_v7_1_stage4_step040000/d2/rain+haze/049.png,58f2581a45b014ff380d72c5031cd88e6bf68bed2ccd4382820a0b54bf8b333e,/root/autodl-tmp/graph/data/graphrestore/raw/agenticir/extracted/HQ/049.png,bdd8f4cec02d5659a12541bb32718429d397d6be195679045764e31574c4f226,26.076976776123047,0.9804996426163837,0.015386260114610195,0.4240962266921997,0.548036515712738,60.85398864746094
test/A/rain + haze/050,A,rain+haze,/root/autodl-tmp/aaa/graphrestore/artifacts/formal_mio100/graphrestore_v7_1_stage4_step040000/methods/graphrestore_v7_1_stage4_step040000/d2/rain+haze/050.png,591ee0afe2a4d7f8ad4c41c8c72b9c3358e31786f388f62558be7437fb2b06af,/root/autodl-tmp/graph/data/graphrestore/raw/agenticir/extracted/HQ/050.png,c4cfbc77b28b145af37ea26b0b501d69633ebdedd3ce9a90d5760063ee95f492,26.308494567871094,0.9195822173396295,0.04556715488433838,0.51675945520401,0.7019999623298645,75.3959732055664
test/A/rain + haze/053,A,rain+haze,/root/autodl-tmp/aaa/graphrestore/artifacts/formal_mio100/graphrestore_v7_1_stage4_step040000/methods/graphrestore_v7_1_stage4_step040000/d2/rain+haze/053.png,29c8fdb66fad8f2194e02231159fc546fc1ed038a59dd30e9018940fed464f3c,/root/autodl-tmp/graph/data/graphrestore/raw/agenticir/extracted/HQ/053.png,6b1f2208c72adcd28d96a15d538bbfbe27cb5a21be416b6f30fa836b12ac867d,21.866744995117188,0.7218978290005105,0.21358852088451385,0.3173242211341858,0.6875435709953308,62.831031799316406
test/A/rain + haze/054,A,rain+haze,/root/autodl-tmp/aaa/graphrestore/artifacts/formal_mio100/graphrestore_v7_1_stage4_step040000/methods/graphrestore_v7_1_stage4_step040000/d2/rain+haze/054.png,127b3e7e6642fac40ae02f6bf24de45d386b2cc4df33f055b6228d8973b6aa0f,/root/autodl-tmp/graph/data/graphrestore/raw/agenticir/extracted/HQ/054.png,699ffde2d8d110e52811d39e5b9d745965d4211dd2312f453ce367f1bc0e66f5,18.927457809448242,0.7798156473154235,0.19375763833522797,0.42418423295021057,0.6246823668479919,69.47238159179688
test/A/rain + haze/055,A,rain+haze,/root/autodl-tmp/aaa/graphrestore/artifacts/formal_mio100/graphrestore_v7_1_stage4_step040000/methods/graphrestore_v7_1_stage4_step040000/d2/rain+haze/055.png,ed1a02c5883dfd3156f19c78b1acc0efd8630280379527430b769b0dd5c1452a,/root/autodl-tmp/graph/data/graphrestore/raw/agenticir/extracted/HQ/055.png,5a59c6f9051a70f1c3ad8e9550b2a21322ef8ad71bd70085fb2330f6f6da3948,26.686630249023438,0.9227740490419643,0.21670091152191162,0.3866371512413025,0.5789285898208618,67.97222137451172
test/A/rain + haze/056,A,rain+haze,/root/autodl-tmp/aaa/graphrestore/artifacts/formal_mio100/graphrestore_v7_1_stage4_step040000/methods/graphrestore_v7_1_stage4_step040000/d2/rain+haze/056.png,cdf46e4596c174e7e4ad0aaf62c800720c12a2ff8b8b6dedb0e6962a3557f77c,/root/autodl-tmp/graph/data/graphrestore/raw/agenticir/extracted/HQ/056.png,c5f28866f72e2d370875385eb6575124b0735f8f927fae1c07ff7151e200c956,26.169384002685547,0.9448565060661064,0.061903223395347595,0.43884119391441345,0.7291426062583923,74.68146514892578
test/A/rain + haze/057,A,rain+haze,/root/autodl-tmp/aaa/graphrestore/artifacts/formal_mio100/graphrestore_v7_1_stage4_step040000/methods/graphrestore_v7_1_stage4_step040000/d2/rain+haze/057.png,bf2f181d42e4eb41967376d0997d44e00c024ec6343311090cd5499c76b0c9ed,/root/autodl-tmp/graph/data/graphrestore/raw/agenticir/extracted/HQ/057.png,42353ae75793843947c257055d87e0568db28ed51b9a5d87cc0d6a0dafb242af,17.838420867919922,0.9202899268782726,0.09565893560647964,0.4110862612724304,0.5329755544662476,71.47888946533203
test/A/rain + haze/058,A,rain+haze,/root/autodl-tmp/aaa/graphrestore/artifacts/formal_mio100/graphrestore_v7_1_stage4_step040000/methods/graphrestore_v7_1_stage4_step040000/d2/rain+haze/058.png,04639efce09ea5f2e935e0eee05f85589ddeb27dbbc8dcd00f9a4076f5b66b4c,/root/autodl-tmp/graph/data/graphrestore/raw/agenticir/extracted/HQ/058.png,e50e67dc4e57dc18d552546044c5ca169fdb26de4d5d81650d00d4b0f3ab7e76,26.829509735107422,0.9392216004427,0.10058840364217758,0.3937404751777649,0.5637906193733215,71.36882781982422
test/A/rain + haze/059,A,rain+haze,/root/autodl-tmp/aaa/graphrestore/artifacts/formal_mio100/graphrestore_v7_1_stage4_step040000/methods/graphrestore_v7_1_stage4_step040000/d2/rain+haze/059.png,8b994feb671a4b5e4bd75b98bf03f915164e68f4fdf8a0c85ebbd1796e86fb78,/root/autodl-tmp/graph/data/graphrestore/raw/agenticir/extracted/HQ/059.png,e60c8277194566df02c7cefc895d1390756059f7a29ac67206ec202f1b897add,24.001293182373047,0.88522465298204,0.18993648886680603,0.38610097765922546,0.5609681010246277,65.33757019042969
test/A/rain + haze/060,A,rain+haze,/root/autodl-tmp/aaa/graphrestore/artifacts/formal_mio100/graphrestore_v7_1_stage4_step040000/methods/graphrestore_v7_1_stage4_step040000/d2/rain+haze/060.png,2c85117209fad8aa180a74febb21dfbf2126ff0992f18c37c261a0ca8a8d4616,/root/autodl-tmp/graph/data/graphrestore/raw/agenticir/extracted/HQ/060.png,d173273231bf0b68767ae3e287f4f34baa71e7d986a98c43a41fa9668fd8a0d4,20.373594284057617,0.8594832794753833,0.19509857892990112,0.39948487281799316,0.5674087405204773,72.18706512451172
test/A/rain + haze/063,A,rain+haze,/root/autodl-tmp/aaa/graphrestore/artifacts/formal_mio100/graphrestore_v7_1_stage4_step040000/methods/graphrestore_v7_1_stage4_step040000/d2/rain+haze/063.png,d6838ca610b615ee3e5ce6537e033b23dcf169c4f515377d3b192c360dc42107,/root/autodl-tmp/graph/data/graphrestore/raw/agenticir/extracted/HQ/063.png,f7ccce7c58be38c16fb08060b8b379825cb0417a04e6813c72985768a480929c,29.4191951751709,0.9142377618093361,0.06343954801559448,0.4391568899154663,0.4118342995643616,69.43498992919922
test/A/rain + haze/064,A,rain+haze,/root/autodl-tmp/aaa/graphrestore/artifacts/formal_mio100/graphrestore_v7_1_stage4_step040000/methods/graphrestore_v7_1_stage4_step040000/d2/rain+haze/064.png,49627e57c1c91d69f0ed43f17b752371bce17e4029493fa738abdd299f3b0d11,/root/autodl-tmp/graph/data/graphrestore/raw/agenticir/extracted/HQ/064.png,b34caae8d574b2c008d53ceb0490df55c099e68844b2819f0c02fc50db26cee0,30.266979217529297,0.9211270359305805,0.045019153505563736,0.3660070598125458,0.603381335735321,71.63627624511719
test/A/rain + haze/065,A,rain+haze,/root/autodl-tmp/aaa/graphrestore/artifacts/formal_mio100/graphrestore_v7_1_stage4_step040000/methods/graphrestore_v7_1_stage4_step040000/d2/rain+haze/065.png,505daf4f3166b7be8cb6dabdb99c1eeef3ab23f039a39d4896b24f42a86384e5,/root/autodl-tmp/graph/data/graphrestore/raw/agenticir/extracted/HQ/065.png,f0770ae16bf79be3b5d94a7868da009f5ce1bbf54bfe5c879e352a4df590ef63,29.779361724853516,0.9334196454845836,0.04158401861786842,0.4416482150554657,0.6074709296226501,66.55815887451172
test/A/rain + haze/066,A,rain+haze,/root/autodl-tmp/aaa/graphrestore/artifacts/formal_mio100/graphrestore_v7_1_stage4_step040000/methods/graphrestore_v7_1_stage4_step040000/d2/rain+haze/066.png,1c4f3af2e2a9977ebe21a3d5cda9ad5816e87a2bdbaff7eba4044f8dc2e0b279,/root/autodl-tmp/graph/data/graphrestore/raw/agenticir/extracted/HQ/066.png,a19230b326bd2fb5c26ae283f65bf0b85f39f90421056a47c7ecd6d683379aff,29.229557037353516,0.9454107695608136,0.023111721500754356,0.534294068813324,0.5444475412368774,75.60387420654297
test/A/rain + haze/067,A,rain+haze,/root/autodl-tmp/aaa/graphrestore/artifacts/formal_mio100/graphrestore_v7_1_stage4_step040000/methods/graphrestore_v7_1_stage4_step040000/d2/rain+haze/067.png,8f8b9c6f0258b6f39e136860dd815160ee43e12a851808f346b756950a44421b,/root/autodl-tmp/graph/data/graphrestore/raw/agenticir/extracted/HQ/067.png,91cd9f021a6902b7f3220c6a373cba11f3bfbe4e4984c1d6fc4be0c76acb67a0,25.255565643310547,0.9396668536828767,0.022954322397708893,0.4769182801246643,0.44054698944091797,73.22476196289062
test/A/rain + haze/068,A,rain+haze,/root/autodl-tmp/aaa/graphrestore/artifacts/formal_mio100/graphrestore_v7_1_stage4_step040000/methods/graphrestore_v7_1_stage4_step040000/d2/rain+haze/068.png,21c7d07008b0fd26471646ee443e2091fbcdc0839acd9f9415a92769a9e45443,/root/autodl-tmp/graph/data/graphrestore/raw/agenticir/extracted/HQ/068.png,b8187d79db16002364f6017df807e6cac41e7ee9a68413a384b1bd69eddaa638,29.021711349487305,0.9320858232866448,0.03139970824122429,0.5394172668457031,0.4507047235965729,76.21234130859375
test/A/rain + haze/069,A,rain+haze,/root/autodl-tmp/aaa/graphrestore/artifacts/formal_mio100/graphrestore_v7_1_stage4_step040000/methods/graphrestore_v7_1_stage4_step040000/d2/rain+haze/069.png,1e13b677ac53954515a957f0c6868e32e73acf85e88d7fe5774f2f63d1335715,/root/autodl-tmp/graph/data/graphrestore/raw/agenticir/extracted/HQ/069.png,abb08be58f50075e5e6b1de44ddfe61c30ebb34882e9d72681edd73a5cdbb156,28.69938087463379,0.9137452489216796,0.08059386163949966,0.3613750636577606,0.7249623537063599,75.04865264892578
test/A/rain + haze/070,A,rain+haze,/root/autodl-tmp/aaa/graphrestore/artifacts/formal_mio100/graphrestore_v7_1_stage4_step040000/methods/graphrestore_v7_1_stage4_step040000/d2/rain+haze/070.png,2d32f99c191eeba5e956a90dcce6919706a08a917b9af573b540719ab9fc546d,/root/autodl-tmp/graph/data/graphrestore/raw/agenticir/extracted/HQ/070.png,718ae2570e431003fb32f2a40e19f813545164ace18230ac03f9ec96b2747f85,22.77322006225586,0.8804938272268524,0.10319738835096359,0.3372848629951477,0.4743208885192871,54.69945526123047
test/A/rain + haze/073,A,rain+haze,/root/autodl-tmp/aaa/graphrestore/artifacts/formal_mio100/graphrestore_v7_1_stage4_step040000/methods/graphrestore_v7_1_stage4_step040000/d2/rain+haze/073.png,3af84e18864401e2f1ecb885b92ddac51fd8534d3b3e850129a3e5f484d264f3,/root/autodl-tmp/graph/data/graphrestore/raw/agenticir/extracted/HQ/073.png,e4a8516954bfb4b79f2fc6194b6b4a8ed63250e14fe7ce0b6f6d77c922f84730,23.781774520874023,0.9117350802315686,0.09071338176727295,0.20987896621227264,0.4769630432128906,66.04346466064453
test/A/rain + haze/074,A,rain+haze,/root/autodl-tmp/aaa/graphrestore/artifacts/formal_mio100/graphrestore_v7_1_stage4_step040000/methods/graphrestore_v7_1_stage4_step040000/d2/rain+haze/074.png,9084304cd96f2ab7266b7c93e15cfb72082ffb23d3af31a878befd2ae016c33f,/root/autodl-tmp/graph/data/graphrestore/raw/agenticir/extracted/HQ/074.png,cfa80e9825a34173ab0d1810b1b63bf645aa1b6b743966a77d7d03463319fd8e,18.463638305664062,0.7603455262078628,0.236750528216362,0.255194753408432,0.6768936514854431,55.61688995361328
test/A/rain + haze/075,A,rain+haze,/root/autodl-tmp/aaa/graphrestore/artifacts/formal_mio100/graphrestore_v7_1_stage4_step040000/methods/graphrestore_v7_1_stage4_step040000/d2/rain+haze/075.png,542f0c8817d191295e6b84895fc8ae9ede7ce2d3bba8d52bc967d213fb3c1d49,/root/autodl-tmp/graph/data/graphrestore/raw/agenticir/extracted/HQ/075.png,637e76a0398c825f3214d13b10485f7c180dc359b838ade377382c22c8f6b788,28.882076263427734,0.941560532677092,0.040793195366859436,0.3635319769382477,0.5856429934501648,73.01705169677734
test/A/rain + haze/076,A,rain+haze,/root/autodl-tmp/aaa/graphrestore/artifacts/formal_mio100/graphrestore_v7_1_stage4_step040000/methods/graphrestore_v7_1_stage4_step040000/d2/rain+haze/076.png,c060743c68eefd91a68c5b9ec235ff318cef8e7539bdef0bca4b9ca397eff472,/root/autodl-tmp/graph/data/graphrestore/raw/agenticir/extracted/HQ/076.png,28f7193b83d2979c14a7c73e95657ce02a2cc902196495bea289e190f48cecae,16.26833724975586,0.5685878141390094,0.16137680411338806,0.30181294679641724,0.47197532653808594,58.71546936035156
test/A/rain + haze/077,A,rain+haze,/root/autodl-tmp/aaa/graphrestore/artifacts/formal_mio100/graphrestore_v7_1_stage4_step040000/methods/graphrestore_v7_1_stage4_step040000/d2/rain+haze/077.png,6bfe0d4d59dea8619941fb3157efae8138b6ca04ed8c35984ddc03e7a0588a2f,/root/autodl-tmp/graph/data/graphrestore/raw/agenticir/extracted/HQ/077.png,6d0b3c0c4255ee2de7c3c275c114eb531248c06fce157913f4e69dacd492cc91,27.277568817138672,0.9549915936249102,0.04002363979816437,0.3676958680152893,0.4433053135871887,66.978271484375
test/A/rain + haze/078,A,rain+haze,/root/autodl-tmp/aaa/graphrestore/artifacts/formal_mio100/graphrestore_v7_1_stage4_step040000/methods/graphrestore_v7_1_stage4_step040000/d2/rain+haze/078.png,730261958f08135409fb573a7994bbcb83509ddefb44e12195e9eb18d7e0e05e,/root/autodl-tmp/graph/data/graphrestore/raw/agenticir/extracted/HQ/078.png,ae84b8b3592a0f623d5bd2c5791b049e6fd87155614fbbad37f1ac00a2cfa870,26.039209365844727,0.8918319732258202,0.06297844648361206,0.35476869344711304,0.5418536067008972,69.5669174194336
test/A/rain + haze/079,A,rain+haze,/root/autodl-tmp/aaa/graphrestore/artifacts/formal_mio100/graphrestore_v7_1_stage4_step040000/methods/graphrestore_v7_1_stage4_step040000/d2/rain+haze/079.png,57d7973f96737756e9a2341394c064fc2e08908d1458139383ebc512bb57d7aa,/root/autodl-tmp/graph/data/graphrestore/raw/agenticir/extracted/HQ/079.png,166cde30b17743be2ca3fb2c29004e0b38b126bfa1d8d5f41013c23eb248aad5,22.548742294311523,0.7628701344621602,0.07570677250623703,0.43567755818367004,0.6835495829582214,62.58490753173828
test/A/rain + haze/080,A,rain+haze,/root/autodl-tmp/aaa/graphrestore/artifacts/formal_mio100/graphrestore_v7_1_stage4_step040000/methods/graphrestore_v7_1_stage4_step040000/d2/rain+haze/080.png,f6e46a9ca104f102c84bdc8d49492634cd824b1421c23339ae1a27d7242b922c,/root/autodl-tmp/graph/data/graphrestore/raw/agenticir/extracted/HQ/080.png,b208599722bce230536ae4db62272e883a7714d4bfca7d73e1361da3b2ca9225,27.0424861907959,0.9003785086525735,0.07880844175815582,0.3592091202735901,0.46302828192710876,66.23223114013672
test/A/rain + haze/083,A,rain+haze,/root/autodl-tmp/aaa/graphrestore/artifacts/formal_mio100/graphrestore_v7_1_stage4_step040000/methods/graphrestore_v7_1_stage4_step040000/d2/rain+haze/083.png,cf91a2021e2d1a3ebf35f8a016c585fd6ef84d5857eb491ebe42e5dbdbafdf89,/root/autodl-tmp/graph/data/graphrestore/raw/agenticir/extracted/HQ/083.png,4772b8d475dfc90626760cea35452db0ee8dfdd89f7cd8def57f8b4d74ecef44,24.338008880615234,0.9279095614669336,0.0621839240193367,0.45205777883529663,0.6693496108055115,77.00470733642578
test/A/rain + haze/084,A,rain+haze,/root/autodl-tmp/aaa/graphrestore/artifacts/formal_mio100/graphrestore_v7_1_stage4_step040000/methods/graphrestore_v7_1_stage4_step040000/d2/rain+haze/084.png,0cc5a8e8a6f673529d523bf01c2fd41af76052076a5a2c28ee062180c7357748,/root/autodl-tmp/graph/data/graphrestore/raw/agenticir/extracted/HQ/084.png,1bc34c4607ba66d84248fe8e7d5e30546ae13841542d8b1cb9146f2a2485df64,26.95817756652832,0.9613606961770512,0.063328817486763,0.20853444933891296,0.40911275148391724,36.45063781738281
test/A/rain + haze/085,A,rain+haze,/root/autodl-tmp/aaa/graphrestore/artifacts/formal_mio100/graphrestore_v7_1_stage4_step040000/methods/graphrestore_v7_1_stage4_step040000/d2/rain+haze/085.png,aa8565303e3344d244a4dd3446c45f548a3eb9a9e11f507aa51090d31236b8fe,/root/autodl-tmp/graph/data/graphrestore/raw/agenticir/extracted/HQ/085.png,6174b7cb004afd2a578ec1950d92b99c41115b5a6bf70a511f19156c62bd5274,23.477031707763672,0.8262508894611948,0.10514074563980103,0.20448654890060425,0.4384239614009857,52.03034210205078
test/A/rain + haze/086,A,rain+haze,/root/autodl-tmp/aaa/graphrestore/artifacts/formal_mio100/graphrestore_v7_1_stage4_step040000/methods/graphrestore_v7_1_stage4_step040000/d2/rain+haze/086.png,882109d00ebdbd86c137dec50918d5567b2a188f8f7f9ee53110da8c4b753c79,/root/autodl-tmp/graph/data/graphrestore/raw/agenticir/extracted/HQ/086.png,68a629299aaf0e4d70065c504c9b3e397721fa17a25c2585446914aa5c7bafb5,24.70107078552246,0.9382091570742765,0.1433614194393158,0.548710286617279,0.6623127460479736,69.60729217529297
test/A/rain + haze/087,A,rain+haze,/root/autodl-tmp/aaa/graphrestore/artifacts/formal_mio100/graphrestore_v7_1_stage4_step040000/methods/graphrestore_v7_1_stage4_step040000/d2/rain+haze/087.png,0f4050c5631ae47df85edd99262a25134c6d0ef188158a990ad927a15fe0e406,/root/autodl-tmp/graph/data/graphrestore/raw/agenticir/extracted/HQ/087.png,059a862de1498fc3b783bcfcce8fad399573aa912bb6638bbd3d43d23b88cdc6,26.724367141723633,0.8863751779834049,0.10567508637905121,0.4058772921562195,0.64378821849823,64.26930236816406
test/A/rain + haze/088,A,rain+haze,/root/autodl-tmp/aaa/graphrestore/artifacts/formal_mio100/graphrestore_v7_1_stage4_step040000/methods/graphrestore_v7_1_stage4_step040000/d2/rain+haze/088.png,edd695d54ae162b65d86fe9e6aae7a2076b33c732b5f20c624e9c1258534a88e,/root/autodl-tmp/graph/data/graphrestore/raw/agenticir/extracted/HQ/088.png,e76841066e027bd2a2fa101a4598c597d4891a7c535e3cc3195b7afcc249d7ae,24.73596954345703,0.8520534084451316,0.15373730659484863,0.13091930747032166,0.40334969758987427,32.710609436035156
test/A/rain + haze/089,A,rain+haze,/root/autodl-tmp/aaa/graphrestore/artifacts/formal_mio100/graphrestore_v7_1_stage4_step040000/methods/graphrestore_v7_1_stage4_step040000/d2/rain+haze/089.png,736ca07af84234abfae7596b9707e5a2256836e5f150747c8e179114446b4b85,/root/autodl-tmp/graph/data/graphrestore/raw/agenticir/extracted/HQ/089.png,046e493440ea7499fe07cec3853e6e170225ce6cdc903aac14730fa6b9bf36ab,28.55879020690918,0.9284625372735119,0.04390830546617508,0.42149367928504944,0.7295584678649902,63.52225112915039
test/A/rain + haze/090,A,rain+haze,/root/autodl-tmp/aaa/graphrestore/artifacts/formal_mio100/graphrestore_v7_1_stage4_step040000/methods/graphrestore_v7_1_stage4_step040000/d2/rain+haze/090.png,a97210fdf9967b210463671484392571b84d2d7bddb5044928b050fa566d80d1,/root/autodl-tmp/graph/data/graphrestore/raw/agenticir/extracted/HQ/090.png,830f74b8389bfef595e56e910efc49cf4246f6f7bd552ea8c45d071a0113053c,27.2343807220459,0.9528501995698831,0.046606771647930145,0.3732307255268097,0.5628097653388977,64.98041534423828
test/A/rain + haze/093,A,rain+haze,/root/autodl-tmp/aaa/graphrestore/artifacts/formal_mio100/graphrestore_v7_1_stage4_step040000/methods/graphrestore_v7_1_stage4_step040000/d2/rain+haze/093.png,39270a720a2a349c2938dd86338d339373fb89c510c893fe3da52a71eb3c0585,/root/autodl-tmp/graph/data/graphrestore/raw/agenticir/extracted/HQ/093.png,b9ef1df7a3be70176f064c2568ea12d8cd9c9c54b3e8fd72bca53d170eaf06f2,21.777118682861328,0.9461423966585056,0.14269118010997772,0.502750813961029,0.5311715006828308,72.263916015625
test/A/rain + haze/094,A,rain+haze,/root/autodl-tmp/aaa/graphrestore/artifacts/formal_mio100/graphrestore_v7_1_stage4_step040000/methods/graphrestore_v7_1_stage4_step040000/d2/rain+haze/094.png,ee04059491aaf30a175cfcc4298d9abe10038506372afccc8aea1992f1f9c0df,/root/autodl-tmp/graph/data/graphrestore/raw/agenticir/extracted/HQ/094.png,45dab31fa407b6793844322a5e147cdfedc3bfa449cd28fc9605f41dba80966d,29.77485466003418,0.921145347965743,0.05303344130516052,0.5671050548553467,0.6433694362640381,68.348876953125
test/A/rain + haze/095,A,rain+haze,/root/autodl-tmp/aaa/graphrestore/artifacts/formal_mio100/graphrestore_v7_1_stage4_step040000/methods/graphrestore_v7_1_stage4_step040000/d2/rain+haze/095.png,0363ffba92ed256db639c59c4621e8c35efe65815807482220685837e5c02cba,/root/autodl-tmp/graph/data/graphrestore/raw/agenticir/extracted/HQ/095.png,2f04f8c811593049180a1c6bdcf5d723d3c2f6443ba518c407e4976d7a6b2637,24.676013946533203,0.8907593493140289,0.014216452836990356,0.5973381996154785,0.47237521409988403,63.75342559814453
test/A/rain + haze/096,A,rain+haze,/root/autodl-tmp/aaa/graphrestore/artifacts/formal_mio100/graphrestore_v7_1_stage4_step040000/methods/graphrestore_v7_1_stage4_step040000/d2/rain+haze/096.png,2b4522a7e3d17dcc871c0c8b76c45e064667b7de420a0c0fa2c8d9e87794e3ca,/root/autodl-tmp/graph/data/graphrestore/raw/agenticir/extracted/HQ/096.png,3ac9dbd626f9e294ae10a8ab11a34f6c0132ed355627d25ce3f8790f701fae29,21.455238342285156,0.8669415815638513,0.11434465646743774,0.5045641660690308,0.6663592457771301,76.95030975341797
test/A/rain + haze/097,A,rain+haze,/root/autodl-tmp/aaa/graphrestore/artifacts/formal_mio100/graphrestore_v7_1_stage4_step040000/methods/graphrestore_v7_1_stage4_step040000/d2/rain+haze/097.png,ac544651f2a3162ff8246b8c09c5621086707e1d10532c48e9dcdd485de1feed,/root/autodl-tmp/graph/data/graphrestore/raw/agenticir/extracted/HQ/097.png,9b6c3c0d294f54e89b51656b0163aa8d0715dd7904848721ea76c07ccf737d2e,24.519676208496094,0.9382319285225575,0.15201959013938904,0.5706478357315063,0.6712642312049866,72.01014709472656
test/A/rain + haze/098,A,rain+haze,/root/autodl-tmp/aaa/graphrestore/artifacts/formal_mio100/graphrestore_v7_1_stage4_step040000/methods/graphrestore_v7_1_stage4_step040000/d2/rain+haze/098.png,c933f614ef90cfa7f7e35e887f5baca8b39cb916773e587132322ef5b914dadb,/root/autodl-tmp/graph/data/graphrestore/raw/agenticir/extracted/HQ/098.png,f0574e5262ab9942e66006e0df3aab8738de997489badc302e131ae74299181f,27.085180282592773,0.9397061089959032,0.05631730705499649,0.45604366064071655,0.442181795835495,69.39330291748047
test/A/rain + haze/099,A,rain+haze,/root/autodl-tmp/aaa/graphrestore/artifacts/formal_mio100/graphrestore_v7_1_stage4_step040000/methods/graphrestore_v7_1_stage4_step040000/d2/rain+haze/099.png,c8cf7d89cbf78e82ee5032692ea97c5b8d1ba9b1365edcdf0c31c317ef524aec,/root/autodl-tmp/graph/data/graphrestore/raw/agenticir/extracted/HQ/099.png,15ddff6cab9869d7fe8a7cb6fd328b436bbfa9b089e6adcbba7a5048e4c97f8b,25.786251068115234,0.7919921455073053,0.07111725211143494,0.4689332842826843,0.5679097175598145,69.88983917236328
test/A/rain + haze/100,A,rain+haze,/root/autodl-tmp/aaa/graphrestore/artifacts/formal_mio100/graphrestore_v7_1_stage4_step040000/methods/graphrestore_v7_1_stage4_step040000/d2/rain+haze/100.png,3de7b304ec919ccdf547f47c4c27b4565b541ca27e24aea37738664670efe3eb,/root/autodl-tmp/graph/data/graphrestore/raw/agenticir/extracted/HQ/100.png,b7f5d60dbb3e7047b9c62efc7d61db97052a2cde687d3fae367a14a6793a0c40,27.085878372192383,0.9333960584574261,0.024981575086712837,0.5761585235595703,0.629391610622406,71.97693634033203
test/A/motion blur + low resolution/003,A,motion blur+low resolution,/root/autodl-tmp/aaa/graphrestore/artifacts/formal_mio100/graphrestore_v7_1_stage4_step040000/methods/graphrestore_v7_1_stage4_step040000/d2/motion blur+low resolution/003.png,4cc33a4e690b6557d5a5da9e2c2e7f6cfcf0af2aefd72dafcc67c61fab8b97a0,/root/autodl-tmp/graph/data/graphrestore/raw/agenticir/extracted/HQ/003.png,c2a2513992db412a7160dfa2f82535dccaa188db91df80ee6ed5b0dd5c5d2d1a,22.148841857910156,0.5854407074147875,0.47357434034347534,0.20251592993736267,0.30237770080566406,44.09497833251953
test/A/motion blur + low resolution/004,A,motion blur+low resolution,/root/autodl-tmp/aaa/graphrestore/artifacts/formal_mio100/graphrestore_v7_1_stage4_step040000/methods/graphrestore_v7_1_stage4_step040000/d2/motion blur+low resolution/004.png,0b852274d12758c35fed0375fd099d7f4810059ac6c5bea7ae5aeb6b52713327,/root/autodl-tmp/graph/data/graphrestore/raw/agenticir/extracted/HQ/004.png,f1ad3f60cd8e680739263535ab1620a2490f3bc0c65a9355a965c7dff9be1fed,22.305068969726562,0.7141248461543404,0.37036770582199097,0.1646466702222824,0.3140196204185486,52.053733825683594
test/A/motion blur + low resolution/005,A,motion blur+low resolution,/root/autodl-tmp/aaa/graphrestore/artifacts/formal_mio100/graphrestore_v7_1_stage4_step040000/methods/graphrestore_v7_1_stage4_step040000/d2/motion blur+low resolution/005.png,a428d2d041fa183d51a2763b72b43c126d78735d4cbbabcf9f368e4dc6ebac7d,/root/autodl-tmp/graph/data/graphrestore/raw/agenticir/extracted/HQ/005.png,1d8eb1ef9c1817c087956135efa85be686e7169ef11eb532c768d32d7267a0ff,16.504817962646484,0.3417091687330664,0.4993756115436554,0.14761166274547577,0.2658192813396454,57.51783752441406
test/A/motion blur + low resolution/006,A,motion blur+low resolution,/root/autodl-tmp/aaa/graphrestore/artifacts/formal_mio100/graphrestore_v7_1_stage4_step040000/methods/graphrestore_v7_1_stage4_step040000/d2/motion blur+low resolution/006.png,171378c0a6093b8c5e0c0bfb22f00df3b282d312fc1cb9d40d191a8f1d5e425f,/root/autodl-tmp/graph/data/graphrestore/raw/agenticir/extracted/HQ/006.png,f62feddd2f379d039dd1effe18b6368c79a6fe31fb8177f797c9f230eb8e1211,24.81072425842285,0.680704079797154,0.47170180082321167,0.16637632250785828,0.24654558300971985,30.509145736694336
test/A/motion blur + low resolution/007,A,motion blur+low resolution,/root/autodl-tmp/aaa/graphrestore/artifacts/formal_mio100/graphrestore_v7_1_stage4_step040000/methods/graphrestore_v7_1_stage4_step040000/d2/motion blur+low resolution/007.png,3cb282388f69f893b6e19efc204d876707b1bd448271521f33fb393d88bea95b,/root/autodl-tmp/graph/data/graphrestore/raw/agenticir/extracted/HQ/007.png,b876f087d5f42a9350f28383ff2df22156b6bbba702809d134b7713d9430881c,23.802440643310547,0.629479500295193,0.36166542768478394,0.24118612706661224,0.30579954385757446,59.703922271728516
test/A/motion blur + low resolution/008,A,motion blur+low resolution,/root/autodl-tmp/aaa/graphrestore/artifacts/formal_mio100/graphrestore_v7_1_stage4_step040000/methods/graphrestore_v7_1_stage4_step040000/d2/motion blur+low resolution/008.png,e32d3abfccb5c4c96c38960614f56ccb4063c9f2b1aece9c555870cc4f35964a,/root/autodl-tmp/graph/data/graphrestore/raw/agenticir/extracted/HQ/008.png,4efb8dbbd2ba5090b7b951a456ec5ed27a5d61360ab95cb1c5a9366f2868cb94,22.78399658203125,0.6223953501088505,0.4632315933704376,0.17872969806194305,0.26592668890953064,32.380821228027344
test/A/motion blur + low resolution/009,A,motion blur+low resolution,/root/autodl-tmp/aaa/graphrestore/artifacts/formal_mio100/graphrestore_v7_1_stage4_step040000/methods/graphrestore_v7_1_stage4_step040000/d2/motion blur+low resolution/009.png,546d84011329e458f67defbbe8f90ba11019c1a9dc7fda29d2637a7fcf28eba9,/root/autodl-tmp/graph/data/graphrestore/raw/agenticir/extracted/HQ/009.png,5b779ac0fbe5d1e4d4126fd2864493dcc2ecdbde374ede7e29a054b2a9cb4f21,28.28961944580078,0.9158129624369633,0.18047286570072174,0.2166004776954651,0.26134249567985535,31.047090530395508
test/A/motion blur + low resolution/010,A,motion blur+low resolution,/root/autodl-tmp/aaa/graphrestore/artifacts/formal_mio100/graphrestore_v7_1_stage4_step040000/methods/graphrestore_v7_1_stage4_step040000/d2/motion blur+low resolution/010.png,2d202d4aba7bc5064e533fd3dc0423e13173d8731e58a755befc4cb4ec15e210,/root/autodl-tmp/graph/data/graphrestore/raw/agenticir/extracted/HQ/010.png,327492996d853f5c8873b435f98a91afd07db64567545baa61c9f4f64f717a0d,20.896011352539062,0.6468955104748864,0.40752434730529785,0.2557108700275421,0.532056450843811,60.76917266845703
test/A/motion blur + low resolution/013,A,motion blur+low resolution,/root/autodl-tmp/aaa/graphrestore/artifacts/formal_mio100/graphrestore_v7_1_stage4_step040000/methods/graphrestore_v7_1_stage4_step040000/d2/motion blur+low resolution/013.png,6939edc0ee20bd54d725fa01169d70ced6be707125524e0657bed0220e9f657a,/root/autodl-tmp/graph/data/graphrestore/raw/agenticir/extracted/HQ/013.png,afe18305499bd0b8318392e8f34ede33aafb5a0df2371075fe9f30a1c81a75eb,17.45246696472168,0.2528079519630246,0.5575942397117615,0.24633817374706268,0.36480042338371277,28.937591552734375
test/A/motion blur + low resolution/014,A,motion blur+low resolution,/root/autodl-tmp/aaa/graphrestore/artifacts/formal_mio100/graphrestore_v7_1_stage4_step040000/methods/graphrestore_v7_1_stage4_step040000/d2/motion blur+low resolution/014.png,ab41909eccdd2e94ab62558fab93966aa035b7871b9d0b49147cb7fd64893890,/root/autodl-tmp/graph/data/graphrestore/raw/agenticir/extracted/HQ/014.png,2d569d9b923a96b1542c0b845dce0c7657794eba9f6f22ae5d02f335ef1bc4a0,23.704238891601562,0.8033850298375876,0.17485171556472778,0.3322605490684509,0.5048858523368835,49.73631286621094
test/A/motion blur + low resolution/015,A,motion blur+low resolution,/root/autodl-tmp/aaa/graphrestore/artifacts/formal_mio100/graphrestore_v7_1_stage4_step040000/methods/graphrestore_v7_1_stage4_step040000/d2/motion blur+low resolution/015.png,2f1ea8338063ba92854499bb4fa3481e6dcb6c64f0ed27686a270a8907cfe1bd,/root/autodl-tmp/graph/data/graphrestore/raw/agenticir/extracted/HQ/015.png,286adb5a1c45ee88f14e1b16e3af420910584bf5ebdd72c40cf75317559c731f,17.447837829589844,0.44463070685415856,0.34731441736221313,0.278398722410202,0.4475304186344147,38.20640182495117
test/A/motion blur + low resolution/016,A,motion blur+low resolution,/root/autodl-tmp/aaa/graphrestore/artifacts/formal_mio100/graphrestore_v7_1_stage4_step040000/methods/graphrestore_v7_1_stage4_step040000/d2/motion blur+low resolution/016.png,8bedc5193666e407818829bce571e961568e2ff4e9e2541037f301cb14b57216,/root/autodl-tmp/graph/data/graphrestore/raw/agenticir/extracted/HQ/016.png,ddc71b4b9bd2a57cabf985c7743b8ff7083a0d9205008603edb440ba27da9313,17.65325355529785,0.4264709852860442,0.48902997374534607,0.17446890473365784,0.3101573586463928,43.43453598022461
test/A/motion blur + low resolution/017,A,motion blur+low resolution,/root/autodl-tmp/aaa/graphrestore/artifacts/formal_mio100/graphrestore_v7_1_stage4_step040000/methods/graphrestore_v7_1_stage4_step040000/d2/motion blur+low resolution/017.png,04ebadff9f02417e0a0b67a38ff095accd5cd482c67525136516994dac1f0121,/root/autodl-tmp/graph/data/graphrestore/raw/agenticir/extracted/HQ/017.png,ab3ab0c03c2d8c9c0befbcad219fae23c9795fdf99d664630f4f4febbd02c519,22.80496597290039,0.7536645293067165,0.23485851287841797,0.3390565812587738,0.5208777785301208,50.640296936035156
test/A/motion blur + low resolution/018,A,motion blur+low resolution,/root/autodl-tmp/aaa/graphrestore/artifacts/formal_mio100/graphrestore_v7_1_stage4_step040000/methods/graphrestore_v7_1_stage4_step040000/d2/motion blur+low resolution/018.png,d5ca53f7e932ebc66aeb08e69c57b13e94040f1c8d3a06f55ca6cd9b2f886b4b,/root/autodl-tmp/graph/data/graphrestore/raw/agenticir/extracted/HQ/018.png,66db8e4aeb78f506ae4415572eb910726c3f16ede70138093ab4eced187b8df1,16.644559860229492,0.2965886692135879,0.7541325688362122,0.17486917972564697,0.22672878205776215,38.307716369628906
test/A/motion blur + low resolution/019,A,motion blur+low resolution,/root/autodl-tmp/aaa/graphrestore/artifacts/formal_mio100/graphrestore_v7_1_stage4_step040000/methods/graphrestore_v7_1_stage4_step040000/d2/motion blur+low resolution/019.png,7d747f7a078d831f500099a2881a2db9c9d13d57ccb66ea7745124512b811c94,/root/autodl-tmp/graph/data/graphrestore/raw/agenticir/extracted/HQ/019.png,fb026cef85a4f7e64ad7c5f064ed15de1f04a7a7b6bde70b28ee78a55db21aeb,17.727632522583008,0.44588911901569656,0.41939252614974976,0.28787505626678467,0.29476723074913025,38.34364318847656
test/A/motion blur + low resolution/020,A,motion blur+low resolution,/root/autodl-tmp/aaa/graphrestore/artifacts/formal_mio100/graphrestore_v7_1_stage4_step040000/methods/graphrestore_v7_1_stage4_step040000/d2/motion blur+low resolution/020.png,4a346ac21f5c6ab7c357c4152ca661b67b31bfd19819e38416ca69ba6e11488e,/root/autodl-tmp/graph/data/graphrestore/raw/agenticir/extracted/HQ/020.png,daa15d9f51eab9eca70197a7f05df7873e3eab75e432b0a81fe9488be552f37a,15.227935791015625,0.3189033483547078,0.6271848082542419,0.199951171875,0.22015857696533203,33.6253662109375
test/A/motion blur + low resolution/023,A,motion blur+low resolution,/root/autodl-tmp/aaa/graphrestore/artifacts/formal_mio100/graphrestore_v7_1_stage4_step040000/methods/graphrestore_v7_1_stage4_step040000/d2/motion blur+low resolution/023.png,31fa0ea0c095fe90b6ed1124fc6462e1990e32047f64d439766c0dbb5036a44e,/root/autodl-tmp/graph/data/graphrestore/raw/agenticir/extracted/HQ/023.png,befde78eca5789c87200ca1e2ac905ba8ad5706b50af86454bd30bc857c90e02,18.12481117248535,0.4806170037171111,0.501640260219574,0.17228397727012634,0.25585395097732544,26.447185516357422
test/A/motion blur + low resolution/024,A,motion blur+low resolution,/root/autodl-tmp/aaa/graphrestore/artifacts/formal_mio100/graphrestore_v7_1_stage4_step040000/methods/graphrestore_v7_1_stage4_step040000/d2/motion blur+low resolution/024.png,dc15f9fddfff359996da0047727568eb22e4ef8000cca34064401265d2c0f881,/root/autodl-tmp/graph/data/graphrestore/raw/agenticir/extracted/HQ/024.png,e51441e174dd8dc0c47872ccb4221ab3f054b716588ee0f42d58a56098bd9538,17.875791549682617,0.4910107881220358,0.533717155456543,0.09081432968378067,0.17894449830055237,35.790977478027344
test/A/motion blur + low resolution/025,A,motion blur+low resolution,/root/autodl-tmp/aaa/graphrestore/artifacts/formal_mio100/graphrestore_v7_1_stage4_step040000/methods/graphrestore_v7_1_stage4_step040000/d2/motion blur+low resolution/025.png,1234aaea26f67d1a64a0cf844379dda6b044acccc54819c84ef277f5007dc3c7,/root/autodl-tmp/graph/data/graphrestore/raw/agenticir/extracted/HQ/025.png,f384d4a9bc3c31bc29038378f849002dc4ff2db373d852b732f5cfc24ebed244,25.415142059326172,0.6320504300106017,0.4202039837837219,0.18243564665317535,0.26622381806373596,41.436073303222656
test/A/motion blur + low resolution/026,A,motion blur+low resolution,/root/autodl-tmp/aaa/graphrestore/artifacts/formal_mio100/graphrestore_v7_1_stage4_step040000/methods/graphrestore_v7_1_stage4_step040000/d2/motion blur+low resolution/026.png,388e3b891ae0a832b6659f1520ddbb90be4bd97c84de39dca4e815327b91c697,/root/autodl-tmp/graph/data/graphrestore/raw/agenticir/extracted/HQ/026.png,cfce1d4c02a00f28988a64f63cd538c4147c3a72c147a6549d71f1105d671224,24.204498291015625,0.7388112249647252,0.41967710852622986,0.1370048224925995,0.22102010250091553,28.512611389160156
test/A/motion blur + low resolution/027,A,motion blur+low resolution,/root/autodl-tmp/aaa/graphrestore/artifacts/formal_mio100/graphrestore_v7_1_stage4_step040000/methods/graphrestore_v7_1_stage4_step040000/d2/motion blur+low resolution/027.png,a9886c874e2751f1bb40ca45b2f795aedb0f680faf89dcb934ac761ce5711780,/root/autodl-tmp/graph/data/graphrestore/raw/agenticir/extracted/HQ/027.png,d69be3d26f3d3c95ffd9de3bd8d565120e0f09fb4aa84c72ae18d8fc4f871aae,20.991914749145508,0.5642702933557119,0.46005719900131226,0.1144619882106781,0.22111833095550537,34.375953674316406
test/A/motion blur + low resolution/028,A,motion blur+low resolution,/root/autodl-tmp/aaa/graphrestore/artifacts/formal_mio100/graphrestore_v7_1_stage4_step040000/methods/graphrestore_v7_1_stage4_step040000/d2/motion blur+low resolution/028.png,5faee1b39df81183070a8ed0c695f8e4039c812b3d2b0a46bc0a8577dc1a0db9,/root/autodl-tmp/graph/data/graphrestore/raw/agenticir/extracted/HQ/028.png,181f97da79059de1a93d1a0d30f6851393282c6af8b607d83ce29ab8c9dbf771,30.130651473999023,0.8664032103663488,0.22776202857494354,0.24554407596588135,0.4341478943824768,40.533164978027344
test/A/motion blur + low resolution/029,A,motion blur+low resolution,/root/autodl-tmp/aaa/graphrestore/artifacts/formal_mio100/graphrestore_v7_1_stage4_step040000/methods/graphrestore_v7_1_stage4_step040000/d2/motion blur+low resolution/029.png,931dcd3b5400c5f7db1f7d051825dab066446187fbc95e47094b5d6a79229191,/root/autodl-tmp/graph/data/graphrestore/raw/agenticir/extracted/HQ/029.png,3c7f43d0544ada8d7b64d7bb197621349fa1dcdf8400fb6128afaf8787814556,23.570592880249023,0.6506480916548559,0.47964370250701904,0.13272660970687866,0.2304074764251709,26.654111862182617
test/A/motion blur + low resolution/030,A,motion blur+low resolution,/root/autodl-tmp/aaa/graphrestore/artifacts/formal_mio100/graphrestore_v7_1_stage4_step040000/methods/graphrestore_v7_1_stage4_step040000/d2/motion blur+low resolution/030.png,f80a7d013e5b351cd050ac0ce83b42bd1c0e3cc66203c021eda1cfc569155b08,/root/autodl-tmp/graph/data/graphrestore/raw/agenticir/extracted/HQ/030.png,576b0158cf5a541dd6aaf522902400e8ba3175aacca36d9df22951f52acf3f2f,20.377674102783203,0.5648083391437579,0.4154597520828247,0.17152491211891174,0.3718830645084381,43.960853576660156
test/A/motion blur + low resolution/033,A,motion blur+low resolution,/root/autodl-tmp/aaa/graphrestore/artifacts/formal_mio100/graphrestore_v7_1_stage4_step040000/methods/graphrestore_v7_1_stage4_step040000/d2/motion blur+low resolution/033.png,ae970ed9ae44a2c2300cf6ffe1edbdefeb6691ac712a047be2ad850c0af3cf8b,/root/autodl-tmp/graph/data/graphrestore/raw/agenticir/extracted/HQ/033.png,9590f1419e378254c01f330c248e12e8a62792b04a27b72daf2c0afd6c41c758,17.505823135375977,0.31652246517458466,0.7170069217681885,0.056781865656375885,0.23252978920936584,18.352893829345703
test/A/motion blur + low resolution/034,A,motion blur+low resolution,/root/autodl-tmp/aaa/graphrestore/artifacts/formal_mio100/graphrestore_v7_1_stage4_step040000/methods/graphrestore_v7_1_stage4_step040000/d2/motion blur+low resolution/034.png,1364cb9ac26f707f2b08932d2d83844e3e9d49eb5ef8d947d1a2c62df78eecad,/root/autodl-tmp/graph/data/graphrestore/raw/agenticir/extracted/HQ/034.png,0575cc2334f8f50fcbd3d9f58173645db8764f938ee55e8899084ca2b66fd018,24.717525482177734,0.47790461273891904,0.8095547556877136,0.16431386768817902,0.2596395015716553,28.952491760253906
test/A/motion blur + low resolution/035,A,motion blur+low resolution,/root/autodl-tmp/aaa/graphrestore/artifacts/formal_mio100/graphrestore_v7_1_stage4_step040000/methods/graphrestore_v7_1_stage4_step040000/d2/motion blur+low resolution/035.png,f3610a0b3e71913e54e8dae112b230c8628135319afc6366c485984c4fb7e37b,/root/autodl-tmp/graph/data/graphrestore/raw/agenticir/extracted/HQ/035.png,4e230744a9cb7c3ebe976ae7267155312b876fb355283b4938b34b758aef7ff9,22.38268280029297,0.6272133729355279,0.4112533926963806,0.18598341941833496,0.3137662708759308,32.64539337158203
test/A/motion blur + low resolution/036,A,motion blur+low resolution,/root/autodl-tmp/aaa/graphrestore/artifacts/formal_mio100/graphrestore_v7_1_stage4_step040000/methods/graphrestore_v7_1_stage4_step040000/d2/motion blur+low resolution/036.png,04c0564753c43e6f51b1bc8f8e902bfd8de30af2d9ab6e12860e5daeb2b97395,/root/autodl-tmp/graph/data/graphrestore/raw/agenticir/extracted/HQ/036.png,409fbd0ad51be33e9e2711cb7b22cb39999eaac6e278ca1621c20300be446d76,18.474637985229492,0.40608701689200466,0.6153353452682495,0.0722624883055687,0.27475035190582275,14.629878044128418
test/A/motion blur + low resolution/037,A,motion blur+low resolution,/root/autodl-tmp/aaa/graphrestore/artifacts/formal_mio100/graphrestore_v7_1_stage4_step040000/methods/graphrestore_v7_1_stage4_step040000/d2/motion blur+low resolution/037.png,786a88684fc9dd1437d3f384b3fcc7284da95f9576089bb9a7c1b02847aba585,/root/autodl-tmp/graph/data/graphrestore/raw/agenticir/extracted/HQ/037.png,8f31abe11ce5d5377f131fdc788024ffb8d5cfdda501c06a64ca1fc80fab0d07,25.64486312866211,0.7783084128051613,0.334195613861084,0.2608012855052948,0.34366723895072937,43.03079605102539
test/A/motion blur + low resolution/038,A,motion blur+low resolution,/root/autodl-tmp/aaa/graphrestore/artifacts/formal_mio100/graphrestore_v7_1_stage4_step040000/methods/graphrestore_v7_1_stage4_step040000/d2/motion blur+low resolution/038.png,49174b0756d04a5c347618dfe24259f15522f602dc3a1fb1c281c842c8f95aea,/root/autodl-tmp/graph/data/graphrestore/raw/agenticir/extracted/HQ/038.png,fe7df2186482ca2cc105baed74cb1da9667b3b03e1629055880b6012db131aa1,22.461463928222656,0.5351001966475952,0.5334365367889404,0.14880144596099854,0.22828447818756104,25.452383041381836
test/A/motion blur + low resolution/039,A,motion blur+low resolution,/root/autodl-tmp/aaa/graphrestore/artifacts/formal_mio100/graphrestore_v7_1_stage4_step040000/methods/graphrestore_v7_1_stage4_step040000/d2/motion blur+low resolution/039.png,a40562729af1ec7bae79aee4aa9e5547e432271ad78e95560158078a04c5cc6b,/root/autodl-tmp/graph/data/graphrestore/raw/agenticir/extracted/HQ/039.png,a2038f7610363fb1916197e0557fa84b50b610d86885a2d6409f9e3aa75fbbcd,27.307584762573242,0.9142002706795014,0.22200149297714233,0.27712661027908325,0.3352356553077698,37.26023483276367
test/A/motion blur + low resolution/040,A,motion blur+low resolution,/root/autodl-tmp/aaa/graphrestore/artifacts/formal_mio100/graphrestore_v7_1_stage4_step040000/methods/graphrestore_v7_1_stage4_step040000/d2/motion blur+low resolution/040.png,269db136832202a75f3f34f87a806310c9f5fdaa9d0c0f9823990bdfb3f26a9f,/root/autodl-tmp/graph/data/graphrestore/raw/agenticir/extracted/HQ/040.png,c5a9e4bb9d84a6734bdc04c272c48c1b17b150a1e346afab2338eb0ba41f1464,24.105836868286133,0.7115550899698767,0.4339517056941986,0.1559334695339203,0.3199925720691681,32.93820571899414
test/A/motion blur + low resolution/043,A,motion blur+low resolution,/root/autodl-tmp/aaa/graphrestore/artifacts/formal_mio100/graphrestore_v7_1_stage4_step040000/methods/graphrestore_v7_1_stage4_step040000/d2/motion blur+low resolution/043.png,650130a3f151e341c529a248f507e8313d1fbee773a6c030383989862aba3570,/root/autodl-tmp/graph/data/graphrestore/raw/agenticir/extracted/HQ/043.png,15880c27b3101797c4e5896dee7349ad832ac1c49fcd0c559b357f4e28296b4d,18.741317749023438,0.3458980497088859,0.6435174345970154,0.1630355268716812,0.16855467855930328,41.65301513671875
test/A/motion blur + low resolution/044,A,motion blur+low resolution,/root/autodl-tmp/aaa/graphrestore/artifacts/formal_mio100/graphrestore_v7_1_stage4_step040000/methods/graphrestore_v7_1_stage4_step040000/d2/motion blur+low resolution/044.png,26719cf907305ef988fe6dca93baacb1047f69e8f08378d075487ac504c50714,/root/autodl-tmp/graph/data/graphrestore/raw/agenticir/extracted/HQ/044.png,0645011c1dc3777ab263df617d1747b902c2d321de6f939549cfbe43eabc9245,22.0357723236084,0.5254036119206761,0.5756487846374512,0.2840025722980499,0.34488311409950256,35.780155181884766
test/A/motion blur + low resolution/045,A,motion blur+low resolution,/root/autodl-tmp/aaa/graphrestore/artifacts/formal_mio100/graphrestore_v7_1_stage4_step040000/methods/graphrestore_v7_1_stage4_step040000/d2/motion blur+low resolution/045.png,bf3db8d4ddc30da565f9e0f2a96618cad1f391fdcc585bf607facc1b92cba7d0,/root/autodl-tmp/graph/data/graphrestore/raw/agenticir/extracted/HQ/045.png,d3e352c98c1fe9df1181c1e362bb9c3ba3a1d077456198796083821dab20d1fc,20.323028564453125,0.3809227212340899,0.7176607847213745,0.23891973495483398,0.27900931239128113,34.4444580078125
test/A/motion blur + low resolution/046,A,motion blur+low resolution,/root/autodl-tmp/aaa/graphrestore/artifacts/formal_mio100/graphrestore_v7_1_stage4_step040000/methods/graphrestore_v7_1_stage4_step040000/d2/motion blur+low resolution/046.png,2dc93521c279bae9a6f687a252c41f1721755f91730576e6fe0a7499816d7b94,/root/autodl-tmp/graph/data/graphrestore/raw/agenticir/extracted/HQ/046.png,af4b21bf96515f2ff4f97a4990856b43ae02a1d8f39909428228a2612b5f936f,19.37930679321289,0.3265016735503781,0.6300143003463745,0.30908262729644775,0.31408295035362244,44.403900146484375
test/A/motion blur + low resolution/047,A,motion blur+low resolution,/root/autodl-tmp/aaa/graphrestore/artifacts/formal_mio100/graphrestore_v7_1_stage4_step040000/methods/graphrestore_v7_1_stage4_step040000/d2/motion blur+low resolution/047.png,84c17943be2537f28abb26b39d0912e195b035d179638c6d94ec9f6191aef528,/root/autodl-tmp/graph/data/graphrestore/raw/agenticir/extracted/HQ/047.png,8ecf454f7d68ca4ebf19b2b4a22275d3bb344666e4e483fda2c8cb84d5ff94db,20.324798583984375,0.5125652639025603,0.4443745017051697,0.19264304637908936,0.24357600510120392,47.45460891723633
test/A/motion blur + low resolution/048,A,motion blur+low resolution,/root/autodl-tmp/aaa/graphrestore/artifacts/formal_mio100/graphrestore_v7_1_stage4_step040000/methods/graphrestore_v7_1_stage4_step040000/d2/motion blur+low resolution/048.png,a1536c65af00d2183da380e1f1c5d23e8b29943fb1c9a17140ca32fbffc23fc3,/root/autodl-tmp/graph/data/graphrestore/raw/agenticir/extracted/HQ/048.png,b74e449ab10a96799f5e791f68de34dcfaf90a4befdb242cee372f6743841606,18.795625686645508,0.23215620566457482,0.7420786023139954,0.23614050447940826,0.3184429109096527,35.117645263671875
test/A/motion blur + low resolution/049,A,motion blur+low resolution,/root/autodl-tmp/aaa/graphrestore/artifacts/formal_mio100/graphrestore_v7_1_stage4_step040000/methods/graphrestore_v7_1_stage4_step040000/d2/motion blur+low resolution/049.png,95184c4145101e9632949aa4a9473d279db5d942fbcda28516f72a7ae14f5b43,/root/autodl-tmp/graph/data/graphrestore/raw/agenticir/extracted/HQ/049.png,bdd8f4cec02d5659a12541bb32718429d397d6be195679045764e31574c4f226,19.51139259338379,0.40868762985270746,0.6458234786987305,0.38035210967063904,0.4496549665927887,44.39703369140625
test/A/motion blur + low resolution/050,A,motion blur+low resolution,/root/autodl-tmp/aaa/graphrestore/artifacts/formal_mio100/graphrestore_v7_1_stage4_step040000/methods/graphrestore_v7_1_stage4_step040000/d2/motion blur+low resolution/050.png,eed44a67fc02fa1cde7eb3c9d5e731322ec103c1f4c59697eb4d62e9a4d97100,/root/autodl-tmp/graph/data/graphrestore/raw/agenticir/extracted/HQ/050.png,c4cfbc77b28b145af37ea26b0b501d69633ebdedd3ce9a90d5760063ee95f492,16.62809181213379,0.2987893713327845,0.6304384469985962,0.20519547164440155,0.28177744150161743,37.69575500488281
test/A/motion blur + low resolution/053,A,motion blur+low resolution,/root/autodl-tmp/aaa/graphrestore/artifacts/formal_mio100/graphrestore_v7_1_stage4_step040000/methods/graphrestore_v7_1_stage4_step040000/d2/motion blur+low resolution/053.png,4c9210a8515d32cc3b9e53ac755b584f9d1932270e0d3081b3e4990fc68cb6b7,/root/autodl-tmp/graph/data/graphrestore/raw/agenticir/extracted/HQ/053.png,6b1f2208c72adcd28d96a15d538bbfbe27cb5a21be416b6f30fa836b12ac867d,29.21965789794922,0.8882868751239009,0.21782851219177246,0.21920432150363922,0.3021829128265381,38.948455810546875
test/A/motion blur + low resolution/054,A,motion blur+low resolution,/root/autodl-tmp/aaa/graphrestore/artifacts/formal_mio100/graphrestore_v7_1_stage4_step040000/methods/graphrestore_v7_1_stage4_step040000/d2/motion blur+low resolution/054.png,8fc3bdce7a6add6d944038afde14d26040d7b79463532501098fdd615b1cb816,/root/autodl-tmp/graph/data/graphrestore/raw/agenticir/extracted/HQ/054.png,699ffde2d8d110e52811d39e5b9d745965d4211dd2312f453ce367f1bc0e66f5,29.925556182861328,0.8560496597984,0.33212125301361084,0.2362278401851654,0.3251454532146454,47.69452667236328
test/A/motion blur + low resolution/055,A,motion blur+low resolution,/root/autodl-tmp/aaa/graphrestore/artifacts/formal_mio100/graphrestore_v7_1_stage4_step040000/methods/graphrestore_v7_1_stage4_step040000/d2/motion blur+low resolution/055.png,16268a9a35ca6c2678fc23e33d7ba661648ad6cfda54d9537e115436cc5e6bcd,/root/autodl-tmp/graph/data/graphrestore/raw/agenticir/extracted/HQ/055.png,5a59c6f9051a70f1c3ad8e9550b2a21322ef8ad71bd70085fb2330f6f6da3948,34.17439651489258,0.896752311695941,0.22351759672164917,0.25731897354125977,0.38537752628326416,52.03753662109375
test/A/motion blur + low resolution/056,A,motion blur+low resolution,/root/autodl-tmp/aaa/graphrestore/artifacts/formal_mio100/graphrestore_v7_1_stage4_step040000/methods/graphrestore_v7_1_stage4_step040000/d2/motion blur+low resolution/056.png,364641780bbb9bed329f752eb2091669d0c1dfd28d81c0510b231652811f4e66,/root/autodl-tmp/graph/data/graphrestore/raw/agenticir/extracted/HQ/056.png,c5f28866f72e2d370875385eb6575124b0735f8f927fae1c07ff7151e200c956,23.08931541442871,0.7338570931657472,0.4045974016189575,0.20808646082878113,0.2990618646144867,37.10783386230469
test/A/motion blur + low resolution/057,A,motion blur+low resolution,/root/autodl-tmp/aaa/graphrestore/artifacts/formal_mio100/graphrestore_v7_1_stage4_step040000/methods/graphrestore_v7_1_stage4_step040000/d2/motion blur+low resolution/057.png,c7c37d2b8cd8eb9c48a497a9c58734909849dad65f71a96eff6edb94e3732c48,/root/autodl-tmp/graph/data/graphrestore/raw/agenticir/extracted/HQ/057.png,42353ae75793843947c257055d87e0568db28ed51b9a5d87cc0d6a0dafb242af,25.541887283325195,0.8380763749333701,0.23889008164405823,0.17050860822200775,0.3159933090209961,46.17509460449219
test/A/motion blur + low resolution/058,A,motion blur+low resolution,/root/autodl-tmp/aaa/graphrestore/artifacts/formal_mio100/graphrestore_v7_1_stage4_step040000/methods/graphrestore_v7_1_stage4_step040000/d2/motion blur+low resolution/058.png,100fe7fc79f328bd848f7c13fce88831c8338928f95ef67717c98bd1c4d1841a,/root/autodl-tmp/graph/data/graphrestore/raw/agenticir/extracted/HQ/058.png,e50e67dc4e57dc18d552546044c5ca169fdb26de4d5d81650d00d4b0f3ab7e76,25.240516662597656,0.8591926619481446,0.20609712600708008,0.22364969551563263,0.30854326486587524,43.52693176269531
test/A/motion blur + low resolution/059,A,motion blur+low resolution,/root/autodl-tmp/aaa/graphrestore/artifacts/formal_mio100/graphrestore_v7_1_stage4_step040000/methods/graphrestore_v7_1_stage4_step040000/d2/motion blur+low resolution/059.png,059f0eded8fd66b05492a5958731e941ac787245f9c8730b2afa2bdc23404204,/root/autodl-tmp/graph/data/graphrestore/raw/agenticir/extracted/HQ/059.png,e60c8277194566df02c7cefc895d1390756059f7a29ac67206ec202f1b897add,26.16823959350586,0.8306204562182715,0.34505581855773926,0.10360555350780487,0.21768422424793243,28.210805892944336
test/A/motion blur + low resolution/060,A,motion blur+low resolution,/root/autodl-tmp/aaa/graphrestore/artifacts/formal_mio100/graphrestore_v7_1_stage4_step040000/methods/graphrestore_v7_1_stage4_step040000/d2/motion blur+low resolution/060.png,1e31c0b10e2ae2b88d86d25c88c892d61099029f62b59b6d80c5af59ad8e44b7,/root/autodl-tmp/graph/data/graphrestore/raw/agenticir/extracted/HQ/060.png,d173273231bf0b68767ae3e287f4f34baa71e7d986a98c43a41fa9668fd8a0d4,25.16057586669922,0.7689057731288514,0.30796363949775696,0.23643113672733307,0.2595103681087494,37.851165771484375
test/A/motion blur + low resolution/063,A,motion blur+low resolution,/root/autodl-tmp/aaa/graphrestore/artifacts/formal_mio100/graphrestore_v7_1_stage4_step040000/methods/graphrestore_v7_1_stage4_step040000/d2/motion blur+low resolution/063.png,1c12a8f705fc9915b75b98a4451f05727ff5f74eed2ed671859faa2ab7e9b39c,/root/autodl-tmp/graph/data/graphrestore/raw/agenticir/extracted/HQ/063.png,f7ccce7c58be38c16fb08060b8b379825cb0417a04e6813c72985768a480929c,18.980587005615234,0.6523711183382204,0.31026118993759155,0.2196226865053177,0.23718369007110596,48.5112419128418
test/A/motion blur + low resolution/064,A,motion blur+low resolution,/root/autodl-tmp/aaa/graphrestore/artifacts/formal_mio100/graphrestore_v7_1_stage4_step040000/methods/graphrestore_v7_1_stage4_step040000/d2/motion blur+low resolution/064.png,d1c166c7618c8fbb96c24137e0100091a928837d8fcbc266cf42e7faab1ce388,/root/autodl-tmp/graph/data/graphrestore/raw/agenticir/extracted/HQ/064.png,b34caae8d574b2c008d53ceb0490df55c099e68844b2819f0c02fc50db26cee0,19.829309463500977,0.5293457651100474,0.4078497290611267,0.12564827501773834,0.25040844082832336,33.173805236816406
test/A/motion blur + low resolution/065,A,motion blur+low resolution,/root/autodl-tmp/aaa/graphrestore/artifacts/formal_mio100/graphrestore_v7_1_stage4_step040000/methods/graphrestore_v7_1_stage4_step040000/d2/motion blur+low resolution/065.png,7d942db176cbf37c01bf2e725570e91034b13355d8717361bef76738739fb8e4,/root/autodl-tmp/graph/data/graphrestore/raw/agenticir/extracted/HQ/065.png,f0770ae16bf79be3b5d94a7868da009f5ce1bbf54bfe5c879e352a4df590ef63,20.585538864135742,0.5510160576880632,0.45098158717155457,0.13053180277347565,0.1959303915500641,41.177268981933594
test/A/motion blur + low resolution/066,A,motion blur+low resolution,/root/autodl-tmp/aaa/graphrestore/artifacts/formal_mio100/graphrestore_v7_1_stage4_step040000/methods/graphrestore_v7_1_stage4_step040000/d2/motion blur+low resolution/066.png,a3ed33d16ff0a64a5e562f38180ff3bdc606df9b73241aa09b471763a46ae781,/root/autodl-tmp/graph/data/graphrestore/raw/agenticir/extracted/HQ/066.png,a19230b326bd2fb5c26ae283f65bf0b85f39f90421056a47c7ecd6d683379aff,21.406417846679688,0.6706192149533372,0.3505147695541382,0.17918634414672852,0.25693103671073914,55.374603271484375
test/A/motion blur + low resolution/067,A,motion blur+low resolution,/root/autodl-tmp/aaa/graphrestore/artifacts/formal_mio100/graphrestore_v7_1_stage4_step040000/methods/graphrestore_v7_1_stage4_step040000/d2/motion blur+low resolution/067.png,518e615ef5a22380b9040887cb96b0df561ed12d123ef4de3f98e04cbf88be43,/root/autodl-tmp/graph/data/graphrestore/raw/agenticir/extracted/HQ/067.png,91cd9f021a6902b7f3220c6a373cba11f3bfbe4e4984c1d6fc4be0c76acb67a0,18.052169799804688,0.5411806934239333,0.4381808042526245,0.10635597258806229,0.20784567296504974,41.267333984375
test/A/motion blur + low resolution/068,A,motion blur+low resolution,/root/autodl-tmp/aaa/graphrestore/artifacts/formal_mio100/graphrestore_v7_1_stage4_step040000/methods/graphrestore_v7_1_stage4_step040000/d2/motion blur+low resolution/068.png,ab3fad7246865f5a49841a78e27df92c42ecfe64c3a9d0ae6042e31306047817,/root/autodl-tmp/graph/data/graphrestore/raw/agenticir/extracted/HQ/068.png,b8187d79db16002364f6017df807e6cac41e7ee9a68413a384b1bd69eddaa638,21.612403869628906,0.6552214664374036,0.30739885568618774,0.20480750501155853,0.28456175327301025,50.427032470703125
test/A/motion blur + low resolution/069,A,motion blur+low resolution,/root/autodl-tmp/aaa/graphrestore/artifacts/formal_mio100/graphrestore_v7_1_stage4_step040000/methods/graphrestore_v7_1_stage4_step040000/d2/motion blur+low resolution/069.png,618ef164f8ce74cfbb66dbeee5b5256f9910af2faf7b4edcd7b0ac8e38e20177,/root/autodl-tmp/graph/data/graphrestore/raw/agenticir/extracted/HQ/069.png,abb08be58f50075e5e6b1de44ddfe61c30ebb34882e9d72681edd73a5cdbb156,22.51643180847168,0.5303780517567724,0.4993463456630707,0.16941110789775848,0.29053106904029846,50.77290725708008
test/A/motion blur + low resolution/070,A,motion blur+low resolution,/root/autodl-tmp/aaa/graphrestore/artifacts/formal_mio100/graphrestore_v7_1_stage4_step040000/methods/graphrestore_v7_1_stage4_step040000/d2/motion blur+low resolution/070.png,0b02411c4a5138e7747f791289b61ca6f041ddea5bf2011b4957938a4cb69df8,/root/autodl-tmp/graph/data/graphrestore/raw/agenticir/extracted/HQ/070.png,718ae2570e431003fb32f2a40e19f813545164ace18230ac03f9ec96b2747f85,20.05059814453125,0.7683473946156999,0.27031591534614563,0.09506428986787796,0.1965073198080063,28.890132904052734
test/A/motion blur + low resolution/073,A,motion blur+low resolution,/root/autodl-tmp/aaa/graphrestore/artifacts/formal_mio100/graphrestore_v7_1_stage4_step040000/methods/graphrestore_v7_1_stage4_step040000/d2/motion blur+low resolution/073.png,c61c7a884d9bfe320a207c03b09386a5b2285c37618e93308846d42c9c3e4430,/root/autodl-tmp/graph/data/graphrestore/raw/agenticir/extracted/HQ/073.png,e4a8516954bfb4b79f2fc6194b6b4a8ed63250e14fe7ce0b6f6d77c922f84730,20.432273864746094,0.7491614106225143,0.29813435673713684,0.09807715564966202,0.22801922261714935,39.24188232421875
test/A/motion blur + low resolution/074,A,motion blur+low resolution,/root/autodl-tmp/aaa/graphrestore/artifacts/formal_mio100/graphrestore_v7_1_stage4_step040000/methods/graphrestore_v7_1_stage4_step040000/d2/motion blur+low resolution/074.png,e25373b389c286cdee7ae41d2e87ef07a944e0a293ea840a91100dabac1b4d86,/root/autodl-tmp/graph/data/graphrestore/raw/agenticir/extracted/HQ/074.png,cfa80e9825a34173ab0d1810b1b63bf645aa1b6b743966a77d7d03463319fd8e,26.265819549560547,0.8705916163052203,0.16882994771003723,0.12838536500930786,0.2535703778266907,35.822181701660156
test/A/motion blur + low resolution/075,A,motion blur+low resolution,/root/autodl-tmp/aaa/graphrestore/artifacts/formal_mio100/graphrestore_v7_1_stage4_step040000/methods/graphrestore_v7_1_stage4_step040000/d2/motion blur+low resolution/075.png,316cbdac2bb1d02a9552d93026da185399de78e6892be2c86a473f165359d824,/root/autodl-tmp/graph/data/graphrestore/raw/agenticir/extracted/HQ/075.png,637e76a0398c825f3214d13b10485f7c180dc359b838ade377382c22c8f6b788,19.55417251586914,0.5118906049866866,0.46704429388046265,0.14366485178470612,0.23941059410572052,25.791404724121094
test/A/motion blur + low resolution/076,A,motion blur+low resolution,/root/autodl-tmp/aaa/graphrestore/artifacts/formal_mio100/graphrestore_v7_1_stage4_step040000/methods/graphrestore_v7_1_stage4_step040000/d2/motion blur+low resolution/076.png,03ed4eb85d19fb3cdb6f1e1211df521da84a0f8d6d4e4d4527992769c02258dc,/root/autodl-tmp/graph/data/graphrestore/raw/agenticir/extracted/HQ/076.png,28f7193b83d2979c14a7c73e95657ce02a2cc902196495bea289e190f48cecae,25.35633087158203,0.7625215827125937,0.3207094669342041,0.10911521315574646,0.1954650729894638,31.213138580322266
test/A/motion blur + low resolution/077,A,motion blur+low resolution,/root/autodl-tmp/aaa/graphrestore/artifacts/formal_mio100/graphrestore_v7_1_stage4_step040000/methods/graphrestore_v7_1_stage4_step040000/d2/motion blur+low resolution/077.png,06713942ebf3dc5e974fd7ce90bcb49ed53380ea3a093acb96414fa3df16805c,/root/autodl-tmp/graph/data/graphrestore/raw/agenticir/extracted/HQ/077.png,6d0b3c0c4255ee2de7c3c275c114eb531248c06fce157913f4e69dacd492cc91,20.132335662841797,0.650543225465743,0.3576212525367737,0.07482210546731949,0.22973135113716125,20.3612117767334
test/A/motion blur + low resolution/078,A,motion blur+low resolution,/root/autodl-tmp/aaa/graphrestore/artifacts/formal_mio100/graphrestore_v7_1_stage4_step040000/methods/graphrestore_v7_1_stage4_step040000/d2/motion blur+low resolution/078.png,49ccfb6fb522a33b1d4a8ae36696f6a5eb04fcfcd5ec7d128ddc7fecd6654be5,/root/autodl-tmp/graph/data/graphrestore/raw/agenticir/extracted/HQ/078.png,ae84b8b3592a0f623d5bd2c5791b049e6fd87155614fbbad37f1ac00a2cfa870,19.523231506347656,0.5025126791619681,0.48381227254867554,0.06524378806352615,0.17287208139896393,31.789649963378906
test/A/motion blur + low resolution/079,A,motion blur+low resolution,/root/autodl-tmp/aaa/graphrestore/artifacts/formal_mio100/graphrestore_v7_1_stage4_step040000/methods/graphrestore_v7_1_stage4_step040000/d2/motion blur+low resolution/079.png,a2c0fefb2962dddf35a153975186a14627ac3420b1eadd9300b339073f04940a,/root/autodl-tmp/graph/data/graphrestore/raw/agenticir/extracted/HQ/079.png,166cde30b17743be2ca3fb2c29004e0b38b126bfa1d8d5f41013c23eb248aad5,23.960369110107422,0.6515312954723472,0.3677315413951874,0.18193024396896362,0.2851942777633667,42.48234939575195
test/A/motion blur + low resolution/080,A,motion blur+low resolution,/root/autodl-tmp/aaa/graphrestore/artifacts/formal_mio100/graphrestore_v7_1_stage4_step040000/methods/graphrestore_v7_1_stage4_step040000/d2/motion blur+low resolution/080.png,603030951de3cdbe6889d922049518258f3df874d76dc210623d03c7eb16faca,/root/autodl-tmp/graph/data/graphrestore/raw/agenticir/extracted/HQ/080.png,b208599722bce230536ae4db62272e883a7714d4bfca7d73e1361da3b2ca9225,26.332828521728516,0.8749538701073561,0.17432822287082672,0.18047122657299042,0.23560009896755219,42.473876953125
test/A/motion blur + low resolution/083,A,motion blur+low resolution,/root/autodl-tmp/aaa/graphrestore/artifacts/formal_mio100/graphrestore_v7_1_stage4_step040000/methods/graphrestore_v7_1_stage4_step040000/d2/motion blur+low resolution/083.png,fcbc53e451283fafe48699fa5edc5d209cddef5a2d392be238a5d8e95f779ea7,/root/autodl-tmp/graph/data/graphrestore/raw/agenticir/extracted/HQ/083.png,4772b8d475dfc90626760cea35452db0ee8dfdd89f7cd8def57f8b4d74ecef44,19.67995834350586,0.5933370886178162,0.4444652795791626,0.13168607652187347,0.2553785443305969,32.23466491699219
test/A/motion blur + low resolution/084,A,motion blur+low resolution,/root/autodl-tmp/aaa/graphrestore/artifacts/formal_mio100/graphrestore_v7_1_stage4_step040000/methods/graphrestore_v7_1_stage4_step040000/d2/motion blur+low resolution/084.png,a5599c26bc707bbfff630765cbb2465ccef768ab0bd05c76582fb3c33f89129d,/root/autodl-tmp/graph/data/graphrestore/raw/agenticir/extracted/HQ/084.png,1bc34c4607ba66d84248fe8e7d5e30546ae13841542d8b1cb9146f2a2485df64,29.517498016357422,0.8707007560886092,0.2621331512928009,0.20232224464416504,0.28455814719200134,30.71193504333496
test/A/motion blur + low resolution/085,A,motion blur+low resolution,/root/autodl-tmp/aaa/graphrestore/artifacts/formal_mio100/graphrestore_v7_1_stage4_step040000/methods/graphrestore_v7_1_stage4_step040000/d2/motion blur+low resolution/085.png,b3b418c9c17864ee61c9405275684823e7f8b3ae78d25fc90e65b0a4c38f6191,/root/autodl-tmp/graph/data/graphrestore/raw/agenticir/extracted/HQ/085.png,6174b7cb004afd2a578ec1950d92b99c41115b5a6bf70a511f19156c62bd5274,25.462318420410156,0.8842156362639679,0.14947490394115448,0.10692718625068665,0.2490311712026596,29.88885498046875
test/A/motion blur + low resolution/086,A,motion blur+low resolution,/root/autodl-tmp/aaa/graphrestore/artifacts/formal_mio100/graphrestore_v7_1_stage4_step040000/methods/graphrestore_v7_1_stage4_step040000/d2/motion blur+low resolution/086.png,7d0d6f7c59b3d4a7e21ca261dc5a9e709fa501cc3356c0be6a3c88a3500dc4dd,/root/autodl-tmp/graph/data/graphrestore/raw/agenticir/extracted/HQ/086.png,68a629299aaf0e4d70065c504c9b3e397721fa17a25c2585446914aa5c7bafb5,19.56977081298828,0.5889390901446077,0.4837876260280609,0.14624126255512238,0.30177873373031616,31.51250648498535
test/A/motion blur + low resolution/087,A,motion blur+low resolution,/root/autodl-tmp/aaa/graphrestore/artifacts/formal_mio100/graphrestore_v7_1_stage4_step040000/methods/graphrestore_v7_1_stage4_step040000/d2/motion blur+low resolution/087.png,6877754318aeb4bf43948bd995b10d66ea1b7d4f4fdbf82d1091fa374136a1a1,/root/autodl-tmp/graph/data/graphrestore/raw/agenticir/extracted/HQ/087.png,059a862de1498fc3b783bcfcce8fad399573aa912bb6638bbd3d43d23b88cdc6,18.783567428588867,0.569794437016489,0.5350887775421143,0.08458932489156723,0.2508407235145569,30.093399047851562
test/A/motion blur + low resolution/088,A,motion blur+low resolution,/root/autodl-tmp/aaa/graphrestore/artifacts/formal_mio100/graphrestore_v7_1_stage4_step040000/methods/graphrestore_v7_1_stage4_step040000/d2/motion blur+low resolution/088.png,ff71a4c9038a26b44ffb80a78b5ef9c2e5d2fe48d7056dca9882638f980f6266,/root/autodl-tmp/graph/data/graphrestore/raw/agenticir/extracted/HQ/088.png,e76841066e027bd2a2fa101a4598c597d4891a7c535e3cc3195b7afcc249d7ae,29.289287567138672,0.9081092873781135,0.15299411118030548,0.1418454498052597,0.1980227679014206,27.816848754882812
test/A/motion blur + low resolution/089,A,motion blur+low resolution,/root/autodl-tmp/aaa/graphrestore/artifacts/formal_mio100/graphrestore_v7_1_stage4_step040000/methods/graphrestore_v7_1_stage4_step040000/d2/motion blur+low resolution/089.png,2f881a9612bdac10988ca32a52dad0e57215d261d65f3c130164c54b2f2f38bd,/root/autodl-tmp/graph/data/graphrestore/raw/agenticir/extracted/HQ/089.png,046e493440ea7499fe07cec3853e6e170225ce6cdc903aac14730fa6b9bf36ab,20.593950271606445,0.682741543882252,0.3106580078601837,0.11637090891599655,0.23473094403743744,38.3963737487793
test/A/motion blur + low resolution/090,A,motion blur+low resolution,/root/autodl-tmp/aaa/graphrestore/artifacts/formal_mio100/graphrestore_v7_1_stage4_step040000/methods/graphrestore_v7_1_stage4_step040000/d2/motion blur+low resolution/090.png,ac04452c615b90b0ad97df99b592ca2c7841e5e9bf6f9bf7acba93d8398f058c,/root/autodl-tmp/graph/data/graphrestore/raw/agenticir/extracted/HQ/090.png,830f74b8389bfef595e56e910efc49cf4246f6f7bd552ea8c45d071a0113053c,18.960607528686523,0.523090973678199,0.468890517950058,0.17503048479557037,0.26560571789741516,26.914337158203125
test/A/motion blur + low resolution/093,A,motion blur+low resolution,/root/autodl-tmp/aaa/graphrestore/artifacts/formal_mio100/graphrestore_v7_1_stage4_step040000/methods/graphrestore_v7_1_stage4_step040000/d2/motion blur+low resolution/093.png,2cc1b31d2e3a19581d831ca281f3192a6883a739f6d69bdf2980cb3427ff681f,/root/autodl-tmp/graph/data/graphrestore/raw/agenticir/extracted/HQ/093.png,b9ef1df7a3be70176f064c2568ea12d8cd9c9c54b3e8fd72bca53d170eaf06f2,18.793289184570312,0.6646238316464096,0.36500710248947144,0.2728244662284851,0.32262760400772095,43.5413818359375
test/A/motion blur + low resolution/094,A,motion blur+low resolution,/root/autodl-tmp/aaa/graphrestore/artifacts/formal_mio100/graphrestore_v7_1_stage4_step040000/methods/graphrestore_v7_1_stage4_step040000/d2/motion blur+low resolution/094.png,a17f7ee3524e1cd6a4fb85089ddc1dd0a57d1b4735207c176f93b6192fd4a7ae,/root/autodl-tmp/graph/data/graphrestore/raw/agenticir/extracted/HQ/094.png,45dab31fa407b6793844322a5e147cdfedc3bfa449cd28fc9605f41dba80966d,16.73634147644043,0.5713484987022976,0.45320001244544983,0.19595515727996826,0.2338419407606125,40.29857635498047
test/A/motion blur + low resolution/095,A,motion blur+low resolution,/root/autodl-tmp/aaa/graphrestore/artifacts/formal_mio100/graphrestore_v7_1_stage4_step040000/methods/graphrestore_v7_1_stage4_step040000/d2/motion blur+low resolution/095.png,ed00cdb9b859efa997ad53e980d301bf886edbff9d9916206a933ecf0e7730f5,/root/autodl-tmp/graph/data/graphrestore/raw/agenticir/extracted/HQ/095.png,2f04f8c811593049180a1c6bdcf5d723d3c2f6443ba518c407e4976d7a6b2637,11.995885848999023,0.347535011545495,0.4342459738254547,0.284461110830307,0.22984711825847626,49.57509231567383
test/A/motion blur + low resolution/096,A,motion blur+low resolution,/root/autodl-tmp/aaa/graphrestore/artifacts/formal_mio100/graphrestore_v7_1_stage4_step040000/methods/graphrestore_v7_1_stage4_step040000/d2/motion blur+low resolution/096.png,bd9805340bfecfe5f2b1b3995ea5b4bb4010da19491f32e436bbaf0a1fd8758a,/root/autodl-tmp/graph/data/graphrestore/raw/agenticir/extracted/HQ/096.png,3ac9dbd626f9e294ae10a8ab11a34f6c0132ed355627d25ce3f8790f701fae29,21.743675231933594,0.7167034655689564,0.3028619885444641,0.2609513998031616,0.27851176261901855,53.03633117675781
test/A/motion blur + low resolution/097,A,motion blur+low resolution,/root/autodl-tmp/aaa/graphrestore/artifacts/formal_mio100/graphrestore_v7_1_stage4_step040000/methods/graphrestore_v7_1_stage4_step040000/d2/motion blur+low resolution/097.png,0eafa937d515e6541bee19de5317fd52576928e4879f92dbcaefc865e7983d5a,/root/autodl-tmp/graph/data/graphrestore/raw/agenticir/extracted/HQ/097.png,9b6c3c0d294f54e89b51656b0163aa8d0715dd7904848721ea76c07ccf737d2e,20.50604248046875,0.730756422201546,0.21552914381027222,0.320621520280838,0.3955659568309784,61.37934875488281
test/A/motion blur + low resolution/098,A,motion blur+low resolution,/root/autodl-tmp/aaa/graphrestore/artifacts/formal_mio100/graphrestore_v7_1_stage4_step040000/methods/graphrestore_v7_1_stage4_step040000/d2/motion blur+low resolution/098.png,4b2ae93de8fec431802e140899a1b666aabdc8481485fc455b45e86d8578d01d,/root/autodl-tmp/graph/data/graphrestore/raw/agenticir/extracted/HQ/098.png,f0574e5262ab9942e66006e0df3aab8738de997489badc302e131ae74299181f,15.748857498168945,0.44380949209207515,0.6239001154899597,0.21024949848651886,0.2214146852493286,27.1695556640625
test/A/motion blur + low resolution/099,A,motion blur+low resolution,/root/autodl-tmp/aaa/graphrestore/artifacts/formal_mio100/graphrestore_v7_1_stage4_step040000/methods/graphrestore_v7_1_stage4_step040000/d2/motion blur+low resolution/099.png,77ffe67722c58b964e19d655a28100af50113d7149eed21f93cec321297b4b26,/root/autodl-tmp/graph/data/graphrestore/raw/agenticir/extracted/HQ/099.png,15ddff6cab9869d7fe8a7cb6fd328b436bbfa9b089e6adcbba7a5048e4c97f8b,20.67619514465332,0.5727785763828025,0.4521239995956421,0.20446112751960754,0.28602135181427,31.493125915527344
test/A/motion blur + low resolution/100,A,motion blur+low resolution,/root/autodl-tmp/aaa/graphrestore/artifacts/formal_mio100/graphrestore_v7_1_stage4_step040000/methods/graphrestore_v7_1_stage4_step040000/d2/motion blur+low resolution/100.png,d19f142b73629c766c044bdcf0d50e48dd67feb0e8b76e8ed13e8dbd0b12247d,/root/autodl-tmp/graph/data/graphrestore/raw/agenticir/extracted/HQ/100.png,b7f5d60dbb3e7047b9c62efc7d61db97052a2cde687d3fae367a14a6793a0c40,18.409027099609375,0.6419343847989566,0.37516435980796814,0.26233068108558655,0.20252637565135956,46.019100189208984
test/A/dark + noise/003,A,dark+noise,/root/autodl-tmp/aaa/graphrestore/artifacts/formal_mio100/graphrestore_v7_1_stage4_step040000/methods/graphrestore_v7_1_stage4_step040000/d2/dark+noise/003.png,61daef4631409f1c84cefa034c0fc84790f4fb1483d6b3761f79899237dc6bf4,/root/autodl-tmp/graph/data/graphrestore/raw/agenticir/extracted/HQ/003.png,c2a2513992db412a7160dfa2f82535dccaa188db91df80ee6ed5b0dd5c5d2d1a,26.819034576416016,0.8087197724067235,0.17863106727600098,0.41475731134414673,0.7416098713874817,73.48139190673828
test/A/dark + noise/004,A,dark+noise,/root/autodl-tmp/aaa/graphrestore/artifacts/formal_mio100/graphrestore_v7_1_stage4_step040000/methods/graphrestore_v7_1_stage4_step040000/d2/dark+noise/004.png,7218ff585e3d54ff231f2b397f4117ddf5a210027eb9923ecf17d9d9128829ae,/root/autodl-tmp/graph/data/graphrestore/raw/agenticir/extracted/HQ/004.png,f1ad3f60cd8e680739263535ab1620a2490f3bc0c65a9355a965c7dff9be1fed,27.190082550048828,0.8579806280844405,0.1578948050737381,0.42208966612815857,0.765108048915863,76.83350372314453
test/A/dark + noise/005,A,dark+noise,/root/autodl-tmp/aaa/graphrestore/artifacts/formal_mio100/graphrestore_v7_1_stage4_step040000/methods/graphrestore_v7_1_stage4_step040000/d2/dark+noise/005.png,86e30027a6dfc976fd6fcfe7a7687494d3cf83166a4920cc87785e627cb25419,/root/autodl-tmp/graph/data/graphrestore/raw/agenticir/extracted/HQ/005.png,1d8eb1ef9c1817c087956135efa85be686e7169ef11eb532c768d32d7267a0ff,27.40971565246582,0.9014146003965411,0.09730865061283112,0.38495129346847534,0.7822621464729309,71.6930923461914
test/A/dark + noise/006,A,dark+noise,/root/autodl-tmp/aaa/graphrestore/artifacts/formal_mio100/graphrestore_v7_1_stage4_step040000/methods/graphrestore_v7_1_stage4_step040000/d2/dark+noise/006.png,babcabb8c555168a07b14288b266c02d723a53cb3320ca0dfc73c232790979f4,/root/autodl-tmp/graph/data/graphrestore/raw/agenticir/extracted/HQ/006.png,f62feddd2f379d039dd1effe18b6368c79a6fe31fb8177f797c9f230eb8e1211,29.034231185913086,0.8985426800300641,0.15204748511314392,0.3167748749256134,0.6637047529220581,61.67877960205078
test/A/dark + noise/007,A,dark+noise,/root/autodl-tmp/aaa/graphrestore/artifacts/formal_mio100/graphrestore_v7_1_stage4_step040000/methods/graphrestore_v7_1_stage4_step040000/d2/dark+noise/007.png,9b03fb4a56fab634d1dcb5408281e315fef34741220b4e2039eef93a0ef84c8f,/root/autodl-tmp/graph/data/graphrestore/raw/agenticir/extracted/HQ/007.png,b876f087d5f42a9350f28383ff2df22156b6bbba702809d134b7713d9430881c,26.452951431274414,0.8203253621496494,0.1824609339237213,0.3886813819408417,0.7993783950805664,75.73766326904297
test/A/dark + noise/008,A,dark+noise,/root/autodl-tmp/aaa/graphrestore/artifacts/formal_mio100/graphrestore_v7_1_stage4_step040000/methods/graphrestore_v7_1_stage4_step040000/d2/dark+noise/008.png,2b3cc8d724be3da20b3708a0f01783a7266926b8278ed5fe8fef0292f620f2f9,/root/autodl-tmp/graph/data/graphrestore/raw/agenticir/extracted/HQ/008.png,4efb8dbbd2ba5090b7b951a456ec5ed27a5d61360ab95cb1c5a9366f2868cb94,29.931982040405273,0.8984475535506369,0.1104995608329773,0.3094102740287781,0.7832347750663757,70.0088882446289
test/A/dark + noise/009,A,dark+noise,/root/autodl-tmp/aaa/graphrestore/artifacts/formal_mio100/graphrestore_v7_1_stage4_step040000/methods/graphrestore_v7_1_stage4_step040000/d2/dark+noise/009.png,3dbd4b43c08a17f0521101d3230bbf2ad55df6b1140d1a3903434b7fe6bd808b,/root/autodl-tmp/graph/data/graphrestore/raw/agenticir/extracted/HQ/009.png,5b779ac0fbe5d1e4d4126fd2864493dcc2ecdbde374ede7e29a054b2a9cb4f21,31.786832809448242,0.9359706952450811,0.14287659525871277,0.24760232865810394,0.3428155779838562,49.37766647338867
test/A/dark + noise/010,A,dark+noise,/root/autodl-tmp/aaa/graphrestore/artifacts/formal_mio100/graphrestore_v7_1_stage4_step040000/methods/graphrestore_v7_1_stage4_step040000/d2/dark+noise/010.png,8d5f1b143030bd9b34aecf64f3571f174eb80efb2fa025d52545243713015bb1,/root/autodl-tmp/graph/data/graphrestore/raw/agenticir/extracted/HQ/010.png,327492996d853f5c8873b435f98a91afd07db64567545baa61c9f4f64f717a0d,25.390596389770508,0.9279044430404032,0.09439065307378769,0.4282614290714264,0.7995070815086365,77.2636947631836
test/A/dark + noise/013,A,dark+noise,/root/autodl-tmp/aaa/graphrestore/artifacts/formal_mio100/graphrestore_v7_1_stage4_step040000/methods/graphrestore_v7_1_stage4_step040000/d2/dark+noise/013.png,70e6df608a8f4f3454a73f8fcfde68b325a0cfd2770dbfd889fe038b3ccefded,/root/autodl-tmp/graph/data/graphrestore/raw/agenticir/extracted/HQ/013.png,afe18305499bd0b8318392e8f34ede33aafb5a0df2371075fe9f30a1c81a75eb,23.07248306274414,0.7432421313835885,0.17732228338718414,0.36210232973098755,0.48477932810783386,71.39905548095703
test/A/dark + noise/014,A,dark+noise,/root/autodl-tmp/aaa/graphrestore/artifacts/formal_mio100/graphrestore_v7_1_stage4_step040000/methods/graphrestore_v7_1_stage4_step040000/d2/dark+noise/014.png,f1480bc6ffa2fa00fb3fca0b11000309c163d6242f1225bd34f1e05a1f7b1407,/root/autodl-tmp/graph/data/graphrestore/raw/agenticir/extracted/HQ/014.png,2d569d9b923a96b1542c0b845dce0c7657794eba9f6f22ae5d02f335ef1bc4a0,20.370882034301758,0.824564669214789,0.13197718560695648,0.35734111070632935,0.5425160527229309,65.35736083984375
test/A/dark + noise/015,A,dark+noise,/root/autodl-tmp/aaa/graphrestore/artifacts/formal_mio100/graphrestore_v7_1_stage4_step040000/methods/graphrestore_v7_1_stage4_step040000/d2/dark+noise/015.png,f373c61c3ad4bd0c2bedddfc0d994d1c9fdb67b5f39952a5df985a82f2998291,/root/autodl-tmp/graph/data/graphrestore/raw/agenticir/extracted/HQ/015.png,286adb5a1c45ee88f14e1b16e3af420910584bf5ebdd72c40cf75317559c731f,24.56625747680664,0.9107474075766053,0.048145841807127,0.43100452423095703,0.5440050363540649,67.54652404785156
test/A/dark + noise/016,A,dark+noise,/root/autodl-tmp/aaa/graphrestore/artifacts/formal_mio100/graphrestore_v7_1_stage4_step040000/methods/graphrestore_v7_1_stage4_step040000/d2/dark+noise/016.png,f0464f68ca0dd418ac7f4b3dffb30a821ec6d4d95a6555d479eb9967df713364,/root/autodl-tmp/graph/data/graphrestore/raw/agenticir/extracted/HQ/016.png,ddc71b4b9bd2a57cabf985c7743b8ff7083a0d9205008603edb440ba27da9313,28.055131912231445,0.9077429683783972,0.07632258534431458,0.4166191518306732,0.6854759454727173,73.12989044189453
test/A/dark + noise/017,A,dark+noise,/root/autodl-tmp/aaa/graphrestore/artifacts/formal_mio100/graphrestore_v7_1_stage4_step040000/methods/graphrestore_v7_1_stage4_step040000/d2/dark+noise/017.png,b0c66b4909e8233b238c835fc9301f9cb19a094006fed2dfd02328e33b5d3f13,/root/autodl-tmp/graph/data/graphrestore/raw/agenticir/extracted/HQ/017.png,ab3ab0c03c2d8c9c0befbcad219fae23c9795fdf99d664630f4f4febbd02c519,27.585561752319336,0.8899388002188207,0.06807524710893631,0.4965682327747345,0.7373061180114746,71.21068572998047
test/A/dark + noise/018,A,dark+noise,/root/autodl-tmp/aaa/graphrestore/artifacts/formal_mio100/graphrestore_v7_1_stage4_step040000/methods/graphrestore_v7_1_stage4_step040000/d2/dark+noise/018.png,c1513fbfab9d13371726a24f731bb2b7ad604ad1a827b52c51e3c41b13806d68,/root/autodl-tmp/graph/data/graphrestore/raw/agenticir/extracted/HQ/018.png,66db8e4aeb78f506ae4415572eb910726c3f16ede70138093ab4eced187b8df1,22.221832275390625,0.6941405511496895,0.2543603777885437,0.3244169056415558,0.5950875282287598,68.1371078491211
test/A/dark + noise/019,A,dark+noise,/root/autodl-tmp/aaa/graphrestore/artifacts/formal_mio100/graphrestore_v7_1_stage4_step040000/methods/graphrestore_v7_1_stage4_step040000/d2/dark+noise/019.png,81a2ec0b3744be90b9ddb9702917ee882eba42ece8cc5b40ec94d3b911abdd37,/root/autodl-tmp/graph/data/graphrestore/raw/agenticir/extracted/HQ/019.png,fb026cef85a4f7e64ad7c5f064ed15de1f04a7a7b6bde70b28ee78a55db21aeb,27.28725814819336,0.9366301500877853,0.054698579013347626,0.4059392511844635,0.6258923411369324,67.83273315429688
test/A/dark + noise/020,A,dark+noise,/root/autodl-tmp/aaa/graphrestore/artifacts/formal_mio100/graphrestore_v7_1_stage4_step040000/methods/graphrestore_v7_1_stage4_step040000/d2/dark+noise/020.png,96d1e0046525d67dde364a4db174d05332068ab5e3fee237704bb143a5bfbfa9,/root/autodl-tmp/graph/data/graphrestore/raw/agenticir/extracted/HQ/020.png,daa15d9f51eab9eca70197a7f05df7873e3eab75e432b0a81fe9488be552f37a,24.424625396728516,0.8700979792534002,0.0890314057469368,0.38109949231147766,0.4617505967617035,61.455162048339844
test/A/dark + noise/023,A,dark+noise,/root/autodl-tmp/aaa/graphrestore/artifacts/formal_mio100/graphrestore_v7_1_stage4_step040000/methods/graphrestore_v7_1_stage4_step040000/d2/dark+noise/023.png,5165b350f86a00abb7c19f2a805c2e09923c9f4c024cfe2d64ad846c579d66eb,/root/autodl-tmp/graph/data/graphrestore/raw/agenticir/extracted/HQ/023.png,befde78eca5789c87200ca1e2ac905ba8ad5706b50af86454bd30bc857c90e02,26.376962661743164,0.9209017882010584,0.09613753855228424,0.36089828610420227,0.6897465586662292,67.71212768554688
test/A/dark + noise/024,A,dark+noise,/root/autodl-tmp/aaa/graphrestore/artifacts/formal_mio100/graphrestore_v7_1_stage4_step040000/methods/graphrestore_v7_1_stage4_step040000/d2/dark+noise/024.png,d103f065905967a8a4f700dace4d85fd435f2108afc82fc59ec71b9c6e35a68d,/root/autodl-tmp/graph/data/graphrestore/raw/agenticir/extracted/HQ/024.png,e51441e174dd8dc0c47872ccb4221ab3f054b716588ee0f42d58a56098bd9538,19.854257583618164,0.8673364521521325,0.20053742825984955,0.330674409866333,0.7360386252403259,66.83100891113281
test/A/dark + noise/025,A,dark+noise,/root/autodl-tmp/aaa/graphrestore/artifacts/formal_mio100/graphrestore_v7_1_stage4_step040000/methods/graphrestore_v7_1_stage4_step040000/d2/dark+noise/025.png,49177146619d05ea456ea5a2a29dd81f617acb5e3df4a12873c3b1679b4d2c13,/root/autodl-tmp/graph/data/graphrestore/raw/agenticir/extracted/HQ/025.png,f384d4a9bc3c31bc29038378f849002dc4ff2db373d852b732f5cfc24ebed244,27.311256408691406,0.7713282776917517,0.24167296290397644,0.2479427009820938,0.4953249394893646,69.91362762451172
test/A/dark + noise/026,A,dark+noise,/root/autodl-tmp/aaa/graphrestore/artifacts/formal_mio100/graphrestore_v7_1_stage4_step040000/methods/graphrestore_v7_1_stage4_step040000/d2/dark+noise/026.png,faf50910dd8085b2616d7f4aec7043171c63fa6622ed98a492593c6b0404c314,/root/autodl-tmp/graph/data/graphrestore/raw/agenticir/extracted/HQ/026.png,cfce1d4c02a00f28988a64f63cd538c4147c3a72c147a6549d71f1105d671224,28.106399536132812,0.8528949344469914,0.2779737412929535,0.1934138387441635,0.3537599444389343,51.28642654418945
test/A/dark + noise/027,A,dark+noise,/root/autodl-tmp/aaa/graphrestore/artifacts/formal_mio100/graphrestore_v7_1_stage4_step040000/methods/graphrestore_v7_1_stage4_step040000/d2/dark+noise/027.png,5cfe0e135344cd09ab354cd6ed865fb73febc136ada8cf88a3ddb7b328e31f4e,/root/autodl-tmp/graph/data/graphrestore/raw/agenticir/extracted/HQ/027.png,d69be3d26f3d3c95ffd9de3bd8d565120e0f09fb4aa84c72ae18d8fc4f871aae,28.611492156982422,0.8533786165612828,0.1877886801958084,0.23977091908454895,0.5934180617332458,66.0147933959961
test/A/dark + noise/028,A,dark+noise,/root/autodl-tmp/aaa/graphrestore/artifacts/formal_mio100/graphrestore_v7_1_stage4_step040000/methods/graphrestore_v7_1_stage4_step040000/d2/dark+noise/028.png,50830d10ee4796f1b0d477447d4a9af026894190f0cb668c1bb267bb1fc2077c,/root/autodl-tmp/graph/data/graphrestore/raw/agenticir/extracted/HQ/028.png,181f97da79059de1a93d1a0d30f6851393282c6af8b607d83ce29ab8c9dbf771,30.19742202758789,0.9038880573206455,0.1600678563117981,0.32298898696899414,0.7223986387252808,56.75489044189453
test/A/dark + noise/029,A,dark+noise,/root/autodl-tmp/aaa/graphrestore/artifacts/formal_mio100/graphrestore_v7_1_stage4_step040000/methods/graphrestore_v7_1_stage4_step040000/d2/dark+noise/029.png,008ff0f973336f345317880ef601e5e24fb52f3ec188d25b3ca9575009bd7290,/root/autodl-tmp/graph/data/graphrestore/raw/agenticir/extracted/HQ/029.png,3c7f43d0544ada8d7b64d7bb197621349fa1dcdf8400fb6128afaf8787814556,25.488422393798828,0.6886594612379697,0.4210701584815979,0.13763751089572906,0.30484214425086975,41.00522232055664
test/A/dark + noise/030,A,dark+noise,/root/autodl-tmp/aaa/graphrestore/artifacts/formal_mio100/graphrestore_v7_1_stage4_step040000/methods/graphrestore_v7_1_stage4_step040000/d2/dark+noise/030.png,a6118f6cf103b220f6135a7ff47f73ef3d3a2cb56a37df3c2f168b6394264310,/root/autodl-tmp/graph/data/graphrestore/raw/agenticir/extracted/HQ/030.png,576b0158cf5a541dd6aaf522902400e8ba3175aacca36d9df22951f52acf3f2f,28.767906188964844,0.9091345096829225,0.1733674705028534,0.3944518566131592,0.7488266825675964,68.09862518310547
test/A/dark + noise/033,A,dark+noise,/root/autodl-tmp/aaa/graphrestore/artifacts/formal_mio100/graphrestore_v7_1_stage4_step040000/methods/graphrestore_v7_1_stage4_step040000/d2/dark+noise/033.png,a8d195a3a185b2b05b06f9c5c2f4b4d53af1dc814d8b5dafa846d1e219fbe29b,/root/autodl-tmp/graph/data/graphrestore/raw/agenticir/extracted/HQ/033.png,9590f1419e378254c01f330c248e12e8a62792b04a27b72daf2c0afd6c41c758,22.667491912841797,0.7009903559137142,0.28549206256866455,0.2637632191181183,0.7690704464912415,62.93831253051758
test/A/dark + noise/034,A,dark+noise,/root/autodl-tmp/aaa/graphrestore/artifacts/formal_mio100/graphrestore_v7_1_stage4_step040000/methods/graphrestore_v7_1_stage4_step040000/d2/dark+noise/034.png,9dfa370d6e6f1817c4a249e1e37dcb860ca1fc544aa5998a9094b89dfaaf1db3,/root/autodl-tmp/graph/data/graphrestore/raw/agenticir/extracted/HQ/034.png,0575cc2334f8f50fcbd3d9f58173645db8764f938ee55e8899084ca2b66fd018,26.62116050720215,0.6408474839049629,0.5528579950332642,0.2849879264831543,0.6719827055931091,57.76239013671875
test/A/dark + noise/035,A,dark+noise,/root/autodl-tmp/aaa/graphrestore/artifacts/formal_mio100/graphrestore_v7_1_stage4_step040000/methods/graphrestore_v7_1_stage4_step040000/d2/dark+noise/035.png,c3304334d83fe275ddedcb0e174b51251fd5f881ce38785cf6c6ba18ec7b63a1,/root/autodl-tmp/graph/data/graphrestore/raw/agenticir/extracted/HQ/035.png,4e230744a9cb7c3ebe976ae7267155312b876fb355283b4938b34b758aef7ff9,25.955158233642578,0.886248422524901,0.11767548322677612,0.4045161306858063,0.7252718210220337,69.99787902832031
test/A/dark + noise/036,A,dark+noise,/root/autodl-tmp/aaa/graphrestore/artifacts/formal_mio100/graphrestore_v7_1_stage4_step040000/methods/graphrestore_v7_1_stage4_step040000/d2/dark+noise/036.png,df30ccbdf211505991f676ea5440792efb561f53042862ff3b3fa5328246fd16,/root/autodl-tmp/graph/data/graphrestore/raw/agenticir/extracted/HQ/036.png,409fbd0ad51be33e9e2711cb7b22cb39999eaac6e278ca1621c20300be446d76,24.524738311767578,0.583597366711762,0.26743534207344055,0.22229303419589996,0.4753698408603668,56.30327606201172
test/A/dark + noise/037,A,dark+noise,/root/autodl-tmp/aaa/graphrestore/artifacts/formal_mio100/graphrestore_v7_1_stage4_step040000/methods/graphrestore_v7_1_stage4_step040000/d2/dark+noise/037.png,5b6e89960e79a0e91e16378ae195e09360fdba9ccff171387fbaee88e2ddd8f3,/root/autodl-tmp/graph/data/graphrestore/raw/agenticir/extracted/HQ/037.png,8f31abe11ce5d5377f131fdc788024ffb8d5cfdda501c06a64ca1fc80fab0d07,30.718420028686523,0.9242349712171969,0.12016934901475906,0.32508090138435364,0.580150306224823,63.81941223144531
test/A/dark + noise/038,A,dark+noise,/root/autodl-tmp/aaa/graphrestore/artifacts/formal_mio100/graphrestore_v7_1_stage4_step040000/methods/graphrestore_v7_1_stage4_step040000/d2/dark+noise/038.png,17fd3c49b77776735f8597aa42e5d0158c34fd85d06c86dd06225a7d2258840d,/root/autodl-tmp/graph/data/graphrestore/raw/agenticir/extracted/HQ/038.png,fe7df2186482ca2cc105baed74cb1da9667b3b03e1629055880b6012db131aa1,28.225887298583984,0.8559907571900818,0.1898440718650818,0.2706611752510071,0.6873776912689209,63.596588134765625
test/A/dark + noise/039,A,dark+noise,/root/autodl-tmp/aaa/graphrestore/artifacts/formal_mio100/graphrestore_v7_1_stage4_step040000/methods/graphrestore_v7_1_stage4_step040000/d2/dark+noise/039.png,f969de0fce3899f5a22c72a6d4c9cf4d9ac4f64a16231ade98c8f5bd1586c58b,/root/autodl-tmp/graph/data/graphrestore/raw/agenticir/extracted/HQ/039.png,a2038f7610363fb1916197e0557fa84b50b610d86885a2d6409f9e3aa75fbbcd,22.511917114257812,0.886529021275604,0.13656479120254517,0.40065091848373413,0.6978997588157654,55.907867431640625
test/A/dark + noise/040,A,dark+noise,/root/autodl-tmp/aaa/graphrestore/artifacts/formal_mio100/graphrestore_v7_1_stage4_step040000/methods/graphrestore_v7_1_stage4_step040000/d2/dark+noise/040.png,06c8ed01a93c1ac67a7c6988c3dddbe0cd2f239c8b5b2412886d1b96212468cd,/root/autodl-tmp/graph/data/graphrestore/raw/agenticir/extracted/HQ/040.png,c5a9e4bb9d84a6734bdc04c272c48c1b17b150a1e346afab2338eb0ba41f1464,21.573928833007812,0.6804683267443068,0.5011115670204163,0.16846923530101776,0.318233460187912,47.078887939453125
test/A/dark + noise/043,A,dark+noise,/root/autodl-tmp/aaa/graphrestore/artifacts/formal_mio100/graphrestore_v7_1_stage4_step040000/methods/graphrestore_v7_1_stage4_step040000/d2/dark+noise/043.png,79f07dd55f4dbfa63be45410252b2a90eccd6d63fe2a07a2cdd7602333d6bacc,/root/autodl-tmp/graph/data/graphrestore/raw/agenticir/extracted/HQ/043.png,15880c27b3101797c4e5896dee7349ad832ac1c49fcd0c559b357f4e28296b4d,31.11436653137207,0.9488721915695797,0.032163623720407486,0.49862727522850037,0.7676858305931091,67.52320098876953
test/A/dark + noise/044,A,dark+noise,/root/autodl-tmp/aaa/graphrestore/artifacts/formal_mio100/graphrestore_v7_1_stage4_step040000/methods/graphrestore_v7_1_stage4_step040000/d2/dark+noise/044.png,c1f48c31ef26d2c766580a6b805f0f15f66e1aaa666ca65c71e914855036ae2a,/root/autodl-tmp/graph/data/graphrestore/raw/agenticir/extracted/HQ/044.png,0645011c1dc3777ab263df617d1747b902c2d321de6f939549cfbe43eabc9245,29.345979690551758,0.8867066044685156,0.22189871966838837,0.3956579566001892,0.7602986693382263,58.11882019042969
test/A/dark + noise/045,A,dark+noise,/root/autodl-tmp/aaa/graphrestore/artifacts/formal_mio100/graphrestore_v7_1_stage4_step040000/methods/graphrestore_v7_1_stage4_step040000/d2/dark+noise/045.png,52412f7886b80f1e76ace6f67e97b1e6eb91158b83a45c8ce52b551ea825e586,/root/autodl-tmp/graph/data/graphrestore/raw/agenticir/extracted/HQ/045.png,d3e352c98c1fe9df1181c1e362bb9c3ba3a1d077456198796083821dab20d1fc,24.059703826904297,0.732951383355502,0.2549072802066803,0.41398149728775024,0.5494930148124695,67.10455322265625
test/A/dark + noise/046,A,dark+noise,/root/autodl-tmp/aaa/graphrestore/artifacts/formal_mio100/graphrestore_v7_1_stage4_step040000/methods/graphrestore_v7_1_stage4_step040000/d2/dark+noise/046.png,ea572bb84d2a427003b5fe1909e5af2c0f27d7a8c75ae92e4ea52ed556591313,/root/autodl-tmp/graph/data/graphrestore/raw/agenticir/extracted/HQ/046.png,af4b21bf96515f2ff4f97a4990856b43ae02a1d8f39909428228a2612b5f936f,27.48224449157715,0.9549998161184734,0.06876436620950699,0.599837064743042,0.8179125189781189,67.07073211669922
test/A/dark + noise/047,A,dark+noise,/root/autodl-tmp/aaa/graphrestore/artifacts/formal_mio100/graphrestore_v7_1_stage4_step040000/methods/graphrestore_v7_1_stage4_step040000/d2/dark+noise/047.png,fe29ec3ab077e3808a229ea38eaabe229ce0b069e281a5d31153f6bbb8859609,/root/autodl-tmp/graph/data/graphrestore/raw/agenticir/extracted/HQ/047.png,8ecf454f7d68ca4ebf19b2b4a22275d3bb344666e4e483fda2c8cb84d5ff94db,26.754751205444336,0.7668440838675316,0.15269680321216583,0.39480385184288025,0.6709427237510681,66.27666473388672
test/A/dark + noise/048,A,dark+noise,/root/autodl-tmp/aaa/graphrestore/artifacts/formal_mio100/graphrestore_v7_1_stage4_step040000/methods/graphrestore_v7_1_stage4_step040000/d2/dark+noise/048.png,7dd9f35e1ee21ac0d29d09967b1c62f01369d0f480129e9bfd27901d37cf3641,/root/autodl-tmp/graph/data/graphrestore/raw/agenticir/extracted/HQ/048.png,b74e449ab10a96799f5e791f68de34dcfaf90a4befdb242cee372f6743841606,24.745685577392578,0.8828317158759736,0.11927005648612976,0.36562561988830566,0.7057992815971375,64.03306579589844
test/A/dark + noise/049,A,dark+noise,/root/autodl-tmp/aaa/graphrestore/artifacts/formal_mio100/graphrestore_v7_1_stage4_step040000/methods/graphrestore_v7_1_stage4_step040000/d2/dark+noise/049.png,791c3c36c347cbdbed85967f34793efb341a746a9c85d095d3046a115ae8dc24,/root/autodl-tmp/graph/data/graphrestore/raw/agenticir/extracted/HQ/049.png,bdd8f4cec02d5659a12541bb32718429d397d6be195679045764e31574c4f226,24.92180633544922,0.891387824607389,0.0900638997554779,0.3784717321395874,0.40856367349624634,60.11156463623047
test/A/dark + noise/050,A,dark+noise,/root/autodl-tmp/aaa/graphrestore/artifacts/formal_mio100/graphrestore_v7_1_stage4_step040000/methods/graphrestore_v7_1_stage4_step040000/d2/dark+noise/050.png,0abc1408be7c42895706585d6359acfc0c1d357dcb5ddc81ebdbb9b162f1e26d,/root/autodl-tmp/graph/data/graphrestore/raw/agenticir/extracted/HQ/050.png,c4cfbc77b28b145af37ea26b0b501d69633ebdedd3ce9a90d5760063ee95f492,23.033321380615234,0.731574838279065,0.18029630184173584,0.40584778785705566,0.6859283447265625,75.4540023803711
test/A/dark + noise/053,A,dark+noise,/root/autodl-tmp/aaa/graphrestore/artifacts/formal_mio100/graphrestore_v7_1_stage4_step040000/methods/graphrestore_v7_1_stage4_step040000/d2/dark+noise/053.png,d3a01ace2368e3bf595b4062271c1b499d62ec988f817fb83b7d3166bad2ef33,/root/autodl-tmp/graph/data/graphrestore/raw/agenticir/extracted/HQ/053.png,6b1f2208c72adcd28d96a15d538bbfbe27cb5a21be416b6f30fa836b12ac867d,33.75092697143555,0.9324591193433444,0.11293021589517593,0.3644302189350128,0.5318968296051025,71.09183502197266
test/A/dark + noise/054,A,dark+noise,/root/autodl-tmp/aaa/graphrestore/artifacts/formal_mio100/graphrestore_v7_1_stage4_step040000/methods/graphrestore_v7_1_stage4_step040000/d2/dark+noise/054.png,b42b5a7dc829670aef09674f9d3fddef6158c7324dc0f4a46ac757f0404ec047,/root/autodl-tmp/graph/data/graphrestore/raw/agenticir/extracted/HQ/054.png,699ffde2d8d110e52811d39e5b9d745965d4211dd2312f453ce367f1bc0e66f5,22.271936416625977,0.8181853665362369,0.33046814799308777,0.2848818600177765,0.553642749786377,63.32927703857422
test/A/dark + noise/055,A,dark+noise,/root/autodl-tmp/aaa/graphrestore/artifacts/formal_mio100/graphrestore_v7_1_stage4_step040000/methods/graphrestore_v7_1_stage4_step040000/d2/dark+noise/055.png,289f69f15257fdf2a0f5a99ad4749f8ec28972bfc6c0a9c9d30bc76441247a45,/root/autodl-tmp/graph/data/graphrestore/raw/agenticir/extracted/HQ/055.png,5a59c6f9051a70f1c3ad8e9550b2a21322ef8ad71bd70085fb2330f6f6da3948,26.574844360351562,0.8647896571135063,0.3046955168247223,0.19792461395263672,0.38078975677490234,53.25048828125
test/A/dark + noise/056,A,dark+noise,/root/autodl-tmp/aaa/graphrestore/artifacts/formal_mio100/graphrestore_v7_1_stage4_step040000/methods/graphrestore_v7_1_stage4_step040000/d2/dark+noise/056.png,574878c094b90097b0953e78a6dbd7b7e3d536ce8a0f009653eca0f9214fd912,/root/autodl-tmp/graph/data/graphrestore/raw/agenticir/extracted/HQ/056.png,c5f28866f72e2d370875385eb6575124b0735f8f927fae1c07ff7151e200c956,27.581003189086914,0.9069369779329417,0.14452840387821198,0.34544503688812256,0.7272593379020691,72.97010040283203
test/A/dark + noise/057,A,dark+noise,/root/autodl-tmp/aaa/graphrestore/artifacts/formal_mio100/graphrestore_v7_1_stage4_step040000/methods/graphrestore_v7_1_stage4_step040000/d2/dark+noise/057.png,1c605b3537fbaac01bf4872d05b1771f97cfa11abaf307e3c4937e9ec35471ad,/root/autodl-tmp/graph/data/graphrestore/raw/agenticir/extracted/HQ/057.png,42353ae75793843947c257055d87e0568db28ed51b9a5d87cc0d6a0dafb242af,31.076326370239258,0.9082107530950396,0.12208830565214157,0.2974943518638611,0.5179747939109802,71.1526870727539
test/A/dark + noise/058,A,dark+noise,/root/autodl-tmp/aaa/graphrestore/artifacts/formal_mio100/graphrestore_v7_1_stage4_step040000/methods/graphrestore_v7_1_stage4_step040000/d2/dark+noise/058.png,4bda9f4d5d06c601bd29d7c12017d30304d107ef20ebb089a11f9ea64ba9876a,/root/autodl-tmp/graph/data/graphrestore/raw/agenticir/extracted/HQ/058.png,e50e67dc4e57dc18d552546044c5ca169fdb26de4d5d81650d00d4b0f3ab7e76,31.07940673828125,0.9359580626315059,0.1215687170624733,0.2952992618083954,0.5395874381065369,71.54688262939453
test/A/dark + noise/059,A,dark+noise,/root/autodl-tmp/aaa/graphrestore/artifacts/formal_mio100/graphrestore_v7_1_stage4_step040000/methods/graphrestore_v7_1_stage4_step040000/d2/dark+noise/059.png,f47cd2d88ac427ec4d3d9a20cff704288ae889efbf6971d574696f4fe9e9a8fd,/root/autodl-tmp/graph/data/graphrestore/raw/agenticir/extracted/HQ/059.png,e60c8277194566df02c7cefc895d1390756059f7a29ac67206ec202f1b897add,28.950368881225586,0.894439420740778,0.2558149993419647,0.23594984412193298,0.34223127365112305,57.255828857421875
test/A/dark + noise/060,A,dark+noise,/root/autodl-tmp/aaa/graphrestore/artifacts/formal_mio100/graphrestore_v7_1_stage4_step040000/methods/graphrestore_v7_1_stage4_step040000/d2/dark+noise/060.png,33bd6ecf5c35af35fe51e16bfa58e3954e135e3b684f183a8ce1ebf71fef3bf5,/root/autodl-tmp/graph/data/graphrestore/raw/agenticir/extracted/HQ/060.png,d173273231bf0b68767ae3e287f4f34baa71e7d986a98c43a41fa9668fd8a0d4,27.47372055053711,0.8921978305538335,0.1977289915084839,0.34773290157318115,0.5697092413902283,64.82230377197266
test/A/dark + noise/063,A,dark+noise,/root/autodl-tmp/aaa/graphrestore/artifacts/formal_mio100/graphrestore_v7_1_stage4_step040000/methods/graphrestore_v7_1_stage4_step040000/d2/dark+noise/063.png,c0013b1d9caeb4a2a53e0a026dd9107f58c4d1021bfcc804ee4eaa14fe012b73,/root/autodl-tmp/graph/data/graphrestore/raw/agenticir/extracted/HQ/063.png,f7ccce7c58be38c16fb08060b8b379825cb0417a04e6813c72985768a480929c,23.65150260925293,0.6947360711538592,0.2104775458574295,0.3309493660926819,0.344295859336853,66.64945983886719
test/A/dark + noise/064,A,dark+noise,/root/autodl-tmp/aaa/graphrestore/artifacts/formal_mio100/graphrestore_v7_1_stage4_step040000/methods/graphrestore_v7_1_stage4_step040000/d2/dark+noise/064.png,ef87247d62852f4f71dfa6153e9e5d1c9289f370b8fc7581c2e3c85cfc1d0110,/root/autodl-tmp/graph/data/graphrestore/raw/agenticir/extracted/HQ/064.png,b34caae8d574b2c008d53ceb0490df55c099e68844b2819f0c02fc50db26cee0,24.40890884399414,0.781009482549352,0.15273725986480713,0.28834983706474304,0.4871940612792969,68.8897933959961
test/A/dark + noise/065,A,dark+noise,/root/autodl-tmp/aaa/graphrestore/artifacts/formal_mio100/graphrestore_v7_1_stage4_step040000/methods/graphrestore_v7_1_stage4_step040000/d2/dark+noise/065.png,92f16d13cbc0b41a0ce7c798f1f8e39c61bd3fedfabce78dd02e91aa90022439,/root/autodl-tmp/graph/data/graphrestore/raw/agenticir/extracted/HQ/065.png,f0770ae16bf79be3b5d94a7868da009f5ce1bbf54bfe5c879e352a4df590ef63,25.412588119506836,0.7194341642974975,0.2510986030101776,0.341027170419693,0.5447442531585693,63.02879333496094
test/A/dark + noise/066,A,dark+noise,/root/autodl-tmp/aaa/graphrestore/artifacts/formal_mio100/graphrestore_v7_1_stage4_step040000/methods/graphrestore_v7_1_stage4_step040000/d2/dark+noise/066.png,7e355b7971a082364ed4c3a72fc48004000966db3e6a91f0a690647f750ecab9,/root/autodl-tmp/graph/data/graphrestore/raw/agenticir/extracted/HQ/066.png,a19230b326bd2fb5c26ae283f65bf0b85f39f90421056a47c7ecd6d683379aff,24.17177963256836,0.8889327766773883,0.08083664625883102,0.38448575139045715,0.5388553142547607,75.12732696533203
test/A/dark + noise/067,A,dark+noise,/root/autodl-tmp/aaa/graphrestore/artifacts/formal_mio100/graphrestore_v7_1_stage4_step040000/methods/graphrestore_v7_1_stage4_step040000/d2/dark+noise/067.png,2dfbe9192c41f9741e2ac6e1b7f3a72f0d3e8edf0cba77866df22966531cd083,/root/autodl-tmp/graph/data/graphrestore/raw/agenticir/extracted/HQ/067.png,91cd9f021a6902b7f3220c6a373cba11f3bfbe4e4984c1d6fc4be0c76acb67a0,27.681655883789062,0.8810855121679085,0.06600725650787354,0.4036961495876312,0.37958911061286926,73.81896209716797
test/A/dark + noise/068,A,dark+noise,/root/autodl-tmp/aaa/graphrestore/artifacts/formal_mio100/graphrestore_v7_1_stage4_step040000/methods/graphrestore_v7_1_stage4_step040000/d2/dark+noise/068.png,d9e52d47fe0672d5208bc05cbcd06a770a8da4705dd2c7e836f6dcaac0c682cb,/root/autodl-tmp/graph/data/graphrestore/raw/agenticir/extracted/HQ/068.png,b8187d79db16002364f6017df807e6cac41e7ee9a68413a384b1bd69eddaa638,31.38260269165039,0.9524980215829366,0.0270547978579998,0.4946480393409729,0.45133548974990845,76.59664154052734
test/A/dark + noise/069,A,dark+noise,/root/autodl-tmp/aaa/graphrestore/artifacts/formal_mio100/graphrestore_v7_1_stage4_step040000/methods/graphrestore_v7_1_stage4_step040000/d2/dark+noise/069.png,cbb8740d7b5c656c57fe4126e0739a949f4cfaea3161c202e7a1630e9aeb9ac4,/root/autodl-tmp/graph/data/graphrestore/raw/agenticir/extracted/HQ/069.png,abb08be58f50075e5e6b1de44ddfe61c30ebb34882e9d72681edd73a5cdbb156,27.57757568359375,0.7875187216548002,0.21984195709228516,0.27872711420059204,0.6115688681602478,72.82527160644531
test/A/dark + noise/070,A,dark+noise,/root/autodl-tmp/aaa/graphrestore/artifacts/formal_mio100/graphrestore_v7_1_stage4_step040000/methods/graphrestore_v7_1_stage4_step040000/d2/dark+noise/070.png,68f9d7f9cc88e880e45e1058fc42ebdf723f32688bed24ef717f045ed237f248,/root/autodl-tmp/graph/data/graphrestore/raw/agenticir/extracted/HQ/070.png,718ae2570e431003fb32f2a40e19f813545164ace18230ac03f9ec96b2747f85,29.112140655517578,0.90101450460442,0.11685395240783691,0.22877977788448334,0.4082880914211273,50.538726806640625
test/A/dark + noise/073,A,dark+noise,/root/autodl-tmp/aaa/graphrestore/artifacts/formal_mio100/graphrestore_v7_1_stage4_step040000/methods/graphrestore_v7_1_stage4_step040000/d2/dark+noise/073.png,91f77f3af5cec3584d0fae6056838de5ea2c1a862d20da4d176ec8c5e54e7eac,/root/autodl-tmp/graph/data/graphrestore/raw/agenticir/extracted/HQ/073.png,e4a8516954bfb4b79f2fc6194b6b4a8ed63250e14fe7ce0b6f6d77c922f84730,20.82352638244629,0.8128290826982483,0.191156268119812,0.24178926646709442,0.5617160797119141,67.19344329833984
test/A/dark + noise/074,A,dark+noise,/root/autodl-tmp/aaa/graphrestore/artifacts/formal_mio100/graphrestore_v7_1_stage4_step040000/methods/graphrestore_v7_1_stage4_step040000/d2/dark+noise/074.png,a4b3b56a83e1692c22027ece3bf130a6f343220063d50d54ac2c971feb2c97e4,/root/autodl-tmp/graph/data/graphrestore/raw/agenticir/extracted/HQ/074.png,cfa80e9825a34173ab0d1810b1b63bf645aa1b6b743966a77d7d03463319fd8e,24.16764259338379,0.8556786100264213,0.16243156790733337,0.2290087193250656,0.5629438757896423,54.82661437988281
test/A/dark + noise/075,A,dark+noise,/root/autodl-tmp/aaa/graphrestore/artifacts/formal_mio100/graphrestore_v7_1_stage4_step040000/methods/graphrestore_v7_1_stage4_step040000/d2/dark+noise/075.png,37fe01fb3b15f36f40c99df3b0dfec3eb3827cbc658928d74765884ce76fb41a,/root/autodl-tmp/graph/data/graphrestore/raw/agenticir/extracted/HQ/075.png,637e76a0398c825f3214d13b10485f7c180dc359b838ade377382c22c8f6b788,27.632465362548828,0.8783473147066504,0.09002944827079773,0.3237289786338806,0.48713764548301697,71.72356414794922
test/A/dark + noise/076,A,dark+noise,/root/autodl-tmp/aaa/graphrestore/artifacts/formal_mio100/graphrestore_v7_1_stage4_step040000/methods/graphrestore_v7_1_stage4_step040000/d2/dark+noise/076.png,ed335c7765ee0b17cea6bbbac5e97c614ef9c3ef420bb4c8137354adec7cb8f8,/root/autodl-tmp/graph/data/graphrestore/raw/agenticir/extracted/HQ/076.png,28f7193b83d2979c14a7c73e95657ce02a2cc902196495bea289e190f48cecae,16.636064529418945,0.6416892397723281,0.21137994527816772,0.23282630741596222,0.4516076147556305,55.261871337890625
test/A/dark + noise/077,A,dark+noise,/root/autodl-tmp/aaa/graphrestore/artifacts/formal_mio100/graphrestore_v7_1_stage4_step040000/methods/graphrestore_v7_1_stage4_step040000/d2/dark+noise/077.png,bdb0cc77f57d1ffc2ae07fb95b5672cd0292c8ee9a3d033938f615856d1c47b7,/root/autodl-tmp/graph/data/graphrestore/raw/agenticir/extracted/HQ/077.png,6d0b3c0c4255ee2de7c3c275c114eb531248c06fce157913f4e69dacd492cc91,29.891374588012695,0.9192141445241616,0.10282408446073532,0.2630535364151001,0.3644716739654541,63.42427444458008
test/A/dark + noise/078,A,dark+noise,/root/autodl-tmp/aaa/graphrestore/artifacts/formal_mio100/graphrestore_v7_1_stage4_step040000/methods/graphrestore_v7_1_stage4_step040000/d2/dark+noise/078.png,34cb2cccd6e11c3b993fe8ecfc4ab236fb532015f330369582b0f869bd0c6a20,/root/autodl-tmp/graph/data/graphrestore/raw/agenticir/extracted/HQ/078.png,ae84b8b3592a0f623d5bd2c5791b049e6fd87155614fbbad37f1ac00a2cfa870,28.67667007446289,0.8297474171446331,0.12736505270004272,0.3563951849937439,0.4953080713748932,74.1165771484375
test/A/dark + noise/079,A,dark+noise,/root/autodl-tmp/aaa/graphrestore/artifacts/formal_mio100/graphrestore_v7_1_stage4_step040000/methods/graphrestore_v7_1_stage4_step040000/d2/dark+noise/079.png,ff228fcd25d7466f2ee04a11f78a16ce7e8c82608e10880e6b878788236829cb,/root/autodl-tmp/graph/data/graphrestore/raw/agenticir/extracted/HQ/079.png,166cde30b17743be2ca3fb2c29004e0b38b126bfa1d8d5f41013c23eb248aad5,29.281707763671875,0.887735797350415,0.1047416552901268,0.40701809525489807,0.6483769416809082,71.37330627441406
test/A/dark + noise/080,A,dark+noise,/root/autodl-tmp/aaa/graphrestore/artifacts/formal_mio100/graphrestore_v7_1_stage4_step040000/methods/graphrestore_v7_1_stage4_step040000/d2/dark+noise/080.png,c4fadf3eab7bc3a414709b46551e903f8c38737f185ef97f717352aaa633463f,/root/autodl-tmp/graph/data/graphrestore/raw/agenticir/extracted/HQ/080.png,b208599722bce230536ae4db62272e883a7714d4bfca7d73e1361da3b2ca9225,29.565248489379883,0.8740872385844168,0.14567331969738007,0.2293403148651123,0.4117164611816406,60.204994201660156
test/A/dark + noise/083,A,dark+noise,/root/autodl-tmp/aaa/graphrestore/artifacts/formal_mio100/graphrestore_v7_1_stage4_step040000/methods/graphrestore_v7_1_stage4_step040000/d2/dark+noise/083.png,b668c0b8675a1b4cfbe342eeffd752251e6647c8599a0d3c5155e8544e51a35e,/root/autodl-tmp/graph/data/graphrestore/raw/agenticir/extracted/HQ/083.png,4772b8d475dfc90626760cea35452db0ee8dfdd89f7cd8def57f8b4d74ecef44,22.472640991210938,0.7543355706261762,0.2595839500427246,0.29684120416641235,0.48844337463378906,62.37921142578125
test/A/dark + noise/084,A,dark+noise,/root/autodl-tmp/aaa/graphrestore/artifacts/formal_mio100/graphrestore_v7_1_stage4_step040000/methods/graphrestore_v7_1_stage4_step040000/d2/dark+noise/084.png,b8a667882ef639c7c61f763722adff87852a830b1cee6d4a44ebea16acea893d,/root/autodl-tmp/graph/data/graphrestore/raw/agenticir/extracted/HQ/084.png,1bc34c4607ba66d84248fe8e7d5e30546ae13841542d8b1cb9146f2a2485df64,24.914100646972656,0.9150740970276119,0.20022261142730713,0.2509687542915344,0.5413584113121033,47.00453186035156
test/A/dark + noise/085,A,dark+noise,/root/autodl-tmp/aaa/graphrestore/artifacts/formal_mio100/graphrestore_v7_1_stage4_step040000/methods/graphrestore_v7_1_stage4_step040000/d2/dark+noise/085.png,33cf5ccbff84f807f0aa7018c4c34e96a2dc51f6240ae2d38c509872a54f764f,/root/autodl-tmp/graph/data/graphrestore/raw/agenticir/extracted/HQ/085.png,6174b7cb004afd2a578ec1950d92b99c41115b5a6bf70a511f19156c62bd5274,27.126216888427734,0.9071328005131566,0.11673222482204437,0.184955894947052,0.4081498682498932,50.864013671875
test/A/dark + noise/086,A,dark+noise,/root/autodl-tmp/aaa/graphrestore/artifacts/formal_mio100/graphrestore_v7_1_stage4_step040000/methods/graphrestore_v7_1_stage4_step040000/d2/dark+noise/086.png,3a998182aa3d6b3091d6d1d4021a4d9099ee15c60122ca1e341107dab0aa85ea,/root/autodl-tmp/graph/data/graphrestore/raw/agenticir/extracted/HQ/086.png,68a629299aaf0e4d70065c504c9b3e397721fa17a25c2585446914aa5c7bafb5,27.323715209960938,0.9206846370323093,0.09227687120437622,0.4158121347427368,0.7112309336662292,70.35369873046875
test/A/dark + noise/087,A,dark+noise,/root/autodl-tmp/aaa/graphrestore/artifacts/formal_mio100/graphrestore_v7_1_stage4_step040000/methods/graphrestore_v7_1_stage4_step040000/d2/dark+noise/087.png,c06c15c6a7825ed93cfb0986953968baea8fb99178d1c619f545d42b6a4fe552,/root/autodl-tmp/graph/data/graphrestore/raw/agenticir/extracted/HQ/087.png,059a862de1498fc3b783bcfcce8fad399573aa912bb6638bbd3d43d23b88cdc6,22.44478416442871,0.8493111028965613,0.10854417085647583,0.3251035213470459,0.7139108777046204,67.10796356201172
test/A/dark + noise/088,A,dark+noise,/root/autodl-tmp/aaa/graphrestore/artifacts/formal_mio100/graphrestore_v7_1_stage4_step040000/methods/graphrestore_v7_1_stage4_step040000/d2/dark+noise/088.png,f72f38b69798579b0980568bcd6b121e358fee7eae95dfa858ef6064f1b81915,/root/autodl-tmp/graph/data/graphrestore/raw/agenticir/extracted/HQ/088.png,e76841066e027bd2a2fa101a4598c597d4891a7c535e3cc3195b7afcc249d7ae,22.11104393005371,0.8451482319898704,0.21602512896060944,0.1567772775888443,0.29958102107048035,38.06671142578125
test/A/dark + noise/089,A,dark+noise,/root/autodl-tmp/aaa/graphrestore/artifacts/formal_mio100/graphrestore_v7_1_stage4_step040000/methods/graphrestore_v7_1_stage4_step040000/d2/dark+noise/089.png,8aac5e88840963f0fc6da0cd4b73e6bda6b388a0b53ea15d50d09df5087015b5,/root/autodl-tmp/graph/data/graphrestore/raw/agenticir/extracted/HQ/089.png,046e493440ea7499fe07cec3853e6e170225ce6cdc903aac14730fa6b9bf36ab,26.16278839111328,0.8468772427214983,0.15383858978748322,0.35220611095428467,0.6283192038536072,62.9189338684082
test/A/dark + noise/090,A,dark+noise,/root/autodl-tmp/aaa/graphrestore/artifacts/formal_mio100/graphrestore_v7_1_stage4_step040000/methods/graphrestore_v7_1_stage4_step040000/d2/dark+noise/090.png,dc28a1e14dd0532f63081908802e1dfc205c9adaa663fbb9f9a2479811561366,/root/autodl-tmp/graph/data/graphrestore/raw/agenticir/extracted/HQ/090.png,830f74b8389bfef595e56e910efc49cf4246f6f7bd552ea8c45d071a0113053c,24.430341720581055,0.8855581979967715,0.10313695669174194,0.344399631023407,0.4148554801940918,66.79396057128906
test/A/dark + noise/093,A,dark+noise,/root/autodl-tmp/aaa/graphrestore/artifacts/formal_mio100/graphrestore_v7_1_stage4_step040000/methods/graphrestore_v7_1_stage4_step040000/d2/dark+noise/093.png,19b2bdd9adb321c8dd21a195c507fb5a996c21af3cd954532b62ab5e1cb54607,/root/autodl-tmp/graph/data/graphrestore/raw/agenticir/extracted/HQ/093.png,b9ef1df7a3be70176f064c2568ea12d8cd9c9c54b3e8fd72bca53d170eaf06f2,27.63064956665039,0.9407794659063201,0.06919316947460175,0.4805237948894501,0.5668690800666809,73.08641815185547
test/A/dark + noise/094,A,dark+noise,/root/autodl-tmp/aaa/graphrestore/artifacts/formal_mio100/graphrestore_v7_1_stage4_step040000/methods/graphrestore_v7_1_stage4_step040000/d2/dark+noise/094.png,401d49f558ec1cd93e6274ae6adb0341792be8c2a2895c9870b67a920b59d298,/root/autodl-tmp/graph/data/graphrestore/raw/agenticir/extracted/HQ/094.png,45dab31fa407b6793844322a5e147cdfedc3bfa449cd28fc9605f41dba80966d,19.512754440307617,0.864110044951242,0.08545836061239243,0.47732871770858765,0.5825827717781067,67.19026947021484
test/A/dark + noise/095,A,dark+noise,/root/autodl-tmp/aaa/graphrestore/artifacts/formal_mio100/graphrestore_v7_1_stage4_step040000/methods/graphrestore_v7_1_stage4_step040000/d2/dark+noise/095.png,4293b085fe75b1ff37aa467736f0e5712c7d9abd9e886d8e65060e33938951fe,/root/autodl-tmp/graph/data/graphrestore/raw/agenticir/extracted/HQ/095.png,2f04f8c811593049180a1c6bdcf5d723d3c2f6443ba518c407e4976d7a6b2637,27.633771896362305,0.9398562052843601,0.030321277678012848,0.557895839214325,0.3998001217842102,65.6355209350586
test/A/dark + noise/096,A,dark+noise,/root/autodl-tmp/aaa/graphrestore/artifacts/formal_mio100/graphrestore_v7_1_stage4_step040000/methods/graphrestore_v7_1_stage4_step040000/d2/dark+noise/096.png,41387308de802b9b5b96cffae145795659c596b927f83e7f18d2ff27b964f14a,/root/autodl-tmp/graph/data/graphrestore/raw/agenticir/extracted/HQ/096.png,3ac9dbd626f9e294ae10a8ab11a34f6c0132ed355627d25ce3f8790f701fae29,25.841381072998047,0.9087380529598704,0.09188190847635269,0.38313719630241394,0.6382606029510498,73.35970306396484
test/A/dark + noise/097,A,dark+noise,/root/autodl-tmp/aaa/graphrestore/artifacts/formal_mio100/graphrestore_v7_1_stage4_step040000/methods/graphrestore_v7_1_stage4_step040000/d2/dark+noise/097.png,cffe4eabc36d8267d355549292a89393f1b34381569f3e0a835bde6be39a19ca,/root/autodl-tmp/graph/data/graphrestore/raw/agenticir/extracted/HQ/097.png,9b6c3c0d294f54e89b51656b0163aa8d0715dd7904848721ea76c07ccf737d2e,25.28522491455078,0.8924136360037521,0.0776180848479271,0.40929582715034485,0.7341000437736511,70.6986312866211
test/A/dark + noise/098,A,dark+noise,/root/autodl-tmp/aaa/graphrestore/artifacts/formal_mio100/graphrestore_v7_1_stage4_step040000/methods/graphrestore_v7_1_stage4_step040000/d2/dark+noise/098.png,88bdff07dfc739e23da4933da373755c061a984af0d525117a77f61601323edc,/root/autodl-tmp/graph/data/graphrestore/raw/agenticir/extracted/HQ/098.png,f0574e5262ab9942e66006e0df3aab8738de997489badc302e131ae74299181f,30.295602798461914,0.9430630753602474,0.04747310280799866,0.4357266426086426,0.4931112825870514,70.26587677001953
test/A/dark + noise/099,A,dark+noise,/root/autodl-tmp/aaa/graphrestore/artifacts/formal_mio100/graphrestore_v7_1_stage4_step040000/methods/graphrestore_v7_1_stage4_step040000/d2/dark+noise/099.png,d3d4a18cef2b75b8421c671b5ff9f31620986bd3b57c6a7a436fa9fe75a55a15,/root/autodl-tmp/graph/data/graphrestore/raw/agenticir/extracted/HQ/099.png,15ddff6cab9869d7fe8a7cb6fd328b436bbfa9b089e6adcbba7a5048e4c97f8b,28.060815811157227,0.8974098871327318,0.1337406039237976,0.41551539301872253,0.44689199328422546,69.13859558105469
test/A/dark + noise/100,A,dark+noise,/root/autodl-tmp/aaa/graphrestore/artifacts/formal_mio100/graphrestore_v7_1_stage4_step040000/methods/graphrestore_v7_1_stage4_step040000/d2/dark+noise/100.png,323be1d9c33dd399e9bba49950de69a14c9e656087c72b8fdd49710fa78e5320,/root/autodl-tmp/graph/data/graphrestore/raw/agenticir/extracted/HQ/100.png,b7f5d60dbb3e7047b9c62efc7d61db97052a2cde687d3fae367a14a6793a0c40,26.047765731811523,0.8431958540258705,0.11915789544582367,0.3683275580406189,0.47469931840896606,70.33113098144531
test/A/defocus blur + jpeg compression artifact/003,A,defocus blur+jpeg compression artifact,/root/autodl-tmp/aaa/graphrestore/artifacts/formal_mio100/graphrestore_v7_1_stage4_step040000/methods/graphrestore_v7_1_stage4_step040000/d2/defocus blur+jpeg compression artifact/003.png,3fae0d2b079ab97a2c3c66ef6404a530723019c5bfa732d1137f792192b091c7,/root/autodl-tmp/graph/data/graphrestore/raw/agenticir/extracted/HQ/003.png,c2a2513992db412a7160dfa2f82535dccaa188db91df80ee6ed5b0dd5c5d2d1a,26.258358001708984,0.7560459453524598,0.29167377948760986,0.33304160833358765,0.4109235405921936,64.54593658447266
test/A/defocus blur + jpeg compression artifact/004,A,defocus blur+jpeg compression artifact,/root/autodl-tmp/aaa/graphrestore/artifacts/formal_mio100/graphrestore_v7_1_stage4_step040000/methods/graphrestore_v7_1_stage4_step040000/d2/defocus blur+jpeg compression artifact/004.png,6aaea93148348b488c58e0dfc7ab3070231fd97770c630cdf02bf96ad9bd4ec9,/root/autodl-tmp/graph/data/graphrestore/raw/agenticir/extracted/HQ/004.png,f1ad3f60cd8e680739263535ab1620a2490f3bc0c65a9355a965c7dff9be1fed,27.354650497436523,0.7891312878406975,0.3537467122077942,0.20545336604118347,0.27946439385414124,60.960792541503906
test/A/defocus blur + jpeg compression artifact/005,A,defocus blur+jpeg compression artifact,/root/autodl-tmp/aaa/graphrestore/artifacts/formal_mio100/graphrestore_v7_1_stage4_step040000/methods/graphrestore_v7_1_stage4_step040000/d2/defocus blur+jpeg compression artifact/005.png,53c5abe9abd345a4a5cc8d566143920d2e681ccbb52f303fdd8ec5cc3170c94b,/root/autodl-tmp/graph/data/graphrestore/raw/agenticir/extracted/HQ/005.png,1d8eb1ef9c1817c087956135efa85be686e7169ef11eb532c768d32d7267a0ff,20.50334930419922,0.5449594318992835,0.36557066440582275,0.22277098894119263,0.4068640172481537,60.344696044921875
test/A/defocus blur + jpeg compression artifact/006,A,defocus blur+jpeg compression artifact,/root/autodl-tmp/aaa/graphrestore/artifacts/formal_mio100/graphrestore_v7_1_stage4_step040000/methods/graphrestore_v7_1_stage4_step040000/d2/defocus blur+jpeg compression artifact/006.png,2ea39388a8ae6505827dcb44ebcf5e3219d7336bc087977f8489b5668b880c65,/root/autodl-tmp/graph/data/graphrestore/raw/agenticir/extracted/HQ/006.png,f62feddd2f379d039dd1effe18b6368c79a6fe31fb8177f797c9f230eb8e1211,27.962162017822266,0.709248845784562,0.5117143988609314,0.14562632143497467,0.17358331382274628,38.520748138427734
test/A/defocus blur + jpeg compression artifact/007,A,defocus blur+jpeg compression artifact,/root/autodl-tmp/aaa/graphrestore/artifacts/formal_mio100/graphrestore_v7_1_stage4_step040000/methods/graphrestore_v7_1_stage4_step040000/d2/defocus blur+jpeg compression artifact/007.png,cb467ff88aac9fa7f909c76333362f83c1158e514881e23d13c0e7271ef3c59d,/root/autodl-tmp/graph/data/graphrestore/raw/agenticir/extracted/HQ/007.png,b876f087d5f42a9350f28383ff2df22156b6bbba702809d134b7713d9430881c,24.83481216430664,0.6330819441862301,0.4793632924556732,0.19057871401309967,0.25490978360176086,53.5065803527832
test/A/defocus blur + jpeg compression artifact/008,A,defocus blur+jpeg compression artifact,/root/autodl-tmp/aaa/graphrestore/artifacts/formal_mio100/graphrestore_v7_1_stage4_step040000/methods/graphrestore_v7_1_stage4_step040000/d2/defocus blur+jpeg compression artifact/008.png,954ff65a7bb28c43cc0ca39b6e628d8095330fa1a1c2b4fa10ca41b32efb9114,/root/autodl-tmp/graph/data/graphrestore/raw/agenticir/extracted/HQ/008.png,4efb8dbbd2ba5090b7b951a456ec5ed27a5d61360ab95cb1c5a9366f2868cb94,26.150367736816406,0.6812207445131195,0.4875781536102295,0.14708024263381958,0.21801748871803284,30.963266372680664
test/A/defocus blur + jpeg compression artifact/009,A,defocus blur+jpeg compression artifact,/root/autodl-tmp/aaa/graphrestore/artifacts/formal_mio100/graphrestore_v7_1_stage4_step040000/methods/graphrestore_v7_1_stage4_step040000/d2/defocus blur+jpeg compression artifact/009.png,86a398dafc6f6730aca486f992478003e905220ce8692e7500d3a3e2ea1b4aca,/root/autodl-tmp/graph/data/graphrestore/raw/agenticir/extracted/HQ/009.png,5b779ac0fbe5d1e4d4126fd2864493dcc2ecdbde374ede7e29a054b2a9cb4f21,35.76683044433594,0.9514000910720248,0.2392168790102005,0.2091909646987915,0.2351289540529251,43.564903259277344
test/A/defocus blur + jpeg compression artifact/010,A,defocus blur+jpeg compression artifact,/root/autodl-tmp/aaa/graphrestore/artifacts/formal_mio100/graphrestore_v7_1_stage4_step040000/methods/graphrestore_v7_1_stage4_step040000/d2/defocus blur+jpeg compression artifact/010.png,38f5d5bc0d0224e816105d1f4475f394031a12926711af5f857dcba3f046b5ea,/root/autodl-tmp/graph/data/graphrestore/raw/agenticir/extracted/HQ/010.png,327492996d853f5c8873b435f98a91afd07db64567545baa61c9f4f64f717a0d,21.163307189941406,0.6192657767695585,0.4519996643066406,0.1834755390882492,0.37099793553352356,54.546287536621094
test/A/defocus blur + jpeg compression artifact/013,A,defocus blur+jpeg compression artifact,/root/autodl-tmp/aaa/graphrestore/artifacts/formal_mio100/graphrestore_v7_1_stage4_step040000/methods/graphrestore_v7_1_stage4_step040000/d2/defocus blur+jpeg compression artifact/013.png,ca404c75bf8e4779ee113ab62138f5b8ba42760ff7e807daf161ca47f771d306,/root/autodl-tmp/graph/data/graphrestore/raw/agenticir/extracted/HQ/013.png,afe18305499bd0b8318392e8f34ede33aafb5a0df2371075fe9f30a1c81a75eb,21.227794647216797,0.5506461146427165,0.4627859592437744,0.3277621269226074,0.3445100486278534,51.13855743408203
test/A/defocus blur + jpeg compression artifact/014,A,defocus blur+jpeg compression artifact,/root/autodl-tmp/aaa/graphrestore/artifacts/formal_mio100/graphrestore_v7_1_stage4_step040000/methods/graphrestore_v7_1_stage4_step040000/d2/defocus blur+jpeg compression artifact/014.png,796267084816883bcb2bd815b33558cf09a29efe0be11ab1ae137e95a2b6787c,/root/autodl-tmp/graph/data/graphrestore/raw/agenticir/extracted/HQ/014.png,2d569d9b923a96b1542c0b845dce0c7657794eba9f6f22ae5d02f335ef1bc4a0,26.702533721923828,0.8401542057775875,0.20261460542678833,0.27619433403015137,0.43526312708854675,47.984195709228516
test/A/defocus blur + jpeg compression artifact/015,A,defocus blur+jpeg compression artifact,/root/autodl-tmp/aaa/graphrestore/artifacts/formal_mio100/graphrestore_v7_1_stage4_step040000/methods/graphrestore_v7_1_stage4_step040000/d2/defocus blur+jpeg compression artifact/015.png,99da915dce01d2187bd115400864bcac92ebc4dd39fd15667c3a70e9f595a287,/root/autodl-tmp/graph/data/graphrestore/raw/agenticir/extracted/HQ/015.png,286adb5a1c45ee88f14e1b16e3af420910584bf5ebdd72c40cf75317559c731f,21.424596786499023,0.7114494466146771,0.2879003882408142,0.36772552132606506,0.4233825206756592,51.12245178222656
test/A/defocus blur + jpeg compression artifact/016,A,defocus blur+jpeg compression artifact,/root/autodl-tmp/aaa/graphrestore/artifacts/formal_mio100/graphrestore_v7_1_stage4_step040000/methods/graphrestore_v7_1_stage4_step040000/d2/defocus blur+jpeg compression artifact/016.png,14866db5dd709a361ce0b9e192f791ae099048487b90c0fee0917fffc6e115db,/root/autodl-tmp/graph/data/graphrestore/raw/agenticir/extracted/HQ/016.png,ddc71b4b9bd2a57cabf985c7743b8ff7083a0d9205008603edb440ba27da9313,20.22869110107422,0.5720887210727916,0.43228915333747864,0.2079819142818451,0.2990137040615082,50.429359436035156
test/A/defocus blur + jpeg compression artifact/017,A,defocus blur+jpeg compression artifact,/root/autodl-tmp/aaa/graphrestore/artifacts/formal_mio100/graphrestore_v7_1_stage4_step040000/methods/graphrestore_v7_1_stage4_step040000/d2/defocus blur+jpeg compression artifact/017.png,7b87fd36f4696d296c2d2cee087d842c70c0ba70a2e4f13ecce527ddb5d17829,/root/autodl-tmp/graph/data/graphrestore/raw/agenticir/extracted/HQ/017.png,ab3ab0c03c2d8c9c0befbcad219fae23c9795fdf99d664630f4f4febbd02c519,26.530986785888672,0.8219039278923184,0.2319510579109192,0.3429683446884155,0.4259258806705475,54.41435623168945
test/A/defocus blur + jpeg compression artifact/018,A,defocus blur+jpeg compression artifact,/root/autodl-tmp/aaa/graphrestore/artifacts/formal_mio100/graphrestore_v7_1_stage4_step040000/methods/graphrestore_v7_1_stage4_step040000/d2/defocus blur+jpeg compression artifact/018.png,3b54e1d63b627a13ff2b26b3833396d93fce81e7f8d5c446941184d6a3a5ef78,/root/autodl-tmp/graph/data/graphrestore/raw/agenticir/extracted/HQ/018.png,66db8e4aeb78f506ae4415572eb910726c3f16ede70138093ab4eced187b8df1,18.287864685058594,0.3725516240240369,0.6764322519302368,0.1765751987695694,0.24324975907802582,41.72825241088867
test/A/defocus blur + jpeg compression artifact/019,A,defocus blur+jpeg compression artifact,/root/autodl-tmp/aaa/graphrestore/artifacts/formal_mio100/graphrestore_v7_1_stage4_step040000/methods/graphrestore_v7_1_stage4_step040000/d2/defocus blur+jpeg compression artifact/019.png,40b74116b361ed8a7d1bb3775e3b1f98d136c18de4093072b72ef166740fe0a9,/root/autodl-tmp/graph/data/graphrestore/raw/agenticir/extracted/HQ/019.png,fb026cef85a4f7e64ad7c5f064ed15de1f04a7a7b6bde70b28ee78a55db21aeb,21.399995803833008,0.7147169445194061,0.35379549860954285,0.2827230989933014,0.19714652001857758,46.258148193359375
test/A/defocus blur + jpeg compression artifact/020,A,defocus blur+jpeg compression artifact,/root/autodl-tmp/aaa/graphrestore/artifacts/formal_mio100/graphrestore_v7_1_stage4_step040000/methods/graphrestore_v7_1_stage4_step040000/d2/defocus blur+jpeg compression artifact/020.png,a525ed435eb82d466acf433b5d59f0dff19d830bab4d9517886308e823d4c16b,/root/autodl-tmp/graph/data/graphrestore/raw/agenticir/extracted/HQ/020.png,daa15d9f51eab9eca70197a7f05df7873e3eab75e432b0a81fe9488be552f37a,19.47822380065918,0.6580628215055997,0.37535715103149414,0.2750662863254547,0.25401124358177185,50.365535736083984
test/A/defocus blur + jpeg compression artifact/023,A,defocus blur+jpeg compression artifact,/root/autodl-tmp/aaa/graphrestore/artifacts/formal_mio100/graphrestore_v7_1_stage4_step040000/methods/graphrestore_v7_1_stage4_step040000/d2/defocus blur+jpeg compression artifact/023.png,a30632993c3cf3f65af6a9af6ff2ae711f39cbfd123157851804492933e5247d,/root/autodl-tmp/graph/data/graphrestore/raw/agenticir/extracted/HQ/023.png,befde78eca5789c87200ca1e2ac905ba8ad5706b50af86454bd30bc857c90e02,21.269521713256836,0.6352843982198311,0.45107242465019226,0.21480898559093475,0.18466933071613312,40.3773307800293
test/A/defocus blur + jpeg compression artifact/024,A,defocus blur+jpeg compression artifact,/root/autodl-tmp/aaa/graphrestore/artifacts/formal_mio100/graphrestore_v7_1_stage4_step040000/methods/graphrestore_v7_1_stage4_step040000/d2/defocus blur+jpeg compression artifact/024.png,86fad3eb4b0aef1b5c5a6262bffaeb0a9f5b17b5b54070400547b4dcbbb40fc7,/root/autodl-tmp/graph/data/graphrestore/raw/agenticir/extracted/HQ/024.png,e51441e174dd8dc0c47872ccb4221ab3f054b716588ee0f42d58a56098bd9538,21.60595703125,0.6193797968855679,0.4535645544528961,0.13063043355941772,0.17108707129955292,42.74962615966797
test/A/defocus blur + jpeg compression artifact/025,A,defocus blur+jpeg compression artifact,/root/autodl-tmp/aaa/graphrestore/artifacts/formal_mio100/graphrestore_v7_1_stage4_step040000/methods/graphrestore_v7_1_stage4_step040000/d2/defocus blur+jpeg compression artifact/025.png,4b4e89710da723a0881860be8dd23de119a9ac2fef20c353fbbe52980841b1bc,/root/autodl-tmp/graph/data/graphrestore/raw/agenticir/extracted/HQ/025.png,f384d4a9bc3c31bc29038378f849002dc4ff2db373d852b732f5cfc24ebed244,25.317771911621094,0.5677266892077198,0.6286788582801819,0.16997210681438446,0.1983940154314041,36.767723083496094
test/A/defocus blur + jpeg compression artifact/026,A,defocus blur+jpeg compression artifact,/root/autodl-tmp/aaa/graphrestore/artifacts/formal_mio100/graphrestore_v7_1_stage4_step040000/methods/graphrestore_v7_1_stage4_step040000/d2/defocus blur+jpeg compression artifact/026.png,da8e112daedf5699b33e38604325da9ca802aaf71e7238e2ba1c89ada95bbc5e,/root/autodl-tmp/graph/data/graphrestore/raw/agenticir/extracted/HQ/026.png,cfce1d4c02a00f28988a64f63cd538c4147c3a72c147a6549d71f1105d671224,30.84588623046875,0.870881396246811,0.30701085925102234,0.21295467019081116,0.23757484555244446,43.06624221801758
test/A/defocus blur + jpeg compression artifact/027,A,defocus blur+jpeg compression artifact,/root/autodl-tmp/aaa/graphrestore/artifacts/formal_mio100/graphrestore_v7_1_stage4_step040000/methods/graphrestore_v7_1_stage4_step040000/d2/defocus blur+jpeg compression artifact/027.png,5686d4bf61ff83aa29182f4315df7bdc2ffbe123938a053dcbba004d86a1a4d5,/root/autodl-tmp/graph/data/graphrestore/raw/agenticir/extracted/HQ/027.png,d69be3d26f3d3c95ffd9de3bd8d565120e0f09fb4aa84c72ae18d8fc4f871aae,24.015493392944336,0.6316175616403709,0.5075443983078003,0.13478291034698486,0.14571315050125122,44.80207824707031
test/A/defocus blur + jpeg compression artifact/028,A,defocus blur+jpeg compression artifact,/root/autodl-tmp/aaa/graphrestore/artifacts/formal_mio100/graphrestore_v7_1_stage4_step040000/methods/graphrestore_v7_1_stage4_step040000/d2/defocus blur+jpeg compression artifact/028.png,c421ec2e1646b56fe2480e006ab3ffc6b1c2dfa124979418765b63d23cf252c3,/root/autodl-tmp/graph/data/graphrestore/raw/agenticir/extracted/HQ/028.png,181f97da79059de1a93d1a0d30f6851393282c6af8b607d83ce29ab8c9dbf771,32.53018569946289,0.8965776280115169,0.2246926724910736,0.24548742175102234,0.4279342293739319,52.20405960083008
test/A/defocus blur + jpeg compression artifact/029,A,defocus blur+jpeg compression artifact,/root/autodl-tmp/aaa/graphrestore/artifacts/formal_mio100/graphrestore_v7_1_stage4_step040000/methods/graphrestore_v7_1_stage4_step040000/d2/defocus blur+jpeg compression artifact/029.png,57cc1f660fb777a3b8e7c0b91f84ccb284741171909af44354c0738c15d96073,/root/autodl-tmp/graph/data/graphrestore/raw/agenticir/extracted/HQ/029.png,3c7f43d0544ada8d7b64d7bb197621349fa1dcdf8400fb6128afaf8787814556,25.627145767211914,0.6736643429530654,0.5730041265487671,0.13863609731197357,0.14297278225421906,29.142375946044922
test/A/defocus blur + jpeg compression artifact/030,A,defocus blur+jpeg compression artifact,/root/autodl-tmp/aaa/graphrestore/artifacts/formal_mio100/graphrestore_v7_1_stage4_step040000/methods/graphrestore_v7_1_stage4_step040000/d2/defocus blur+jpeg compression artifact/030.png,2d3bf4e0df4401b471abe6d89e991f8d387c5063212355f0f23bb6d3220daaa1,/root/autodl-tmp/graph/data/graphrestore/raw/agenticir/extracted/HQ/030.png,576b0158cf5a541dd6aaf522902400e8ba3175aacca36d9df22951f52acf3f2f,21.653318405151367,0.5977252490773334,0.48769447207450867,0.16977812349796295,0.17992465198040009,45.44136428833008
test/A/defocus blur + jpeg compression artifact/033,A,defocus blur+jpeg compression artifact,/root/autodl-tmp/aaa/graphrestore/artifacts/formal_mio100/graphrestore_v7_1_stage4_step040000/methods/graphrestore_v7_1_stage4_step040000/d2/defocus blur+jpeg compression artifact/033.png,317661034825501caa7d07619eb3262fd07f7de990ea0f84c3cca8b0d5f16633,/root/autodl-tmp/graph/data/graphrestore/raw/agenticir/extracted/HQ/033.png,9590f1419e378254c01f330c248e12e8a62792b04a27b72daf2c0afd6c41c758,21.41339111328125,0.5318753430164446,0.5823987722396851,0.17420822381973267,0.1629234105348587,41.43796920776367
test/A/defocus blur + jpeg compression artifact/034,A,defocus blur+jpeg compression artifact,/root/autodl-tmp/aaa/graphrestore/artifacts/formal_mio100/graphrestore_v7_1_stage4_step040000/methods/graphrestore_v7_1_stage4_step040000/d2/defocus blur+jpeg compression artifact/034.png,4b7e201832ecaf459ea30ba6daaa4498794ce4279492c647e3ceb15326898b5a,/root/autodl-tmp/graph/data/graphrestore/raw/agenticir/extracted/HQ/034.png,0575cc2334f8f50fcbd3d9f58173645db8764f938ee55e8899084ca2b66fd018,25.11152458190918,0.4643238996866233,0.9356784820556641,0.19624149799346924,0.22216461598873138,31.747785568237305
test/A/defocus blur + jpeg compression artifact/035,A,defocus blur+jpeg compression artifact,/root/autodl-tmp/aaa/graphrestore/artifacts/formal_mio100/graphrestore_v7_1_stage4_step040000/methods/graphrestore_v7_1_stage4_step040000/d2/defocus blur+jpeg compression artifact/035.png,382b8e887581382ef8bfb93fc506e5d6354bfc512f2bb74f61fc6ca1a7036800,/root/autodl-tmp/graph/data/graphrestore/raw/agenticir/extracted/HQ/035.png,4e230744a9cb7c3ebe976ae7267155312b876fb355283b4938b34b758aef7ff9,28.697521209716797,0.797421502165815,0.2664013206958771,0.2890177369117737,0.39683249592781067,55.35336685180664
test/A/defocus blur + jpeg compression artifact/036,A,defocus blur+jpeg compression artifact,/root/autodl-tmp/aaa/graphrestore/artifacts/formal_mio100/graphrestore_v7_1_stage4_step040000/methods/graphrestore_v7_1_stage4_step040000/d2/defocus blur+jpeg compression artifact/036.png,0d6bc6cd64c546f85d7a73492fdb8b1075ba2944c455163f7a307bc277954a27,/root/autodl-tmp/graph/data/graphrestore/raw/agenticir/extracted/HQ/036.png,409fbd0ad51be33e9e2711cb7b22cb39999eaac6e278ca1621c20300be446d76,23.445011138916016,0.6741385136984036,0.3927031457424164,0.201781764626503,0.351103276014328,39.27424621582031
test/A/defocus blur + jpeg compression artifact/037,A,defocus blur+jpeg compression artifact,/root/autodl-tmp/aaa/graphrestore/artifacts/formal_mio100/graphrestore_v7_1_stage4_step040000/methods/graphrestore_v7_1_stage4_step040000/d2/defocus blur+jpeg compression artifact/037.png,00a275fc69c01e90d8723ab98ea68d71a92ed47d2299144263e39229a832a13c,/root/autodl-tmp/graph/data/graphrestore/raw/agenticir/extracted/HQ/037.png,8f31abe11ce5d5377f131fdc788024ffb8d5cfdda501c06a64ca1fc80fab0d07,25.14265251159668,0.7275181843043752,0.4402945637702942,0.17283068597316742,0.1672382801771164,33.20214080810547
test/A/defocus blur + jpeg compression artifact/038,A,defocus blur+jpeg compression artifact,/root/autodl-tmp/aaa/graphrestore/artifacts/formal_mio100/graphrestore_v7_1_stage4_step040000/methods/graphrestore_v7_1_stage4_step040000/d2/defocus blur+jpeg compression artifact/038.png,6f301ca1f777321322d89044cdbdfadc5272660488d033acd28add2ed6341238,/root/autodl-tmp/graph/data/graphrestore/raw/agenticir/extracted/HQ/038.png,fe7df2186482ca2cc105baed74cb1da9667b3b03e1629055880b6012db131aa1,24.495769500732422,0.6020206137493982,0.5798935890197754,0.17244760692119598,0.20721636712551117,35.875267028808594
test/A/defocus blur + jpeg compression artifact/039,A,defocus blur+jpeg compression artifact,/root/autodl-tmp/aaa/graphrestore/artifacts/formal_mio100/graphrestore_v7_1_stage4_step040000/methods/graphrestore_v7_1_stage4_step040000/d2/defocus blur+jpeg compression artifact/039.png,65cd900d2b4bc2286664357e9137ef4954005be3d043a25849540e5ff5378622,/root/autodl-tmp/graph/data/graphrestore/raw/agenticir/extracted/HQ/039.png,a2038f7610363fb1916197e0557fa84b50b610d86885a2d6409f9e3aa75fbbcd,26.754833221435547,0.8933592176003224,0.35664767026901245,0.21272636950016022,0.18878912925720215,32.546142578125
test/A/defocus blur + jpeg compression artifact/040,A,defocus blur+jpeg compression artifact,/root/autodl-tmp/aaa/graphrestore/artifacts/formal_mio100/graphrestore_v7_1_stage4_step040000/methods/graphrestore_v7_1_stage4_step040000/d2/defocus blur+jpeg compression artifact/040.png,5e5238756bae0ccfe86ef7dafed56d11575acd8301b27148af1e21906beae308,/root/autodl-tmp/graph/data/graphrestore/raw/agenticir/extracted/HQ/040.png,c5a9e4bb9d84a6734bdc04c272c48c1b17b150a1e346afab2338eb0ba41f1464,25.099346160888672,0.7010342869788936,0.5525298714637756,0.1299743503332138,0.20443347096443176,35.32425308227539
test/A/defocus blur + jpeg compression artifact/043,A,defocus blur+jpeg compression artifact,/root/autodl-tmp/aaa/graphrestore/artifacts/formal_mio100/graphrestore_v7_1_stage4_step040000/methods/graphrestore_v7_1_stage4_step040000/d2/defocus blur+jpeg compression artifact/043.png,317be55003cf5acc5e3601738688e898ca7a14895ac85146fcf4607ee2e0529e,/root/autodl-tmp/graph/data/graphrestore/raw/agenticir/extracted/HQ/043.png,15880c27b3101797c4e5896dee7349ad832ac1c49fcd0c559b357f4e28296b4d,23.019920349121094,0.5390548484176925,0.5332692861557007,0.2601768374443054,0.1833491325378418,50.325653076171875
test/A/defocus blur + jpeg compression artifact/044,A,defocus blur+jpeg compression artifact,/root/autodl-tmp/aaa/graphrestore/artifacts/formal_mio100/graphrestore_v7_1_stage4_step040000/methods/graphrestore_v7_1_stage4_step040000/d2/defocus blur+jpeg compression artifact/044.png,10f7542ae02bb8867a5a06251b9fc712c9157a63b266d809abe059a035809a7e,/root/autodl-tmp/graph/data/graphrestore/raw/agenticir/extracted/HQ/044.png,0645011c1dc3777ab263df617d1747b902c2d321de6f939549cfbe43eabc9245,27.819602966308594,0.7267832190852014,0.4829806089401245,0.24408438801765442,0.3214174211025238,46.660247802734375
test/A/defocus blur + jpeg compression artifact/045,A,defocus blur+jpeg compression artifact,/root/autodl-tmp/aaa/graphrestore/artifacts/formal_mio100/graphrestore_v7_1_stage4_step040000/methods/graphrestore_v7_1_stage4_step040000/d2/defocus blur+jpeg compression artifact/045.png,c6f85d1fcf0401d252c614fc9606401b977d556f46df75a0fa76e710cd127cd1,/root/autodl-tmp/graph/data/graphrestore/raw/agenticir/extracted/HQ/045.png,d3e352c98c1fe9df1181c1e362bb9c3ba3a1d077456198796083821dab20d1fc,24.514156341552734,0.612835661137723,0.576343834400177,0.3469015657901764,0.25929346680641174,47.37579345703125
test/A/defocus blur + jpeg compression artifact/046,A,defocus blur+jpeg compression artifact,/root/autodl-tmp/aaa/graphrestore/artifacts/formal_mio100/graphrestore_v7_1_stage4_step040000/methods/graphrestore_v7_1_stage4_step040000/d2/defocus blur+jpeg compression artifact/046.png,7fcbf5357b037541875c88f55339a25dbf4a8760415b53ff4e5565dac3c7a01f,/root/autodl-tmp/graph/data/graphrestore/raw/agenticir/extracted/HQ/046.png,af4b21bf96515f2ff4f97a4990856b43ae02a1d8f39909428228a2612b5f936f,19.748924255371094,0.34806017289023405,0.7212820053100586,0.27233460545539856,0.24493932723999023,44.87360763549805
test/A/defocus blur + jpeg compression artifact/047,A,defocus blur+jpeg compression artifact,/root/autodl-tmp/aaa/graphrestore/artifacts/formal_mio100/graphrestore_v7_1_stage4_step040000/methods/graphrestore_v7_1_stage4_step040000/d2/defocus blur+jpeg compression artifact/047.png,1a388681dd4beb333b0475fb64990ba647ce933211bb44445662988af5a412ac,/root/autodl-tmp/graph/data/graphrestore/raw/agenticir/extracted/HQ/047.png,8ecf454f7d68ca4ebf19b2b4a22275d3bb344666e4e483fda2c8cb84d5ff94db,22.489192962646484,0.5111256882299784,0.527575671672821,0.20765066146850586,0.16623209416866302,40.49169921875
test/A/defocus blur + jpeg compression artifact/048,A,defocus blur+jpeg compression artifact,/root/autodl-tmp/aaa/graphrestore/artifacts/formal_mio100/graphrestore_v7_1_stage4_step040000/methods/graphrestore_v7_1_stage4_step040000/d2/defocus blur+jpeg compression artifact/048.png,b4980175361892bd78f25cd90248a0c03276124b8de52d68825fdd314ee179d2,/root/autodl-tmp/graph/data/graphrestore/raw/agenticir/extracted/HQ/048.png,b74e449ab10a96799f5e791f68de34dcfaf90a4befdb242cee372f6743841606,20.92841911315918,0.4091043848278152,0.5865965485572815,0.25725385546684265,0.362419456243515,41.531494140625
test/A/defocus blur + jpeg compression artifact/049,A,defocus blur+jpeg compression artifact,/root/autodl-tmp/aaa/graphrestore/artifacts/formal_mio100/graphrestore_v7_1_stage4_step040000/methods/graphrestore_v7_1_stage4_step040000/d2/defocus blur+jpeg compression artifact/049.png,fb9f471953ef53c025dee3d646caa1d1145717a33ca0042ed02c00f686ef3360,/root/autodl-tmp/graph/data/graphrestore/raw/agenticir/extracted/HQ/049.png,bdd8f4cec02d5659a12541bb32718429d397d6be195679045764e31574c4f226,20.749000549316406,0.49506891860285634,0.6847094893455505,0.32518863677978516,0.14543166756629944,42.89601135253906
test/A/defocus blur + jpeg compression artifact/050,A,defocus blur+jpeg compression artifact,/root/autodl-tmp/aaa/graphrestore/artifacts/formal_mio100/graphrestore_v7_1_stage4_step040000/methods/graphrestore_v7_1_stage4_step040000/d2/defocus blur+jpeg compression artifact/050.png,f39f593026c854c9bb97145e259455b2c2565d76dcad381a24357357b3e6be92,/root/autodl-tmp/graph/data/graphrestore/raw/agenticir/extracted/HQ/050.png,c4cfbc77b28b145af37ea26b0b501d69633ebdedd3ce9a90d5760063ee95f492,19.993026733398438,0.4682893049950045,0.578425407409668,0.27387383580207825,0.28704988956451416,47.69063186645508
test/A/defocus blur + jpeg compression artifact/053,A,defocus blur+jpeg compression artifact,/root/autodl-tmp/aaa/graphrestore/artifacts/formal_mio100/graphrestore_v7_1_stage4_step040000/methods/graphrestore_v7_1_stage4_step040000/d2/defocus blur+jpeg compression artifact/053.png,73157f2bbb41f3becf520d7b2f855b3a8a959d5cfbce25217f901a531d9657cd,/root/autodl-tmp/graph/data/graphrestore/raw/agenticir/extracted/HQ/053.png,6b1f2208c72adcd28d96a15d538bbfbe27cb5a21be416b6f30fa836b12ac867d,33.47151565551758,0.9183324326128884,0.2449815571308136,0.2503252625465393,0.3327465355396271,59.38540267944336
test/A/defocus blur + jpeg compression artifact/054,A,defocus blur+jpeg compression artifact,/root/autodl-tmp/aaa/graphrestore/artifacts/formal_mio100/graphrestore_v7_1_stage4_step040000/methods/graphrestore_v7_1_stage4_step040000/d2/defocus blur+jpeg compression artifact/054.png,799bc27c1c6619de5c26522f2763165bfbef9e5e305ad8d795fc85fff3a0a00b,/root/autodl-tmp/graph/data/graphrestore/raw/agenticir/extracted/HQ/054.png,699ffde2d8d110e52811d39e5b9d745965d4211dd2312f453ce367f1bc0e66f5,31.181434631347656,0.8632513173944947,0.4287729561328888,0.2113899141550064,0.3159710764884949,49.5935173034668
test/A/defocus blur + jpeg compression artifact/055,A,defocus blur+jpeg compression artifact,/root/autodl-tmp/aaa/graphrestore/artifacts/formal_mio100/graphrestore_v7_1_stage4_step040000/methods/graphrestore_v7_1_stage4_step040000/d2/defocus blur+jpeg compression artifact/055.png,e4f68471e40c257efa25c2efd948b9ce9c2983f31d523be8a3c981a4298eeddb,/root/autodl-tmp/graph/data/graphrestore/raw/agenticir/extracted/HQ/055.png,5a59c6f9051a70f1c3ad8e9550b2a21322ef8ad71bd70085fb2330f6f6da3948,35.28541946411133,0.9014126298022654,0.2952333390712738,0.23831908404827118,0.3442254960536957,57.06897735595703
test/A/defocus blur + jpeg compression artifact/056,A,defocus blur+jpeg compression artifact,/root/autodl-tmp/aaa/graphrestore/artifacts/formal_mio100/graphrestore_v7_1_stage4_step040000/methods/graphrestore_v7_1_stage4_step040000/d2/defocus blur+jpeg compression artifact/056.png,bcf97ecd8a6b938ed41fac79cf720a7900c0856616771de5b286de24d8b260eb,/root/autodl-tmp/graph/data/graphrestore/raw/agenticir/extracted/HQ/056.png,c5f28866f72e2d370875385eb6575124b0735f8f927fae1c07ff7151e200c956,30.86481475830078,0.8608468402450368,0.2917391061782837,0.2920917272567749,0.42108210921287537,60.69461441040039
test/A/defocus blur + jpeg compression artifact/057,A,defocus blur+jpeg compression artifact,/root/autodl-tmp/aaa/graphrestore/artifacts/formal_mio100/graphrestore_v7_1_stage4_step040000/methods/graphrestore_v7_1_stage4_step040000/d2/defocus blur+jpeg compression artifact/057.png,4ab538d3ad4abcfc6e2eadb702c981f722bc0164bba1586405730fa351a5f236,/root/autodl-tmp/graph/data/graphrestore/raw/agenticir/extracted/HQ/057.png,42353ae75793843947c257055d87e0568db28ed51b9a5d87cc0d6a0dafb242af,30.89468002319336,0.8851095167403658,0.26132214069366455,0.23528537154197693,0.25810185074806213,56.43855285644531
test/A/defocus blur + jpeg compression artifact/058,A,defocus blur+jpeg compression artifact,/root/autodl-tmp/aaa/graphrestore/artifacts/formal_mio100/graphrestore_v7_1_stage4_step040000/methods/graphrestore_v7_1_stage4_step040000/d2/defocus blur+jpeg compression artifact/058.png,055884764bf75f6e4a9f2400581b162574963820d301823ebc6e4200dcf7da84,/root/autodl-tmp/graph/data/graphrestore/raw/agenticir/extracted/HQ/058.png,e50e67dc4e57dc18d552546044c5ca169fdb26de4d5d81650d00d4b0f3ab7e76,26.08062744140625,0.8376551812969083,0.3490068316459656,0.10797614604234695,0.1810551881790161,27.13116455078125
test/A/defocus blur + jpeg compression artifact/059,A,defocus blur+jpeg compression artifact,/root/autodl-tmp/aaa/graphrestore/artifacts/formal_mio100/graphrestore_v7_1_stage4_step040000/methods/graphrestore_v7_1_stage4_step040000/d2/defocus blur+jpeg compression artifact/059.png,a88f905cfa2222022627a25adb7d0a3040bc8cfdaceada21ea22cc665a259b92,/root/autodl-tmp/graph/data/graphrestore/raw/agenticir/extracted/HQ/059.png,e60c8277194566df02c7cefc895d1390756059f7a29ac67206ec202f1b897add,32.59969711303711,0.9027197395551048,0.280834436416626,0.16603277623653412,0.20006005465984344,46.615234375
test/A/defocus blur + jpeg compression artifact/060,A,defocus blur+jpeg compression artifact,/root/autodl-tmp/aaa/graphrestore/artifacts/formal_mio100/graphrestore_v7_1_stage4_step040000/methods/graphrestore_v7_1_stage4_step040000/d2/defocus blur+jpeg compression artifact/060.png,30ee2de653848feae885db245fce641240c249621be4235c23711ded4621f3aa,/root/autodl-tmp/graph/data/graphrestore/raw/agenticir/extracted/HQ/060.png,d173273231bf0b68767ae3e287f4f34baa71e7d986a98c43a41fa9668fd8a0d4,29.43604278564453,0.7979481539756247,0.39303213357925415,0.18674588203430176,0.2450270652770996,43.277313232421875
test/A/defocus blur + jpeg compression artifact/063,A,defocus blur+jpeg compression artifact,/root/autodl-tmp/aaa/graphrestore/artifacts/formal_mio100/graphrestore_v7_1_stage4_step040000/methods/graphrestore_v7_1_stage4_step040000/d2/defocus blur+jpeg compression artifact/063.png,5ce8a84a322a3aef7efb3d8dd27ffe70c1d926054972320b03992ca7a6308b5d,/root/autodl-tmp/graph/data/graphrestore/raw/agenticir/extracted/HQ/063.png,f7ccce7c58be38c16fb08060b8b379825cb0417a04e6813c72985768a480929c,25.224559783935547,0.8369698578343759,0.25797519087791443,0.26251617074012756,0.2402459681034088,57.81166076660156
test/A/defocus blur + jpeg compression artifact/064,A,defocus blur+jpeg compression artifact,/root/autodl-tmp/aaa/graphrestore/artifacts/formal_mio100/graphrestore_v7_1_stage4_step040000/methods/graphrestore_v7_1_stage4_step040000/d2/defocus blur+jpeg compression artifact/064.png,3b6425a32a46fd828a6d78c1c5d61b04987af64cd046cf93840734eef3a4ffdd,/root/autodl-tmp/graph/data/graphrestore/raw/agenticir/extracted/HQ/064.png,b34caae8d574b2c008d53ceb0490df55c099e68844b2819f0c02fc50db26cee0,24.715194702148438,0.695092192544067,0.36008918285369873,0.19031670689582825,0.23225536942481995,43.21897888183594
test/A/defocus blur + jpeg compression artifact/065,A,defocus blur+jpeg compression artifact,/root/autodl-tmp/aaa/graphrestore/artifacts/formal_mio100/graphrestore_v7_1_stage4_step040000/methods/graphrestore_v7_1_stage4_step040000/d2/defocus blur+jpeg compression artifact/065.png,be34cba3ed18b87c0f7c4c23c983f828870094a0ffd13678d69073b492af33a6,/root/autodl-tmp/graph/data/graphrestore/raw/agenticir/extracted/HQ/065.png,f0770ae16bf79be3b5d94a7868da009f5ce1bbf54bfe5c879e352a4df590ef63,24.275585174560547,0.611694583500181,0.47750410437583923,0.16219517588615417,0.17750786244869232,40.223167419433594
test/A/defocus blur + jpeg compression artifact/066,A,defocus blur+jpeg compression artifact,/root/autodl-tmp/aaa/graphrestore/artifacts/formal_mio100/graphrestore_v7_1_stage4_step040000/methods/graphrestore_v7_1_stage4_step040000/d2/defocus blur+jpeg compression artifact/066.png,1949c4c2b228f3b6b90fbce6b0b610b5b44ebfb0aa0c89c579760c6d9e887ab1,/root/autodl-tmp/graph/data/graphrestore/raw/agenticir/extracted/HQ/066.png,a19230b326bd2fb5c26ae283f65bf0b85f39f90421056a47c7ecd6d683379aff,24.75661277770996,0.7842639935806774,0.2925002872943878,0.21713319420814514,0.27903980016708374,63.31128692626953
test/A/defocus blur + jpeg compression artifact/067,A,defocus blur+jpeg compression artifact,/root/autodl-tmp/aaa/graphrestore/artifacts/formal_mio100/graphrestore_v7_1_stage4_step040000/methods/graphrestore_v7_1_stage4_step040000/d2/defocus blur+jpeg compression artifact/067.png,1ba0f239d4a3597caea707bb2b33de17aba3c533a9cf68758bd5764307e948c5,/root/autodl-tmp/graph/data/graphrestore/raw/agenticir/extracted/HQ/067.png,91cd9f021a6902b7f3220c6a373cba11f3bfbe4e4984c1d6fc4be0c76acb67a0,23.043487548828125,0.6831826734631387,0.35724759101867676,0.16675013303756714,0.15662558376789093,50.79839324951172
test/A/defocus blur + jpeg compression artifact/068,A,defocus blur+jpeg compression artifact,/root/autodl-tmp/aaa/graphrestore/artifacts/formal_mio100/graphrestore_v7_1_stage4_step040000/methods/graphrestore_v7_1_stage4_step040000/d2/defocus blur+jpeg compression artifact/068.png,bafd4c56cbef242d41064efb57304be1672007c31f1cbc2e2b28b0df2c08880f,/root/autodl-tmp/graph/data/graphrestore/raw/agenticir/extracted/HQ/068.png,b8187d79db16002364f6017df807e6cac41e7ee9a68413a384b1bd69eddaa638,22.70932388305664,0.6247602424995098,0.4386468231678009,0.155091792345047,0.2373768389225006,43.63343048095703
test/A/defocus blur + jpeg compression artifact/069,A,defocus blur+jpeg compression artifact,/root/autodl-tmp/aaa/graphrestore/artifacts/formal_mio100/graphrestore_v7_1_stage4_step040000/methods/graphrestore_v7_1_stage4_step040000/d2/defocus blur+jpeg compression artifact/069.png,5e6c1fddb6f97ff4d127db59cfbde0960923058f65b650ee2ee5c429de424000,/root/autodl-tmp/graph/data/graphrestore/raw/agenticir/extracted/HQ/069.png,abb08be58f50075e5e6b1de44ddfe61c30ebb34882e9d72681edd73a5cdbb156,24.274885177612305,0.55885365265095,0.5059850811958313,0.1857692301273346,0.20376038551330566,51.902427673339844
test/A/defocus blur + jpeg compression artifact/070,A,defocus blur+jpeg compression artifact,/root/autodl-tmp/aaa/graphrestore/artifacts/formal_mio100/graphrestore_v7_1_stage4_step040000/methods/graphrestore_v7_1_stage4_step040000/d2/defocus blur+jpeg compression artifact/070.png,d1a6d24b1aab447229fa964d39f5561f6c491c450dc5f00ce482aea1c509679e,/root/autodl-tmp/graph/data/graphrestore/raw/agenticir/extracted/HQ/070.png,718ae2570e431003fb32f2a40e19f813545164ace18230ac03f9ec96b2747f85,26.642894744873047,0.8799041079688128,0.2255108654499054,0.08923697471618652,0.1999814361333847,34.75311279296875
test/A/defocus blur + jpeg compression artifact/073,A,defocus blur+jpeg compression artifact,/root/autodl-tmp/aaa/graphrestore/artifacts/formal_mio100/graphrestore_v7_1_stage4_step040000/methods/graphrestore_v7_1_stage4_step040000/d2/defocus blur+jpeg compression artifact/073.png,89b1699deb8c6659579a9b788e32b2d67d7f463b6f6db043120b390cfca71995,/root/autodl-tmp/graph/data/graphrestore/raw/agenticir/extracted/HQ/073.png,e4a8516954bfb4b79f2fc6194b6b4a8ed63250e14fe7ce0b6f6d77c922f84730,28.865928649902344,0.9067536210094498,0.18722739815711975,0.15900780260562897,0.25152823328971863,52.028926849365234
test/A/defocus blur + jpeg compression artifact/074,A,defocus blur+jpeg compression artifact,/root/autodl-tmp/aaa/graphrestore/artifacts/formal_mio100/graphrestore_v7_1_stage4_step040000/methods/graphrestore_v7_1_stage4_step040000/d2/defocus blur+jpeg compression artifact/074.png,7e4b41e155ece5727623690ec235dc6ceb9c3765dff679bf6d988ccca177eb4b,/root/autodl-tmp/graph/data/graphrestore/raw/agenticir/extracted/HQ/074.png,cfa80e9825a34173ab0d1810b1b63bf645aa1b6b743966a77d7d03463319fd8e,27.451066970825195,0.8530739187386293,0.29195088148117065,0.1434069573879242,0.1791948825120926,39.725990295410156
test/A/defocus blur + jpeg compression artifact/075,A,defocus blur+jpeg compression artifact,/root/autodl-tmp/aaa/graphrestore/artifacts/formal_mio100/graphrestore_v7_1_stage4_step040000/methods/graphrestore_v7_1_stage4_step040000/d2/defocus blur+jpeg compression artifact/075.png,66a5f9108d0a8ab62932ae73ef39780d19115063f20c206b31366d439e3a7a6a,/root/autodl-tmp/graph/data/graphrestore/raw/agenticir/extracted/HQ/075.png,637e76a0398c825f3214d13b10485f7c180dc359b838ade377382c22c8f6b788,23.492431640625,0.6558706157359578,0.4118689298629761,0.18989862501621246,0.17222724854946136,39.01976776123047
test/A/defocus blur + jpeg compression artifact/076,A,defocus blur+jpeg compression artifact,/root/autodl-tmp/aaa/graphrestore/artifacts/formal_mio100/graphrestore_v7_1_stage4_step040000/methods/graphrestore_v7_1_stage4_step040000/d2/defocus blur+jpeg compression artifact/076.png,48e8242923c5e41dd14c0f94af8a313f8109b35988e542520d469b8447578ad5,/root/autodl-tmp/graph/data/graphrestore/raw/agenticir/extracted/HQ/076.png,28f7193b83d2979c14a7c73e95657ce02a2cc902196495bea289e190f48cecae,28.019609451293945,0.832738947514029,0.3075878918170929,0.14332711696624756,0.12542428076267242,39.439029693603516
test/A/defocus blur + jpeg compression artifact/077,A,defocus blur+jpeg compression artifact,/root/autodl-tmp/aaa/graphrestore/artifacts/formal_mio100/graphrestore_v7_1_stage4_step040000/methods/graphrestore_v7_1_stage4_step040000/d2/defocus blur+jpeg compression artifact/077.png,92f43788dd97ef8872f577fe177f94ba8e3b929d8d074fa021697f9ae431f5dc,/root/autodl-tmp/graph/data/graphrestore/raw/agenticir/extracted/HQ/077.png,6d0b3c0c4255ee2de7c3c275c114eb531248c06fce157913f4e69dacd492cc91,26.569442749023438,0.8551223964627676,0.24538351595401764,0.22691170871257782,0.21764984726905823,41.169010162353516
test/A/defocus blur + jpeg compression artifact/078,A,defocus blur+jpeg compression artifact,/root/autodl-tmp/aaa/graphrestore/artifacts/formal_mio100/graphrestore_v7_1_stage4_step040000/methods/graphrestore_v7_1_stage4_step040000/d2/defocus blur+jpeg compression artifact/078.png,29d965d5ba04770179de4d5ad0bb5194b23c6ab766431f34305c78001c36d866,/root/autodl-tmp/graph/data/graphrestore/raw/agenticir/extracted/HQ/078.png,ae84b8b3592a0f623d5bd2c5791b049e6fd87155614fbbad37f1ac00a2cfa870,24.620046615600586,0.659027999874595,0.4095500707626343,0.13404683768749237,0.20193079113960266,43.03500747680664
test/A/defocus blur + jpeg compression artifact/079,A,defocus blur+jpeg compression artifact,/root/autodl-tmp/aaa/graphrestore/artifacts/formal_mio100/graphrestore_v7_1_stage4_step040000/methods/graphrestore_v7_1_stage4_step040000/d2/defocus blur+jpeg compression artifact/079.png,2ad2e651d996d571465ff3dbab42227c11ae582d304bd98b57fabfcc17e52584,/root/autodl-tmp/graph/data/graphrestore/raw/agenticir/extracted/HQ/079.png,166cde30b17743be2ca3fb2c29004e0b38b126bfa1d8d5f41013c23eb248aad5,26.13556671142578,0.6825457701122357,0.46778276562690735,0.19827507436275482,0.1878802478313446,44.731101989746094
test/A/defocus blur + jpeg compression artifact/080,A,defocus blur+jpeg compression artifact,/root/autodl-tmp/aaa/graphrestore/artifacts/formal_mio100/graphrestore_v7_1_stage4_step040000/methods/graphrestore_v7_1_stage4_step040000/d2/defocus blur+jpeg compression artifact/080.png,a2d6b742c21dc9a4cd5b49427f8ef771e0bd055d12f77c557afb2076c8252001,/root/autodl-tmp/graph/data/graphrestore/raw/agenticir/extracted/HQ/080.png,b208599722bce230536ae4db62272e883a7714d4bfca7d73e1361da3b2ca9225,27.907896041870117,0.8632532816449079,0.2638692855834961,0.09963192790746689,0.18759557604789734,27.47452163696289
test/A/defocus blur + jpeg compression artifact/083,A,defocus blur+jpeg compression artifact,/root/autodl-tmp/aaa/graphrestore/artifacts/formal_mio100/graphrestore_v7_1_stage4_step040000/methods/graphrestore_v7_1_stage4_step040000/d2/defocus blur+jpeg compression artifact/083.png,a55e9af1bb28246cdb42d87885fe953ce96b2d7ce49d709d66427b769bdd4a7b,/root/autodl-tmp/graph/data/graphrestore/raw/agenticir/extracted/HQ/083.png,4772b8d475dfc90626760cea35452db0ee8dfdd89f7cd8def57f8b4d74ecef44,21.500205993652344,0.6290835304119847,0.49159643054008484,0.1412632316350937,0.21167850494384766,31.330459594726562
test/A/defocus blur + jpeg compression artifact/084,A,defocus blur+jpeg compression artifact,/root/autodl-tmp/aaa/graphrestore/artifacts/formal_mio100/graphrestore_v7_1_stage4_step040000/methods/graphrestore_v7_1_stage4_step040000/d2/defocus blur+jpeg compression artifact/084.png,7d01269de4d806bd617ac9390af6cb4a49835e12d108aacb67102a9b2b87e82d,/root/autodl-tmp/graph/data/graphrestore/raw/agenticir/extracted/HQ/084.png,1bc34c4607ba66d84248fe8e7d5e30546ae13841542d8b1cb9146f2a2485df64,32.066673278808594,0.8832534861484236,0.2805907130241394,0.14464421570301056,0.24464812874794006,35.518043518066406
test/A/defocus blur + jpeg compression artifact/085,A,defocus blur+jpeg compression artifact,/root/autodl-tmp/aaa/graphrestore/artifacts/formal_mio100/graphrestore_v7_1_stage4_step040000/methods/graphrestore_v7_1_stage4_step040000/d2/defocus blur+jpeg compression artifact/085.png,145afc96f7d7608ede4f42c946a87dffafcdf3090236801e20d0eed3293f8bf3,/root/autodl-tmp/graph/data/graphrestore/raw/agenticir/extracted/HQ/085.png,6174b7cb004afd2a578ec1950d92b99c41115b5a6bf70a511f19156c62bd5274,31.020034790039062,0.9413141370873265,0.17775219678878784,0.11822672188282013,0.23918525874614716,40.63880157470703
test/A/defocus blur + jpeg compression artifact/086,A,defocus blur+jpeg compression artifact,/root/autodl-tmp/aaa/graphrestore/artifacts/formal_mio100/graphrestore_v7_1_stage4_step040000/methods/graphrestore_v7_1_stage4_step040000/d2/defocus blur+jpeg compression artifact/086.png,a025f796b2164683bf997d58adf1d4cb5d2e7e8784f052380e13d0fd41269cac,/root/autodl-tmp/graph/data/graphrestore/raw/agenticir/extracted/HQ/086.png,68a629299aaf0e4d70065c504c9b3e397721fa17a25c2585446914aa5c7bafb5,22.49712371826172,0.7431293386647226,0.36656612157821655,0.2523406445980072,0.27061039209365845,45.950462341308594
test/A/defocus blur + jpeg compression artifact/087,A,defocus blur+jpeg compression artifact,/root/autodl-tmp/aaa/graphrestore/artifacts/formal_mio100/graphrestore_v7_1_stage4_step040000/methods/graphrestore_v7_1_stage4_step040000/d2/defocus blur+jpeg compression artifact/087.png,d6dcf5bef56087d356ada06f384a3ed980b352112694d170592bc5f6b5904c52,/root/autodl-tmp/graph/data/graphrestore/raw/agenticir/extracted/HQ/087.png,059a862de1498fc3b783bcfcce8fad399573aa912bb6638bbd3d43d23b88cdc6,23.993213653564453,0.7483828996567139,0.4216136932373047,0.17134328186511993,0.24879160523414612,45.23084259033203
test/A/defocus blur + jpeg compression artifact/088,A,defocus blur+jpeg compression artifact,/root/autodl-tmp/aaa/graphrestore/artifacts/formal_mio100/graphrestore_v7_1_stage4_step040000/methods/graphrestore_v7_1_stage4_step040000/d2/defocus blur+jpeg compression artifact/088.png,ebfeffe31dec44c4c7559a27a87748c4e2bf13a82819cf9658e970833d0da9ee,/root/autodl-tmp/graph/data/graphrestore/raw/agenticir/extracted/HQ/088.png,e76841066e027bd2a2fa101a4598c597d4891a7c535e3cc3195b7afcc249d7ae,30.368661880493164,0.9129808069936296,0.2653844356536865,0.14528237283229828,0.20119598507881165,31.213844299316406
test/A/defocus blur + jpeg compression artifact/089,A,defocus blur+jpeg compression artifact,/root/autodl-tmp/aaa/graphrestore/artifacts/formal_mio100/graphrestore_v7_1_stage4_step040000/methods/graphrestore_v7_1_stage4_step040000/d2/defocus blur+jpeg compression artifact/089.png,4462754670948d9e775d338f9fd636cce721fa8f2592c0d272c4bcd26f146f54,/root/autodl-tmp/graph/data/graphrestore/raw/agenticir/extracted/HQ/089.png,046e493440ea7499fe07cec3853e6e170225ce6cdc903aac14730fa6b9bf36ab,23.448047637939453,0.7241860777384947,0.343853622674942,0.15096493065357208,0.2534360885620117,43.18987274169922
test/A/defocus blur + jpeg compression artifact/090,A,defocus blur+jpeg compression artifact,/root/autodl-tmp/aaa/graphrestore/artifacts/formal_mio100/graphrestore_v7_1_stage4_step040000/methods/graphrestore_v7_1_stage4_step040000/d2/defocus blur+jpeg compression artifact/090.png,c09c469453b8a53e9eb61afca685de2b627ce4622d99fd8f4c6ab417d67cbe20,/root/autodl-tmp/graph/data/graphrestore/raw/agenticir/extracted/HQ/090.png,830f74b8389bfef595e56e910efc49cf4246f6f7bd552ea8c45d071a0113053c,21.333301544189453,0.6121764673012869,0.4567933976650238,0.2124229222536087,0.14475519955158234,25.634536743164062
test/A/defocus blur + jpeg compression artifact/093,A,defocus blur+jpeg compression artifact,/root/autodl-tmp/aaa/graphrestore/artifacts/formal_mio100/graphrestore_v7_1_stage4_step040000/methods/graphrestore_v7_1_stage4_step040000/d2/defocus blur+jpeg compression artifact/093.png,7d2651eb2fdb5fa7d7d8969c8427c0f0e6776dd09375ce9bf973d31b90ce6232,/root/autodl-tmp/graph/data/graphrestore/raw/agenticir/extracted/HQ/093.png,b9ef1df7a3be70176f064c2568ea12d8cd9c9c54b3e8fd72bca53d170eaf06f2,21.921072006225586,0.7604915780923363,0.33144789934158325,0.25511857867240906,0.2686007022857666,46.86954116821289
test/A/defocus blur + jpeg compression artifact/094,A,defocus blur+jpeg compression artifact,/root/autodl-tmp/aaa/graphrestore/artifacts/formal_mio100/graphrestore_v7_1_stage4_step040000/methods/graphrestore_v7_1_stage4_step040000/d2/defocus blur+jpeg compression artifact/094.png,b98eb612863c52655275a2a0357a57c55362d4c90d54df14b0379fa2a0268b88,/root/autodl-tmp/graph/data/graphrestore/raw/agenticir/extracted/HQ/094.png,45dab31fa407b6793844322a5e147cdfedc3bfa449cd28fc9605f41dba80966d,25.868196487426758,0.8375986809544537,0.21065768599510193,0.3385072946548462,0.224946066737175,56.42222213745117
test/A/defocus blur + jpeg compression artifact/095,A,defocus blur+jpeg compression artifact,/root/autodl-tmp/aaa/graphrestore/artifacts/formal_mio100/graphrestore_v7_1_stage4_step040000/methods/graphrestore_v7_1_stage4_step040000/d2/defocus blur+jpeg compression artifact/095.png,b3b79caafdd9313531c9768599bb229c0e9c5757fa4f7c7eb19333a95407c3c5,/root/autodl-tmp/graph/data/graphrestore/raw/agenticir/extracted/HQ/095.png,2f04f8c811593049180a1c6bdcf5d723d3c2f6443ba518c407e4976d7a6b2637,15.701384544372559,0.5745845545237449,0.33287927508354187,0.25655397772789,0.2534528374671936,51.138023376464844
test/A/defocus blur + jpeg compression artifact/096,A,defocus blur+jpeg compression artifact,/root/autodl-tmp/aaa/graphrestore/artifacts/formal_mio100/graphrestore_v7_1_stage4_step040000/methods/graphrestore_v7_1_stage4_step040000/d2/defocus blur+jpeg compression artifact/096.png,96e99c52458a6f56fbe3e175f5418292db6761b7f07f65c9e6d1255acf8dca92,/root/autodl-tmp/graph/data/graphrestore/raw/agenticir/extracted/HQ/096.png,3ac9dbd626f9e294ae10a8ab11a34f6c0132ed355627d25ce3f8790f701fae29,23.31515121459961,0.7526105883782993,0.3843569755554199,0.23404623568058014,0.23454523086547852,51.243858337402344
test/A/defocus blur + jpeg compression artifact/097,A,defocus blur+jpeg compression artifact,/root/autodl-tmp/aaa/graphrestore/artifacts/formal_mio100/graphrestore_v7_1_stage4_step040000/methods/graphrestore_v7_1_stage4_step040000/d2/defocus blur+jpeg compression artifact/097.png,68d3852b8644a6f8534a057998b048fae69b365975d66db614f66e287f182165,/root/autodl-tmp/graph/data/graphrestore/raw/agenticir/extracted/HQ/097.png,9b6c3c0d294f54e89b51656b0163aa8d0715dd7904848721ea76c07ccf737d2e,25.596202850341797,0.8679739118715852,0.16641922295093536,0.36690035462379456,0.4312973618507385,63.09425735473633
test/A/defocus blur + jpeg compression artifact/098,A,defocus blur+jpeg compression artifact,/root/autodl-tmp/aaa/graphrestore/artifacts/formal_mio100/graphrestore_v7_1_stage4_step040000/methods/graphrestore_v7_1_stage4_step040000/d2/defocus blur+jpeg compression artifact/098.png,9433ae21370c2d8dae316331baf2d296c124395a123f5847e6b7a3fb87602bd5,/root/autodl-tmp/graph/data/graphrestore/raw/agenticir/extracted/HQ/098.png,f0574e5262ab9942e66006e0df3aab8738de997489badc302e131ae74299181f,21.55196189880371,0.6722885394069001,0.3681003451347351,0.2986980378627777,0.2352086752653122,48.68773651123047
test/A/defocus blur + jpeg compression artifact/099,A,defocus blur+jpeg compression artifact,/root/autodl-tmp/aaa/graphrestore/artifacts/formal_mio100/graphrestore_v7_1_stage4_step040000/methods/graphrestore_v7_1_stage4_step040000/d2/defocus blur+jpeg compression artifact/099.png,4de1d4cf0c07778a5b8f15f24e504e01acc28626404413cb1e3bb781975b4a7f,/root/autodl-tmp/graph/data/graphrestore/raw/agenticir/extracted/HQ/099.png,15ddff6cab9869d7fe8a7cb6fd328b436bbfa9b089e6adcbba7a5048e4c97f8b,25.08078384399414,0.7880763983924238,0.3370922803878784,0.26596179604530334,0.2548905313014984,51.20427703857422
test/A/defocus blur + jpeg compression artifact/100,A,defocus blur+jpeg compression artifact,/root/autodl-tmp/aaa/graphrestore/artifacts/formal_mio100/graphrestore_v7_1_stage4_step040000/methods/graphrestore_v7_1_stage4_step040000/d2/defocus blur+jpeg compression artifact/100.png,3eb270f802c2f1afa4f0db508a81b9a78a15adb40e1000bebd8580772aa3e370,/root/autodl-tmp/graph/data/graphrestore/raw/agenticir/extracted/HQ/100.png,b7f5d60dbb3e7047b9c62efc7d61db97052a2cde687d3fae367a14a6793a0c40,23.654788970947266,0.7942485883243029,0.28878411650657654,0.28646785020828247,0.19300763309001923,49.12730407714844
test/A/noise + jpeg compression artifact/003,A,noise+jpeg compression artifact,/root/autodl-tmp/aaa/graphrestore/artifacts/formal_mio100/graphrestore_v7_1_stage4_step040000/methods/graphrestore_v7_1_stage4_step040000/d2/noise+jpeg compression artifact/003.png,b0593f270ffac91ce0dc732d57ab586f6e1767f791de53f16a16d96552ab5812,/root/autodl-tmp/graph/data/graphrestore/raw/agenticir/extracted/HQ/003.png,c2a2513992db412a7160dfa2f82535dccaa188db91df80ee6ed5b0dd5c5d2d1a,29.60004425048828,0.8503207579519666,0.13974756002426147,0.350802481174469,0.707449734210968,73.9320068359375
test/A/noise + jpeg compression artifact/004,A,noise+jpeg compression artifact,/root/autodl-tmp/aaa/graphrestore/artifacts/formal_mio100/graphrestore_v7_1_stage4_step040000/methods/graphrestore_v7_1_stage4_step040000/d2/noise+jpeg compression artifact/004.png,5f1d435f4094bedfba6d089a3451812b8dd075075b0ac361bca6281329e25911,/root/autodl-tmp/graph/data/graphrestore/raw/agenticir/extracted/HQ/004.png,f1ad3f60cd8e680739263535ab1620a2490f3bc0c65a9355a965c7dff9be1fed,30.305858612060547,0.8440175680924998,0.22242294251918793,0.3037824332714081,0.4994807243347168,73.5180892944336
test/A/noise + jpeg compression artifact/005,A,noise+jpeg compression artifact,/root/autodl-tmp/aaa/graphrestore/artifacts/formal_mio100/graphrestore_v7_1_stage4_step040000/methods/graphrestore_v7_1_stage4_step040000/d2/noise+jpeg compression artifact/005.png,353e8cc96e76af5a870fc492bc3d53dc2017680ab627cd9494a564b389c827b7,/root/autodl-tmp/graph/data/graphrestore/raw/agenticir/extracted/HQ/005.png,1d8eb1ef9c1817c087956135efa85be686e7169ef11eb532c768d32d7267a0ff,27.769996643066406,0.9026671356046495,0.08445923030376434,0.3773775100708008,0.7353979349136353,70.47736358642578
test/A/noise + jpeg compression artifact/006,A,noise+jpeg compression artifact,/root/autodl-tmp/aaa/graphrestore/artifacts/formal_mio100/graphrestore_v7_1_stage4_step040000/methods/graphrestore_v7_1_stage4_step040000/d2/noise+jpeg compression artifact/006.png,73eb02351cbe79c2216f49c2ec2a9552e33ca061999502875d2b0db5daa0b07f,/root/autodl-tmp/graph/data/graphrestore/raw/agenticir/extracted/HQ/006.png,f62feddd2f379d039dd1effe18b6368c79a6fe31fb8177f797c9f230eb8e1211,29.360578536987305,0.7709430817681711,0.3735935389995575,0.2004757672548294,0.2779993414878845,49.27613067626953
test/A/noise + jpeg compression artifact/007,A,noise+jpeg compression artifact,/root/autodl-tmp/aaa/graphrestore/artifacts/formal_mio100/graphrestore_v7_1_stage4_step040000/methods/graphrestore_v7_1_stage4_step040000/d2/noise+jpeg compression artifact/007.png,892be57dee64de824f4da327ec2e2ef9ac8ce2574a0557504ff1e9bb4cada24d,/root/autodl-tmp/graph/data/graphrestore/raw/agenticir/extracted/HQ/007.png,b876f087d5f42a9350f28383ff2df22156b6bbba702809d134b7713d9430881c,27.754364013671875,0.8103003239482541,0.24309957027435303,0.38019105792045593,0.7180743217468262,74.60985565185547
test/A/noise + jpeg compression artifact/008,A,noise+jpeg compression artifact,/root/autodl-tmp/aaa/graphrestore/artifacts/formal_mio100/graphrestore_v7_1_stage4_step040000/methods/graphrestore_v7_1_stage4_step040000/d2/noise+jpeg compression artifact/008.png,54e7f2ddf053cb399e05a32cdcd78dd600bfb68d72ff5861f528c5f674f10f91,/root/autodl-tmp/graph/data/graphrestore/raw/agenticir/extracted/HQ/008.png,4efb8dbbd2ba5090b7b951a456ec5ed27a5d61360ab95cb1c5a9366f2868cb94,28.748998641967773,0.8144537578804031,0.27415862679481506,0.20307281613349915,0.38031458854675293,55.825870513916016
test/A/noise + jpeg compression artifact/009,A,noise+jpeg compression artifact,/root/autodl-tmp/aaa/graphrestore/artifacts/formal_mio100/graphrestore_v7_1_stage4_step040000/methods/graphrestore_v7_1_stage4_step040000/d2/noise+jpeg compression artifact/009.png,49df4f970598be3419e58672bc662c191817dbb48361b26b0f7e05372cbb6c77,/root/autodl-tmp/graph/data/graphrestore/raw/agenticir/extracted/HQ/009.png,5b779ac0fbe5d1e4d4126fd2864493dcc2ecdbde374ede7e29a054b2a9cb4f21,36.80985641479492,0.956576345215777,0.17277762293815613,0.19668014347553253,0.28850990533828735,44.15324783325195
test/A/noise + jpeg compression artifact/010,A,noise+jpeg compression artifact,/root/autodl-tmp/aaa/graphrestore/artifacts/formal_mio100/graphrestore_v7_1_stage4_step040000/methods/graphrestore_v7_1_stage4_step040000/d2/noise+jpeg compression artifact/010.png,29c4ca0f5ba1231ce4e9dd3d626793c118bc3120cbf42fac41f7124c7fb9ce4f,/root/autodl-tmp/graph/data/graphrestore/raw/agenticir/extracted/HQ/010.png,327492996d853f5c8873b435f98a91afd07db64567545baa61c9f4f64f717a0d,25.709884643554688,0.8558367732152444,0.21156473457813263,0.39899393916130066,0.7946870923042297,76.78955841064453
test/A/noise + jpeg compression artifact/013,A,noise+jpeg compression artifact,/root/autodl-tmp/aaa/graphrestore/artifacts/formal_mio100/graphrestore_v7_1_stage4_step040000/methods/graphrestore_v7_1_stage4_step040000/d2/noise+jpeg compression artifact/013.png,8e539a7424b76e983f988157e1f121c0bdefd56e0ed43ae7b68a1a202c4cbf24,/root/autodl-tmp/graph/data/graphrestore/raw/agenticir/extracted/HQ/013.png,afe18305499bd0b8318392e8f34ede33aafb5a0df2371075fe9f30a1c81a75eb,24.046443939208984,0.7852728809223302,0.2258528620004654,0.40476498007774353,0.4561956524848938,71.61185455322266
test/A/noise + jpeg compression artifact/014,A,noise+jpeg compression artifact,/root/autodl-tmp/aaa/graphrestore/artifacts/formal_mio100/graphrestore_v7_1_stage4_step040000/methods/graphrestore_v7_1_stage4_step040000/d2/noise+jpeg compression artifact/014.png,ab62fc8f357c0b13d91406481efd458da6bc8338020ee25c1f7dad2a1c2c8fae,/root/autodl-tmp/graph/data/graphrestore/raw/agenticir/extracted/HQ/014.png,2d569d9b923a96b1542c0b845dce0c7657794eba9f6f22ae5d02f335ef1bc4a0,26.765792846679688,0.8073205478006374,0.1712981015443802,0.27978643774986267,0.4565434455871582,60.699440002441406
test/A/noise + jpeg compression artifact/015,A,noise+jpeg compression artifact,/root/autodl-tmp/aaa/graphrestore/artifacts/formal_mio100/graphrestore_v7_1_stage4_step040000/methods/graphrestore_v7_1_stage4_step040000/d2/noise+jpeg compression artifact/015.png,93faf6518aa2eb37160f6ebbafa16d58cda6584c864514f7eebe437a1cc4c363,/root/autodl-tmp/graph/data/graphrestore/raw/agenticir/extracted/HQ/015.png,286adb5a1c45ee88f14e1b16e3af420910584bf5ebdd72c40cf75317559c731f,23.001720428466797,0.8144623192582194,0.14251072704792023,0.4077361226081848,0.5838319063186646,63.13019561767578
test/A/noise + jpeg compression artifact/016,A,noise+jpeg compression artifact,/root/autodl-tmp/aaa/graphrestore/artifacts/formal_mio100/graphrestore_v7_1_stage4_step040000/methods/graphrestore_v7_1_stage4_step040000/d2/noise+jpeg compression artifact/016.png,03fc778c03de6468a7430718191bd1b8c7a3c34f0a58c918b5ca2aded346ac67,/root/autodl-tmp/graph/data/graphrestore/raw/agenticir/extracted/HQ/016.png,ddc71b4b9bd2a57cabf985c7743b8ff7083a0d9205008603edb440ba27da9313,25.38226890563965,0.824110295888477,0.12492832541465759,0.33074715733528137,0.68115234375,73.21343231201172
test/A/noise + jpeg compression artifact/017,A,noise+jpeg compression artifact,/root/autodl-tmp/aaa/graphrestore/artifacts/formal_mio100/graphrestore_v7_1_stage4_step040000/methods/graphrestore_v7_1_stage4_step040000/d2/noise+jpeg compression artifact/017.png,fabfed26aadf2bd277a45432ea2ee0541af5be4897d4416ae6c57aade4052676,/root/autodl-tmp/graph/data/graphrestore/raw/agenticir/extracted/HQ/017.png,ab3ab0c03c2d8c9c0befbcad219fae23c9795fdf99d664630f4f4febbd02c519,28.242462158203125,0.8893773278875151,0.11802911013364792,0.4543645679950714,0.6142532825469971,68.68706512451172
test/A/noise + jpeg compression artifact/018,A,noise+jpeg compression artifact,/root/autodl-tmp/aaa/graphrestore/artifacts/formal_mio100/graphrestore_v7_1_stage4_step040000/methods/graphrestore_v7_1_stage4_step040000/d2/noise+jpeg compression artifact/018.png,6717421b0250d5815551d6009ee2d4181fd65eaeb32c45d39da689a092150b3f,/root/autodl-tmp/graph/data/graphrestore/raw/agenticir/extracted/HQ/018.png,66db8e4aeb78f506ae4415572eb910726c3f16ede70138093ab4eced187b8df1,22.616283416748047,0.7351785822758394,0.3089470863342285,0.34096845984458923,0.48676392436027527,66.01487731933594
test/A/noise + jpeg compression artifact/019,A,noise+jpeg compression artifact,/root/autodl-tmp/aaa/graphrestore/artifacts/formal_mio100/graphrestore_v7_1_stage4_step040000/methods/graphrestore_v7_1_stage4_step040000/d2/noise+jpeg compression artifact/019.png,604858d4e0d386e76f17dd147dc87598efae4b70895773ebc138938777cb2d59,/root/autodl-tmp/graph/data/graphrestore/raw/agenticir/extracted/HQ/019.png,fb026cef85a4f7e64ad7c5f064ed15de1f04a7a7b6bde70b28ee78a55db21aeb,24.158233642578125,0.8579304397642513,0.1742526888847351,0.3395382761955261,0.4017157554626465,57.989505767822266
test/A/noise + jpeg compression artifact/020,A,noise+jpeg compression artifact,/root/autodl-tmp/aaa/graphrestore/artifacts/formal_mio100/graphrestore_v7_1_stage4_step040000/methods/graphrestore_v7_1_stage4_step040000/d2/noise+jpeg compression artifact/020.png,944682668e87ac2e939bab7bf84e4dd770b1da54f1c2cddffbe41892107638ea,/root/autodl-tmp/graph/data/graphrestore/raw/agenticir/extracted/HQ/020.png,daa15d9f51eab9eca70197a7f05df7873e3eab75e432b0a81fe9488be552f37a,24.545495986938477,0.8730124949880238,0.0979236364364624,0.4118572473526001,0.40718966722488403,62.59983825683594
test/A/noise + jpeg compression artifact/023,A,noise+jpeg compression artifact,/root/autodl-tmp/aaa/graphrestore/artifacts/formal_mio100/graphrestore_v7_1_stage4_step040000/methods/graphrestore_v7_1_stage4_step040000/d2/noise+jpeg compression artifact/023.png,cfc2632d403f65ee151fde17bea78ddb2ef02d63e0104d5fe85882c6fd7b9c65,/root/autodl-tmp/graph/data/graphrestore/raw/agenticir/extracted/HQ/023.png,befde78eca5789c87200ca1e2ac905ba8ad5706b50af86454bd30bc857c90e02,24.625324249267578,0.8459245934597956,0.23280301690101624,0.27595609426498413,0.4537949562072754,62.541534423828125
test/A/noise + jpeg compression artifact/024,A,noise+jpeg compression artifact,/root/autodl-tmp/aaa/graphrestore/artifacts/formal_mio100/graphrestore_v7_1_stage4_step040000/methods/graphrestore_v7_1_stage4_step040000/d2/noise+jpeg compression artifact/024.png,7421d7c0581c0b0904cdee139a58c49fda5d9f4f431f3b1b35a627c8ccb08cd9,/root/autodl-tmp/graph/data/graphrestore/raw/agenticir/extracted/HQ/024.png,e51441e174dd8dc0c47872ccb4221ab3f054b716588ee0f42d58a56098bd9538,26.027851104736328,0.8213491432454469,0.2850682735443115,0.28342264890670776,0.3771967589855194,59.93271255493164
test/A/noise + jpeg compression artifact/025,A,noise+jpeg compression artifact,/root/autodl-tmp/aaa/graphrestore/artifacts/formal_mio100/graphrestore_v7_1_stage4_step040000/methods/graphrestore_v7_1_stage4_step040000/d2/noise+jpeg compression artifact/025.png,f686ace0d291d29fd74da72efd34c3bffec02b775ede8972c789415137d744cf,/root/autodl-tmp/graph/data/graphrestore/raw/agenticir/extracted/HQ/025.png,f384d4a9bc3c31bc29038378f849002dc4ff2db373d852b732f5cfc24ebed244,27.308494567871094,0.70884841769458,0.3601117432117462,0.2049303650856018,0.3192257881164551,60.720924377441406
test/A/noise + jpeg compression artifact/026,A,noise+jpeg compression artifact,/root/autodl-tmp/aaa/graphrestore/artifacts/formal_mio100/graphrestore_v7_1_stage4_step040000/methods/graphrestore_v7_1_stage4_step040000/d2/noise+jpeg compression artifact/026.png,34273cf64f3aa0bebfd98aa66fc657e9581180909e7bbc8278db997d0f810ce2,/root/autodl-tmp/graph/data/graphrestore/raw/agenticir/extracted/HQ/026.png,cfce1d4c02a00f28988a64f63cd538c4147c3a72c147a6549d71f1105d671224,29.849998474121094,0.8340250170585871,0.30078333616256714,0.16514979302883148,0.2455984205007553,47.51044464111328
test/A/noise + jpeg compression artifact/027,A,noise+jpeg compression artifact,/root/autodl-tmp/aaa/graphrestore/artifacts/formal_mio100/graphrestore_v7_1_stage4_step040000/methods/graphrestore_v7_1_stage4_step040000/d2/noise+jpeg compression artifact/027.png,5ff3170448274d3f8515fab652a1fe02a41b105462bc3f1e918c7eecf8047a0b,/root/autodl-tmp/graph/data/graphrestore/raw/agenticir/extracted/HQ/027.png,d69be3d26f3d3c95ffd9de3bd8d565120e0f09fb4aa84c72ae18d8fc4f871aae,29.396202087402344,0.8599094461604008,0.21850383281707764,0.25545284152030945,0.5775707364082336,64.70536041259766
test/A/noise + jpeg compression artifact/028,A,noise+jpeg compression artifact,/root/autodl-tmp/aaa/graphrestore/artifacts/formal_mio100/graphrestore_v7_1_stage4_step040000/methods/graphrestore_v7_1_stage4_step040000/d2/noise+jpeg compression artifact/028.png,82b1e1fa2db074a322fcc1619aba503bd0493af146ce1d9a7fe644b533bb0d0a,/root/autodl-tmp/graph/data/graphrestore/raw/agenticir/extracted/HQ/028.png,181f97da79059de1a93d1a0d30f6851393282c6af8b607d83ce29ab8c9dbf771,31.882625579833984,0.8798799332499675,0.22511516511440277,0.23937255144119263,0.5756089091300964,52.898929595947266
test/A/noise + jpeg compression artifact/029,A,noise+jpeg compression artifact,/root/autodl-tmp/aaa/graphrestore/artifacts/formal_mio100/graphrestore_v7_1_stage4_step040000/methods/graphrestore_v7_1_stage4_step040000/d2/noise+jpeg compression artifact/029.png,86f4c0b0a076b4983a3491c0a38d8f391a094f345a390e764e6d84087fe1646e,/root/autodl-tmp/graph/data/graphrestore/raw/agenticir/extracted/HQ/029.png,3c7f43d0544ada8d7b64d7bb197621349fa1dcdf8400fb6128afaf8787814556,30.6061954498291,0.8790233121969662,0.26197320222854614,0.21400095522403717,0.3369721472263336,54.65614318847656
test/A/noise + jpeg compression artifact/030,A,noise+jpeg compression artifact,/root/autodl-tmp/aaa/graphrestore/artifacts/formal_mio100/graphrestore_v7_1_stage4_step040000/methods/graphrestore_v7_1_stage4_step040000/d2/noise+jpeg compression artifact/030.png,2c915f85dd8778abd73bb1453a428f7b7e5508c6f3d32f21c8dc9b6bfcffdc23,/root/autodl-tmp/graph/data/graphrestore/raw/agenticir/extracted/HQ/030.png,576b0158cf5a541dd6aaf522902400e8ba3175aacca36d9df22951f52acf3f2f,27.217710494995117,0.8715755670549798,0.16439512372016907,0.3760361671447754,0.6733812689781189,67.3159408569336
test/A/noise + jpeg compression artifact/033,A,noise+jpeg compression artifact,/root/autodl-tmp/aaa/graphrestore/artifacts/formal_mio100/graphrestore_v7_1_stage4_step040000/methods/graphrestore_v7_1_stage4_step040000/d2/noise+jpeg compression artifact/033.png,07ff5c4f22ad6f99d218f6b7fd8a0ec6ef40b04bcd975ff4b4d3aae78ce8a929,/root/autodl-tmp/graph/data/graphrestore/raw/agenticir/extracted/HQ/033.png,9590f1419e378254c01f330c248e12e8a62792b04a27b72daf2c0afd6c41c758,24.18929672241211,0.7518393527804411,0.3827359676361084,0.2404780089855194,0.5176859498023987,57.28474807739258
test/A/noise + jpeg compression artifact/034,A,noise+jpeg compression artifact,/root/autodl-tmp/aaa/graphrestore/artifacts/formal_mio100/graphrestore_v7_1_stage4_step040000/methods/graphrestore_v7_1_stage4_step040000/d2/noise+jpeg compression artifact/034.png,4d0f0d4f16369ca712204093decc925b586233a5ea7f2f483cfc751221ddcc07,/root/autodl-tmp/graph/data/graphrestore/raw/agenticir/extracted/HQ/034.png,0575cc2334f8f50fcbd3d9f58173645db8764f938ee55e8899084ca2b66fd018,25.402698516845703,0.500686119748947,0.8429964780807495,0.2055082768201828,0.31080150604248047,46.96177673339844
test/A/noise + jpeg compression artifact/035,A,noise+jpeg compression artifact,/root/autodl-tmp/aaa/graphrestore/artifacts/formal_mio100/graphrestore_v7_1_stage4_step040000/methods/graphrestore_v7_1_stage4_step040000/d2/noise+jpeg compression artifact/035.png,051b4d3db69e83719da57bdb2729352bb2a85a3e0c6feecc9f4ae2bd43b036e7,/root/autodl-tmp/graph/data/graphrestore/raw/agenticir/extracted/HQ/035.png,4e230744a9cb7c3ebe976ae7267155312b876fb355283b4938b34b758aef7ff9,31.930950164794922,0.8972613807107775,0.1511709839105606,0.3857964873313904,0.6351982355117798,68.71276092529297
test/A/noise + jpeg compression artifact/036,A,noise+jpeg compression artifact,/root/autodl-tmp/aaa/graphrestore/artifacts/formal_mio100/graphrestore_v7_1_stage4_step040000/methods/graphrestore_v7_1_stage4_step040000/d2/noise+jpeg compression artifact/036.png,5a3a25774c2cc69137350d84bf2a064e61722a480bb1fc7da2661b9627d05786,/root/autodl-tmp/graph/data/graphrestore/raw/agenticir/extracted/HQ/036.png,409fbd0ad51be33e9e2711cb7b22cb39999eaac6e278ca1621c20300be446d76,26.044626235961914,0.8006898018007454,0.22866953909397125,0.2632956802845001,0.5854813456535339,55.84587860107422
test/A/noise + jpeg compression artifact/037,A,noise+jpeg compression artifact,/root/autodl-tmp/aaa/graphrestore/artifacts/formal_mio100/graphrestore_v7_1_stage4_step040000/methods/graphrestore_v7_1_stage4_step040000/d2/noise+jpeg compression artifact/037.png,b4c9ecdb383fea4974275271cacc568f6ba271c733ba9b560c8138ae07a972d3,/root/autodl-tmp/graph/data/graphrestore/raw/agenticir/extracted/HQ/037.png,8f31abe11ce5d5377f131fdc788024ffb8d5cfdda501c06a64ca1fc80fab0d07,30.274677276611328,0.8778066279739665,0.2319055050611496,0.275587260723114,0.37094125151634216,57.25287628173828
test/A/noise + jpeg compression artifact/038,A,noise+jpeg compression artifact,/root/autodl-tmp/aaa/graphrestore/artifacts/formal_mio100/graphrestore_v7_1_stage4_step040000/methods/graphrestore_v7_1_stage4_step040000/d2/noise+jpeg compression artifact/038.png,635bb8bd98fd56941ee553cfb19810f99412aa100d4fbbb4c463fe0e84fe19c8,/root/autodl-tmp/graph/data/graphrestore/raw/agenticir/extracted/HQ/038.png,fe7df2186482ca2cc105baed74cb1da9667b3b03e1629055880b6012db131aa1,25.989177703857422,0.7084966583507646,0.35686546564102173,0.21973812580108643,0.38992342352867126,56.20972442626953
test/A/noise + jpeg compression artifact/039,A,noise+jpeg compression artifact,/root/autodl-tmp/aaa/graphrestore/artifacts/formal_mio100/graphrestore_v7_1_stage4_step040000/methods/graphrestore_v7_1_stage4_step040000/d2/noise+jpeg compression artifact/039.png,3c646296d48aedad4f91c137b7152fd29bdd83ba465d9784a1920e4108990151,/root/autodl-tmp/graph/data/graphrestore/raw/agenticir/extracted/HQ/039.png,a2038f7610363fb1916197e0557fa84b50b610d86885a2d6409f9e3aa75fbbcd,32.60980224609375,0.9393699882391999,0.1382070630788803,0.3314419090747833,0.5057420134544373,56.18446350097656
test/A/noise + jpeg compression artifact/040,A,noise+jpeg compression artifact,/root/autodl-tmp/aaa/graphrestore/artifacts/formal_mio100/graphrestore_v7_1_stage4_step040000/methods/graphrestore_v7_1_stage4_step040000/d2/noise+jpeg compression artifact/040.png,7ca8f600aa37cf768efd4cd83b8301102a957b39d32e198232581a2203ad1ead,/root/autodl-tmp/graph/data/graphrestore/raw/agenticir/extracted/HQ/040.png,c5a9e4bb9d84a6734bdc04c272c48c1b17b150a1e346afab2338eb0ba41f1464,27.680150985717773,0.8004622620611167,0.3954911231994629,0.1837865114212036,0.33839234709739685,49.295982360839844
test/A/noise + jpeg compression artifact/043,A,noise+jpeg compression artifact,/root/autodl-tmp/aaa/graphrestore/artifacts/formal_mio100/graphrestore_v7_1_stage4_step040000/methods/graphrestore_v7_1_stage4_step040000/d2/noise+jpeg compression artifact/043.png,b0438771cd00863ae12bd9763a950e2068afd0fa74256df0f851471485654c94,/root/autodl-tmp/graph/data/graphrestore/raw/agenticir/extracted/HQ/043.png,15880c27b3101797c4e5896dee7349ad832ac1c49fcd0c559b357f4e28296b4d,24.18865203857422,0.6623199811942428,0.34321147203445435,0.3153570890426636,0.5018539428710938,61.8630485534668
test/A/noise + jpeg compression artifact/044,A,noise+jpeg compression artifact,/root/autodl-tmp/aaa/graphrestore/artifacts/formal_mio100/graphrestore_v7_1_stage4_step040000/methods/graphrestore_v7_1_stage4_step040000/d2/noise+jpeg compression artifact/044.png,4c437f4ac4fb41e34a20ea9f8ba12e5d356a7a10e2f6654c89679129b22d8371,/root/autodl-tmp/graph/data/graphrestore/raw/agenticir/extracted/HQ/044.png,0645011c1dc3777ab263df617d1747b902c2d321de6f939549cfbe43eabc9245,28.122577667236328,0.7454045123014416,0.386518269777298,0.2284630388021469,0.4380660951137543,47.82787322998047
test/A/noise + jpeg compression artifact/045,A,noise+jpeg compression artifact,/root/autodl-tmp/aaa/graphrestore/artifacts/formal_mio100/graphrestore_v7_1_stage4_step040000/methods/graphrestore_v7_1_stage4_step040000/d2/noise+jpeg compression artifact/045.png,056014f0b4e4171826f55480545fed519bc0a4bb3be5c4861011ea6919177650,/root/autodl-tmp/graph/data/graphrestore/raw/agenticir/extracted/HQ/045.png,d3e352c98c1fe9df1181c1e362bb9c3ba3a1d077456198796083821dab20d1fc,25.073253631591797,0.6333211371701617,0.45852142572402954,0.37374475598335266,0.34505495429039,59.58220672607422
test/A/noise + jpeg compression artifact/046,A,noise+jpeg compression artifact,/root/autodl-tmp/aaa/graphrestore/artifacts/formal_mio100/graphrestore_v7_1_stage4_step040000/methods/graphrestore_v7_1_stage4_step040000/d2/noise+jpeg compression artifact/046.png,68a5e03d1d2b2bd82718e43c880973d0f71198bb7f8c81fb8295bec5e0527e78,/root/autodl-tmp/graph/data/graphrestore/raw/agenticir/extracted/HQ/046.png,af4b21bf96515f2ff4f97a4990856b43ae02a1d8f39909428228a2612b5f936f,22.139989852905273,0.6964369457750991,0.29109352827072144,0.42678189277648926,0.6460477709770203,66.45284271240234
test/A/noise + jpeg compression artifact/047,A,noise+jpeg compression artifact,/root/autodl-tmp/aaa/graphrestore/artifacts/formal_mio100/graphrestore_v7_1_stage4_step040000/methods/graphrestore_v7_1_stage4_step040000/d2/noise+jpeg compression artifact/047.png,e3fb7ae6af4683fecf8ac3850090f8318a3414cc761b34e01e6ba0a3503b4b1b,/root/autodl-tmp/graph/data/graphrestore/raw/agenticir/extracted/HQ/047.png,8ecf454f7d68ca4ebf19b2b4a22275d3bb344666e4e483fda2c8cb84d5ff94db,28.329669952392578,0.8174535910718337,0.15276175737380981,0.38887858390808105,0.7345427870750427,66.48792266845703
test/A/noise + jpeg compression artifact/048,A,noise+jpeg compression artifact,/root/autodl-tmp/aaa/graphrestore/artifacts/formal_mio100/graphrestore_v7_1_stage4_step040000/methods/graphrestore_v7_1_stage4_step040000/d2/noise+jpeg compression artifact/048.png,e1cf15e288abe8143f11121885a66a085b56e01a88c6a3f55aef7522d8a07f43,/root/autodl-tmp/graph/data/graphrestore/raw/agenticir/extracted/HQ/048.png,b74e449ab10a96799f5e791f68de34dcfaf90a4befdb242cee372f6743841606,25.57701873779297,0.8371570422838789,0.11083987355232239,0.3804946839809418,0.7200698256492615,62.3431510925293
test/A/noise + jpeg compression artifact/049,A,noise+jpeg compression artifact,/root/autodl-tmp/aaa/graphrestore/artifacts/formal_mio100/graphrestore_v7_1_stage4_step040000/methods/graphrestore_v7_1_stage4_step040000/d2/noise+jpeg compression artifact/049.png,ff650ed85849cbfc6e80fc8a568e00eca5a1b9cc0e131315a7f56ff3125859fa,/root/autodl-tmp/graph/data/graphrestore/raw/agenticir/extracted/HQ/049.png,bdd8f4cec02d5659a12541bb32718429d397d6be195679045764e31574c4f226,25.291671752929688,0.8425512105938433,0.15792778134346008,0.3733885586261749,0.36522889137268066,59.626747131347656
test/A/noise + jpeg compression artifact/050,A,noise+jpeg compression artifact,/root/autodl-tmp/aaa/graphrestore/artifacts/formal_mio100/graphrestore_v7_1_stage4_step040000/methods/graphrestore_v7_1_stage4_step040000/d2/noise+jpeg compression artifact/050.png,cfd160d9f986430c6bb0c5424f7212045c1a24cf5f5172bf44ba98a7fc0e3821,/root/autodl-tmp/graph/data/graphrestore/raw/agenticir/extracted/HQ/050.png,c4cfbc77b28b145af37ea26b0b501d69633ebdedd3ce9a90d5760063ee95f492,23.34942626953125,0.7773402339915169,0.22272664308547974,0.4182066023349762,0.662517786026001,75.65184783935547
test/A/noise + jpeg compression artifact/053,A,noise+jpeg compression artifact,/root/autodl-tmp/aaa/graphrestore/artifacts/formal_mio100/graphrestore_v7_1_stage4_step040000/methods/graphrestore_v7_1_stage4_step040000/d2/noise+jpeg compression artifact/053.png,e759a3c958c2f42b0960e836a11f31607c338edd9bf6f725dbd0593aa6713293,/root/autodl-tmp/graph/data/graphrestore/raw/agenticir/extracted/HQ/053.png,6b1f2208c72adcd28d96a15d538bbfbe27cb5a21be416b6f30fa836b12ac867d,32.630470275878906,0.9062154492018202,0.22672462463378906,0.20231859385967255,0.34686264395713806,57.07353973388672
test/A/noise + jpeg compression artifact/054,A,noise+jpeg compression artifact,/root/autodl-tmp/aaa/graphrestore/artifacts/formal_mio100/graphrestore_v7_1_stage4_step040000/methods/graphrestore_v7_1_stage4_step040000/d2/noise+jpeg compression artifact/054.png,6fb5dea0029833603b600b866a1198450e86c2badb12c2ed30471bb7e5a3051a,/root/autodl-tmp/graph/data/graphrestore/raw/agenticir/extracted/HQ/054.png,699ffde2d8d110e52811d39e5b9d745965d4211dd2312f453ce367f1bc0e66f5,31.699527740478516,0.8717210945606756,0.303292453289032,0.23184676468372345,0.43520981073379517,58.74311828613281
test/A/noise + jpeg compression artifact/055,A,noise+jpeg compression artifact,/root/autodl-tmp/aaa/graphrestore/artifacts/formal_mio100/graphrestore_v7_1_stage4_step040000/methods/graphrestore_v7_1_stage4_step040000/d2/noise+jpeg compression artifact/055.png,26374620a135f289ccadbaeb133d95d46344fdb21c5d83f05e5e5d6255b2d9cf,/root/autodl-tmp/graph/data/graphrestore/raw/agenticir/extracted/HQ/055.png,5a59c6f9051a70f1c3ad8e9550b2a21322ef8ad71bd70085fb2330f6f6da3948,34.04924011230469,0.8843147937161344,0.29671329259872437,0.144696444272995,0.3145350217819214,50.94246292114258
test/A/noise + jpeg compression artifact/056,A,noise+jpeg compression artifact,/root/autodl-tmp/aaa/graphrestore/artifacts/formal_mio100/graphrestore_v7_1_stage4_step040000/methods/graphrestore_v7_1_stage4_step040000/d2/noise+jpeg compression artifact/056.png,9ebbb577e5450d4196fd7d2122e24b6b55f6e6dbccdc2af6bc3f7bad35226147,/root/autodl-tmp/graph/data/graphrestore/raw/agenticir/extracted/HQ/056.png,c5f28866f72e2d370875385eb6575124b0735f8f927fae1c07ff7151e200c956,31.530231475830078,0.8737056340164321,0.26310425996780396,0.29127857089042664,0.37919914722442627,58.88433074951172
test/A/noise + jpeg compression artifact/057,A,noise+jpeg compression artifact,/root/autodl-tmp/aaa/graphrestore/artifacts/formal_mio100/graphrestore_v7_1_stage4_step040000/methods/graphrestore_v7_1_stage4_step040000/d2/noise+jpeg compression artifact/057.png,402829c23ff9c1434bebd39b4abf6a00e31632b4da1d56183f926bd6626be729,/root/autodl-tmp/graph/data/graphrestore/raw/agenticir/extracted/HQ/057.png,42353ae75793843947c257055d87e0568db28ed51b9a5d87cc0d6a0dafb242af,34.489540100097656,0.9193303815877877,0.15669256448745728,0.3416389524936676,0.4864056706428528,71.29853057861328
test/A/noise + jpeg compression artifact/058,A,noise+jpeg compression artifact,/root/autodl-tmp/aaa/graphrestore/artifacts/formal_mio100/graphrestore_v7_1_stage4_step040000/methods/graphrestore_v7_1_stage4_step040000/d2/noise+jpeg compression artifact/058.png,a5f8d129363a9090b1e12957951e887047f66eecba66d543e53afb9a0b4255d0,/root/autodl-tmp/graph/data/graphrestore/raw/agenticir/extracted/HQ/058.png,e50e67dc4e57dc18d552546044c5ca169fdb26de4d5d81650d00d4b0f3ab7e76,31.04454231262207,0.9213266939418465,0.16613757610321045,0.29606693983078003,0.39459481835365295,66.72429656982422
test/A/noise + jpeg compression artifact/059,A,noise+jpeg compression artifact,/root/autodl-tmp/aaa/graphrestore/artifacts/formal_mio100/graphrestore_v7_1_stage4_step040000/methods/graphrestore_v7_1_stage4_step040000/d2/noise+jpeg compression artifact/059.png,09cfbb644bbf7c33fc20ed610b12b3468e8729e4a9e14944d616ff6f9f99b6c5,/root/autodl-tmp/graph/data/graphrestore/raw/agenticir/extracted/HQ/059.png,e60c8277194566df02c7cefc895d1390756059f7a29ac67206ec202f1b897add,32.88971710205078,0.8841797414830073,0.2967800498008728,0.14367465674877167,0.26366955041885376,52.4163703918457
test/A/noise + jpeg compression artifact/060,A,noise+jpeg compression artifact,/root/autodl-tmp/aaa/graphrestore/artifacts/formal_mio100/graphrestore_v7_1_stage4_step040000/methods/graphrestore_v7_1_stage4_step040000/d2/noise+jpeg compression artifact/060.png,408b55743206412dbe2babb126f0c81fbc516e6d89c62608b92809fff65f3da0,/root/autodl-tmp/graph/data/graphrestore/raw/agenticir/extracted/HQ/060.png,d173273231bf0b68767ae3e287f4f34baa71e7d986a98c43a41fa9668fd8a0d4,30.58042335510254,0.8267507778813092,0.31679466366767883,0.17833596467971802,0.3185201585292816,52.9374885559082
test/A/noise + jpeg compression artifact/063,A,noise+jpeg compression artifact,/root/autodl-tmp/aaa/graphrestore/artifacts/formal_mio100/graphrestore_v7_1_stage4_step040000/methods/graphrestore_v7_1_stage4_step040000/d2/noise+jpeg compression artifact/063.png,808149da48096e658d534eb871cce8bc8331cdfc4b7fe2f637e8b67e9e1479b1,/root/autodl-tmp/graph/data/graphrestore/raw/agenticir/extracted/HQ/063.png,f7ccce7c58be38c16fb08060b8b379825cb0417a04e6813c72985768a480929c,27.49578857421875,0.8726265484049079,0.18370938301086426,0.33716681599617004,0.4232911765575409,68.1221923828125
test/A/noise + jpeg compression artifact/064,A,noise+jpeg compression artifact,/root/autodl-tmp/aaa/graphrestore/artifacts/formal_mio100/graphrestore_v7_1_stage4_step040000/methods/graphrestore_v7_1_stage4_step040000/d2/noise+jpeg compression artifact/064.png,e141f36ea0f7b21a363fdd99e943af635d6a5557afa8c867ed8683f62bdabe1f,/root/autodl-tmp/graph/data/graphrestore/raw/agenticir/extracted/HQ/064.png,b34caae8d574b2c008d53ceb0490df55c099e68844b2819f0c02fc50db26cee0,27.05152702331543,0.7959541457176296,0.2264752984046936,0.24981290102005005,0.4639732539653778,62.21028137207031
test/A/noise + jpeg compression artifact/065,A,noise+jpeg compression artifact,/root/autodl-tmp/aaa/graphrestore/artifacts/formal_mio100/graphrestore_v7_1_stage4_step040000/methods/graphrestore_v7_1_stage4_step040000/d2/noise+jpeg compression artifact/065.png,9261d09b536885535fc42745f60cd8ed4cc52155e750d90708a4e7118015e7bc,/root/autodl-tmp/graph/data/graphrestore/raw/agenticir/extracted/HQ/065.png,f0770ae16bf79be3b5d94a7868da009f5ce1bbf54bfe5c879e352a4df590ef63,26.193941116333008,0.7160333736665466,0.34020525217056274,0.2521634101867676,0.2821415960788727,55.447349548339844
test/A/noise + jpeg compression artifact/066,A,noise+jpeg compression artifact,/root/autodl-tmp/aaa/graphrestore/artifacts/formal_mio100/graphrestore_v7_1_stage4_step040000/methods/graphrestore_v7_1_stage4_step040000/d2/noise+jpeg compression artifact/066.png,9ab92180fcef3ef86306532ac3b3c430af21ff054c18aa9a4b86c5f7e4d45014,/root/autodl-tmp/graph/data/graphrestore/raw/agenticir/extracted/HQ/066.png,a19230b326bd2fb5c26ae283f65bf0b85f39f90421056a47c7ecd6d683379aff,28.001476287841797,0.8777987516939028,0.14882221817970276,0.3304198384284973,0.462950199842453,73.71273040771484
test/A/noise + jpeg compression artifact/067,A,noise+jpeg compression artifact,/root/autodl-tmp/aaa/graphrestore/artifacts/formal_mio100/graphrestore_v7_1_stage4_step040000/methods/graphrestore_v7_1_stage4_step040000/d2/noise+jpeg compression artifact/067.png,c9ca3adedff6755e8666bd989f93e7864453b88c7fc6bc37a85217b310db322d,/root/autodl-tmp/graph/data/graphrestore/raw/agenticir/extracted/HQ/067.png,91cd9f021a6902b7f3220c6a373cba11f3bfbe4e4984c1d6fc4be0c76acb67a0,27.5800724029541,0.8850693165229523,0.12460465729236603,0.31992053985595703,0.427018404006958,68.9926986694336
test/A/noise + jpeg compression artifact/068,A,noise+jpeg compression artifact,/root/autodl-tmp/aaa/graphrestore/artifacts/formal_mio100/graphrestore_v7_1_stage4_step040000/methods/graphrestore_v7_1_stage4_step040000/d2/noise+jpeg compression artifact/068.png,007082e999e72ffdb4d5652e1b3b5936befda034741ae26582a14d231362d524,/root/autodl-tmp/graph/data/graphrestore/raw/agenticir/extracted/HQ/068.png,b8187d79db16002364f6017df807e6cac41e7ee9a68413a384b1bd69eddaa638,27.247133255004883,0.8579181200329126,0.15826211869716644,0.3532553017139435,0.45691362023353577,72.76638793945312
test/A/noise + jpeg compression artifact/069,A,noise+jpeg compression artifact,/root/autodl-tmp/aaa/graphrestore/artifacts/formal_mio100/graphrestore_v7_1_stage4_step040000/methods/graphrestore_v7_1_stage4_step040000/d2/noise+jpeg compression artifact/069.png,83d537adcccbab8d04550b8b9c763e6e6a8f12b21837e925ae057a1f6d3d0536,/root/autodl-tmp/graph/data/graphrestore/raw/agenticir/extracted/HQ/069.png,abb08be58f50075e5e6b1de44ddfe61c30ebb34882e9d72681edd73a5cdbb156,26.786745071411133,0.7236069042296369,0.304842084646225,0.2582551836967468,0.5312639474868774,69.4526596069336
test/A/noise + jpeg compression artifact/070,A,noise+jpeg compression artifact,/root/autodl-tmp/aaa/graphrestore/artifacts/formal_mio100/graphrestore_v7_1_stage4_step040000/methods/graphrestore_v7_1_stage4_step040000/d2/noise+jpeg compression artifact/070.png,3b31d5baecaf0b0cd19464ee50ac8f8ff6b6c9f5d1771903e952acc8f4fdc90d,/root/autodl-tmp/graph/data/graphrestore/raw/agenticir/extracted/HQ/070.png,718ae2570e431003fb32f2a40e19f813545164ace18230ac03f9ec96b2747f85,32.62712097167969,0.9520969680818367,0.085463747382164,0.28856903314590454,0.40201401710510254,54.06401824951172
test/A/noise + jpeg compression artifact/073,A,noise+jpeg compression artifact,/root/autodl-tmp/aaa/graphrestore/artifacts/formal_mio100/graphrestore_v7_1_stage4_step040000/methods/graphrestore_v7_1_stage4_step040000/d2/noise+jpeg compression artifact/073.png,c1c0f7e52cb1b28ea1e2daef5358b3b5f4daca06b510201632a48387340800be,/root/autodl-tmp/graph/data/graphrestore/raw/agenticir/extracted/HQ/073.png,e4a8516954bfb4b79f2fc6194b6b4a8ed63250e14fe7ce0b6f6d77c922f84730,31.519643783569336,0.9272709820160907,0.13886812329292297,0.1617881953716278,0.281901091337204,60.13725280761719
test/A/noise + jpeg compression artifact/074,A,noise+jpeg compression artifact,/root/autodl-tmp/aaa/graphrestore/artifacts/formal_mio100/graphrestore_v7_1_stage4_step040000/methods/graphrestore_v7_1_stage4_step040000/d2/noise+jpeg compression artifact/074.png,a30185e3c32104b4d6f873e23c885c044f4b63820beb64ed974fb5ce42411c5e,/root/autodl-tmp/graph/data/graphrestore/raw/agenticir/extracted/HQ/074.png,cfa80e9825a34173ab0d1810b1b63bf645aa1b6b743966a77d7d03463319fd8e,32.905120849609375,0.9487434780093832,0.09421858936548233,0.2450287789106369,0.5335401892662048,57.957359313964844
test/A/noise + jpeg compression artifact/075,A,noise+jpeg compression artifact,/root/autodl-tmp/aaa/graphrestore/artifacts/formal_mio100/graphrestore_v7_1_stage4_step040000/methods/graphrestore_v7_1_stage4_step040000/d2/noise+jpeg compression artifact/075.png,db73058d917bf5e251f9a95759727cef2992942899a88b7e5694df68542039e2,/root/autodl-tmp/graph/data/graphrestore/raw/agenticir/extracted/HQ/075.png,637e76a0398c825f3214d13b10485f7c180dc359b838ade377382c22c8f6b788,28.501422882080078,0.88948762890624,0.12089620530605316,0.315197616815567,0.3761526644229889,69.76268768310547
test/A/noise + jpeg compression artifact/076,A,noise+jpeg compression artifact,/root/autodl-tmp/aaa/graphrestore/artifacts/formal_mio100/graphrestore_v7_1_stage4_step040000/methods/graphrestore_v7_1_stage4_step040000/d2/noise+jpeg compression artifact/076.png,4e8289c0f6081aea89ae72fc3fe14dcb0565436c5c9f3f77330ff696e5c29263,/root/autodl-tmp/graph/data/graphrestore/raw/agenticir/extracted/HQ/076.png,28f7193b83d2979c14a7c73e95657ce02a2cc902196495bea289e190f48cecae,30.900362014770508,0.9004801675184795,0.2012636959552765,0.1646587997674942,0.20329570770263672,52.36632537841797
test/A/noise + jpeg compression artifact/077,A,noise+jpeg compression artifact,/root/autodl-tmp/aaa/graphrestore/artifacts/formal_mio100/graphrestore_v7_1_stage4_step040000/methods/graphrestore_v7_1_stage4_step040000/d2/noise+jpeg compression artifact/077.png,29ecc65da3adbced5e892c87eea82bc348c3a1277fc46c679bc9fd638d189da1,/root/autodl-tmp/graph/data/graphrestore/raw/agenticir/extracted/HQ/077.png,6d0b3c0c4255ee2de7c3c275c114eb531248c06fce157913f4e69dacd492cc91,27.96464729309082,0.8997566360902061,0.18521608412265778,0.2485552728176117,0.23232948780059814,55.13862991333008
test/A/noise + jpeg compression artifact/078,A,noise+jpeg compression artifact,/root/autodl-tmp/aaa/graphrestore/artifacts/formal_mio100/graphrestore_v7_1_stage4_step040000/methods/graphrestore_v7_1_stage4_step040000/d2/noise+jpeg compression artifact/078.png,a12241adcad9d6bc033508a9fd13b911fc18035f2ff8d7d407b43b26e393ce0a,/root/autodl-tmp/graph/data/graphrestore/raw/agenticir/extracted/HQ/078.png,ae84b8b3592a0f623d5bd2c5791b049e6fd87155614fbbad37f1ac00a2cfa870,28.03374481201172,0.7922579245912746,0.24934017658233643,0.3061836063861847,0.330461323261261,68.05736541748047
test/A/noise + jpeg compression artifact/079,A,noise+jpeg compression artifact,/root/autodl-tmp/aaa/graphrestore/artifacts/formal_mio100/graphrestore_v7_1_stage4_step040000/methods/graphrestore_v7_1_stage4_step040000/d2/noise+jpeg compression artifact/079.png,ca226fad6d0b52126fabd51be83a08f1973cc5c5406acbd1d6db825ffc6a27ab,/root/autodl-tmp/graph/data/graphrestore/raw/agenticir/extracted/HQ/079.png,166cde30b17743be2ca3fb2c29004e0b38b126bfa1d8d5f41013c23eb248aad5,29.516693115234375,0.8327765321503386,0.2557269334793091,0.3364105224609375,0.3860835134983063,65.5619125366211
test/A/noise + jpeg compression artifact/080,A,noise+jpeg compression artifact,/root/autodl-tmp/aaa/graphrestore/artifacts/formal_mio100/graphrestore_v7_1_stage4_step040000/methods/graphrestore_v7_1_stage4_step040000/d2/noise+jpeg compression artifact/080.png,702b5b2805b7269e4e90d5adc50fe95b03dd2a499a5beb30b7bbdd88a0db6be6,/root/autodl-tmp/graph/data/graphrestore/raw/agenticir/extracted/HQ/080.png,b208599722bce230536ae4db62272e883a7714d4bfca7d73e1361da3b2ca9225,30.892154693603516,0.8895048033779275,0.17366833984851837,0.1744212806224823,0.27540069818496704,52.66271209716797
test/A/noise + jpeg compression artifact/083,A,noise+jpeg compression artifact,/root/autodl-tmp/aaa/graphrestore/artifacts/formal_mio100/graphrestore_v7_1_stage4_step040000/methods/graphrestore_v7_1_stage4_step040000/d2/noise+jpeg compression artifact/083.png,6b2c86d35c56220ce3e813162128c1293f4883e1e3a21aa9cb4fc7020de87485,/root/autodl-tmp/graph/data/graphrestore/raw/agenticir/extracted/HQ/083.png,4772b8d475dfc90626760cea35452db0ee8dfdd89f7cd8def57f8b4d74ecef44,27.266529083251953,0.874282812890421,0.18321311473846436,0.335442453622818,0.4701104760169983,66.1697006225586
test/A/noise + jpeg compression artifact/084,A,noise+jpeg compression artifact,/root/autodl-tmp/aaa/graphrestore/artifacts/formal_mio100/graphrestore_v7_1_stage4_step040000/methods/graphrestore_v7_1_stage4_step040000/d2/noise+jpeg compression artifact/084.png,e2e744c3b2471903b1b32a532bd6795dbd21ccf2a361c7f998fa2efa09579273,/root/autodl-tmp/graph/data/graphrestore/raw/agenticir/extracted/HQ/084.png,1bc34c4607ba66d84248fe8e7d5e30546ae13841542d8b1cb9146f2a2485df64,31.85614776611328,0.8873928011442873,0.2760368287563324,0.1997176706790924,0.36263972520828247,36.718379974365234
test/A/noise + jpeg compression artifact/085,A,noise+jpeg compression artifact,/root/autodl-tmp/aaa/graphrestore/artifacts/formal_mio100/graphrestore_v7_1_stage4_step040000/methods/graphrestore_v7_1_stage4_step040000/d2/noise+jpeg compression artifact/085.png,405528f06bcdaf9731ac06acd3d64b4d7cd785cce9faccaea038fcb057335258,/root/autodl-tmp/graph/data/graphrestore/raw/agenticir/extracted/HQ/085.png,6174b7cb004afd2a578ec1950d92b99c41115b5a6bf70a511f19156c62bd5274,32.63239288330078,0.9588908276030275,0.13004793226718903,0.16910803318023682,0.3293019235134125,47.14558410644531
test/A/noise + jpeg compression artifact/086,A,noise+jpeg compression artifact,/root/autodl-tmp/aaa/graphrestore/artifacts/formal_mio100/graphrestore_v7_1_stage4_step040000/methods/graphrestore_v7_1_stage4_step040000/d2/noise+jpeg compression artifact/086.png,a9a1093c2c6dcc905a94d0f0742157176a59792d0c74fd90761a5ea6a2715560,/root/autodl-tmp/graph/data/graphrestore/raw/agenticir/extracted/HQ/086.png,68a629299aaf0e4d70065c504c9b3e397721fa17a25c2585446914aa5c7bafb5,24.32390594482422,0.8109581986599403,0.23767192661762238,0.30702877044677734,0.5270193219184875,64.40035247802734
test/A/noise + jpeg compression artifact/087,A,noise+jpeg compression artifact,/root/autodl-tmp/aaa/graphrestore/artifacts/formal_mio100/graphrestore_v7_1_stage4_step040000/methods/graphrestore_v7_1_stage4_step040000/d2/noise+jpeg compression artifact/087.png,033bdedc3f5bef9f42448bc682d5165236976450573fd6a4f887b9dec2590779,/root/autodl-tmp/graph/data/graphrestore/raw/agenticir/extracted/HQ/087.png,059a862de1498fc3b783bcfcce8fad399573aa912bb6638bbd3d43d23b88cdc6,25.983509063720703,0.8076233362001307,0.2912687659263611,0.23492774367332458,0.5819023251533508,60.539249420166016
test/A/noise + jpeg compression artifact/088,A,noise+jpeg compression artifact,/root/autodl-tmp/aaa/graphrestore/artifacts/formal_mio100/graphrestore_v7_1_stage4_step040000/methods/graphrestore_v7_1_stage4_step040000/d2/noise+jpeg compression artifact/088.png,af675c6a4f20915133e45fb18df1da9a42daac61b54add0b03d343c278789249,/root/autodl-tmp/graph/data/graphrestore/raw/agenticir/extracted/HQ/088.png,e76841066e027bd2a2fa101a4598c597d4891a7c535e3cc3195b7afcc249d7ae,31.193540573120117,0.9056182736374329,0.24345901608467102,0.0975925400853157,0.22704806923866272,37.64202880859375
test/A/noise + jpeg compression artifact/089,A,noise+jpeg compression artifact,/root/autodl-tmp/aaa/graphrestore/artifacts/formal_mio100/graphrestore_v7_1_stage4_step040000/methods/graphrestore_v7_1_stage4_step040000/d2/noise+jpeg compression artifact/089.png,8bdf5797644a345020bd1d6d18acb28346325eea8aff4c7a90468b328ae6b2af,/root/autodl-tmp/graph/data/graphrestore/raw/agenticir/extracted/HQ/089.png,046e493440ea7499fe07cec3853e6e170225ce6cdc903aac14730fa6b9bf36ab,27.66767692565918,0.8909674714345628,0.1522415280342102,0.3419865667819977,0.49771547317504883,61.521366119384766
test/A/noise + jpeg compression artifact/090,A,noise+jpeg compression artifact,/root/autodl-tmp/aaa/graphrestore/artifacts/formal_mio100/graphrestore_v7_1_stage4_step040000/methods/graphrestore_v7_1_stage4_step040000/d2/noise+jpeg compression artifact/090.png,66d512599759c397d7ab47592ea223ee95b286d87cecbe4d3b285be1d0d4c48a,/root/autodl-tmp/graph/data/graphrestore/raw/agenticir/extracted/HQ/090.png,830f74b8389bfef595e56e910efc49cf4246f6f7bd552ea8c45d071a0113053c,28.707225799560547,0.9196215152959575,0.08444854617118835,0.3446125090122223,0.41190892457962036,60.55268096923828
test/A/noise + jpeg compression artifact/093,A,noise+jpeg compression artifact,/root/autodl-tmp/aaa/graphrestore/artifacts/formal_mio100/graphrestore_v7_1_stage4_step040000/methods/graphrestore_v7_1_stage4_step040000/d2/noise+jpeg compression artifact/093.png,16cb4b1f19270c2e7c53c6914f5cca4240d885f92800fbcad64e4b226c26e365,/root/autodl-tmp/graph/data/graphrestore/raw/agenticir/extracted/HQ/093.png,b9ef1df7a3be70176f064c2568ea12d8cd9c9c54b3e8fd72bca53d170eaf06f2,30.819204330444336,0.9501660534247649,0.07972874492406845,0.48404717445373535,0.5446993112564087,72.98941802978516
test/A/noise + jpeg compression artifact/094,A,noise+jpeg compression artifact,/root/autodl-tmp/aaa/graphrestore/artifacts/formal_mio100/graphrestore_v7_1_stage4_step040000/methods/graphrestore_v7_1_stage4_step040000/d2/noise+jpeg compression artifact/094.png,567a829a381b369f2cac17789bfd21b5e8d440725366b8f7940c92f0e8864023,/root/autodl-tmp/graph/data/graphrestore/raw/agenticir/extracted/HQ/094.png,45dab31fa407b6793844322a5e147cdfedc3bfa449cd28fc9605f41dba80966d,30.017074584960938,0.9036827872671949,0.07100261002779007,0.43827351927757263,0.5434533953666687,68.29369354248047
test/A/noise + jpeg compression artifact/095,A,noise+jpeg compression artifact,/root/autodl-tmp/aaa/graphrestore/artifacts/formal_mio100/graphrestore_v7_1_stage4_step040000/methods/graphrestore_v7_1_stage4_step040000/d2/noise+jpeg compression artifact/095.png,c55a21dd7b23413116e765dd95f002fd65a68735fdaac447d44b4242e67c06f9,/root/autodl-tmp/graph/data/graphrestore/raw/agenticir/extracted/HQ/095.png,2f04f8c811593049180a1c6bdcf5d723d3c2f6443ba518c407e4976d7a6b2637,24.943069458007812,0.8978875802096384,0.042693670839071274,0.491777628660202,0.4708607792854309,64.65753173828125
test/A/noise + jpeg compression artifact/096,A,noise+jpeg compression artifact,/root/autodl-tmp/aaa/graphrestore/artifacts/formal_mio100/graphrestore_v7_1_stage4_step040000/methods/graphrestore_v7_1_stage4_step040000/d2/noise+jpeg compression artifact/096.png,36df7fd33e3e23cee3215c96ccb93afbfc337c682a61fd595e9ece17b34ba01c,/root/autodl-tmp/graph/data/graphrestore/raw/agenticir/extracted/HQ/096.png,3ac9dbd626f9e294ae10a8ab11a34f6c0132ed355627d25ce3f8790f701fae29,27.66107177734375,0.9112636324556,0.1259533017873764,0.3275463879108429,0.4671729505062103,75.48983001708984
test/A/noise + jpeg compression artifact/097,A,noise+jpeg compression artifact,/root/autodl-tmp/aaa/graphrestore/artifacts/formal_mio100/graphrestore_v7_1_stage4_step040000/methods/graphrestore_v7_1_stage4_step040000/d2/noise+jpeg compression artifact/097.png,109c9e1eed07d5c6874a99c6bc234a0fd0c8609cff3207843c290c9aa95dd2c5,/root/autodl-tmp/graph/data/graphrestore/raw/agenticir/extracted/HQ/097.png,9b6c3c0d294f54e89b51656b0163aa8d0715dd7904848721ea76c07ccf737d2e,27.547914505004883,0.9135374145241905,0.08974207192659378,0.37531813979148865,0.5526213049888611,68.90543365478516
test/A/noise + jpeg compression artifact/098,A,noise+jpeg compression artifact,/root/autodl-tmp/aaa/graphrestore/artifacts/formal_mio100/graphrestore_v7_1_stage4_step040000/methods/graphrestore_v7_1_stage4_step040000/d2/noise+jpeg compression artifact/098.png,6c61ce9ce55dd1a398b12aae940f54019616a024836cbb4922677e0407eaa5e6,/root/autodl-tmp/graph/data/graphrestore/raw/agenticir/extracted/HQ/098.png,f0574e5262ab9942e66006e0df3aab8738de997489badc302e131ae74299181f,29.106300354003906,0.9137101363058289,0.06990231573581696,0.42563942074775696,0.5745029449462891,69.86209869384766
test/A/noise + jpeg compression artifact/099,A,noise+jpeg compression artifact,/root/autodl-tmp/aaa/graphrestore/artifacts/formal_mio100/graphrestore_v7_1_stage4_step040000/methods/graphrestore_v7_1_stage4_step040000/d2/noise+jpeg compression artifact/099.png,d531833e538b8a7964907df3885bed84a725174e27bdd6be774e95d78a2d1fda,/root/autodl-tmp/graph/data/graphrestore/raw/agenticir/extracted/HQ/099.png,15ddff6cab9869d7fe8a7cb6fd328b436bbfa9b089e6adcbba7a5048e4c97f8b,25.780094146728516,0.8316197445259959,0.2680852711200714,0.3092522919178009,0.23389387130737305,61.8779182434082
test/A/noise + jpeg compression artifact/100,A,noise+jpeg compression artifact,/root/autodl-tmp/aaa/graphrestore/artifacts/formal_mio100/graphrestore_v7_1_stage4_step040000/methods/graphrestore_v7_1_stage4_step040000/d2/noise+jpeg compression artifact/100.png,37e14bd4016a0e6cfe2943c13eb5f701e1741c4b22b4261926993520623ce829,/root/autodl-tmp/graph/data/graphrestore/raw/agenticir/extracted/HQ/100.png,b7f5d60dbb3e7047b9c62efc7d61db97052a2cde687d3fae367a14a6793a0c40,28.6585693359375,0.909996009608585,0.09654457867145538,0.42182064056396484,0.4804169237613678,71.6681900024414
test/A/rain + low resolution/003,A,rain+low resolution,/root/autodl-tmp/aaa/graphrestore/artifacts/formal_mio100/graphrestore_v7_1_stage4_step040000/methods/graphrestore_v7_1_stage4_step040000/d2/rain+low resolution/003.png,22bae5d5b98fae94de0897664b96b467438385a236bccc1bc0a7ed2aefa79eaa,/root/autodl-tmp/graph/data/graphrestore/raw/agenticir/extracted/HQ/003.png,c2a2513992db412a7160dfa2f82535dccaa188db91df80ee6ed5b0dd5c5d2d1a,25.355737686157227,0.7005731546712666,0.3348248600959778,0.3035603165626526,0.340768426656723,61.61934280395508
test/A/rain + low resolution/004,A,rain+low resolution,/root/autodl-tmp/aaa/graphrestore/artifacts/formal_mio100/graphrestore_v7_1_stage4_step040000/methods/graphrestore_v7_1_stage4_step040000/d2/rain+low resolution/004.png,ec449d1431d82f072b49e5b73a99fd1224abd025b723c0f5129c12edf13cac38,/root/autodl-tmp/graph/data/graphrestore/raw/agenticir/extracted/HQ/004.png,f1ad3f60cd8e680739263535ab1620a2490f3bc0c65a9355a965c7dff9be1fed,27.74172019958496,0.7979092217021452,0.2794216275215149,0.28348809480667114,0.4131922721862793,67.18158721923828
test/A/rain + low resolution/005,A,rain+low resolution,/root/autodl-tmp/aaa/graphrestore/artifacts/formal_mio100/graphrestore_v7_1_stage4_step040000/methods/graphrestore_v7_1_stage4_step040000/d2/rain+low resolution/005.png,820bf812837baae2f862ac9152398e157be476900dd1d85bc73fed90e8540ece,/root/autodl-tmp/graph/data/graphrestore/raw/agenticir/extracted/HQ/005.png,1d8eb1ef9c1817c087956135efa85be686e7169ef11eb532c768d32d7267a0ff,22.000581741333008,0.6721802403920691,0.2487250119447708,0.2651323676109314,0.5050008893013,64.77320861816406
test/A/rain + low resolution/006,A,rain+low resolution,/root/autodl-tmp/aaa/graphrestore/artifacts/formal_mio100/graphrestore_v7_1_stage4_step040000/methods/graphrestore_v7_1_stage4_step040000/d2/rain+low resolution/006.png,2a6e6b95be5f8056ca68b881b6747a720794a7082d7d5d539bf20c2ce043091a,/root/autodl-tmp/graph/data/graphrestore/raw/agenticir/extracted/HQ/006.png,f62feddd2f379d039dd1effe18b6368c79a6fe31fb8177f797c9f230eb8e1211,28.811931610107422,0.7589180415808252,0.41561582684516907,0.22154057025909424,0.29799774289131165,47.54243850708008
test/A/rain + low resolution/007,A,rain+low resolution,/root/autodl-tmp/aaa/graphrestore/artifacts/formal_mio100/graphrestore_v7_1_stage4_step040000/methods/graphrestore_v7_1_stage4_step040000/d2/rain+low resolution/007.png,5a11cb3feadbcb2fb1846bcf861ea547dcadd4954115d0e2b6a7f19f412c048c,/root/autodl-tmp/graph/data/graphrestore/raw/agenticir/extracted/HQ/007.png,b876f087d5f42a9350f28383ff2df22156b6bbba702809d134b7713d9430881c,25.525007247924805,0.693270267292757,0.3498128056526184,0.3186299204826355,0.3970508277416229,63.09355926513672
test/A/rain + low resolution/008,A,rain+low resolution,/root/autodl-tmp/aaa/graphrestore/artifacts/formal_mio100/graphrestore_v7_1_stage4_step040000/methods/graphrestore_v7_1_stage4_step040000/d2/rain+low resolution/008.png,5f8db2a0bc016ba07cb90270fd9b054ae92f4935cee5ba2783ee1ad32e054f59,/root/autodl-tmp/graph/data/graphrestore/raw/agenticir/extracted/HQ/008.png,4efb8dbbd2ba5090b7b951a456ec5ed27a5d61360ab95cb1c5a9366f2868cb94,27.828876495361328,0.7756866211028249,0.30447009205818176,0.2795267701148987,0.42590975761413574,51.60487365722656
test/A/rain + low resolution/009,A,rain+low resolution,/root/autodl-tmp/aaa/graphrestore/artifacts/formal_mio100/graphrestore_v7_1_stage4_step040000/methods/graphrestore_v7_1_stage4_step040000/d2/rain+low resolution/009.png,5373e8a80b4f8f0f5eea37edc1b3b288d6b783dd5edb134012e64842b6833499,/root/autodl-tmp/graph/data/graphrestore/raw/agenticir/extracted/HQ/009.png,5b779ac0fbe5d1e4d4126fd2864493dcc2ecdbde374ede7e29a054b2a9cb4f21,34.68671798706055,0.9426371239226538,0.1589086651802063,0.20817719399929047,0.2721075713634491,43.1357536315918
test/A/rain + low resolution/010,A,rain+low resolution,/root/autodl-tmp/aaa/graphrestore/artifacts/formal_mio100/graphrestore_v7_1_stage4_step040000/methods/graphrestore_v7_1_stage4_step040000/d2/rain+low resolution/010.png,6362ce85de8c564427efd982440b8c5d9410e7264fcd98f5b93e31a3b53028d8,/root/autodl-tmp/graph/data/graphrestore/raw/agenticir/extracted/HQ/010.png,327492996d853f5c8873b435f98a91afd07db64567545baa61c9f4f64f717a0d,21.6304931640625,0.6868417262271846,0.4072273075580597,0.3027776777744293,0.5755581259727478,64.79497528076172
test/A/rain + low resolution/013,A,rain+low resolution,/root/autodl-tmp/aaa/graphrestore/artifacts/formal_mio100/graphrestore_v7_1_stage4_step040000/methods/graphrestore_v7_1_stage4_step040000/d2/rain+low resolution/013.png,06e47ae45d21ba7be8e2f447867b29e4baf71a753665d054537674cb4cbb1f51,/root/autodl-tmp/graph/data/graphrestore/raw/agenticir/extracted/HQ/013.png,afe18305499bd0b8318392e8f34ede33aafb5a0df2371075fe9f30a1c81a75eb,20.41352081298828,0.4854869081214069,0.46252793073654175,0.394132524728775,0.526634156703949,51.03534698486328
test/A/rain + low resolution/014,A,rain+low resolution,/root/autodl-tmp/aaa/graphrestore/artifacts/formal_mio100/graphrestore_v7_1_stage4_step040000/methods/graphrestore_v7_1_stage4_step040000/d2/rain+low resolution/014.png,5497552ad4148ae4c1f021d2851f1c720e8f5074aeb5589933f0c10a492c70d1,/root/autodl-tmp/graph/data/graphrestore/raw/agenticir/extracted/HQ/014.png,2d569d9b923a96b1542c0b845dce0c7657794eba9f6f22ae5d02f335ef1bc4a0,27.315996170043945,0.8551459978743139,0.14392943680286407,0.3618321716785431,0.5241686701774597,56.13775634765625
test/A/rain + low resolution/015,A,rain+low resolution,/root/autodl-tmp/aaa/graphrestore/artifacts/formal_mio100/graphrestore_v7_1_stage4_step040000/methods/graphrestore_v7_1_stage4_step040000/d2/rain+low resolution/015.png,45ac9be648a50a05d5d9925516ac966b4c1002aeacdd15e166d9018a8ffefae8,/root/autodl-tmp/graph/data/graphrestore/raw/agenticir/extracted/HQ/015.png,286adb5a1c45ee88f14e1b16e3af420910584bf5ebdd72c40cf75317559c731f,20.768173217773438,0.6525490610360317,0.27252840995788574,0.3898092210292816,0.507408082485199,50.882667541503906
test/A/rain + low resolution/016,A,rain+low resolution,/root/autodl-tmp/aaa/graphrestore/artifacts/formal_mio100/graphrestore_v7_1_stage4_step040000/methods/graphrestore_v7_1_stage4_step040000/d2/rain+low resolution/016.png,e9e99769bc34a9e1725d75fb2c9db68df8d50a495c4b2b0742ffdc998b534ba7,/root/autodl-tmp/graph/data/graphrestore/raw/agenticir/extracted/HQ/016.png,ddc71b4b9bd2a57cabf985c7743b8ff7083a0d9205008603edb440ba27da9313,19.79088592529297,0.5658193187752942,0.41183048486709595,0.2610202729701996,0.4439285695552826,55.73118591308594
test/A/rain + low resolution/017,A,rain+low resolution,/root/autodl-tmp/aaa/graphrestore/artifacts/formal_mio100/graphrestore_v7_1_stage4_step040000/methods/graphrestore_v7_1_stage4_step040000/d2/rain+low resolution/017.png,04342a5da1c38cc027bc9c0cd5f26366b1c12dade21642a8af3f84fa8c854144,/root/autodl-tmp/graph/data/graphrestore/raw/agenticir/extracted/HQ/017.png,ab3ab0c03c2d8c9c0befbcad219fae23c9795fdf99d664630f4f4febbd02c519,26.34779167175293,0.8234269555536016,0.174536794424057,0.4107288420200348,0.5998482704162598,58.066917419433594
test/A/rain + low resolution/018,A,rain+low resolution,/root/autodl-tmp/aaa/graphrestore/artifacts/formal_mio100/graphrestore_v7_1_stage4_step040000/methods/graphrestore_v7_1_stage4_step040000/d2/rain+low resolution/018.png,429b2ce1d8c6b8706fa4f46f15536eca87479b18a8d2eae1c6be629a234ac042,/root/autodl-tmp/graph/data/graphrestore/raw/agenticir/extracted/HQ/018.png,66db8e4aeb78f506ae4415572eb910726c3f16ede70138093ab4eced187b8df1,18.600290298461914,0.4407151661027133,0.5893813967704773,0.2791963815689087,0.3326018750667572,46.43798828125
test/A/rain + low resolution/019,A,rain+low resolution,/root/autodl-tmp/aaa/graphrestore/artifacts/formal_mio100/graphrestore_v7_1_stage4_step040000/methods/graphrestore_v7_1_stage4_step040000/d2/rain+low resolution/019.png,e7f2bda5a2c3d4ca92dfc5c3a4d561d8ed30ca1d5a311b34aaacfba6bae14dbe,/root/autodl-tmp/graph/data/graphrestore/raw/agenticir/extracted/HQ/019.png,fb026cef85a4f7e64ad7c5f064ed15de1f04a7a7b6bde70b28ee78a55db21aeb,20.059188842773438,0.6255135297980647,0.36524659395217896,0.3434109389781952,0.34306803345680237,47.374420166015625
test/A/rain + low resolution/020,A,rain+low resolution,/root/autodl-tmp/aaa/graphrestore/artifacts/formal_mio100/graphrestore_v7_1_stage4_step040000/methods/graphrestore_v7_1_stage4_step040000/d2/rain+low resolution/020.png,7388f3eebd003e1cd156a8b1145604d4e2d8928c4f67a263f56e39790c23b43a,/root/autodl-tmp/graph/data/graphrestore/raw/agenticir/extracted/HQ/020.png,daa15d9f51eab9eca70197a7f05df7873e3eab75e432b0a81fe9488be552f37a,18.099136352539062,0.5553230385621899,0.45412954688072205,0.31306442618370056,0.30855247378349304,48.68369674682617
test/A/rain + low resolution/023,A,rain+low resolution,/root/autodl-tmp/aaa/graphrestore/artifacts/formal_mio100/graphrestore_v7_1_stage4_step040000/methods/graphrestore_v7_1_stage4_step040000/d2/rain+low resolution/023.png,6061a8a2e98617cc46588ee204a2f25750bdc4d6a710efb64f00a24df7efd672,/root/autodl-tmp/graph/data/graphrestore/raw/agenticir/extracted/HQ/023.png,befde78eca5789c87200ca1e2ac905ba8ad5706b50af86454bd30bc857c90e02,21.02115249633789,0.6439423988898583,0.4253740608692169,0.259986937046051,0.2331775426864624,48.214866638183594
test/A/rain + low resolution/024,A,rain+low resolution,/root/autodl-tmp/aaa/graphrestore/artifacts/formal_mio100/graphrestore_v7_1_stage4_step040000/methods/graphrestore_v7_1_stage4_step040000/d2/rain+low resolution/024.png,fabaa631d034e4703ccf846daaca447e1b55bf844492e5425c54951baa0a81b1,/root/autodl-tmp/graph/data/graphrestore/raw/agenticir/extracted/HQ/024.png,e51441e174dd8dc0c47872ccb4221ab3f054b716588ee0f42d58a56098bd9538,23.005149841308594,0.7170824066583059,0.34239476919174194,0.26174822449684143,0.35791823267936707,55.4059944152832
test/A/rain + low resolution/025,A,rain+low resolution,/root/autodl-tmp/aaa/graphrestore/artifacts/formal_mio100/graphrestore_v7_1_stage4_step040000/methods/graphrestore_v7_1_stage4_step040000/d2/rain+low resolution/025.png,d10e4955cfd637c2baab3c9d3089158b1fa66f0c39c7445370d43e94bc6c8863,/root/autodl-tmp/graph/data/graphrestore/raw/agenticir/extracted/HQ/025.png,f384d4a9bc3c31bc29038378f849002dc4ff2db373d852b732f5cfc24ebed244,26.559001922607422,0.6680620278127795,0.42966195940971375,0.2344464212656021,0.2952190041542053,50.99448013305664
test/A/rain + low resolution/026,A,rain+low resolution,/root/autodl-tmp/aaa/graphrestore/artifacts/formal_mio100/graphrestore_v7_1_stage4_step040000/methods/graphrestore_v7_1_stage4_step040000/d2/rain+low resolution/026.png,167ed697a45ff2a00e8c99c554cf8ba880e7f2727fbfc621ccadb8764329d1d8,/root/autodl-tmp/graph/data/graphrestore/raw/agenticir/extracted/HQ/026.png,cfce1d4c02a00f28988a64f63cd538c4147c3a72c147a6549d71f1105d671224,27.942108154296875,0.8093625234965188,0.3708205819129944,0.2100716382265091,0.2079458236694336,41.904640197753906
test/A/rain + low resolution/027,A,rain+low resolution,/root/autodl-tmp/aaa/graphrestore/artifacts/formal_mio100/graphrestore_v7_1_stage4_step040000/methods/graphrestore_v7_1_stage4_step040000/d2/rain+low resolution/027.png,aef7a19367a094eba346262a69fcda8f6b44a931745abda1f6d225a43bda9b02,/root/autodl-tmp/graph/data/graphrestore/raw/agenticir/extracted/HQ/027.png,d69be3d26f3d3c95ffd9de3bd8d565120e0f09fb4aa84c72ae18d8fc4f871aae,25.366348266601562,0.7295489983176064,0.35762739181518555,0.23588743805885315,0.2957514226436615,53.824134826660156
test/A/rain + low resolution/028,A,rain+low resolution,/root/autodl-tmp/aaa/graphrestore/artifacts/formal_mio100/graphrestore_v7_1_stage4_step040000/methods/graphrestore_v7_1_stage4_step040000/d2/rain+low resolution/028.png,27aa237d340ad8c43c0f2b06000b38ae92e34166d28ceb29cf314717db1d3f43,/root/autodl-tmp/graph/data/graphrestore/raw/agenticir/extracted/HQ/028.png,181f97da79059de1a93d1a0d30f6851393282c6af8b607d83ce29ab8c9dbf771,31.727006912231445,0.8728974427548184,0.22820310294628143,0.2477884739637375,0.44606032967567444,46.54054641723633
test/A/rain + low resolution/029,A,rain+low resolution,/root/autodl-tmp/aaa/graphrestore/artifacts/formal_mio100/graphrestore_v7_1_stage4_step040000/methods/graphrestore_v7_1_stage4_step040000/d2/rain+low resolution/029.png,d552b7efde2d27592167f7ddf6b6afc7d549ced45154e9e46afed946e21fb914,/root/autodl-tmp/graph/data/graphrestore/raw/agenticir/extracted/HQ/029.png,3c7f43d0544ada8d7b64d7bb197621349fa1dcdf8400fb6128afaf8787814556,26.455108642578125,0.743738065795592,0.38943445682525635,0.218742236495018,0.2921997010707855,49.02527618408203
test/A/rain + low resolution/030,A,rain+low resolution,/root/autodl-tmp/aaa/graphrestore/artifacts/formal_mio100/graphrestore_v7_1_stage4_step040000/methods/graphrestore_v7_1_stage4_step040000/d2/rain+low resolution/030.png,3e303867fee440c1550f56ac247e433f21266f191673e7f712701df9cdb208ba,/root/autodl-tmp/graph/data/graphrestore/raw/agenticir/extracted/HQ/030.png,576b0158cf5a541dd6aaf522902400e8ba3175aacca36d9df22951f52acf3f2f,22.769651412963867,0.6869368533685467,0.37562716007232666,0.2824666202068329,0.47944360971450806,55.675270080566406
test/A/rain + low resolution/033,A,rain+low resolution,/root/autodl-tmp/aaa/graphrestore/artifacts/formal_mio100/graphrestore_v7_1_stage4_step040000/methods/graphrestore_v7_1_stage4_step040000/d2/rain+low resolution/033.png,2b41f2be15c62ae1aa9315e422abf1f7d08aa0b793d53d854c7c249b61c01ea9,/root/autodl-tmp/graph/data/graphrestore/raw/agenticir/extracted/HQ/033.png,9590f1419e378254c01f330c248e12e8a62792b04a27b72daf2c0afd6c41c758,20.714611053466797,0.5056824184197701,0.5650941133499146,0.20698705315589905,0.30198177695274353,43.408782958984375
test/A/rain + low resolution/034,A,rain+low resolution,/root/autodl-tmp/aaa/graphrestore/artifacts/formal_mio100/graphrestore_v7_1_stage4_step040000/methods/graphrestore_v7_1_stage4_step040000/d2/rain+low resolution/034.png,1f83621b455844b2d6142df1ead876d7f4fcac82406451b76a9bde1455d1413a,/root/autodl-tmp/graph/data/graphrestore/raw/agenticir/extracted/HQ/034.png,0575cc2334f8f50fcbd3d9f58173645db8764f938ee55e8899084ca2b66fd018,25.172502517700195,0.4876186040465265,0.8693830966949463,0.23319551348686218,0.27415016293525696,38.90827560424805
test/A/rain + low resolution/035,A,rain+low resolution,/root/autodl-tmp/aaa/graphrestore/artifacts/formal_mio100/graphrestore_v7_1_stage4_step040000/methods/graphrestore_v7_1_stage4_step040000/d2/rain+low resolution/035.png,7f89e52cd0337fd53b060ab567a548c5d8a1da4d87a178c4edb9113dd29e5bc8,/root/autodl-tmp/graph/data/graphrestore/raw/agenticir/extracted/HQ/035.png,4e230744a9cb7c3ebe976ae7267155312b876fb355283b4938b34b758aef7ff9,27.701807022094727,0.7677128983425063,0.28206393122673035,0.3162231147289276,0.4241954982280731,56.593902587890625
test/A/rain + low resolution/036,A,rain+low resolution,/root/autodl-tmp/aaa/graphrestore/artifacts/formal_mio100/graphrestore_v7_1_stage4_step040000/methods/graphrestore_v7_1_stage4_step040000/d2/rain+low resolution/036.png,0db481cb43d26eec01aaf375756cf9e09a887d5f47724597d9eb85ea49fb5d02,/root/autodl-tmp/graph/data/graphrestore/raw/agenticir/extracted/HQ/036.png,409fbd0ad51be33e9e2711cb7b22cb39999eaac6e278ca1621c20300be446d76,22.36858558654785,0.6048286574988002,0.4377581477165222,0.2356622964143753,0.41236934065818787,33.99277877807617
test/A/rain + low resolution/037,A,rain+low resolution,/root/autodl-tmp/aaa/graphrestore/artifacts/formal_mio100/graphrestore_v7_1_stage4_step040000/methods/graphrestore_v7_1_stage4_step040000/d2/rain+low resolution/037.png,9d85e39f176c3d9fb4ecbc2937bfea84914ff8b9156d9b035e89b6b3fa0bdddd,/root/autodl-tmp/graph/data/graphrestore/raw/agenticir/extracted/HQ/037.png,8f31abe11ce5d5377f131fdc788024ffb8d5cfdda501c06a64ca1fc80fab0d07,26.391742706298828,0.79142443822233,0.3280586004257202,0.27452006936073303,0.332611620426178,49.31533432006836
test/A/rain + low resolution/038,A,rain+low resolution,/root/autodl-tmp/aaa/graphrestore/artifacts/formal_mio100/graphrestore_v7_1_stage4_step040000/methods/graphrestore_v7_1_stage4_step040000/d2/rain+low resolution/038.png,739bd951526669581d9582c07351b7b27746e82136b92259fde835bad1c51f0f,/root/autodl-tmp/graph/data/graphrestore/raw/agenticir/extracted/HQ/038.png,fe7df2186482ca2cc105baed74cb1da9667b3b03e1629055880b6012db131aa1,25.06061553955078,0.653786630051209,0.4845808446407318,0.22914284467697144,0.2909243404865265,41.282379150390625
test/A/rain + low resolution/039,A,rain+low resolution,/root/autodl-tmp/aaa/graphrestore/artifacts/formal_mio100/graphrestore_v7_1_stage4_step040000/methods/graphrestore_v7_1_stage4_step040000/d2/rain+low resolution/039.png,eb351189e6c9e585e3fe1064873657d6b29840a0163c5212fab3acf19db37ad3,/root/autodl-tmp/graph/data/graphrestore/raw/agenticir/extracted/HQ/039.png,a2038f7610363fb1916197e0557fa84b50b610d86885a2d6409f9e3aa75fbbcd,27.20210075378418,0.9157658007310869,0.24242852628231049,0.24573875963687897,0.32248255610466003,38.570289611816406
test/A/rain + low resolution/040,A,rain+low resolution,/root/autodl-tmp/aaa/graphrestore/artifacts/formal_mio100/graphrestore_v7_1_stage4_step040000/methods/graphrestore_v7_1_stage4_step040000/d2/rain+low resolution/040.png,f81b5f9eec2a0fd502ff4a8513a52c484ceba230b73f85472a2b60fa5825c498,/root/autodl-tmp/graph/data/graphrestore/raw/agenticir/extracted/HQ/040.png,c5a9e4bb9d84a6734bdc04c272c48c1b17b150a1e346afab2338eb0ba41f1464,25.16045570373535,0.7254042282856215,0.4492521584033966,0.19695399701595306,0.3025057017803192,41.00654602050781
test/A/rain + low resolution/043,A,rain+low resolution,/root/autodl-tmp/aaa/graphrestore/artifacts/formal_mio100/graphrestore_v7_1_stage4_step040000/methods/graphrestore_v7_1_stage4_step040000/d2/rain+low resolution/043.png,19a3b20a410878db4586eee2872981019905be0a6975d15da8aef725be4371e9,/root/autodl-tmp/graph/data/graphrestore/raw/agenticir/extracted/HQ/043.png,15880c27b3101797c4e5896dee7349ad832ac1c49fcd0c559b357f4e28296b4d,23.235597610473633,0.59426199071854,0.45335808396339417,0.3267897665500641,0.2608385980129242,56.73248291015625
test/A/rain + low resolution/044,A,rain+low resolution,/root/autodl-tmp/aaa/graphrestore/artifacts/formal_mio100/graphrestore_v7_1_stage4_step040000/methods/graphrestore_v7_1_stage4_step040000/d2/rain+low resolution/044.png,6a022f50029f1e06ac0bb78a373a9ca1cc04db7252742ccfa71977f128195adf,/root/autodl-tmp/graph/data/graphrestore/raw/agenticir/extracted/HQ/044.png,0645011c1dc3777ab263df617d1747b902c2d321de6f939549cfbe43eabc9245,27.124191284179688,0.7268008057928826,0.46791768074035645,0.3012632727622986,0.5340100526809692,49.36872863769531
test/A/rain + low resolution/045,A,rain+low resolution,/root/autodl-tmp/aaa/graphrestore/artifacts/formal_mio100/graphrestore_v7_1_stage4_step040000/methods/graphrestore_v7_1_stage4_step040000/d2/rain+low resolution/045.png,98570246a54d302b52d616e4bdf71d1269c086b9c9c3dd4e955d2955be795793,/root/autodl-tmp/graph/data/graphrestore/raw/agenticir/extracted/HQ/045.png,d3e352c98c1fe9df1181c1e362bb9c3ba3a1d077456198796083821dab20d1fc,23.373638153076172,0.534798580191277,0.6029662489891052,0.33293697237968445,0.22584819793701172,51.48609924316406
test/A/rain + low resolution/046,A,rain+low resolution,/root/autodl-tmp/aaa/graphrestore/artifacts/formal_mio100/graphrestore_v7_1_stage4_step040000/methods/graphrestore_v7_1_stage4_step040000/d2/rain+low resolution/046.png,634fd62b3c0ef48a6a8efbc453ab754efa37cc351c72b088884059cd21931c25,/root/autodl-tmp/graph/data/graphrestore/raw/agenticir/extracted/HQ/046.png,af4b21bf96515f2ff4f97a4990856b43ae02a1d8f39909428228a2612b5f936f,20.542896270751953,0.4570672864734349,0.5870658755302429,0.3406398892402649,0.4212210774421692,52.44123077392578
test/A/rain + low resolution/047,A,rain+low resolution,/root/autodl-tmp/aaa/graphrestore/artifacts/formal_mio100/graphrestore_v7_1_stage4_step040000/methods/graphrestore_v7_1_stage4_step040000/d2/rain+low resolution/047.png,f063712ea6f6128e0ad025342f2e7257c30c020d7fc0ecb092acbda133baab99,/root/autodl-tmp/graph/data/graphrestore/raw/agenticir/extracted/HQ/047.png,8ecf454f7d68ca4ebf19b2b4a22275d3bb344666e4e483fda2c8cb84d5ff94db,25.11016082763672,0.683322366480685,0.32852497696876526,0.3229704201221466,0.42210108041763306,54.74353790283203
test/A/rain + low resolution/048,A,rain+low resolution,/root/autodl-tmp/aaa/graphrestore/artifacts/formal_mio100/graphrestore_v7_1_stage4_step040000/methods/graphrestore_v7_1_stage4_step040000/d2/rain+low resolution/048.png,d3c54bcf2fafc52f5e8012844d9a3ad1cad10452a8902e03f0c98142ad04f616,/root/autodl-tmp/graph/data/graphrestore/raw/agenticir/extracted/HQ/048.png,b74e449ab10a96799f5e791f68de34dcfaf90a4befdb242cee372f6743841606,20.987016677856445,0.4866991508810308,0.4944263696670532,0.35873037576675415,0.42702993750572205,52.062015533447266
test/A/rain + low resolution/049,A,rain+low resolution,/root/autodl-tmp/aaa/graphrestore/artifacts/formal_mio100/graphrestore_v7_1_stage4_step040000/methods/graphrestore_v7_1_stage4_step040000/d2/rain+low resolution/049.png,e3a77f3ddcf8085e4408dff889abeabaef8651a93a33366e17f2ef89d438278e,/root/autodl-tmp/graph/data/graphrestore/raw/agenticir/extracted/HQ/049.png,bdd8f4cec02d5659a12541bb32718429d397d6be195679045764e31574c4f226,20.652048110961914,0.5128093068742765,0.6066414713859558,0.40774187445640564,0.44383689761161804,47.50088882446289
test/A/rain + low resolution/050,A,rain+low resolution,/root/autodl-tmp/aaa/graphrestore/artifacts/formal_mio100/graphrestore_v7_1_stage4_step040000/methods/graphrestore_v7_1_stage4_step040000/d2/rain+low resolution/050.png,0c9d2f8fbe59b98d9a7e31c8d04166d45854e054e63ef83ac9c54041109dab0c,/root/autodl-tmp/graph/data/graphrestore/raw/agenticir/extracted/HQ/050.png,c4cfbc77b28b145af37ea26b0b501d69633ebdedd3ce9a90d5760063ee95f492,21.044219970703125,0.5549098323929123,0.4643225371837616,0.3529444932937622,0.4541171193122864,56.790931701660156
test/A/rain + low resolution/053,A,rain+low resolution,/root/autodl-tmp/aaa/graphrestore/artifacts/formal_mio100/graphrestore_v7_1_stage4_step040000/methods/graphrestore_v7_1_stage4_step040000/d2/rain+low resolution/053.png,53e8884521b726254526d5e08c654da00179f696af515646df000e74636ab588,/root/autodl-tmp/graph/data/graphrestore/raw/agenticir/extracted/HQ/053.png,6b1f2208c72adcd28d96a15d538bbfbe27cb5a21be416b6f30fa836b12ac867d,33.290077209472656,0.913646389008229,0.19178098440170288,0.25363340973854065,0.33995842933654785,55.208595275878906
test/A/rain + low resolution/054,A,rain+low resolution,/root/autodl-tmp/aaa/graphrestore/artifacts/formal_mio100/graphrestore_v7_1_stage4_step040000/methods/graphrestore_v7_1_stage4_step040000/d2/rain+low resolution/054.png,4a0cbb40fe7fbe64f49d0ffdaabb4ea55d9c2a7608467d3add882c9d3926e184,/root/autodl-tmp/graph/data/graphrestore/raw/agenticir/extracted/HQ/054.png,699ffde2d8d110e52811d39e5b9d745965d4211dd2312f453ce367f1bc0e66f5,30.517898559570312,0.8495170522806467,0.40146780014038086,0.21724064648151398,0.2924337089061737,49.00206756591797
test/A/rain + low resolution/055,A,rain+low resolution,/root/autodl-tmp/aaa/graphrestore/artifacts/formal_mio100/graphrestore_v7_1_stage4_step040000/methods/graphrestore_v7_1_stage4_step040000/d2/rain+low resolution/055.png,399eebd81e24dd4bfbb3475f6fb928021255829dccc0b244fc5006cc49f1ca8c,/root/autodl-tmp/graph/data/graphrestore/raw/agenticir/extracted/HQ/055.png,5a59c6f9051a70f1c3ad8e9550b2a21322ef8ad71bd70085fb2330f6f6da3948,35.8267822265625,0.9021271992332973,0.2536916434764862,0.25147193670272827,0.3640623986721039,56.72871780395508
test/A/rain + low resolution/056,A,rain+low resolution,/root/autodl-tmp/aaa/graphrestore/artifacts/formal_mio100/graphrestore_v7_1_stage4_step040000/methods/graphrestore_v7_1_stage4_step040000/d2/rain+low resolution/056.png,a5ea53223f7949a473835df59a4789d48f890a1118f4c851b448bf80fd59f8a7,/root/autodl-tmp/graph/data/graphrestore/raw/agenticir/extracted/HQ/056.png,c5f28866f72e2d370875385eb6575124b0735f8f927fae1c07ff7151e200c956,30.05157470703125,0.8411001406199916,0.289780855178833,0.2631518542766571,0.394052118062973,58.63185119628906
test/A/rain + low resolution/057,A,rain+low resolution,/root/autodl-tmp/aaa/graphrestore/artifacts/formal_mio100/graphrestore_v7_1_stage4_step040000/methods/graphrestore_v7_1_stage4_step040000/d2/rain+low resolution/057.png,d1906a7e6e45d27fafdc27d6ae7f090704f69d57cf8bdc0fb12729f244919e07,/root/autodl-tmp/graph/data/graphrestore/raw/agenticir/extracted/HQ/057.png,42353ae75793843947c257055d87e0568db28ed51b9a5d87cc0d6a0dafb242af,31.20863914489746,0.8936418613314303,0.2170645296573639,0.27708837389945984,0.352470725774765,60.55305480957031
test/A/rain + low resolution/058,A,rain+low resolution,/root/autodl-tmp/aaa/graphrestore/artifacts/formal_mio100/graphrestore_v7_1_stage4_step040000/methods/graphrestore_v7_1_stage4_step040000/d2/rain+low resolution/058.png,5fb370cb8c91dfd95bee7cece6dbbdf393225f590291d343d86440af045c7f25,/root/autodl-tmp/graph/data/graphrestore/raw/agenticir/extracted/HQ/058.png,e50e67dc4e57dc18d552546044c5ca169fdb26de4d5d81650d00d4b0f3ab7e76,28.575397491455078,0.8876298370346549,0.17338350415229797,0.2606004774570465,0.3540436923503876,54.525306701660156
test/A/rain + low resolution/059,A,rain+low resolution,/root/autodl-tmp/aaa/graphrestore/artifacts/formal_mio100/graphrestore_v7_1_stage4_step040000/methods/graphrestore_v7_1_stage4_step040000/d2/rain+low resolution/059.png,e81b86ff76a85afba077809df3e5c424fabd49ebff683b956b72f4b4b369a762,/root/autodl-tmp/graph/data/graphrestore/raw/agenticir/extracted/HQ/059.png,e60c8277194566df02c7cefc895d1390756059f7a29ac67206ec202f1b897add,32.33278274536133,0.9096145736386086,0.2304615080356598,0.22486908733844757,0.2648608386516571,54.59514617919922
test/A/rain + low resolution/060,A,rain+low resolution,/root/autodl-tmp/aaa/graphrestore/artifacts/formal_mio100/graphrestore_v7_1_stage4_step040000/methods/graphrestore_v7_1_stage4_step040000/d2/rain+low resolution/060.png,514ac3d89612551f3df43417ef13840a1c4b0eb09f2743d82e7541fae9caf7af,/root/autodl-tmp/graph/data/graphrestore/raw/agenticir/extracted/HQ/060.png,d173273231bf0b68767ae3e287f4f34baa71e7d986a98c43a41fa9668fd8a0d4,30.46367645263672,0.851458006963178,0.23292094469070435,0.25178062915802,0.3262239396572113,57.86733627319336
test/A/rain + low resolution/063,A,rain+low resolution,/root/autodl-tmp/aaa/graphrestore/artifacts/formal_mio100/graphrestore_v7_1_stage4_step040000/methods/graphrestore_v7_1_stage4_step040000/d2/rain+low resolution/063.png,9572307ee194086bdab55b3bba0981cef5a56f9aa890b9cccaeaf804bf1c9d63,/root/autodl-tmp/graph/data/graphrestore/raw/agenticir/extracted/HQ/063.png,f7ccce7c58be38c16fb08060b8b379825cb0417a04e6813c72985768a480929c,24.31446075439453,0.8097626475324202,0.22428469359874725,0.3205898404121399,0.2961951792240143,59.331024169921875
test/A/rain + low resolution/064,A,rain+low resolution,/root/autodl-tmp/aaa/graphrestore/artifacts/formal_mio100/graphrestore_v7_1_stage4_step040000/methods/graphrestore_v7_1_stage4_step040000/d2/rain+low resolution/064.png,c3d75c1f916b716d77355ab4db7a7677145db142cb8a386adf5480aff5425860,/root/autodl-tmp/graph/data/graphrestore/raw/agenticir/extracted/HQ/064.png,b34caae8d574b2c008d53ceb0490df55c099e68844b2819f0c02fc50db26cee0,24.101486206054688,0.6959547183491842,0.33411654829978943,0.231375589966774,0.3414453864097595,54.719139099121094
test/A/rain + low resolution/065,A,rain+low resolution,/root/autodl-tmp/aaa/graphrestore/artifacts/formal_mio100/graphrestore_v7_1_stage4_step040000/methods/graphrestore_v7_1_stage4_step040000/d2/rain+low resolution/065.png,85ad52082a30f93ac512d06ac71aa254936b22c011dbccfd5d900c4a3ba93ba6,/root/autodl-tmp/graph/data/graphrestore/raw/agenticir/extracted/HQ/065.png,f0770ae16bf79be3b5d94a7868da009f5ce1bbf54bfe5c879e352a4df590ef63,24.867382049560547,0.6715966510179535,0.3778006434440613,0.2594609260559082,0.23477450013160706,55.16490936279297
test/A/rain + low resolution/066,A,rain+low resolution,/root/autodl-tmp/aaa/graphrestore/artifacts/formal_mio100/graphrestore_v7_1_stage4_step040000/methods/graphrestore_v7_1_stage4_step040000/d2/rain+low resolution/066.png,9757d9cf68ffa77361b89ae90cc0c1140812406ea33e4c7e5c7d3068d96314fe,/root/autodl-tmp/graph/data/graphrestore/raw/agenticir/extracted/HQ/066.png,a19230b326bd2fb5c26ae283f65bf0b85f39f90421056a47c7ecd6d683379aff,23.61785888671875,0.736772299617174,0.294134259223938,0.2414817363023758,0.31357669830322266,64.80280303955078
test/A/rain + low resolution/067,A,rain+low resolution,/root/autodl-tmp/aaa/graphrestore/artifacts/formal_mio100/graphrestore_v7_1_stage4_step040000/methods/graphrestore_v7_1_stage4_step040000/d2/rain+low resolution/067.png,4ccc08386dae118cc948300c40d16a3402e1eab766c20e9e8fafecc24d53c8f0,/root/autodl-tmp/graph/data/graphrestore/raw/agenticir/extracted/HQ/067.png,91cd9f021a6902b7f3220c6a373cba11f3bfbe4e4984c1d6fc4be0c76acb67a0,23.3841495513916,0.7129622136159551,0.29853370785713196,0.23842652142047882,0.24859176576137543,57.69521713256836
test/A/rain + low resolution/068,A,rain+low resolution,/root/autodl-tmp/aaa/graphrestore/artifacts/formal_mio100/graphrestore_v7_1_stage4_step040000/methods/graphrestore_v7_1_stage4_step040000/d2/rain+low resolution/068.png,eaaff05e46949a3091f32200dfee222b7df8b0848d05092f0cd5222c020ee8f8,/root/autodl-tmp/graph/data/graphrestore/raw/agenticir/extracted/HQ/068.png,b8187d79db16002364f6017df807e6cac41e7ee9a68413a384b1bd69eddaa638,23.622783660888672,0.7017482508866102,0.29980263113975525,0.2637771964073181,0.2825983166694641,58.57598876953125
test/A/rain + low resolution/069,A,rain+low resolution,/root/autodl-tmp/aaa/graphrestore/artifacts/formal_mio100/graphrestore_v7_1_stage4_step040000/methods/graphrestore_v7_1_stage4_step040000/d2/rain+low resolution/069.png,b168397d5b362f1a2e253d79d9f31b7b500891b28a29c4c0dcf6537bf827d82a,/root/autodl-tmp/graph/data/graphrestore/raw/agenticir/extracted/HQ/069.png,abb08be58f50075e5e6b1de44ddfe61c30ebb34882e9d72681edd73a5cdbb156,24.901752471923828,0.6522941517170229,0.4309713840484619,0.272959440946579,0.3227790892124176,63.23923873901367
test/A/rain + low resolution/070,A,rain+low resolution,/root/autodl-tmp/aaa/graphrestore/artifacts/formal_mio100/graphrestore_v7_1_stage4_step040000/methods/graphrestore_v7_1_stage4_step040000/d2/rain+low resolution/070.png,39a3640f8431c9e2f340a8d2a82980710420b9cfaa483fd4b4531b3d2a916c15,/root/autodl-tmp/graph/data/graphrestore/raw/agenticir/extracted/HQ/070.png,718ae2570e431003fb32f2a40e19f813545164ace18230ac03f9ec96b2747f85,28.05269432067871,0.9078874601064091,0.14022350311279297,0.17952749133110046,0.2715875208377838,45.73017501831055
test/A/rain + low resolution/073,A,rain+low resolution,/root/autodl-tmp/aaa/graphrestore/artifacts/formal_mio100/graphrestore_v7_1_stage4_step040000/methods/graphrestore_v7_1_stage4_step040000/d2/rain+low resolution/073.png,46e1da4a0b22e8579bd87f4210368d156f10635429094098a28c0cbe668402ef,/root/autodl-tmp/graph/data/graphrestore/raw/agenticir/extracted/HQ/073.png,e4a8516954bfb4b79f2fc6194b6b4a8ed63250e14fe7ce0b6f6d77c922f84730,28.455312728881836,0.9049249297538793,0.1587916761636734,0.1903185397386551,0.3130822777748108,55.31502914428711
test/A/rain + low resolution/074,A,rain+low resolution,/root/autodl-tmp/aaa/graphrestore/artifacts/formal_mio100/graphrestore_v7_1_stage4_step040000/methods/graphrestore_v7_1_stage4_step040000/d2/rain+low resolution/074.png,677d36ba00a7cb353cf42acb453158d6150758df477e55836925076c05eae7f7,/root/autodl-tmp/graph/data/graphrestore/raw/agenticir/extracted/HQ/074.png,cfa80e9825a34173ab0d1810b1b63bf645aa1b6b743966a77d7d03463319fd8e,28.664121627807617,0.8930313859041116,0.16877742111682892,0.20239171385765076,0.27515774965286255,42.329673767089844
test/A/rain + low resolution/075,A,rain+low resolution,/root/autodl-tmp/aaa/graphrestore/artifacts/formal_mio100/graphrestore_v7_1_stage4_step040000/methods/graphrestore_v7_1_stage4_step040000/d2/rain+low resolution/075.png,b1710592b15129dd904f6352699cbce93efc3c8e2e855a0a6c8e23d3d725d2ad,/root/autodl-tmp/graph/data/graphrestore/raw/agenticir/extracted/HQ/075.png,637e76a0398c825f3214d13b10485f7c180dc359b838ade377382c22c8f6b788,22.90308952331543,0.6472854860222668,0.37860342860221863,0.26477837562561035,0.2604878544807434,53.612579345703125
test/A/rain + low resolution/076,A,rain+low resolution,/root/autodl-tmp/aaa/graphrestore/artifacts/formal_mio100/graphrestore_v7_1_stage4_step040000/methods/graphrestore_v7_1_stage4_step040000/d2/rain+low resolution/076.png,68b59769710e056967fca6ef97de2c65ad7fc81a8154982326d338f0021bdbe3,/root/autodl-tmp/graph/data/graphrestore/raw/agenticir/extracted/HQ/076.png,28f7193b83d2979c14a7c73e95657ce02a2cc902196495bea289e190f48cecae,27.470495223999023,0.8333048657570636,0.24654579162597656,0.19146622717380524,0.18998919427394867,45.05084228515625
test/A/rain + low resolution/077,A,rain+low resolution,/root/autodl-tmp/aaa/graphrestore/artifacts/formal_mio100/graphrestore_v7_1_stage4_step040000/methods/graphrestore_v7_1_stage4_step040000/d2/rain+low resolution/077.png,ca1d2f0040d378610b87328efcb6df8e6a1c4bb0618a05af25e42e14f30ed97f,/root/autodl-tmp/graph/data/graphrestore/raw/agenticir/extracted/HQ/077.png,6d0b3c0c4255ee2de7c3c275c114eb531248c06fce157913f4e69dacd492cc91,25.788049697875977,0.8346549356038631,0.18238362669944763,0.262384831905365,0.2597275376319885,53.02177429199219
test/A/rain + low resolution/078,A,rain+low resolution,/root/autodl-tmp/aaa/graphrestore/artifacts/formal_mio100/graphrestore_v7_1_stage4_step040000/methods/graphrestore_v7_1_stage4_step040000/d2/rain+low resolution/078.png,285869e35e407b56b173fcaea44c5e6c7adcc68cb4785e9a346649bb0a00a5d4,/root/autodl-tmp/graph/data/graphrestore/raw/agenticir/extracted/HQ/078.png,ae84b8b3592a0f623d5bd2c5791b049e6fd87155614fbbad37f1ac00a2cfa870,25.49359130859375,0.7141170141678346,0.3150363266468048,0.252540647983551,0.29479745030403137,64.40782928466797
test/A/rain + low resolution/079,A,rain+low resolution,/root/autodl-tmp/aaa/graphrestore/artifacts/formal_mio100/graphrestore_v7_1_stage4_step040000/methods/graphrestore_v7_1_stage4_step040000/d2/rain+low resolution/079.png,dc464403ec32773210f0e1a1f0b52d4356f7221ecea02cb6a56d3a234839f792,/root/autodl-tmp/graph/data/graphrestore/raw/agenticir/extracted/HQ/079.png,166cde30b17743be2ca3fb2c29004e0b38b126bfa1d8d5f41013c23eb248aad5,26.09369659423828,0.7063407703845109,0.35338476300239563,0.24067945778369904,0.3038106858730316,51.66930389404297
test/A/rain + low resolution/080,A,rain+low resolution,/root/autodl-tmp/aaa/graphrestore/artifacts/formal_mio100/graphrestore_v7_1_stage4_step040000/methods/graphrestore_v7_1_stage4_step040000/d2/rain+low resolution/080.png,ce80ba7fcda0ce42aa17b0fa8c06fb031cf1341df7c947f47a7581dadd4c8a6f,/root/autodl-tmp/graph/data/graphrestore/raw/agenticir/extracted/HQ/080.png,b208599722bce230536ae4db62272e883a7714d4bfca7d73e1361da3b2ca9225,30.190296173095703,0.9073088603852735,0.1598213016986847,0.23005478084087372,0.2988777458667755,54.055572509765625
test/A/rain + low resolution/083,A,rain+low resolution,/root/autodl-tmp/aaa/graphrestore/artifacts/formal_mio100/graphrestore_v7_1_stage4_step040000/methods/graphrestore_v7_1_stage4_step040000/d2/rain+low resolution/083.png,73d9d1d7f598461f3bda2f5e00c6966f2dba0e56f8eaa3aac3171d7d17009c50,/root/autodl-tmp/graph/data/graphrestore/raw/agenticir/extracted/HQ/083.png,4772b8d475dfc90626760cea35452db0ee8dfdd89f7cd8def57f8b4d74ecef44,22.66709327697754,0.7100510287429764,0.342921644449234,0.25843846797943115,0.3262321650981903,51.48678207397461
test/A/rain + low resolution/084,A,rain+low resolution,/root/autodl-tmp/aaa/graphrestore/artifacts/formal_mio100/graphrestore_v7_1_stage4_step040000/methods/graphrestore_v7_1_stage4_step040000/d2/rain+low resolution/084.png,0d88b14cef8e3d04bf4bf08975ed2314e9324b896b7075296af3383241e1b1bc,/root/autodl-tmp/graph/data/graphrestore/raw/agenticir/extracted/HQ/084.png,1bc34c4607ba66d84248fe8e7d5e30546ae13841542d8b1cb9146f2a2485df64,32.32183837890625,0.8875274571282009,0.24435332417488098,0.2019542157649994,0.26988303661346436,37.78458023071289
test/A/rain + low resolution/085,A,rain+low resolution,/root/autodl-tmp/aaa/graphrestore/artifacts/formal_mio100/graphrestore_v7_1_stage4_step040000/methods/graphrestore_v7_1_stage4_step040000/d2/rain+low resolution/085.png,67ef9be2161bd701c85472ba1a84556451ddaf44af7c7200562aeb46a95921a9,/root/autodl-tmp/graph/data/graphrestore/raw/agenticir/extracted/HQ/085.png,6174b7cb004afd2a578ec1950d92b99c41115b5a6bf70a511f19156c62bd5274,31.694658279418945,0.9434941291185752,0.09358253329992294,0.1692470759153366,0.30267372727394104,46.55697250366211
test/A/rain + low resolution/086,A,rain+low resolution,/root/autodl-tmp/aaa/graphrestore/artifacts/formal_mio100/graphrestore_v7_1_stage4_step040000/methods/graphrestore_v7_1_stage4_step040000/d2/rain+low resolution/086.png,7b1f96cf7eb974cc93dd58d39901ab7efd80992c382d2628a482d9998ba43b45,/root/autodl-tmp/graph/data/graphrestore/raw/agenticir/extracted/HQ/086.png,68a629299aaf0e4d70065c504c9b3e397721fa17a25c2585446914aa5c7bafb5,21.32642364501953,0.6795080093220257,0.399941086769104,0.2519999146461487,0.3249734044075012,45.199527740478516
test/A/rain + low resolution/087,A,rain+low resolution,/root/autodl-tmp/aaa/graphrestore/artifacts/formal_mio100/graphrestore_v7_1_stage4_step040000/methods/graphrestore_v7_1_stage4_step040000/d2/rain+low resolution/087.png,651ebacd8d00b377e9fc1a640fd9f41f80ee46853aed6d1705e0fcb4eda6bd7f,/root/autodl-tmp/graph/data/graphrestore/raw/agenticir/extracted/HQ/087.png,059a862de1498fc3b783bcfcce8fad399573aa912bb6638bbd3d43d23b88cdc6,24.060823440551758,0.7528540207341186,0.3688294291496277,0.2073710858821869,0.3371046483516693,47.81142044067383
test/A/rain + low resolution/088,A,rain+low resolution,/root/autodl-tmp/aaa/graphrestore/artifacts/formal_mio100/graphrestore_v7_1_stage4_step040000/methods/graphrestore_v7_1_stage4_step040000/d2/rain+low resolution/088.png,ae4889d24243b147d1fdca0287c1ac20ce4a1848c5912b742a730b1551bf60f3,/root/autodl-tmp/graph/data/graphrestore/raw/agenticir/extracted/HQ/088.png,e76841066e027bd2a2fa101a4598c597d4891a7c535e3cc3195b7afcc249d7ae,31.495357513427734,0.9203906616196778,0.14084100723266602,0.14521275460720062,0.21082372963428497,31.762470245361328
test/A/rain + low resolution/089,A,rain+low resolution,/root/autodl-tmp/aaa/graphrestore/artifacts/formal_mio100/graphrestore_v7_1_stage4_step040000/methods/graphrestore_v7_1_stage4_step040000/d2/rain+low resolution/089.png,11ff5920448cc7c2cfbf10f7ef8ff332eaea0f5f169711d5333501e0d2592964,/root/autodl-tmp/graph/data/graphrestore/raw/agenticir/extracted/HQ/089.png,046e493440ea7499fe07cec3853e6e170225ce6cdc903aac14730fa6b9bf36ab,25.094951629638672,0.7774592702032598,0.19912606477737427,0.2534898519515991,0.3322056233882904,52.520843505859375
test/A/rain + low resolution/090,A,rain+low resolution,/root/autodl-tmp/aaa/graphrestore/artifacts/formal_mio100/graphrestore_v7_1_stage4_step040000/methods/graphrestore_v7_1_stage4_step040000/d2/rain+low resolution/090.png,6f979d352426d3c3f151be29fa57bd6043933daac33d899efb498893d50a17ef,/root/autodl-tmp/graph/data/graphrestore/raw/agenticir/extracted/HQ/090.png,830f74b8389bfef595e56e910efc49cf4246f6f7bd552ea8c45d071a0113053c,22.141695022583008,0.704165741981432,0.35745683312416077,0.2603726387023926,0.2759118676185608,40.2423095703125
test/A/rain + low resolution/093,A,rain+low resolution,/root/autodl-tmp/aaa/graphrestore/artifacts/formal_mio100/graphrestore_v7_1_stage4_step040000/methods/graphrestore_v7_1_stage4_step040000/d2/rain+low resolution/093.png,09092fd1c3efc42cdb467345af310434749da1e5906bed32d7181a3e84aa82fa,/root/autodl-tmp/graph/data/graphrestore/raw/agenticir/extracted/HQ/093.png,b9ef1df7a3be70176f064c2568ea12d8cd9c9c54b3e8fd72bca53d170eaf06f2,23.55586051940918,0.843145023299235,0.20974397659301758,0.3161543011665344,0.36080342531204224,65.36363220214844
test/A/rain + low resolution/094,A,rain+low resolution,/root/autodl-tmp/aaa/graphrestore/artifacts/formal_mio100/graphrestore_v7_1_stage4_step040000/methods/graphrestore_v7_1_stage4_step040000/d2/rain+low resolution/094.png,551f9928497cd097bdaf5a0c145ce8a765b54aae26682179047a485bef73a0f8,/root/autodl-tmp/graph/data/graphrestore/raw/agenticir/extracted/HQ/094.png,45dab31fa407b6793844322a5e147cdfedc3bfa449cd28fc9605f41dba80966d,23.913249969482422,0.7772749566784382,0.27548304200172424,0.31784310936927795,0.3277146816253662,55.23847961425781
test/A/rain + low resolution/095,A,rain+low resolution,/root/autodl-tmp/aaa/graphrestore/artifacts/formal_mio100/graphrestore_v7_1_stage4_step040000/methods/graphrestore_v7_1_stage4_step040000/d2/rain+low resolution/095.png,c2cf6ade1f05171e17b1377b9279ba2997dbb3eca97b7f7552f32ec5636eaa5c,/root/autodl-tmp/graph/data/graphrestore/raw/agenticir/extracted/HQ/095.png,2f04f8c811593049180a1c6bdcf5d723d3c2f6443ba518c407e4976d7a6b2637,17.363304138183594,0.6982260594335773,0.24120378494262695,0.3898146152496338,0.26612988114356995,57.464622497558594
test/A/rain + low resolution/096,A,rain+low resolution,/root/autodl-tmp/aaa/graphrestore/artifacts/formal_mio100/graphrestore_v7_1_stage4_step040000/methods/graphrestore_v7_1_stage4_step040000/d2/rain+low resolution/096.png,0281bbb7b1838a257faa3753f0c148740365761f3a57fd6faaf1c38c652736d3,/root/autodl-tmp/graph/data/graphrestore/raw/agenticir/extracted/HQ/096.png,3ac9dbd626f9e294ae10a8ab11a34f6c0132ed355627d25ce3f8790f701fae29,23.270673751831055,0.7568744566318348,0.2961670756340027,0.3031783103942871,0.4058851897716522,57.94379806518555
test/A/rain + low resolution/097,A,rain+low resolution,/root/autodl-tmp/aaa/graphrestore/artifacts/formal_mio100/graphrestore_v7_1_stage4_step040000/methods/graphrestore_v7_1_stage4_step040000/d2/rain+low resolution/097.png,a2816b9bc95a2d4b6b5209f1b3e8f4a8cb26ae5af81ffb4ad6e742ca756e5e0c,/root/autodl-tmp/graph/data/graphrestore/raw/agenticir/extracted/HQ/097.png,9b6c3c0d294f54e89b51656b0163aa8d0715dd7904848721ea76c07ccf737d2e,23.898107528686523,0.8231884931856703,0.18647819757461548,0.3879477083683014,0.5213386416435242,62.24664306640625
test/A/rain + low resolution/098,A,rain+low resolution,/root/autodl-tmp/aaa/graphrestore/artifacts/formal_mio100/graphrestore_v7_1_stage4_step040000/methods/graphrestore_v7_1_stage4_step040000/d2/rain+low resolution/098.png,4d39730aec07db37901b15652e9cc2a4b73323cd0523a5f28a50cc647a6b5cc2,/root/autodl-tmp/graph/data/graphrestore/raw/agenticir/extracted/HQ/098.png,f0574e5262ab9942e66006e0df3aab8738de997489badc302e131ae74299181f,21.38138771057129,0.6766495274450802,0.3231649398803711,0.3488365411758423,0.3648175299167633,58.720951080322266
test/A/rain + low resolution/099,A,rain+low resolution,/root/autodl-tmp/aaa/graphrestore/artifacts/formal_mio100/graphrestore_v7_1_stage4_step040000/methods/graphrestore_v7_1_stage4_step040000/d2/rain+low resolution/099.png,52e6010cc42d4e98ad38cd8cd7293c8a95b62bdef8584f4bae07c3f7dfea08fb,/root/autodl-tmp/graph/data/graphrestore/raw/agenticir/extracted/HQ/099.png,15ddff6cab9869d7fe8a7cb6fd328b436bbfa9b089e6adcbba7a5048e4c97f8b,23.73570442199707,0.7225326916012319,0.35488539934158325,0.3117665946483612,0.27741411328315735,49.178836822509766
test/A/rain + low resolution/100,A,rain+low resolution,/root/autodl-tmp/aaa/graphrestore/artifacts/formal_mio100/graphrestore_v7_1_stage4_step040000/methods/graphrestore_v7_1_stage4_step040000/d2/rain+low resolution/100.png,8445ee0c4f1073b50bade1bf701da1c64701ec033451c4be8d195eb4dca6b899,/root/autodl-tmp/graph/data/graphrestore/raw/agenticir/extracted/HQ/100.png,b7f5d60dbb3e7047b9c62efc7d61db97052a2cde687d3fae367a14a6793a0c40,23.526552200317383,0.8069755330014364,0.21720096468925476,0.33152779936790466,0.34965988993644714,59.452545166015625
test/A/motion blur + dark/003,A,motion blur+dark,/root/autodl-tmp/aaa/graphrestore/artifacts/formal_mio100/graphrestore_v7_1_stage4_step040000/methods/graphrestore_v7_1_stage4_step040000/d2/motion blur+dark/003.png,15c658b822221c0aa99acdd1868f5164509ae2ad0c6469625c08a27f5535c04a,/root/autodl-tmp/graph/data/graphrestore/raw/agenticir/extracted/HQ/003.png,c2a2513992db412a7160dfa2f82535dccaa188db91df80ee6ed5b0dd5c5d2d1a,14.887906074523926,0.662839034558998,0.29173678159713745,0.2743431627750397,0.42859840393066406,63.79557800292969
test/A/motion blur + dark/004,A,motion blur+dark,/root/autodl-tmp/aaa/graphrestore/artifacts/formal_mio100/graphrestore_v7_1_stage4_step040000/methods/graphrestore_v7_1_stage4_step040000/d2/motion blur+dark/004.png,494651a1a48ee06f2e9a8813c9659bff84855f93d56d2fcd0171b4834178d0cf,/root/autodl-tmp/graph/data/graphrestore/raw/agenticir/extracted/HQ/004.png,f1ad3f60cd8e680739263535ab1620a2490f3bc0c65a9355a965c7dff9be1fed,21.476648330688477,0.7058723809415705,0.2864688038825989,0.11273855715990067,0.28369346261024475,56.88733673095703
test/A/motion blur + dark/005,A,motion blur+dark,/root/autodl-tmp/aaa/graphrestore/artifacts/formal_mio100/graphrestore_v7_1_stage4_step040000/methods/graphrestore_v7_1_stage4_step040000/d2/motion blur+dark/005.png,29169f856c9dc39813df8caabbb26ba7836476bc29ce4a751eb04a3ef9498c55,/root/autodl-tmp/graph/data/graphrestore/raw/agenticir/extracted/HQ/005.png,1d8eb1ef9c1817c087956135efa85be686e7169ef11eb532c768d32d7267a0ff,16.48967742919922,0.3839774603401473,0.45780038833618164,0.11088460683822632,0.2593974471092224,56.78645324707031
test/A/motion blur + dark/006,A,motion blur+dark,/root/autodl-tmp/aaa/graphrestore/artifacts/formal_mio100/graphrestore_v7_1_stage4_step040000/methods/graphrestore_v7_1_stage4_step040000/d2/motion blur+dark/006.png,02b58456fb2bf0ac0aa342f0383506a3f0cadc0b06498b7bd6a61c962a57a6a2,/root/autodl-tmp/graph/data/graphrestore/raw/agenticir/extracted/HQ/006.png,f62feddd2f379d039dd1effe18b6368c79a6fe31fb8177f797c9f230eb8e1211,20.020034790039062,0.7339795327744101,0.3465251326560974,0.13957172632217407,0.2504265308380127,42.01097869873047
test/A/motion blur + dark/007,A,motion blur+dark,/root/autodl-tmp/aaa/graphrestore/artifacts/formal_mio100/graphrestore_v7_1_stage4_step040000/methods/graphrestore_v7_1_stage4_step040000/d2/motion blur+dark/007.png,a0b63697589a95e09cc028428fe2bd7bbbe5d3bd90a8120f97bd936a1a9a0e17,/root/autodl-tmp/graph/data/graphrestore/raw/agenticir/extracted/HQ/007.png,b876f087d5f42a9350f28383ff2df22156b6bbba702809d134b7713d9430881c,19.419349670410156,0.6343186765342542,0.34554970264434814,0.19176699221134186,0.34724554419517517,62.62986755371094
test/A/motion blur + dark/008,A,motion blur+dark,/root/autodl-tmp/aaa/graphrestore/artifacts/formal_mio100/graphrestore_v7_1_stage4_step040000/methods/graphrestore_v7_1_stage4_step040000/d2/motion blur+dark/008.png,e2ce5c0c3e8f81070ccc88d78915b33876b7251997e943c712bf559cde56fb22,/root/autodl-tmp/graph/data/graphrestore/raw/agenticir/extracted/HQ/008.png,4efb8dbbd2ba5090b7b951a456ec5ed27a5d61360ab95cb1c5a9366f2868cb94,23.769123077392578,0.6750412844681548,0.28046804666519165,0.1864897459745407,0.3435438573360443,56.608428955078125
test/A/motion blur + dark/009,A,motion blur+dark,/root/autodl-tmp/aaa/graphrestore/artifacts/formal_mio100/graphrestore_v7_1_stage4_step040000/methods/graphrestore_v7_1_stage4_step040000/d2/motion blur+dark/009.png,7d60b77034d259845ce86521528f2cb819cec18c0ad92f3dd75701753ba77416,/root/autodl-tmp/graph/data/graphrestore/raw/agenticir/extracted/HQ/009.png,5b779ac0fbe5d1e4d4126fd2864493dcc2ecdbde374ede7e29a054b2a9cb4f21,26.45737648010254,0.9366587584228371,0.10488435626029968,0.19698669016361237,0.2806382477283478,40.697593688964844
test/A/motion blur + dark/010,A,motion blur+dark,/root/autodl-tmp/aaa/graphrestore/artifacts/formal_mio100/graphrestore_v7_1_stage4_step040000/methods/graphrestore_v7_1_stage4_step040000/d2/motion blur+dark/010.png,c99dfbaab9e8bb24992b59dd3452ca4ca4ab29090f084b18a213f7edb0a52596,/root/autodl-tmp/graph/data/graphrestore/raw/agenticir/extracted/HQ/010.png,327492996d853f5c8873b435f98a91afd07db64567545baa61c9f4f64f717a0d,18.139251708984375,0.630784618694348,0.34253430366516113,0.28904104232788086,0.3897680342197418,63.1685791015625
test/A/motion blur + dark/013,A,motion blur+dark,/root/autodl-tmp/aaa/graphrestore/artifacts/formal_mio100/graphrestore_v7_1_stage4_step040000/methods/graphrestore_v7_1_stage4_step040000/d2/motion blur+dark/013.png,db85eb84d61745aadeabe3623e377861cf3564ef2f70b053d328110a571c95c3,/root/autodl-tmp/graph/data/graphrestore/raw/agenticir/extracted/HQ/013.png,afe18305499bd0b8318392e8f34ede33aafb5a0df2371075fe9f30a1c81a75eb,19.3761043548584,0.5553043209600652,0.28114092350006104,0.31649595499038696,0.35539937019348145,67.13308715820312
test/A/motion blur + dark/014,A,motion blur+dark,/root/autodl-tmp/aaa/graphrestore/artifacts/formal_mio100/graphrestore_v7_1_stage4_step040000/methods/graphrestore_v7_1_stage4_step040000/d2/motion blur+dark/014.png,5d1baa6762b390c1402c196c5195f457e071dce0978e8f9aff41c43fe473d68b,/root/autodl-tmp/graph/data/graphrestore/raw/agenticir/extracted/HQ/014.png,2d569d9b923a96b1542c0b845dce0c7657794eba9f6f22ae5d02f335ef1bc4a0,22.32459259033203,0.7627450091814497,0.1502525955438614,0.30581191182136536,0.4988773465156555,57.535972595214844
test/A/motion blur + dark/015,A,motion blur+dark,/root/autodl-tmp/aaa/graphrestore/artifacts/formal_mio100/graphrestore_v7_1_stage4_step040000/methods/graphrestore_v7_1_stage4_step040000/d2/motion blur+dark/015.png,c8d69b3b56a0c647bb7a9b44be6a6a0e72db6cae95e74dacc9a9637bdef81a6e,/root/autodl-tmp/graph/data/graphrestore/raw/agenticir/extracted/HQ/015.png,286adb5a1c45ee88f14e1b16e3af420910584bf5ebdd72c40cf75317559c731f,16.304285049438477,0.4973619071623615,0.28341078758239746,0.20153602957725525,0.39765191078186035,45.8612060546875
test/A/motion blur + dark/016,A,motion blur+dark,/root/autodl-tmp/aaa/graphrestore/artifacts/formal_mio100/graphrestore_v7_1_stage4_step040000/methods/graphrestore_v7_1_stage4_step040000/d2/motion blur+dark/016.png,80b2c9fac0507e22caac6df5171abf57ceeeef200c93d4291db3a07a08ac7002,/root/autodl-tmp/graph/data/graphrestore/raw/agenticir/extracted/HQ/016.png,ddc71b4b9bd2a57cabf985c7743b8ff7083a0d9205008603edb440ba27da9313,18.383411407470703,0.5307945664054291,0.29894113540649414,0.21567395329475403,0.32971227169036865,56.487098693847656
test/A/motion blur + dark/017,A,motion blur+dark,/root/autodl-tmp/aaa/graphrestore/artifacts/formal_mio100/graphrestore_v7_1_stage4_step040000/methods/graphrestore_v7_1_stage4_step040000/d2/motion blur+dark/017.png,7360e4b981c1eb742dd1b9a7449e5a9d187e62583b073bdea2e4963c7d62a429,/root/autodl-tmp/graph/data/graphrestore/raw/agenticir/extracted/HQ/017.png,ab3ab0c03c2d8c9c0befbcad219fae23c9795fdf99d664630f4f4febbd02c519,22.313732147216797,0.732219127847228,0.21168367564678192,0.2898738980293274,0.5145094990730286,56.029571533203125
test/A/motion blur + dark/018,A,motion blur+dark,/root/autodl-tmp/aaa/graphrestore/artifacts/formal_mio100/graphrestore_v7_1_stage4_step040000/methods/graphrestore_v7_1_stage4_step040000/d2/motion blur+dark/018.png,9c4c076ff152b18b4b4fe15f100e27aab9cc1eef0a2b1c3fb09f4d0006aa489d,/root/autodl-tmp/graph/data/graphrestore/raw/agenticir/extracted/HQ/018.png,66db8e4aeb78f506ae4415572eb910726c3f16ede70138093ab4eced187b8df1,15.143799781799316,0.4029739533276542,0.6119858622550964,0.1367136836051941,0.256854385137558,46.28639602661133
test/A/motion blur + dark/019,A,motion blur+dark,/root/autodl-tmp/aaa/graphrestore/artifacts/formal_mio100/graphrestore_v7_1_stage4_step040000/methods/graphrestore_v7_1_stage4_step040000/d2/motion blur+dark/019.png,a44a83ac2d55d0fe89c33fcbe7e59bd23b8ff143a449bb547f213458bfb7d59a,/root/autodl-tmp/graph/data/graphrestore/raw/agenticir/extracted/HQ/019.png,fb026cef85a4f7e64ad7c5f064ed15de1f04a7a7b6bde70b28ee78a55db21aeb,19.037111282348633,0.623079503856532,0.2698388993740082,0.27435290813446045,0.3106294572353363,48.925140380859375
test/A/motion blur + dark/020,A,motion blur+dark,/root/autodl-tmp/aaa/graphrestore/artifacts/formal_mio100/graphrestore_v7_1_stage4_step040000/methods/graphrestore_v7_1_stage4_step040000/d2/motion blur+dark/020.png,901afbe75917bfdb15f3fb7f7582e284fdedc6d2553ba08020e04c318b1bdd88,/root/autodl-tmp/graph/data/graphrestore/raw/agenticir/extracted/HQ/020.png,daa15d9f51eab9eca70197a7f05df7873e3eab75e432b0a81fe9488be552f37a,17.006492614746094,0.5486424051403354,0.34715282917022705,0.24703603982925415,0.29009318351745605,46.796112060546875
test/A/motion blur + dark/023,A,motion blur+dark,/root/autodl-tmp/aaa/graphrestore/artifacts/formal_mio100/graphrestore_v7_1_stage4_step040000/methods/graphrestore_v7_1_stage4_step040000/d2/motion blur+dark/023.png,b0ac515651b56296f324c2a8c7863e5711fd75a17310bb87a8cbe835a95ceacd,/root/autodl-tmp/graph/data/graphrestore/raw/agenticir/extracted/HQ/023.png,befde78eca5789c87200ca1e2ac905ba8ad5706b50af86454bd30bc857c90e02,18.337196350097656,0.6091393466606058,0.41672247648239136,0.16186976432800293,0.2824588119983673,35.92911148071289
test/A/motion blur + dark/024,A,motion blur+dark,/root/autodl-tmp/aaa/graphrestore/artifacts/formal_mio100/graphrestore_v7_1_stage4_step040000/methods/graphrestore_v7_1_stage4_step040000/d2/motion blur+dark/024.png,fc6584344541bc6fc65dfe7448c5a7b654385bd2371f44b2d5a4db6560a0c26b,/root/autodl-tmp/graph/data/graphrestore/raw/agenticir/extracted/HQ/024.png,e51441e174dd8dc0c47872ccb4221ab3f054b716588ee0f42d58a56098bd9538,19.545021057128906,0.6162070444733574,0.35562729835510254,0.1110076978802681,0.2108028382062912,52.5543098449707
test/A/motion blur + dark/025,A,motion blur+dark,/root/autodl-tmp/aaa/graphrestore/artifacts/formal_mio100/graphrestore_v7_1_stage4_step040000/methods/graphrestore_v7_1_stage4_step040000/d2/motion blur+dark/025.png,d962d263a459b2811dbea72205ad2fbc099ebd05b3282f70c00ae10cb3f92824,/root/autodl-tmp/graph/data/graphrestore/raw/agenticir/extracted/HQ/025.png,f384d4a9bc3c31bc29038378f849002dc4ff2db373d852b732f5cfc24ebed244,22.32819366455078,0.5654768433154879,0.4800890386104584,0.08338625729084015,0.28574514389038086,24.43096923828125
test/A/motion blur + dark/026,A,motion blur+dark,/root/autodl-tmp/aaa/graphrestore/artifacts/formal_mio100/graphrestore_v7_1_stage4_step040000/methods/graphrestore_v7_1_stage4_step040000/d2/motion blur+dark/026.png,d921123ce1ae26f4fad2f889afd9ec4cfb8619384e527054f4de95bbb10780d5,/root/autodl-tmp/graph/data/graphrestore/raw/agenticir/extracted/HQ/026.png,cfce1d4c02a00f28988a64f63cd538c4147c3a72c147a6549d71f1105d671224,23.66574478149414,0.7495970667739759,0.3083699941635132,0.07264945656061172,0.2110689878463745,36.772064208984375
test/A/motion blur + dark/027,A,motion blur+dark,/root/autodl-tmp/aaa/graphrestore/artifacts/formal_mio100/graphrestore_v7_1_stage4_step040000/methods/graphrestore_v7_1_stage4_step040000/d2/motion blur+dark/027.png,fda33b7f5fd234d23198c0982036ceee0d4a0c37b018292c53bd02895da84971,/root/autodl-tmp/graph/data/graphrestore/raw/agenticir/extracted/HQ/027.png,d69be3d26f3d3c95ffd9de3bd8d565120e0f09fb4aa84c72ae18d8fc4f871aae,21.177574157714844,0.6035951218979455,0.4300306737422943,0.09890997409820557,0.21277165412902832,26.705345153808594
test/A/motion blur + dark/028,A,motion blur+dark,/root/autodl-tmp/aaa/graphrestore/artifacts/formal_mio100/graphrestore_v7_1_stage4_step040000/methods/graphrestore_v7_1_stage4_step040000/d2/motion blur+dark/028.png,2e70185385a0f938875afcca7ea1121bb2f674b0b67e28fcdfbb3d60d852ff7a,/root/autodl-tmp/graph/data/graphrestore/raw/agenticir/extracted/HQ/028.png,181f97da79059de1a93d1a0d30f6851393282c6af8b607d83ce29ab8c9dbf771,15.73611831665039,0.7923426975664851,0.333444744348526,0.18415023386478424,0.267286479473114,41.09625244140625
test/A/motion blur + dark/029,A,motion blur+dark,/root/autodl-tmp/aaa/graphrestore/artifacts/formal_mio100/graphrestore_v7_1_stage4_step040000/methods/graphrestore_v7_1_stage4_step040000/d2/motion blur+dark/029.png,67b7f4076a98957b9cea7a43b269b2dfd4978c99eb7bd8988a2bc77c1f28b259,/root/autodl-tmp/graph/data/graphrestore/raw/agenticir/extracted/HQ/029.png,3c7f43d0544ada8d7b64d7bb197621349fa1dcdf8400fb6128afaf8787814556,24.360206604003906,0.7329358178465003,0.3417167663574219,0.10479474812746048,0.2751322090625763,45.15981674194336
test/A/motion blur + dark/030,A,motion blur+dark,/root/autodl-tmp/aaa/graphrestore/artifacts/formal_mio100/graphrestore_v7_1_stage4_step040000/methods/graphrestore_v7_1_stage4_step040000/d2/motion blur+dark/030.png,b63e3760f04e9fc83389c54435660bfd8322d7c46cc523a5dd9a0c80ff25ac5e,/root/autodl-tmp/graph/data/graphrestore/raw/agenticir/extracted/HQ/030.png,576b0158cf5a541dd6aaf522902400e8ba3175aacca36d9df22951f52acf3f2f,19.14333724975586,0.5409598934170088,0.44571036100387573,0.14001375436782837,0.2545674741268158,44.26850891113281
test/A/motion blur + dark/033,A,motion blur+dark,/root/autodl-tmp/aaa/graphrestore/artifacts/formal_mio100/graphrestore_v7_1_stage4_step040000/methods/graphrestore_v7_1_stage4_step040000/d2/motion blur+dark/033.png,2afb0a61c967aecfde37b16ea31ca54d46f87056900863f043d746db330aaac2,/root/autodl-tmp/graph/data/graphrestore/raw/agenticir/extracted/HQ/033.png,9590f1419e378254c01f330c248e12e8a62792b04a27b72daf2c0afd6c41c758,17.496326446533203,0.43187846037421634,0.5844391584396362,0.06931876391172409,0.28766965866088867,20.47707748413086
test/A/motion blur + dark/034,A,motion blur+dark,/root/autodl-tmp/aaa/graphrestore/artifacts/formal_mio100/graphrestore_v7_1_stage4_step040000/methods/graphrestore_v7_1_stage4_step040000/d2/motion blur+dark/034.png,6f5a33d3608a0cbfd48f677d014c399c8689e77e1a0548d9165c78b6c3047a68,/root/autodl-tmp/graph/data/graphrestore/raw/agenticir/extracted/HQ/034.png,0575cc2334f8f50fcbd3d9f58173645db8764f938ee55e8899084ca2b66fd018,21.854480743408203,0.5573575707977945,0.6520638465881348,0.16250258684158325,0.32595476508140564,31.283536911010742
test/A/motion blur + dark/035,A,motion blur+dark,/root/autodl-tmp/aaa/graphrestore/artifacts/formal_mio100/graphrestore_v7_1_stage4_step040000/methods/graphrestore_v7_1_stage4_step040000/d2/motion blur+dark/035.png,df423f26fc43f580d944784785d67a68917c641218306158185f05b66d7d9bde,/root/autodl-tmp/graph/data/graphrestore/raw/agenticir/extracted/HQ/035.png,4e230744a9cb7c3ebe976ae7267155312b876fb355283b4938b34b758aef7ff9,22.916547775268555,0.7573736844738497,0.24079909920692444,0.17478501796722412,0.33640119433403015,41.06255340576172
test/A/motion blur + dark/036,A,motion blur+dark,/root/autodl-tmp/aaa/graphrestore/artifacts/formal_mio100/graphrestore_v7_1_stage4_step040000/methods/graphrestore_v7_1_stage4_step040000/d2/motion blur+dark/036.png,7804cb5df03f3a54b519fdc5866fb4dc04c69c129259e4da47e97633ccbc9e37,/root/autodl-tmp/graph/data/graphrestore/raw/agenticir/extracted/HQ/036.png,409fbd0ad51be33e9e2711cb7b22cb39999eaac6e278ca1621c20300be446d76,18.155595779418945,0.3269444441004169,0.5441030263900757,0.04297420755028725,0.26424744725227356,16.823566436767578
test/A/motion blur + dark/037,A,motion blur+dark,/root/autodl-tmp/aaa/graphrestore/artifacts/formal_mio100/graphrestore_v7_1_stage4_step040000/methods/graphrestore_v7_1_stage4_step040000/d2/motion blur+dark/037.png,28edda76e38cdeefcb3439d4f1f5712117affb5ab76deda764ef63f33d7c8853,/root/autodl-tmp/graph/data/graphrestore/raw/agenticir/extracted/HQ/037.png,8f31abe11ce5d5377f131fdc788024ffb8d5cfdda501c06a64ca1fc80fab0d07,23.628440856933594,0.7675224188924227,0.2480504959821701,0.19384127855300903,0.31384754180908203,38.14400100708008
test/A/motion blur + dark/038,A,motion blur+dark,/root/autodl-tmp/aaa/graphrestore/artifacts/formal_mio100/graphrestore_v7_1_stage4_step040000/methods/graphrestore_v7_1_stage4_step040000/d2/motion blur+dark/038.png,9784ebcd9e3326fe840fb86a4ca48143739c39d287f8cff5c8aae411034dd3ce,/root/autodl-tmp/graph/data/graphrestore/raw/agenticir/extracted/HQ/038.png,fe7df2186482ca2cc105baed74cb1da9667b3b03e1629055880b6012db131aa1,21.083181381225586,0.5567594040446463,0.5156694054603577,0.05069384723901749,0.2843903601169586,15.245352745056152
test/A/motion blur + dark/039,A,motion blur+dark,/root/autodl-tmp/aaa/graphrestore/artifacts/formal_mio100/graphrestore_v7_1_stage4_step040000/methods/graphrestore_v7_1_stage4_step040000/d2/motion blur+dark/039.png,7b73acdc7787641a3ba65a7899c292266172aa420284eb0983783dba53d11d8f,/root/autodl-tmp/graph/data/graphrestore/raw/agenticir/extracted/HQ/039.png,a2038f7610363fb1916197e0557fa84b50b610d86885a2d6409f9e3aa75fbbcd,24.205724716186523,0.8654092744065173,0.22641287744045258,0.24928325414657593,0.32507166266441345,38.99245834350586
test/A/motion blur + dark/040,A,motion blur+dark,/root/autodl-tmp/aaa/graphrestore/artifacts/formal_mio100/graphrestore_v7_1_stage4_step040000/methods/graphrestore_v7_1_stage4_step040000/d2/motion blur+dark/040.png,97cdef4d6b2590f8511eb9fdeace1c8889739858fcc81ab56d71565c41651e1f,/root/autodl-tmp/graph/data/graphrestore/raw/agenticir/extracted/HQ/040.png,c5a9e4bb9d84a6734bdc04c272c48c1b17b150a1e346afab2338eb0ba41f1464,22.411470413208008,0.6778042890366316,0.4871104061603546,0.09052740782499313,0.22948399186134338,32.809608459472656
test/A/motion blur + dark/043,A,motion blur+dark,/root/autodl-tmp/aaa/graphrestore/artifacts/formal_mio100/graphrestore_v7_1_stage4_step040000/methods/graphrestore_v7_1_stage4_step040000/d2/motion blur+dark/043.png,33a6f6869142d054a19d9ebe78a6ffbad6acaac08e6065303f29a5111f3b9b3a,/root/autodl-tmp/graph/data/graphrestore/raw/agenticir/extracted/HQ/043.png,15880c27b3101797c4e5896dee7349ad832ac1c49fcd0c559b357f4e28296b4d,18.935325622558594,0.41660420025802,0.4988623857498169,0.15454554557800293,0.2577626407146454,48.786354064941406
test/A/motion blur + dark/044,A,motion blur+dark,/root/autodl-tmp/aaa/graphrestore/artifacts/formal_mio100/graphrestore_v7_1_stage4_step040000/methods/graphrestore_v7_1_stage4_step040000/d2/motion blur+dark/044.png,dd45a8e925d35e8110356046fedfc27e89dddd194bc34d17826c3f32dc066854,/root/autodl-tmp/graph/data/graphrestore/raw/agenticir/extracted/HQ/044.png,0645011c1dc3777ab263df617d1747b902c2d321de6f939549cfbe43eabc9245,24.53717803955078,0.684386480323831,0.29882943630218506,0.29788529872894287,0.5946890115737915,45.51787567138672
test/A/motion blur + dark/045,A,motion blur+dark,/root/autodl-tmp/aaa/graphrestore/artifacts/formal_mio100/graphrestore_v7_1_stage4_step040000/methods/graphrestore_v7_1_stage4_step040000/d2/motion blur+dark/045.png,216c4e68c6bd832835d8b14928069a395f483ead5244db895f081997931f3e75,/root/autodl-tmp/graph/data/graphrestore/raw/agenticir/extracted/HQ/045.png,d3e352c98c1fe9df1181c1e362bb9c3ba3a1d077456198796083821dab20d1fc,18.516813278198242,0.47729410581019216,0.6175497770309448,0.21122081577777863,0.3155559003353119,33.49040985107422
test/A/motion blur + dark/046,A,motion blur+dark,/root/autodl-tmp/aaa/graphrestore/artifacts/formal_mio100/graphrestore_v7_1_stage4_step040000/methods/graphrestore_v7_1_stage4_step040000/d2/motion blur+dark/046.png,1c3c3ca1b53070f68aa06f0fa07add51074d0b8b10c8bd4565e3ffd32d45245f,/root/autodl-tmp/graph/data/graphrestore/raw/agenticir/extracted/HQ/046.png,af4b21bf96515f2ff4f97a4990856b43ae02a1d8f39909428228a2612b5f936f,18.169736862182617,0.2909218402589024,0.7186495661735535,0.236534982919693,0.3788004219532013,41.40272903442383
test/A/motion blur + dark/047,A,motion blur+dark,/root/autodl-tmp/aaa/graphrestore/artifacts/formal_mio100/graphrestore_v7_1_stage4_step040000/methods/graphrestore_v7_1_stage4_step040000/d2/motion blur+dark/047.png,318847a039c31fac2e374ea64d6032cf7ad1ed37e3897875f99e046d8de5bbb8,/root/autodl-tmp/graph/data/graphrestore/raw/agenticir/extracted/HQ/047.png,8ecf454f7d68ca4ebf19b2b4a22275d3bb344666e4e483fda2c8cb84d5ff94db,22.947784423828125,0.7520228768541091,0.2124994993209839,0.31490057706832886,0.5261141657829285,56.09320068359375
test/A/motion blur + dark/048,A,motion blur+dark,/root/autodl-tmp/aaa/graphrestore/artifacts/formal_mio100/graphrestore_v7_1_stage4_step040000/methods/graphrestore_v7_1_stage4_step040000/d2/motion blur+dark/048.png,f6f2db57067d857b7fc9a1eb3f4fbfee50142da4d9a53849abc29c73a33fc877,/root/autodl-tmp/graph/data/graphrestore/raw/agenticir/extracted/HQ/048.png,b74e449ab10a96799f5e791f68de34dcfaf90a4befdb242cee372f6743841606,18.179412841796875,0.3463088413964254,0.503387451171875,0.18648120760917664,0.31080037355422974,53.3827018737793
test/A/motion blur + dark/049,A,motion blur+dark,/root/autodl-tmp/aaa/graphrestore/artifacts/formal_mio100/graphrestore_v7_1_stage4_step040000/methods/graphrestore_v7_1_stage4_step040000/d2/motion blur+dark/049.png,5eac89dadb8d99fc1b35a5f1970de24035c770557538957a4c6f1409a0646905,/root/autodl-tmp/graph/data/graphrestore/raw/agenticir/extracted/HQ/049.png,bdd8f4cec02d5659a12541bb32718429d397d6be195679045764e31574c4f226,19.240734100341797,0.45130448382748056,0.48885416984558105,0.3230490982532501,0.32139402627944946,49.50376892089844
test/A/motion blur + dark/050,A,motion blur+dark,/root/autodl-tmp/aaa/graphrestore/artifacts/formal_mio100/graphrestore_v7_1_stage4_step040000/methods/graphrestore_v7_1_stage4_step040000/d2/motion blur+dark/050.png,2afead49f39cf1fe31b2d7aa3864232ad4a484d69489efb10c9dec4bb951881d,/root/autodl-tmp/graph/data/graphrestore/raw/agenticir/extracted/HQ/050.png,c4cfbc77b28b145af37ea26b0b501d69633ebdedd3ce9a90d5760063ee95f492,17.907459259033203,0.48886442637632477,0.4799698293209076,0.1911819726228714,0.3493121266365051,54.236236572265625
test/A/motion blur + dark/053,A,motion blur+dark,/root/autodl-tmp/aaa/graphrestore/artifacts/formal_mio100/graphrestore_v7_1_stage4_step040000/methods/graphrestore_v7_1_stage4_step040000/d2/motion blur+dark/053.png,89c101608302fa272eec96b520705cbc4ed4afc5da35c138c210ceb8d3cb8ed4,/root/autodl-tmp/graph/data/graphrestore/raw/agenticir/extracted/HQ/053.png,6b1f2208c72adcd28d96a15d538bbfbe27cb5a21be416b6f30fa836b12ac867d,27.066442489624023,0.8547733755230805,0.17857986688613892,0.19872666895389557,0.31312617659568787,52.86829376220703
test/A/motion blur + dark/054,A,motion blur+dark,/root/autodl-tmp/aaa/graphrestore/artifacts/formal_mio100/graphrestore_v7_1_stage4_step040000/methods/graphrestore_v7_1_stage4_step040000/d2/motion blur+dark/054.png,1d09775d04a1916bead99b7c84c11867ed4b7a26c84183c6b19e263eaa9d1267,/root/autodl-tmp/graph/data/graphrestore/raw/agenticir/extracted/HQ/054.png,699ffde2d8d110e52811d39e5b9d745965d4211dd2312f453ce367f1bc0e66f5,25.503292083740234,0.7940700469856063,0.30501896142959595,0.17183488607406616,0.2661858797073364,50.71788787841797
test/A/motion blur + dark/055,A,motion blur+dark,/root/autodl-tmp/aaa/graphrestore/artifacts/formal_mio100/graphrestore_v7_1_stage4_step040000/methods/graphrestore_v7_1_stage4_step040000/d2/motion blur+dark/055.png,db384d4224620abe6a26242ecf2ca21826ce54cb84ddbcbe50d5b4e23e7271a7,/root/autodl-tmp/graph/data/graphrestore/raw/agenticir/extracted/HQ/055.png,5a59c6f9051a70f1c3ad8e9550b2a21322ef8ad71bd70085fb2330f6f6da3948,26.292598724365234,0.8678155580118352,0.1976422667503357,0.18973803520202637,0.3506329357624054,52.66697692871094
test/A/motion blur + dark/056,A,motion blur+dark,/root/autodl-tmp/aaa/graphrestore/artifacts/formal_mio100/graphrestore_v7_1_stage4_step040000/methods/graphrestore_v7_1_stage4_step040000/d2/motion blur+dark/056.png,48ca4383b76fc85e41f789d234b66ca65d4e6134de7d4b37bda38fcb2cbe7322,/root/autodl-tmp/graph/data/graphrestore/raw/agenticir/extracted/HQ/056.png,c5f28866f72e2d370875385eb6575124b0735f8f927fae1c07ff7151e200c956,23.957359313964844,0.8192385157788138,0.21917304396629333,0.21642866730690002,0.33846724033355713,52.23963928222656
test/A/motion blur + dark/057,A,motion blur+dark,/root/autodl-tmp/aaa/graphrestore/artifacts/formal_mio100/graphrestore_v7_1_stage4_step040000/methods/graphrestore_v7_1_stage4_step040000/d2/motion blur+dark/057.png,5fbc852b5ffd9235d1ffe7301cd67cf80af70f5a3e60f86985aebf02bafda698,/root/autodl-tmp/graph/data/graphrestore/raw/agenticir/extracted/HQ/057.png,42353ae75793843947c257055d87e0568db28ed51b9a5d87cc0d6a0dafb242af,22.932727813720703,0.793630910753796,0.2423953115940094,0.12123783677816391,0.2705741226673126,46.02887725830078
test/A/motion blur + dark/058,A,motion blur+dark,/root/autodl-tmp/aaa/graphrestore/artifacts/formal_mio100/graphrestore_v7_1_stage4_step040000/methods/graphrestore_v7_1_stage4_step040000/d2/motion blur+dark/058.png,6559c9b84409df973b9dcc25c6a5b44badfd0105bdec6ce276c9d1bdda81b005,/root/autodl-tmp/graph/data/graphrestore/raw/agenticir/extracted/HQ/058.png,e50e67dc4e57dc18d552546044c5ca169fdb26de4d5d81650d00d4b0f3ab7e76,22.883060455322266,0.8331993750152075,0.20842958986759186,0.10530351847410202,0.292988121509552,31.64907455444336
test/A/motion blur + dark/059,A,motion blur+dark,/root/autodl-tmp/aaa/graphrestore/artifacts/formal_mio100/graphrestore_v7_1_stage4_step040000/methods/graphrestore_v7_1_stage4_step040000/d2/motion blur+dark/059.png,aeaabf222dac2080408e3f25859fbf884d232cf7263cf9119d169bc03bd83919,/root/autodl-tmp/graph/data/graphrestore/raw/agenticir/extracted/HQ/059.png,e60c8277194566df02c7cefc895d1390756059f7a29ac67206ec202f1b897add,23.598491668701172,0.8376057773969866,0.23301070928573608,0.1342269778251648,0.2772860825061798,55.061527252197266
test/A/motion blur + dark/060,A,motion blur+dark,/root/autodl-tmp/aaa/graphrestore/artifacts/formal_mio100/graphrestore_v7_1_stage4_step040000/methods/graphrestore_v7_1_stage4_step040000/d2/motion blur+dark/060.png,cc086b4a7c1bc7aa56a07aa5cd6a06bb67a3cc84c26469014a76cc6428c0fb8b,/root/autodl-tmp/graph/data/graphrestore/raw/agenticir/extracted/HQ/060.png,d173273231bf0b68767ae3e287f4f34baa71e7d986a98c43a41fa9668fd8a0d4,23.427913665771484,0.7392712332165607,0.309207022190094,0.15693512558937073,0.2651532292366028,46.04435348510742
test/A/motion blur + dark/063,A,motion blur+dark,/root/autodl-tmp/aaa/graphrestore/artifacts/formal_mio100/graphrestore_v7_1_stage4_step040000/methods/graphrestore_v7_1_stage4_step040000/d2/motion blur+dark/063.png,9a4529bd43c12eede06b24ca807d7c1de0e825d1a2d21c1592148a91d3ae90e6,/root/autodl-tmp/graph/data/graphrestore/raw/agenticir/extracted/HQ/063.png,f7ccce7c58be38c16fb08060b8b379825cb0417a04e6813c72985768a480929c,17.779251098632812,0.5162762042575453,0.3333181142807007,0.1006813645362854,0.2313770055770874,41.59999084472656
test/A/motion blur + dark/064,A,motion blur+dark,/root/autodl-tmp/aaa/graphrestore/artifacts/formal_mio100/graphrestore_v7_1_stage4_step040000/methods/graphrestore_v7_1_stage4_step040000/d2/motion blur+dark/064.png,05f14002dec6076a031b72bb0af9c566464c19cc821b2f97f540fc8475dd91bb,/root/autodl-tmp/graph/data/graphrestore/raw/agenticir/extracted/HQ/064.png,b34caae8d574b2c008d53ceb0490df55c099e68844b2819f0c02fc50db26cee0,22.516870498657227,0.6512159160865005,0.2737337052822113,0.11213544011116028,0.25114282965660095,42.0421142578125
test/A/motion blur + dark/065,A,motion blur+dark,/root/autodl-tmp/aaa/graphrestore/artifacts/formal_mio100/graphrestore_v7_1_stage4_step040000/methods/graphrestore_v7_1_stage4_step040000/d2/motion blur+dark/065.png,0360a6ecae036dbbbf57f797cdaef56ad991ae08cd882d1833368f10ec72b5cb,/root/autodl-tmp/graph/data/graphrestore/raw/agenticir/extracted/HQ/065.png,f0770ae16bf79be3b5d94a7868da009f5ce1bbf54bfe5c879e352a4df590ef63,21.20383071899414,0.6351576759130191,0.31972911953926086,0.11589670181274414,0.20642046630382538,31.2373046875
test/A/motion blur + dark/066,A,motion blur+dark,/root/autodl-tmp/aaa/graphrestore/artifacts/formal_mio100/graphrestore_v7_1_stage4_step040000/methods/graphrestore_v7_1_stage4_step040000/d2/motion blur+dark/066.png,c8d9159039138e71a558ba44ed22c977b465287f64b6cd847d99960531901571,/root/autodl-tmp/graph/data/graphrestore/raw/agenticir/extracted/HQ/066.png,a19230b326bd2fb5c26ae283f65bf0b85f39f90421056a47c7ecd6d683379aff,22.336498260498047,0.7785108025996367,0.2031201720237732,0.15518848598003387,0.2737198770046234,60.4194450378418
test/A/motion blur + dark/067,A,motion blur+dark,/root/autodl-tmp/aaa/graphrestore/artifacts/formal_mio100/graphrestore_v7_1_stage4_step040000/methods/graphrestore_v7_1_stage4_step040000/d2/motion blur+dark/067.png,30165aa36722b50762d01c7c33281552ed26a8d15d78a552f7c31b84b20988c8,/root/autodl-tmp/graph/data/graphrestore/raw/agenticir/extracted/HQ/067.png,91cd9f021a6902b7f3220c6a373cba11f3bfbe4e4984c1d6fc4be0c76acb67a0,16.27669906616211,0.5023149126122046,0.4612096846103668,0.027247058227658272,0.18550296127796173,24.957290649414062
test/A/motion blur + dark/068,A,motion blur+dark,/root/autodl-tmp/aaa/graphrestore/artifacts/formal_mio100/graphrestore_v7_1_stage4_step040000/methods/graphrestore_v7_1_stage4_step040000/d2/motion blur+dark/068.png,4439a4ac432b2c09c320518aa28cc4de277ee3fa274c71273aa8d1db2cef8ecf,/root/autodl-tmp/graph/data/graphrestore/raw/agenticir/extracted/HQ/068.png,b8187d79db16002364f6017df807e6cac41e7ee9a68413a384b1bd69eddaa638,17.922016143798828,0.5097862188265052,0.3961132764816284,0.06617563217878342,0.22162674367427826,26.556854248046875
test/A/motion blur + dark/069,A,motion blur+dark,/root/autodl-tmp/aaa/graphrestore/artifacts/formal_mio100/graphrestore_v7_1_stage4_step040000/methods/graphrestore_v7_1_stage4_step040000/d2/motion blur+dark/069.png,69b7816eeecbffe0ba10a9da2ae9728590fb04c5eca1e5d9a15b48770edf1070,/root/autodl-tmp/graph/data/graphrestore/raw/agenticir/extracted/HQ/069.png,abb08be58f50075e5e6b1de44ddfe61c30ebb34882e9d72681edd73a5cdbb156,20.270517349243164,0.47792587574304485,0.5127146244049072,0.09166701138019562,0.24616244435310364,41.485877990722656
test/A/motion blur + dark/070,A,motion blur+dark,/root/autodl-tmp/aaa/graphrestore/artifacts/formal_mio100/graphrestore_v7_1_stage4_step040000/methods/graphrestore_v7_1_stage4_step040000/d2/motion blur+dark/070.png,d9d85f8644e49a96ea88663bc2270bc936d6ef14c85efca818a51b2c15ef715a,/root/autodl-tmp/graph/data/graphrestore/raw/agenticir/extracted/HQ/070.png,718ae2570e431003fb32f2a40e19f813545164ace18230ac03f9ec96b2747f85,24.144012451171875,0.8565115836711473,0.15397876501083374,0.13357219099998474,0.2886234223842621,40.429962158203125
test/A/motion blur + dark/073,A,motion blur+dark,/root/autodl-tmp/aaa/graphrestore/artifacts/formal_mio100/graphrestore_v7_1_stage4_step040000/methods/graphrestore_v7_1_stage4_step040000/d2/motion blur+dark/073.png,7c39af7e8abe13e95a1d1d7dccf7e76d818ca267dc705b943a5647885838a092,/root/autodl-tmp/graph/data/graphrestore/raw/agenticir/extracted/HQ/073.png,e4a8516954bfb4b79f2fc6194b6b4a8ed63250e14fe7ce0b6f6d77c922f84730,23.49590492248535,0.8413048302296007,0.18424873054027557,0.14205873012542725,0.31391268968582153,57.705718994140625
test/A/motion blur + dark/074,A,motion blur+dark,/root/autodl-tmp/aaa/graphrestore/artifacts/formal_mio100/graphrestore_v7_1_stage4_step040000/methods/graphrestore_v7_1_stage4_step040000/d2/motion blur+dark/074.png,85e8fb1d12c0325e55ca8a218e70035a513dd28529cf425df564c5254d891de2,/root/autodl-tmp/graph/data/graphrestore/raw/agenticir/extracted/HQ/074.png,cfa80e9825a34173ab0d1810b1b63bf645aa1b6b743966a77d7d03463319fd8e,21.5645694732666,0.7106204254920134,0.32450562715530396,0.08378101885318756,0.1935649812221527,20.82635498046875
test/A/motion blur + dark/075,A,motion blur+dark,/root/autodl-tmp/aaa/graphrestore/artifacts/formal_mio100/graphrestore_v7_1_stage4_step040000/methods/graphrestore_v7_1_stage4_step040000/d2/motion blur+dark/075.png,69a2a85f22ad16d5fc38924263f56f68433682f73e941e577e02a45443029ade,/root/autodl-tmp/graph/data/graphrestore/raw/agenticir/extracted/HQ/075.png,637e76a0398c825f3214d13b10485f7c180dc359b838ade377382c22c8f6b788,19.043071746826172,0.673294924572635,0.28142884373664856,0.1430877298116684,0.19060972332954407,38.83855438232422
test/A/motion blur + dark/076,A,motion blur+dark,/root/autodl-tmp/aaa/graphrestore/artifacts/formal_mio100/graphrestore_v7_1_stage4_step040000/methods/graphrestore_v7_1_stage4_step040000/d2/motion blur+dark/076.png,5de2b98842a1905a148adc21a9ca2189a8a3551928c8edfff7735798cbc5ed60,/root/autodl-tmp/graph/data/graphrestore/raw/agenticir/extracted/HQ/076.png,28f7193b83d2979c14a7c73e95657ce02a2cc902196495bea289e190f48cecae,21.88446807861328,0.688025985409201,0.3012656569480896,0.06750326603651047,0.20229752361774445,28.665950775146484
test/A/motion blur + dark/077,A,motion blur+dark,/root/autodl-tmp/aaa/graphrestore/artifacts/formal_mio100/graphrestore_v7_1_stage4_step040000/methods/graphrestore_v7_1_stage4_step040000/d2/motion blur+dark/077.png,2f6df1b39cfd20b1d079cfad4014aa1441d670dcd4aef615a0929552fbd794bb,/root/autodl-tmp/graph/data/graphrestore/raw/agenticir/extracted/HQ/077.png,6d0b3c0c4255ee2de7c3c275c114eb531248c06fce157913f4e69dacd492cc91,21.332645416259766,0.7345245730675919,0.20721939206123352,0.14156347513198853,0.24535511434078217,34.08757019042969
test/A/motion blur + dark/078,A,motion blur+dark,/root/autodl-tmp/aaa/graphrestore/artifacts/formal_mio100/graphrestore_v7_1_stage4_step040000/methods/graphrestore_v7_1_stage4_step040000/d2/motion blur+dark/078.png,ab4138416cfae84282accb6a222d850298d1ec6bd4ec0361f334bb3d0b0d6585,/root/autodl-tmp/graph/data/graphrestore/raw/agenticir/extracted/HQ/078.png,ae84b8b3592a0f623d5bd2c5791b049e6fd87155614fbbad37f1ac00a2cfa870,17.682456970214844,0.5012943121521805,0.4320535659790039,0.04338673874735832,0.1721259206533432,34.948265075683594
test/A/motion blur + dark/079,A,motion blur+dark,/root/autodl-tmp/aaa/graphrestore/artifacts/formal_mio100/graphrestore_v7_1_stage4_step040000/methods/graphrestore_v7_1_stage4_step040000/d2/motion blur+dark/079.png,59881ad7591bba803918f11a0ad62646bd2c0eaccf84ec11eae3c576fec9f3a0,/root/autodl-tmp/graph/data/graphrestore/raw/agenticir/extracted/HQ/079.png,166cde30b17743be2ca3fb2c29004e0b38b126bfa1d8d5f41013c23eb248aad5,20.179821014404297,0.5671972179031615,0.42365238070487976,0.10296899080276489,0.19895868003368378,27.579715728759766
test/A/motion blur + dark/080,A,motion blur+dark,/root/autodl-tmp/aaa/graphrestore/artifacts/formal_mio100/graphrestore_v7_1_stage4_step040000/methods/graphrestore_v7_1_stage4_step040000/d2/motion blur+dark/080.png,b0c262bce0302b451815e301613f7391949c3fc4bf97858195d16369a37a6790,/root/autodl-tmp/graph/data/graphrestore/raw/agenticir/extracted/HQ/080.png,b208599722bce230536ae4db62272e883a7714d4bfca7d73e1361da3b2ca9225,24.767635345458984,0.864287411698176,0.09790856391191483,0.19548287987709045,0.28617963194847107,60.883819580078125
test/A/motion blur + dark/083,A,motion blur+dark,/root/autodl-tmp/aaa/graphrestore/artifacts/formal_mio100/graphrestore_v7_1_stage4_step040000/methods/graphrestore_v7_1_stage4_step040000/d2/motion blur+dark/083.png,699204cac668ed59ae069b8acad0cbf8da7dbcdfeeed9bfcf704fa3170640ad1,/root/autodl-tmp/graph/data/graphrestore/raw/agenticir/extracted/HQ/083.png,4772b8d475dfc90626760cea35452db0ee8dfdd89f7cd8def57f8b4d74ecef44,21.878320693969727,0.7677020828558718,0.20024293661117554,0.23147155344486237,0.33326831459999084,58.60986328125
test/A/motion blur + dark/084,A,motion blur+dark,/root/autodl-tmp/aaa/graphrestore/artifacts/formal_mio100/graphrestore_v7_1_stage4_step040000/methods/graphrestore_v7_1_stage4_step040000/d2/motion blur+dark/084.png,9f63d989e20bc871fabd80b7d9244b82fded297a6befeba60c78a46a82087d4e,/root/autodl-tmp/graph/data/graphrestore/raw/agenticir/extracted/HQ/084.png,1bc34c4607ba66d84248fe8e7d5e30546ae13841542d8b1cb9146f2a2485df64,24.283714294433594,0.8166112856958347,0.2913311719894409,0.14691001176834106,0.3047255575656891,25.201160430908203
test/A/motion blur + dark/085,A,motion blur+dark,/root/autodl-tmp/aaa/graphrestore/artifacts/formal_mio100/graphrestore_v7_1_stage4_step040000/methods/graphrestore_v7_1_stage4_step040000/d2/motion blur+dark/085.png,23e3081b4fa6afc035e78a5cfeb40f0813bb2940f1699aa6340057c897f5941c,/root/autodl-tmp/graph/data/graphrestore/raw/agenticir/extracted/HQ/085.png,6174b7cb004afd2a578ec1950d92b99c41115b5a6bf70a511f19156c62bd5274,21.752012252807617,0.7694225813714677,0.25947293639183044,0.07290057837963104,0.21586477756500244,21.59716796875
test/A/motion blur + dark/086,A,motion blur+dark,/root/autodl-tmp/aaa/graphrestore/artifacts/formal_mio100/graphrestore_v7_1_stage4_step040000/methods/graphrestore_v7_1_stage4_step040000/d2/motion blur+dark/086.png,1a4e6085c26b3b4b648c6d8741f29955743889e275d4e0c7ef937e3bd91c510f,/root/autodl-tmp/graph/data/graphrestore/raw/agenticir/extracted/HQ/086.png,68a629299aaf0e4d70065c504c9b3e397721fa17a25c2585446914aa5c7bafb5,20.871458053588867,0.7354173617094175,0.3157219886779785,0.2328823357820511,0.3905164301395416,50.1469841003418
test/A/motion blur + dark/087,A,motion blur+dark,/root/autodl-tmp/aaa/graphrestore/artifacts/formal_mio100/graphrestore_v7_1_stage4_step040000/methods/graphrestore_v7_1_stage4_step040000/d2/motion blur+dark/087.png,8e4b267ee025e34d32be956531cc281e523b0f6592222009263b25a5a271cfa5,/root/autodl-tmp/graph/data/graphrestore/raw/agenticir/extracted/HQ/087.png,059a862de1498fc3b783bcfcce8fad399573aa912bb6638bbd3d43d23b88cdc6,21.58479881286621,0.7309132555339836,0.27286651730537415,0.17611567676067352,0.3411947786808014,52.44480514526367
test/A/motion blur + dark/088,A,motion blur+dark,/root/autodl-tmp/aaa/graphrestore/artifacts/formal_mio100/graphrestore_v7_1_stage4_step040000/methods/graphrestore_v7_1_stage4_step040000/d2/motion blur+dark/088.png,8bc307770d2afab3107888dafb4bcb9cbb018edc88c0f93a41c87072bc8b489a,/root/autodl-tmp/graph/data/graphrestore/raw/agenticir/extracted/HQ/088.png,e76841066e027bd2a2fa101a4598c597d4891a7c535e3cc3195b7afcc249d7ae,18.49715232849121,0.643271688035518,0.20157644152641296,0.097803995013237,0.22802774608135223,27.881359100341797
test/A/motion blur + dark/089,A,motion blur+dark,/root/autodl-tmp/aaa/graphrestore/artifacts/formal_mio100/graphrestore_v7_1_stage4_step040000/methods/graphrestore_v7_1_stage4_step040000/d2/motion blur+dark/089.png,1457604cb41446b85d920ffc59197d93a53d168fdf5e8b7676989d7481a8ac05,/root/autodl-tmp/graph/data/graphrestore/raw/agenticir/extracted/HQ/089.png,046e493440ea7499fe07cec3853e6e170225ce6cdc903aac14730fa6b9bf36ab,20.887136459350586,0.7485812265302996,0.17662620544433594,0.17388541996479034,0.3803367018699646,49.1905517578125
test/A/motion blur + dark/090,A,motion blur+dark,/root/autodl-tmp/aaa/graphrestore/artifacts/formal_mio100/graphrestore_v7_1_stage4_step040000/methods/graphrestore_v7_1_stage4_step040000/d2/motion blur+dark/090.png,08d64c81141e0018e24eb0dffb6ab2649181ff4036d0274c82c11533259dd945,/root/autodl-tmp/graph/data/graphrestore/raw/agenticir/extracted/HQ/090.png,830f74b8389bfef595e56e910efc49cf4246f6f7bd552ea8c45d071a0113053c,14.783573150634766,0.5019488879358649,0.4375520348548889,0.1618940681219101,0.2305060476064682,31.425140380859375
test/A/motion blur + dark/093,A,motion blur+dark,/root/autodl-tmp/aaa/graphrestore/artifacts/formal_mio100/graphrestore_v7_1_stage4_step040000/methods/graphrestore_v7_1_stage4_step040000/d2/motion blur+dark/093.png,c2d06dd65019f64ab43a5e507994ea2c262c082b09fee23fa3f370ca3fb241c9,/root/autodl-tmp/graph/data/graphrestore/raw/agenticir/extracted/HQ/093.png,b9ef1df7a3be70176f064c2568ea12d8cd9c9c54b3e8fd72bca53d170eaf06f2,18.7109375,0.6777975179138784,0.2628512680530548,0.28090500831604004,0.3351720869541168,61.940650939941406
test/A/motion blur + dark/094,A,motion blur+dark,/root/autodl-tmp/aaa/graphrestore/artifacts/formal_mio100/graphrestore_v7_1_stage4_step040000/methods/graphrestore_v7_1_stage4_step040000/d2/motion blur+dark/094.png,bcaf7a8f7f2f1af1b2c519e037e7ef96ebff15421b26b061eef2bc0c1ea7522e,/root/autodl-tmp/graph/data/graphrestore/raw/agenticir/extracted/HQ/094.png,45dab31fa407b6793844322a5e147cdfedc3bfa449cd28fc9605f41dba80966d,19.93098258972168,0.7055425027124034,0.24723969399929047,0.31048843264579773,0.38695284724235535,60.23964309692383
test/A/motion blur + dark/095,A,motion blur+dark,/root/autodl-tmp/aaa/graphrestore/artifacts/formal_mio100/graphrestore_v7_1_stage4_step040000/methods/graphrestore_v7_1_stage4_step040000/d2/motion blur+dark/095.png,85dd1892d3b2a2e8359bc835350d948e3acff89dffeeb6cf33a41c1fdd46528d,/root/autodl-tmp/graph/data/graphrestore/raw/agenticir/extracted/HQ/095.png,2f04f8c811593049180a1c6bdcf5d723d3c2f6443ba518c407e4976d7a6b2637,11.502174377441406,0.33684748543324877,0.4052176773548126,0.2532823383808136,0.24975323677062988,48.54327392578125
test/A/motion blur + dark/096,A,motion blur+dark,/root/autodl-tmp/aaa/graphrestore/artifacts/formal_mio100/graphrestore_v7_1_stage4_step040000/methods/graphrestore_v7_1_stage4_step040000/d2/motion blur+dark/096.png,e584a2a7241d917a307cd9a29d4aaefe2d85f97c65172a98f3d31172c19dfd0b,/root/autodl-tmp/graph/data/graphrestore/raw/agenticir/extracted/HQ/096.png,3ac9dbd626f9e294ae10a8ab11a34f6c0132ed355627d25ce3f8790f701fae29,19.021434783935547,0.7050559135164074,0.29037442803382874,0.2106083333492279,0.23395004868507385,50.363922119140625
test/A/motion blur + dark/097,A,motion blur+dark,/root/autodl-tmp/aaa/graphrestore/artifacts/formal_mio100/graphrestore_v7_1_stage4_step040000/methods/graphrestore_v7_1_stage4_step040000/d2/motion blur+dark/097.png,7fef05ea8b6e2dc6249cbd10ddd985bc50a7ee314a8d6deb6a688a6a7f71a83f,/root/autodl-tmp/graph/data/graphrestore/raw/agenticir/extracted/HQ/097.png,9b6c3c0d294f54e89b51656b0163aa8d0715dd7904848721ea76c07ccf737d2e,19.789669036865234,0.7716032932609912,0.1772477626800537,0.3459148108959198,0.4634579122066498,67.49681854248047
test/A/motion blur + dark/098,A,motion blur+dark,/root/autodl-tmp/aaa/graphrestore/artifacts/formal_mio100/graphrestore_v7_1_stage4_step040000/methods/graphrestore_v7_1_stage4_step040000/d2/motion blur+dark/098.png,d36427a922777bb6497c397b0c02638999baeb40d07116da0ed4008114429de8,/root/autodl-tmp/graph/data/graphrestore/raw/agenticir/extracted/HQ/098.png,f0574e5262ab9942e66006e0df3aab8738de997489badc302e131ae74299181f,17.60103988647461,0.5573953741473494,0.3450286090373993,0.232859805226326,0.27912744879722595,49.313480377197266
test/A/motion blur + dark/099,A,motion blur+dark,/root/autodl-tmp/aaa/graphrestore/artifacts/formal_mio100/graphrestore_v7_1_stage4_step040000/methods/graphrestore_v7_1_stage4_step040000/d2/motion blur+dark/099.png,6c79c2008ca2bf1c9485652368a904d02d9893f31c93129d38bbfbe1b5a0b88c,/root/autodl-tmp/graph/data/graphrestore/raw/agenticir/extracted/HQ/099.png,15ddff6cab9869d7fe8a7cb6fd328b436bbfa9b089e6adcbba7a5048e4c97f8b,21.830835342407227,0.6819571805291917,0.29528379440307617,0.21367760002613068,0.33946022391319275,55.430904388427734
test/A/motion blur + dark/100,A,motion blur+dark,/root/autodl-tmp/aaa/graphrestore/artifacts/formal_mio100/graphrestore_v7_1_stage4_step040000/methods/graphrestore_v7_1_stage4_step040000/d2/motion blur+dark/100.png,f54bd313163f43b3cfdba8814fc66f692e9283b39139267d083d7ab9c636b295,/root/autodl-tmp/graph/data/graphrestore/raw/agenticir/extracted/HQ/100.png,b7f5d60dbb3e7047b9c62efc7d61db97052a2cde687d3fae367a14a6793a0c40,13.580965042114258,0.36181177981804385,0.5247481465339661,0.15113556385040283,0.1971721202135086,40.372642517089844
test/A/defocus blur + haze/003,A,defocus blur+haze,/root/autodl-tmp/aaa/graphrestore/artifacts/formal_mio100/graphrestore_v7_1_stage4_step040000/methods/graphrestore_v7_1_stage4_step040000/d2/defocus blur+haze/003.png,0d1602be8166da7abf12ec67e7d9f8852b4971c8388e641c83c183923fe83ba7,/root/autodl-tmp/graph/data/graphrestore/raw/agenticir/extracted/HQ/003.png,c2a2513992db412a7160dfa2f82535dccaa188db91df80ee6ed5b0dd5c5d2d1a,24.18375015258789,0.8137179826569502,0.22832143306732178,0.39102858304977417,0.6323825716972351,70.8268051147461
test/A/defocus blur + haze/004,A,defocus blur+haze,/root/autodl-tmp/aaa/graphrestore/artifacts/formal_mio100/graphrestore_v7_1_stage4_step040000/methods/graphrestore_v7_1_stage4_step040000/d2/defocus blur+haze/004.png,8081595422e4b2307208734cb1d47c5517769db32f1dd17b02598443bbf3b303,/root/autodl-tmp/graph/data/graphrestore/raw/agenticir/extracted/HQ/004.png,f1ad3f60cd8e680739263535ab1620a2490f3bc0c65a9355a965c7dff9be1fed,25.07146644592285,0.837578409234011,0.1962410807609558,0.305145800113678,0.49966272711753845,67.22017669677734
test/A/defocus blur + haze/005,A,defocus blur+haze,/root/autodl-tmp/aaa/graphrestore/artifacts/formal_mio100/graphrestore_v7_1_stage4_step040000/methods/graphrestore_v7_1_stage4_step040000/d2/defocus blur+haze/005.png,565c69ee1a9b794d31a5496e57b34ff948601d3c011d193565aa5e6ceb0f9f1e,/root/autodl-tmp/graph/data/graphrestore/raw/agenticir/extracted/HQ/005.png,1d8eb1ef9c1817c087956135efa85be686e7169ef11eb532c768d32d7267a0ff,24.05508041381836,0.7884107385725367,0.15299823880195618,0.3203076422214508,0.6935575008392334,66.57401275634766
test/A/defocus blur + haze/006,A,defocus blur+haze,/root/autodl-tmp/aaa/graphrestore/artifacts/formal_mio100/graphrestore_v7_1_stage4_step040000/methods/graphrestore_v7_1_stage4_step040000/d2/defocus blur+haze/006.png,77f84286521c0d1c817cbe5ba94f11601f73c09641b83f99b3458dbe7708143c,/root/autodl-tmp/graph/data/graphrestore/raw/agenticir/extracted/HQ/006.png,f62feddd2f379d039dd1effe18b6368c79a6fe31fb8177f797c9f230eb8e1211,14.669015884399414,0.7442634418159777,0.2539997100830078,0.29397818446159363,0.6071988940238953,62.25248718261719
test/A/defocus blur + haze/007,A,defocus blur+haze,/root/autodl-tmp/aaa/graphrestore/artifacts/formal_mio100/graphrestore_v7_1_stage4_step040000/methods/graphrestore_v7_1_stage4_step040000/d2/defocus blur+haze/007.png,bd59c1f3a8f930fdb4987652b08c309465254a66d04a77237c2f6d3af772fc36,/root/autodl-tmp/graph/data/graphrestore/raw/agenticir/extracted/HQ/007.png,b876f087d5f42a9350f28383ff2df22156b6bbba702809d134b7713d9430881c,16.3911075592041,0.7538180932909169,0.32379984855651855,0.31968966126441956,0.6305174231529236,69.71540832519531
test/A/defocus blur + haze/008,A,defocus blur+haze,/root/autodl-tmp/aaa/graphrestore/artifacts/formal_mio100/graphrestore_v7_1_stage4_step040000/methods/graphrestore_v7_1_stage4_step040000/d2/defocus blur+haze/008.png,703809c73f9dc6d3901e9d2a534f35bf976d81d7c5cdd7a73b88e7805c161ce6,/root/autodl-tmp/graph/data/graphrestore/raw/agenticir/extracted/HQ/008.png,4efb8dbbd2ba5090b7b951a456ec5ed27a5d61360ab95cb1c5a9366f2868cb94,22.848112106323242,0.8889120425049117,0.09888279438018799,0.3391806185245514,0.7743927836418152,71.07440948486328
test/A/defocus blur + haze/009,A,defocus blur+haze,/root/autodl-tmp/aaa/graphrestore/artifacts/formal_mio100/graphrestore_v7_1_stage4_step040000/methods/graphrestore_v7_1_stage4_step040000/d2/defocus blur+haze/009.png,e004ae08d7650ddff4de89b2be55bc7841dfe263a72cfe6999fb04bb3a977fec,/root/autodl-tmp/graph/data/graphrestore/raw/agenticir/extracted/HQ/009.png,5b779ac0fbe5d1e4d4126fd2864493dcc2ecdbde374ede7e29a054b2a9cb4f21,28.144535064697266,0.9563631180911516,0.08984577655792236,0.2403011918067932,0.3503556251525879,51.39204788208008
test/A/defocus blur + haze/010,A,defocus blur+haze,/root/autodl-tmp/aaa/graphrestore/artifacts/formal_mio100/graphrestore_v7_1_stage4_step040000/methods/graphrestore_v7_1_stage4_step040000/d2/defocus blur+haze/010.png,039d0f7ad628aa082a89cc6482c20dcc5a4268199f8203d4317b18d0180c88d5,/root/autodl-tmp/graph/data/graphrestore/raw/agenticir/extracted/HQ/010.png,327492996d853f5c8873b435f98a91afd07db64567545baa61c9f4f64f717a0d,22.668746948242188,0.8412729815456964,0.22153893113136292,0.37138980627059937,0.7347233891487122,73.90247344970703
test/A/defocus blur + haze/013,A,defocus blur+haze,/root/autodl-tmp/aaa/graphrestore/artifacts/formal_mio100/graphrestore_v7_1_stage4_step040000/methods/graphrestore_v7_1_stage4_step040000/d2/defocus blur+haze/013.png,703b333e5bffdb903f5731aaaedfa9ba509cf42de3cc5c723a0ec8f2202f0348,/root/autodl-tmp/graph/data/graphrestore/raw/agenticir/extracted/HQ/013.png,afe18305499bd0b8318392e8f34ede33aafb5a0df2371075fe9f30a1c81a75eb,19.012231826782227,0.5221379331791935,0.46630004048347473,0.2976658046245575,0.3587001860141754,54.87522506713867
test/A/defocus blur + haze/014,A,defocus blur+haze,/root/autodl-tmp/aaa/graphrestore/artifacts/formal_mio100/graphrestore_v7_1_stage4_step040000/methods/graphrestore_v7_1_stage4_step040000/d2/defocus blur+haze/014.png,184ed1dfb5d2debaa5b5d436bcaf7e112d981c2cf25478d6e238fb837f2984f8,/root/autodl-tmp/graph/data/graphrestore/raw/agenticir/extracted/HQ/014.png,2d569d9b923a96b1542c0b845dce0c7657794eba9f6f22ae5d02f335ef1bc4a0,28.207653045654297,0.9291327759393019,0.06462249159812927,0.4367923140525818,0.6659468412399292,65.50157928466797
test/A/defocus blur + haze/015,A,defocus blur+haze,/root/autodl-tmp/aaa/graphrestore/artifacts/formal_mio100/graphrestore_v7_1_stage4_step040000/methods/graphrestore_v7_1_stage4_step040000/d2/defocus blur+haze/015.png,93824232322477664038237478da8222d74854f31184738008bbd4bf56d4bff7,/root/autodl-tmp/graph/data/graphrestore/raw/agenticir/extracted/HQ/015.png,286adb5a1c45ee88f14e1b16e3af420910584bf5ebdd72c40cf75317559c731f,22.248010635375977,0.7947958633020537,0.15477143228054047,0.3837542235851288,0.5244912505149841,58.84758377075195
test/A/defocus blur + haze/016,A,defocus blur+haze,/root/autodl-tmp/aaa/graphrestore/artifacts/formal_mio100/graphrestore_v7_1_stage4_step040000/methods/graphrestore_v7_1_stage4_step040000/d2/defocus blur+haze/016.png,16ed842c791bf219fd02a7ee30c916abd31b87f7389c1570f2411f3b12b206cd,/root/autodl-tmp/graph/data/graphrestore/raw/agenticir/extracted/HQ/016.png,ddc71b4b9bd2a57cabf985c7743b8ff7083a0d9205008603edb440ba27da9313,22.17561912536621,0.7655200650602119,0.20846498012542725,0.3571549654006958,0.6257237792015076,68.32953643798828
test/A/defocus blur + haze/017,A,defocus blur+haze,/root/autodl-tmp/aaa/graphrestore/artifacts/formal_mio100/graphrestore_v7_1_stage4_step040000/methods/graphrestore_v7_1_stage4_step040000/d2/defocus blur+haze/017.png,6da078b656bd1f69affa952c0edda99b53b00dace2a6b5101db3afd980161c4b,/root/autodl-tmp/graph/data/graphrestore/raw/agenticir/extracted/HQ/017.png,ab3ab0c03c2d8c9c0befbcad219fae23c9795fdf99d664630f4f4febbd02c519,29.494726181030273,0.9150018576552167,0.08254927396774292,0.4325159192085266,0.7680702805519104,66.31143951416016
test/A/defocus blur + haze/018,A,defocus blur+haze,/root/autodl-tmp/aaa/graphrestore/artifacts/formal_mio100/graphrestore_v7_1_stage4_step040000/methods/graphrestore_v7_1_stage4_step040000/d2/defocus blur+haze/018.png,6466f3ee546041e0b638be5ac30c429757d8ab047c5f289f06cab2fbf334a2c4,/root/autodl-tmp/graph/data/graphrestore/raw/agenticir/extracted/HQ/018.png,66db8e4aeb78f506ae4415572eb910726c3f16ede70138093ab4eced187b8df1,16.31829833984375,0.5167105914576007,0.43047523498535156,0.26303964853286743,0.3935551643371582,57.29863357543945
test/A/defocus blur + haze/019,A,defocus blur+haze,/root/autodl-tmp/aaa/graphrestore/artifacts/formal_mio100/graphrestore_v7_1_stage4_step040000/methods/graphrestore_v7_1_stage4_step040000/d2/defocus blur+haze/019.png,f5d95c9474588afddbac7c5086161a3d299c46444c9a38bf4419e52c7a7b044f,/root/autodl-tmp/graph/data/graphrestore/raw/agenticir/extracted/HQ/019.png,fb026cef85a4f7e64ad7c5f064ed15de1f04a7a7b6bde70b28ee78a55db21aeb,21.952608108520508,0.7858382040807519,0.199846088886261,0.33331677317619324,0.42394113540649414,55.18634796142578
test/A/defocus blur + haze/020,A,defocus blur+haze,/root/autodl-tmp/aaa/graphrestore/artifacts/formal_mio100/graphrestore_v7_1_stage4_step040000/methods/graphrestore_v7_1_stage4_step040000/d2/defocus blur+haze/020.png,79f67be7094ffb1425b78a433738ad05e4eb7c195bc399cd9b2baf22011db0ed,/root/autodl-tmp/graph/data/graphrestore/raw/agenticir/extracted/HQ/020.png,daa15d9f51eab9eca70197a7f05df7873e3eab75e432b0a81fe9488be552f37a,20.121458053588867,0.7200790945900584,0.24521082639694214,0.3283056914806366,0.3855505883693695,55.111412048339844
test/A/defocus blur + haze/023,A,defocus blur+haze,/root/autodl-tmp/aaa/graphrestore/artifacts/formal_mio100/graphrestore_v7_1_stage4_step040000/methods/graphrestore_v7_1_stage4_step040000/d2/defocus blur+haze/023.png,da63809639c76f6827ef0fcdd310acef91ab5ce0e096cbb64bd08ab433b22a3d,/root/autodl-tmp/graph/data/graphrestore/raw/agenticir/extracted/HQ/023.png,befde78eca5789c87200ca1e2ac905ba8ad5706b50af86454bd30bc857c90e02,20.583255767822266,0.7360584670772798,0.33121830224990845,0.31535783410072327,0.41039133071899414,55.423797607421875
test/A/defocus blur + haze/024,A,defocus blur+haze,/root/autodl-tmp/aaa/graphrestore/artifacts/formal_mio100/graphrestore_v7_1_stage4_step040000/methods/graphrestore_v7_1_stage4_step040000/d2/defocus blur+haze/024.png,51cd352e99b9ba0ea9f907447400977cc1a90b2160ce4e6760fce49dee852a98,/root/autodl-tmp/graph/data/graphrestore/raw/agenticir/extracted/HQ/024.png,e51441e174dd8dc0c47872ccb4221ab3f054b716588ee0f42d58a56098bd9538,23.015443801879883,0.7623249225857602,0.25068312883377075,0.24995571374893188,0.5498985648155212,58.858497619628906
test/A/defocus blur + haze/025,A,defocus blur+haze,/root/autodl-tmp/aaa/graphrestore/artifacts/formal_mio100/graphrestore_v7_1_stage4_step040000/methods/graphrestore_v7_1_stage4_step040000/d2/defocus blur+haze/025.png,5bb0e883ba2515f257b2629e491ce77a5f165edebfd3af2cb3717393d81e8717,/root/autodl-tmp/graph/data/graphrestore/raw/agenticir/extracted/HQ/025.png,f384d4a9bc3c31bc29038378f849002dc4ff2db373d852b732f5cfc24ebed244,16.003881454467773,0.7383194412784401,0.2935599088668823,0.2630688548088074,0.5075936913490295,63.07974624633789
test/A/defocus blur + haze/026,A,defocus blur+haze,/root/autodl-tmp/aaa/graphrestore/artifacts/formal_mio100/graphrestore_v7_1_stage4_step040000/methods/graphrestore_v7_1_stage4_step040000/d2/defocus blur+haze/026.png,c7c08df3d12c9ec9953cf1531e89b459e39ef544c6cac28dfd975e5f1ff1bd9f,/root/autodl-tmp/graph/data/graphrestore/raw/agenticir/extracted/HQ/026.png,cfce1d4c02a00f28988a64f63cd538c4147c3a72c147a6549d71f1105d671224,27.066959381103516,0.8907630641592132,0.15302079916000366,0.19510279595851898,0.4424517750740051,50.917152404785156
test/A/defocus blur + haze/027,A,defocus blur+haze,/root/autodl-tmp/aaa/graphrestore/artifacts/formal_mio100/graphrestore_v7_1_stage4_step040000/methods/graphrestore_v7_1_stage4_step040000/d2/defocus blur+haze/027.png,78b3eb11b941700221eb960edea65ec7fd053615ed3a23b3583ae0531690cf49,/root/autodl-tmp/graph/data/graphrestore/raw/agenticir/extracted/HQ/027.png,d69be3d26f3d3c95ffd9de3bd8d565120e0f09fb4aa84c72ae18d8fc4f871aae,15.280500411987305,0.785386352834124,0.23591047525405884,0.2634691298007965,0.653419017791748,60.237491607666016
test/A/defocus blur + haze/028,A,defocus blur+haze,/root/autodl-tmp/aaa/graphrestore/artifacts/formal_mio100/graphrestore_v7_1_stage4_step040000/methods/graphrestore_v7_1_stage4_step040000/d2/defocus blur+haze/028.png,4c7b29626cf3e3d78e77cd58970cc1ef3d2242718ce80c0c98254ea0a9048510,/root/autodl-tmp/graph/data/graphrestore/raw/agenticir/extracted/HQ/028.png,181f97da79059de1a93d1a0d30f6851393282c6af8b607d83ce29ab8c9dbf771,24.45962142944336,0.9097497400482871,0.16833901405334473,0.275805801153183,0.6161941885948181,50.06555938720703
test/A/defocus blur + haze/029,A,defocus blur+haze,/root/autodl-tmp/aaa/graphrestore/artifacts/formal_mio100/graphrestore_v7_1_stage4_step040000/methods/graphrestore_v7_1_stage4_step040000/d2/defocus blur+haze/029.png,874d53fab4e27c1518c7b9b0ef6569cacca3cf3faa8c64bbe652cfe48dfb919b,/root/autodl-tmp/graph/data/graphrestore/raw/agenticir/extracted/HQ/029.png,3c7f43d0544ada8d7b64d7bb197621349fa1dcdf8400fb6128afaf8787814556,25.6004638671875,0.7519866441516697,0.32619020342826843,0.22269688546657562,0.35534533858299255,47.77873229980469
test/A/defocus blur + haze/030,A,defocus blur+haze,/root/autodl-tmp/aaa/graphrestore/artifacts/formal_mio100/graphrestore_v7_1_stage4_step040000/methods/graphrestore_v7_1_stage4_step040000/d2/defocus blur+haze/030.png,af890f62a97af383e7f5d9c37a3efe0380297847b811c23345448ff976510f08,/root/autodl-tmp/graph/data/graphrestore/raw/agenticir/extracted/HQ/030.png,576b0158cf5a541dd6aaf522902400e8ba3175aacca36d9df22951f52acf3f2f,18.0843563079834,0.7715073099297912,0.279446542263031,0.2900230288505554,0.5770962834358215,62.84284210205078
test/A/defocus blur + haze/033,A,defocus blur+haze,/root/autodl-tmp/aaa/graphrestore/artifacts/formal_mio100/graphrestore_v7_1_stage4_step040000/methods/graphrestore_v7_1_stage4_step040000/d2/defocus blur+haze/033.png,7f967b18032ab3924b755fa7777af91d9c86510f1fc8f5c5a981948e5e3b2b97,/root/autodl-tmp/graph/data/graphrestore/raw/agenticir/extracted/HQ/033.png,9590f1419e378254c01f330c248e12e8a62792b04a27b72daf2c0afd6c41c758,21.45940399169922,0.6311158737987363,0.444577693939209,0.23029635846614838,0.5659838914871216,49.20551300048828
test/A/defocus blur + haze/034,A,defocus blur+haze,/root/autodl-tmp/aaa/graphrestore/artifacts/formal_mio100/graphrestore_v7_1_stage4_step040000/methods/graphrestore_v7_1_stage4_step040000/d2/defocus blur+haze/034.png,041f37330636e64e718ca19c350964adf25be21f72f8200ddf801776b3eb43db,/root/autodl-tmp/graph/data/graphrestore/raw/agenticir/extracted/HQ/034.png,0575cc2334f8f50fcbd3d9f58173645db8764f938ee55e8899084ca2b66fd018,25.135862350463867,0.6116734065035052,0.5934915542602539,0.2608640491962433,0.6574719548225403,52.32434844970703
test/A/defocus blur + haze/035,A,defocus blur+haze,/root/autodl-tmp/aaa/graphrestore/artifacts/formal_mio100/graphrestore_v7_1_stage4_step040000/methods/graphrestore_v7_1_stage4_step040000/d2/defocus blur+haze/035.png,f3b0ebad64f5c255b76e335d9a975a3421bde73d48919688dcd771f350417f5e,/root/autodl-tmp/graph/data/graphrestore/raw/agenticir/extracted/HQ/035.png,4e230744a9cb7c3ebe976ae7267155312b876fb355283b4938b34b758aef7ff9,27.656536102294922,0.866506942055993,0.13681548833847046,0.38792896270751953,0.7539782524108887,66.31863403320312
test/A/defocus blur + haze/036,A,defocus blur+haze,/root/autodl-tmp/aaa/graphrestore/artifacts/formal_mio100/graphrestore_v7_1_stage4_step040000/methods/graphrestore_v7_1_stage4_step040000/d2/defocus blur+haze/036.png,dd2ac0de8924f4e8635643777bf60cc198cf9b1a7f803b34fe32b22c86304ca7,/root/autodl-tmp/graph/data/graphrestore/raw/agenticir/extracted/HQ/036.png,409fbd0ad51be33e9e2711cb7b22cb39999eaac6e278ca1621c20300be446d76,22.338932037353516,0.6964367886389321,0.2714362144470215,0.23583748936653137,0.4422767758369446,49.91284942626953
test/A/defocus blur + haze/037,A,defocus blur+haze,/root/autodl-tmp/aaa/graphrestore/artifacts/formal_mio100/graphrestore_v7_1_stage4_step040000/methods/graphrestore_v7_1_stage4_step040000/d2/defocus blur+haze/037.png,490bcbe6a1f9d705e0fdcd703d7ce54205152a609d8012285345c711b51e2993,/root/autodl-tmp/graph/data/graphrestore/raw/agenticir/extracted/HQ/037.png,8f31abe11ce5d5377f131fdc788024ffb8d5cfdda501c06a64ca1fc80fab0d07,26.683029174804688,0.8747762763531497,0.2007998824119568,0.25927338004112244,0.5689409375190735,53.81040954589844
test/A/defocus blur + haze/038,A,defocus blur+haze,/root/autodl-tmp/aaa/graphrestore/artifacts/formal_mio100/graphrestore_v7_1_stage4_step040000/methods/graphrestore_v7_1_stage4_step040000/d2/defocus blur+haze/038.png,a9ab960213bfc6b3412842fd8ab45b3ebaa32f6e2facc08d252d6fe0e628ba26,/root/autodl-tmp/graph/data/graphrestore/raw/agenticir/extracted/HQ/038.png,fe7df2186482ca2cc105baed74cb1da9667b3b03e1629055880b6012db131aa1,23.205793380737305,0.6686148335452974,0.44922739267349243,0.17922553420066833,0.3736608624458313,47.779293060302734
test/A/defocus blur + haze/039,A,defocus blur+haze,/root/autodl-tmp/aaa/graphrestore/artifacts/formal_mio100/graphrestore_v7_1_stage4_step040000/methods/graphrestore_v7_1_stage4_step040000/d2/defocus blur+haze/039.png,bee7e3e98bf61646969e770a8ae6fab60452c881454defa8825d1aa66d0473d6,/root/autodl-tmp/graph/data/graphrestore/raw/agenticir/extracted/HQ/039.png,a2038f7610363fb1916197e0557fa84b50b610d86885a2d6409f9e3aa75fbbcd,19.200979232788086,0.7201449151436087,0.21688565611839294,0.2723006010055542,0.39703962206840515,44.311988830566406
test/A/defocus blur + haze/040,A,defocus blur+haze,/root/autodl-tmp/aaa/graphrestore/artifacts/formal_mio100/graphrestore_v7_1_stage4_step040000/methods/graphrestore_v7_1_stage4_step040000/d2/defocus blur+haze/040.png,384ce6269929b5f6e5127864dc6ab5a33fa7a180ee0ef658c04e4caa993fcf28,/root/autodl-tmp/graph/data/graphrestore/raw/agenticir/extracted/HQ/040.png,c5a9e4bb9d84a6734bdc04c272c48c1b17b150a1e346afab2338eb0ba41f1464,25.143545150756836,0.8172749589161051,0.23663994669914246,0.2515701651573181,0.5658559799194336,56.14368438720703
test/A/defocus blur + haze/043,A,defocus blur+haze,/root/autodl-tmp/aaa/graphrestore/artifacts/formal_mio100/graphrestore_v7_1_stage4_step040000/methods/graphrestore_v7_1_stage4_step040000/d2/defocus blur+haze/043.png,ccca34616a4600ff2af354dd1da26388a2732a43ddd6e5d0f9c2df685296912b,/root/autodl-tmp/graph/data/graphrestore/raw/agenticir/extracted/HQ/043.png,15880c27b3101797c4e5896dee7349ad832ac1c49fcd0c559b357f4e28296b4d,21.638370513916016,0.575551858330866,0.38777288794517517,0.28755658864974976,0.5133099555969238,57.087162017822266
test/A/defocus blur + haze/044,A,defocus blur+haze,/root/autodl-tmp/aaa/graphrestore/artifacts/formal_mio100/graphrestore_v7_1_stage4_step040000/methods/graphrestore_v7_1_stage4_step040000/d2/defocus blur+haze/044.png,bd9f7978cc2be5dc155c4e33441f02e75d4d1b0e4f676f0ff4c81c737b3878a8,/root/autodl-tmp/graph/data/graphrestore/raw/agenticir/extracted/HQ/044.png,0645011c1dc3777ab263df617d1747b902c2d321de6f939549cfbe43eabc9245,23.77496910095215,0.7332406846514316,0.3137056827545166,0.33164548873901367,0.5650253295898438,46.92266845703125
test/A/defocus blur + haze/045,A,defocus blur+haze,/root/autodl-tmp/aaa/graphrestore/artifacts/formal_mio100/graphrestore_v7_1_stage4_step040000/methods/graphrestore_v7_1_stage4_step040000/d2/defocus blur+haze/045.png,e05965e82dcc5464bfaef13728e21741500c3ff0fcdec607966ad88d6c58ddea,/root/autodl-tmp/graph/data/graphrestore/raw/agenticir/extracted/HQ/045.png,d3e352c98c1fe9df1181c1e362bb9c3ba3a1d077456198796083821dab20d1fc,25.343915939331055,0.775072150996815,0.23346081376075745,0.3950466513633728,0.6848375201225281,61.10995864868164
test/A/defocus blur + haze/046,A,defocus blur+haze,/root/autodl-tmp/aaa/graphrestore/artifacts/formal_mio100/graphrestore_v7_1_stage4_step040000/methods/graphrestore_v7_1_stage4_step040000/d2/defocus blur+haze/046.png,40ecf539a131ff72ef98b8493cf5411c79195d410375456d4480ffa432224722,/root/autodl-tmp/graph/data/graphrestore/raw/agenticir/extracted/HQ/046.png,af4b21bf96515f2ff4f97a4990856b43ae02a1d8f39909428228a2612b5f936f,19.875577926635742,0.3976860423456122,0.6414390206336975,0.31309038400650024,0.3664933741092682,51.53853225708008
test/A/defocus blur + haze/047,A,defocus blur+haze,/root/autodl-tmp/aaa/graphrestore/artifacts/formal_mio100/graphrestore_v7_1_stage4_step040000/methods/graphrestore_v7_1_stage4_step040000/d2/defocus blur+haze/047.png,9a6efe6b375ba764950c06880a8f1c5155b5dc3599fe42ede3cf46a8ca30ab8a,/root/autodl-tmp/graph/data/graphrestore/raw/agenticir/extracted/HQ/047.png,8ecf454f7d68ca4ebf19b2b4a22275d3bb344666e4e483fda2c8cb84d5ff94db,22.935274124145508,0.8132428033298188,0.15335513651371002,0.368319571018219,0.7140890955924988,61.823463439941406
test/A/defocus blur + haze/048,A,defocus blur+haze,/root/autodl-tmp/aaa/graphrestore/artifacts/formal_mio100/graphrestore_v7_1_stage4_step040000/methods/graphrestore_v7_1_stage4_step040000/d2/defocus blur+haze/048.png,500e1eef3f2acb3a30bf3bbeafedc268833603d999093b5d9aad3a8a4d670a23,/root/autodl-tmp/graph/data/graphrestore/raw/agenticir/extracted/HQ/048.png,b74e449ab10a96799f5e791f68de34dcfaf90a4befdb242cee372f6743841606,14.591131210327148,0.6484408934687482,0.23381510376930237,0.36634668707847595,0.591468334197998,55.594608306884766
test/A/defocus blur + haze/049,A,defocus blur+haze,/root/autodl-tmp/aaa/graphrestore/artifacts/formal_mio100/graphrestore_v7_1_stage4_step040000/methods/graphrestore_v7_1_stage4_step040000/d2/defocus blur+haze/049.png,daf578cfcd2546162960527b34ba4a38493743de070d32743db1fe4cc1545ee6,/root/autodl-tmp/graph/data/graphrestore/raw/agenticir/extracted/HQ/049.png,bdd8f4cec02d5659a12541bb32718429d397d6be195679045764e31574c4f226,16.517377853393555,0.6883902273803384,0.3252369463443756,0.38928768038749695,0.47241997718811035,58.971343994140625
test/A/defocus blur + haze/050,A,defocus blur+haze,/root/autodl-tmp/aaa/graphrestore/artifacts/formal_mio100/graphrestore_v7_1_stage4_step040000/methods/graphrestore_v7_1_stage4_step040000/d2/defocus blur+haze/050.png,5e4d02d4011f6250a6d5d8439033db1c126f6d75c2d1001fcda6521ac76646d1,/root/autodl-tmp/graph/data/graphrestore/raw/agenticir/extracted/HQ/050.png,c4cfbc77b28b145af37ea26b0b501d69633ebdedd3ce9a90d5760063ee95f492,23.39583969116211,0.7542509654006501,0.23821339011192322,0.36763817071914673,0.6486766934394836,72.62181091308594
test/A/defocus blur + haze/053,A,defocus blur+haze,/root/autodl-tmp/aaa/graphrestore/artifacts/formal_mio100/graphrestore_v7_1_stage4_step040000/methods/graphrestore_v7_1_stage4_step040000/d2/defocus blur+haze/053.png,bd0242519ec394b51620a8448468e52ba94e8aa95ffed2cbe4b388d732d105e2,/root/autodl-tmp/graph/data/graphrestore/raw/agenticir/extracted/HQ/053.png,6b1f2208c72adcd28d96a15d538bbfbe27cb5a21be416b6f30fa836b12ac867d,24.110748291015625,0.7024573035159304,0.1865139603614807,0.23789897561073303,0.32864364981651306,39.7894287109375
test/A/defocus blur + haze/054,A,defocus blur+haze,/root/autodl-tmp/aaa/graphrestore/artifacts/formal_mio100/graphrestore_v7_1_stage4_step040000/methods/graphrestore_v7_1_stage4_step040000/d2/defocus blur+haze/054.png,8b5b2395575a0d6878e9dd815e42e5e5c00637253c127878083ca4155f551544,/root/autodl-tmp/graph/data/graphrestore/raw/agenticir/extracted/HQ/054.png,699ffde2d8d110e52811d39e5b9d745965d4211dd2312f453ce367f1bc0e66f5,22.38368797302246,0.8306366322495741,0.3080675005912781,0.24333345890045166,0.3932940363883972,49.45171356201172
test/A/defocus blur + haze/055,A,defocus blur+haze,/root/autodl-tmp/aaa/graphrestore/artifacts/formal_mio100/graphrestore_v7_1_stage4_step040000/methods/graphrestore_v7_1_stage4_step040000/d2/defocus blur+haze/055.png,c2fef9e6dd1321031391946eb42bca5bc14cae602c796489687e91b2632bad08,/root/autodl-tmp/graph/data/graphrestore/raw/agenticir/extracted/HQ/055.png,5a59c6f9051a70f1c3ad8e9550b2a21322ef8ad71bd70085fb2330f6f6da3948,22.76311683654785,0.8864617908889426,0.3161980211734772,0.20767375826835632,0.34201738238334656,47.2859992980957
test/A/defocus blur + haze/056,A,defocus blur+haze,/root/autodl-tmp/aaa/graphrestore/artifacts/formal_mio100/graphrestore_v7_1_stage4_step040000/methods/graphrestore_v7_1_stage4_step040000/d2/defocus blur+haze/056.png,05e79786eca323cd3bd864442da0cd628dcfc18acf8c39fd7dbe4056d19e7699,/root/autodl-tmp/graph/data/graphrestore/raw/agenticir/extracted/HQ/056.png,c5f28866f72e2d370875385eb6575124b0735f8f927fae1c07ff7151e200c956,24.562528610229492,0.8627206152998641,0.22350510954856873,0.3003549873828888,0.4554014205932617,59.47850036621094
test/A/defocus blur + haze/057,A,defocus blur+haze,/root/autodl-tmp/aaa/graphrestore/artifacts/formal_mio100/graphrestore_v7_1_stage4_step040000/methods/graphrestore_v7_1_stage4_step040000/d2/defocus blur+haze/057.png,09329cfd00f382aa8d508ca8934414dcd2abacc3f4b169b9c0bc15faa12b4b39,/root/autodl-tmp/graph/data/graphrestore/raw/agenticir/extracted/HQ/057.png,42353ae75793843947c257055d87e0568db28ed51b9a5d87cc0d6a0dafb242af,21.085891723632812,0.9075100785925537,0.13211700320243835,0.3416689932346344,0.47806429862976074,69.58162689208984
test/A/defocus blur + haze/058,A,defocus blur+haze,/root/autodl-tmp/aaa/graphrestore/artifacts/formal_mio100/graphrestore_v7_1_stage4_step040000/methods/graphrestore_v7_1_stage4_step040000/d2/defocus blur+haze/058.png,4ee507c5cdcaf37280db03f45587e1ebf94fd6bc6d26602313fed3ed2eb2ad02,/root/autodl-tmp/graph/data/graphrestore/raw/agenticir/extracted/HQ/058.png,e50e67dc4e57dc18d552546044c5ca169fdb26de4d5d81650d00d4b0f3ab7e76,20.55889320373535,0.8923557088434887,0.13819105923175812,0.25432711839675903,0.4035927951335907,57.81712341308594
test/A/defocus blur + haze/059,A,defocus blur+haze,/root/autodl-tmp/aaa/graphrestore/artifacts/formal_mio100/graphrestore_v7_1_stage4_step040000/methods/graphrestore_v7_1_stage4_step040000/d2/defocus blur+haze/059.png,9b603dc177322a32d8f173683864ffb17b80e6b7a4060fd33e5578643269919a,/root/autodl-tmp/graph/data/graphrestore/raw/agenticir/extracted/HQ/059.png,e60c8277194566df02c7cefc895d1390756059f7a29ac67206ec202f1b897add,24.563901901245117,0.8177793452821283,0.12202411144971848,0.31648287177085876,0.4528888761997223,66.5004653930664
test/A/defocus blur + haze/060,A,defocus blur+haze,/root/autodl-tmp/aaa/graphrestore/artifacts/formal_mio100/graphrestore_v7_1_stage4_step040000/methods/graphrestore_v7_1_stage4_step040000/d2/defocus blur+haze/060.png,f7c8de31457c8e1f8990cb0ab175a1aef967473bd340fa96bf8872227c2e86ff,/root/autodl-tmp/graph/data/graphrestore/raw/agenticir/extracted/HQ/060.png,d173273231bf0b68767ae3e287f4f34baa71e7d986a98c43a41fa9668fd8a0d4,16.104248046875,0.7930949853051589,0.18275807797908783,0.31636878848075867,0.43460139632225037,69.25715637207031
test/A/defocus blur + haze/063,A,defocus blur+haze,/root/autodl-tmp/aaa/graphrestore/artifacts/formal_mio100/graphrestore_v7_1_stage4_step040000/methods/graphrestore_v7_1_stage4_step040000/d2/defocus blur+haze/063.png,b1f0703a388ebf94610e1d49d818036af0930c8e732ad0afe9a81cd2405aec5a,/root/autodl-tmp/graph/data/graphrestore/raw/agenticir/extracted/HQ/063.png,f7ccce7c58be38c16fb08060b8b379825cb0417a04e6813c72985768a480929c,23.140487670898438,0.7831918751563492,0.18639913201332092,0.2729939818382263,0.33933064341545105,57.350303649902344
test/A/defocus blur + haze/064,A,defocus blur+haze,/root/autodl-tmp/aaa/graphrestore/artifacts/formal_mio100/graphrestore_v7_1_stage4_step040000/methods/graphrestore_v7_1_stage4_step040000/d2/defocus blur+haze/064.png,877bb357412a50eb73f61c5639ef7d17841efc8f98db843b13b1d43ddf8b67ae,/root/autodl-tmp/graph/data/graphrestore/raw/agenticir/extracted/HQ/064.png,b34caae8d574b2c008d53ceb0490df55c099e68844b2819f0c02fc50db26cee0,26.91942596435547,0.8234013770923082,0.19637703895568848,0.2323206216096878,0.506193220615387,62.8924446105957
test/A/defocus blur + haze/065,A,defocus blur+haze,/root/autodl-tmp/aaa/graphrestore/artifacts/formal_mio100/graphrestore_v7_1_stage4_step040000/methods/graphrestore_v7_1_stage4_step040000/d2/defocus blur+haze/065.png,7f2c47be1b212a8fac1ef14262ecaede76aa4e839506347a60fba2aa465ca144,/root/autodl-tmp/graph/data/graphrestore/raw/agenticir/extracted/HQ/065.png,f0770ae16bf79be3b5d94a7868da009f5ce1bbf54bfe5c879e352a4df590ef63,24.3726749420166,0.7073102641217209,0.2797674834728241,0.24836932122707367,0.48064151406288147,52.98378372192383
test/A/defocus blur + haze/066,A,defocus blur+haze,/root/autodl-tmp/aaa/graphrestore/artifacts/formal_mio100/graphrestore_v7_1_stage4_step040000/methods/graphrestore_v7_1_stage4_step040000/d2/defocus blur+haze/066.png,7253440786d002268f514ff38e2dd49f2b1db1f4a060456efbfc76d8f743a498,/root/autodl-tmp/graph/data/graphrestore/raw/agenticir/extracted/HQ/066.png,a19230b326bd2fb5c26ae283f65bf0b85f39f90421056a47c7ecd6d683379aff,26.243549346923828,0.8821703823510725,0.11533325165510178,0.29870936274528503,0.4233459532260895,72.81706237792969
test/A/defocus blur + haze/067,A,defocus blur+haze,/root/autodl-tmp/aaa/graphrestore/artifacts/formal_mio100/graphrestore_v7_1_stage4_step040000/methods/graphrestore_v7_1_stage4_step040000/d2/defocus blur+haze/067.png,408180a266077952aabe8f16b7a1109fba951753ed000778c88ff4fd6cb01b84,/root/autodl-tmp/graph/data/graphrestore/raw/agenticir/extracted/HQ/067.png,91cd9f021a6902b7f3220c6a373cba11f3bfbe4e4984c1d6fc4be0c76acb67a0,23.166139602661133,0.8299703063565648,0.12473904341459274,0.30013373494148254,0.36373400688171387,67.26512908935547
test/A/defocus blur + haze/068,A,defocus blur+haze,/root/autodl-tmp/aaa/graphrestore/artifacts/formal_mio100/graphrestore_v7_1_stage4_step040000/methods/graphrestore_v7_1_stage4_step040000/d2/defocus blur+haze/068.png,1bbd9ae562190036e0cc6c6073c7cd1c28dbe239b9c32935d6e92f49a2d6f11f,/root/autodl-tmp/graph/data/graphrestore/raw/agenticir/extracted/HQ/068.png,b8187d79db16002364f6017df807e6cac41e7ee9a68413a384b1bd69eddaa638,26.286317825317383,0.8649739263603397,0.09028251469135284,0.34264639019966125,0.43789607286453247,73.69953155517578
test/A/defocus blur + haze/069,A,defocus blur+haze,/root/autodl-tmp/aaa/graphrestore/artifacts/formal_mio100/graphrestore_v7_1_stage4_step040000/methods/graphrestore_v7_1_stage4_step040000/d2/defocus blur+haze/069.png,ad744b8b4346b0a9ae6cbd27a6ee6e76b25dd69a028f9188dd47d3fc41fd0d77,/root/autodl-tmp/graph/data/graphrestore/raw/agenticir/extracted/HQ/069.png,abb08be58f50075e5e6b1de44ddfe61c30ebb34882e9d72681edd73a5cdbb156,25.065279006958008,0.7057380727236808,0.30093100666999817,0.21641577780246735,0.4950658977031708,66.11014556884766
test/A/defocus blur + haze/070,A,defocus blur+haze,/root/autodl-tmp/aaa/graphrestore/artifacts/formal_mio100/graphrestore_v7_1_stage4_step040000/methods/graphrestore_v7_1_stage4_step040000/d2/defocus blur+haze/070.png,3e8df115ece5f8053af6df6ef21c776553795289531faa18b90f9200e36e33e1,/root/autodl-tmp/graph/data/graphrestore/raw/agenticir/extracted/HQ/070.png,718ae2570e431003fb32f2a40e19f813545164ace18230ac03f9ec96b2747f85,20.591243743896484,0.882388112714348,0.10300001502037048,0.2413938343524933,0.3954605758190155,51.439144134521484
test/A/defocus blur + haze/073,A,defocus blur+haze,/root/autodl-tmp/aaa/graphrestore/artifacts/formal_mio100/graphrestore_v7_1_stage4_step040000/methods/graphrestore_v7_1_stage4_step040000/d2/defocus blur+haze/073.png,d110ed21ffe5972acf4b68a03171512cd4aabf6967c1ecc7ca80844f2c5a8615,/root/autodl-tmp/graph/data/graphrestore/raw/agenticir/extracted/HQ/073.png,e4a8516954bfb4b79f2fc6194b6b4a8ed63250e14fe7ce0b6f6d77c922f84730,27.704057693481445,0.9244853229012354,0.10287091881036758,0.19622492790222168,0.3668101727962494,58.82135772705078
test/A/defocus blur + haze/074,A,defocus blur+haze,/root/autodl-tmp/aaa/graphrestore/artifacts/formal_mio100/graphrestore_v7_1_stage4_step040000/methods/graphrestore_v7_1_stage4_step040000/d2/defocus blur+haze/074.png,0f863c8e44c538535800bf3a9fde9061b8c13f79e8cf4fcca13eb429e62fcab4,/root/autodl-tmp/graph/data/graphrestore/raw/agenticir/extracted/HQ/074.png,cfa80e9825a34173ab0d1810b1b63bf645aa1b6b743966a77d7d03463319fd8e,18.479501724243164,0.7464812302096061,0.22615167498588562,0.15506750345230103,0.27060434222221375,46.35273742675781
test/A/defocus blur + haze/075,A,defocus blur+haze,/root/autodl-tmp/aaa/graphrestore/artifacts/formal_mio100/graphrestore_v7_1_stage4_step040000/methods/graphrestore_v7_1_stage4_step040000/d2/defocus blur+haze/075.png,a3c73739a10e5c57603cb4090e848caf0398b5f9cfca3bf54c9cf85ec2a9a782,/root/autodl-tmp/graph/data/graphrestore/raw/agenticir/extracted/HQ/075.png,637e76a0398c825f3214d13b10485f7c180dc359b838ade377382c22c8f6b788,22.27349090576172,0.7700942414075579,0.20823809504508972,0.22796203196048737,0.3073704242706299,57.16387176513672
test/A/defocus blur + haze/076,A,defocus blur+haze,/root/autodl-tmp/aaa/graphrestore/artifacts/formal_mio100/graphrestore_v7_1_stage4_step040000/methods/graphrestore_v7_1_stage4_step040000/d2/defocus blur+haze/076.png,3fa31ea56aa545fc35993ca43f3c74a766f76993feea4fc1058269d71a5663f1,/root/autodl-tmp/graph/data/graphrestore/raw/agenticir/extracted/HQ/076.png,28f7193b83d2979c14a7c73e95657ce02a2cc902196495bea289e190f48cecae,16.88838005065918,0.597573419331462,0.18984267115592957,0.1872701346874237,0.3574238717556,54.72949981689453
test/A/defocus blur + haze/077,A,defocus blur+haze,/root/autodl-tmp/aaa/graphrestore/artifacts/formal_mio100/graphrestore_v7_1_stage4_step040000/methods/graphrestore_v7_1_stage4_step040000/d2/defocus blur+haze/077.png,f05b8c2c0e2d9ecd7aefb78721ea7ece57e1e40ef1825a038d177b41ebf24caf,/root/autodl-tmp/graph/data/graphrestore/raw/agenticir/extracted/HQ/077.png,6d0b3c0c4255ee2de7c3c275c114eb531248c06fce157913f4e69dacd492cc91,25.78510284423828,0.8417466738463633,0.18179214000701904,0.22609148919582367,0.23406648635864258,48.2170295715332
test/A/defocus blur + haze/078,A,defocus blur+haze,/root/autodl-tmp/aaa/graphrestore/artifacts/formal_mio100/graphrestore_v7_1_stage4_step040000/methods/graphrestore_v7_1_stage4_step040000/d2/defocus blur+haze/078.png,66f7dee0c9cd425e203cd5c2dc1db441eee2e655459fe60a5043a0e189d86a60,/root/autodl-tmp/graph/data/graphrestore/raw/agenticir/extracted/HQ/078.png,ae84b8b3592a0f623d5bd2c5791b049e6fd87155614fbbad37f1ac00a2cfa870,21.071815490722656,0.7801185862975749,0.20865388214588165,0.25733137130737305,0.44654616713523865,64.68898010253906
test/A/defocus blur + haze/079,A,defocus blur+haze,/root/autodl-tmp/aaa/graphrestore/artifacts/formal_mio100/graphrestore_v7_1_stage4_step040000/methods/graphrestore_v7_1_stage4_step040000/d2/defocus blur+haze/079.png,29f99d881ba569cc2cd1b6325edb91d5dd1f83c30c73f742f00a49ac0fb4dbcd,/root/autodl-tmp/graph/data/graphrestore/raw/agenticir/extracted/HQ/079.png,166cde30b17743be2ca3fb2c29004e0b38b126bfa1d8d5f41013c23eb248aad5,21.054908752441406,0.5597955975784545,0.3352668881416321,0.22578006982803345,0.38228586316108704,48.45247268676758
test/A/defocus blur + haze/080,A,defocus blur+haze,/root/autodl-tmp/aaa/graphrestore/artifacts/formal_mio100/graphrestore_v7_1_stage4_step040000/methods/graphrestore_v7_1_stage4_step040000/d2/defocus blur+haze/080.png,332b664e2ebac976e436345226295dce09ecffdc14ebeb211364e95ba3a8971a,/root/autodl-tmp/graph/data/graphrestore/raw/agenticir/extracted/HQ/080.png,b208599722bce230536ae4db62272e883a7714d4bfca7d73e1361da3b2ca9225,20.610393524169922,0.8583467501837487,0.10642534494400024,0.2535712420940399,0.34995540976524353,60.17437744140625
test/A/defocus blur + haze/083,A,defocus blur+haze,/root/autodl-tmp/aaa/graphrestore/artifacts/formal_mio100/graphrestore_v7_1_stage4_step040000/methods/graphrestore_v7_1_stage4_step040000/d2/defocus blur+haze/083.png,2ff0de559a09070b53e8bd79923537e91664905876ef54f4fd63ee19026a9301,/root/autodl-tmp/graph/data/graphrestore/raw/agenticir/extracted/HQ/083.png,4772b8d475dfc90626760cea35452db0ee8dfdd89f7cd8def57f8b4d74ecef44,21.510093688964844,0.7752890427916277,0.23911525309085846,0.23958057165145874,0.6207084655761719,61.502166748046875
test/A/defocus blur + haze/084,A,defocus blur+haze,/root/autodl-tmp/aaa/graphrestore/artifacts/formal_mio100/graphrestore_v7_1_stage4_step040000/methods/graphrestore_v7_1_stage4_step040000/d2/defocus blur+haze/084.png,50d4896097da02cc7bbda8d895e26d6a4edb06a78a506634b3a5f44e5c1a0f99,/root/autodl-tmp/graph/data/graphrestore/raw/agenticir/extracted/HQ/084.png,1bc34c4607ba66d84248fe8e7d5e30546ae13841542d8b1cb9146f2a2485df64,20.821949005126953,0.9121449736477583,0.16119757294654846,0.22959083318710327,0.36440277099609375,44.0579948425293
test/A/defocus blur + haze/085,A,defocus blur+haze,/root/autodl-tmp/aaa/graphrestore/artifacts/formal_mio100/graphrestore_v7_1_stage4_step040000/methods/graphrestore_v7_1_stage4_step040000/d2/defocus blur+haze/085.png,50f7a52dca98b108a64ff6419a3aa6203da81fecbd06fde5eb9fd1ad5fea9126,/root/autodl-tmp/graph/data/graphrestore/raw/agenticir/extracted/HQ/085.png,6174b7cb004afd2a578ec1950d92b99c41115b5a6bf70a511f19156c62bd5274,22.022842407226562,0.7920198256164553,0.10405781865119934,0.14319904148578644,0.29707562923431396,43.620399475097656
test/A/defocus blur + haze/086,A,defocus blur+haze,/root/autodl-tmp/aaa/graphrestore/artifacts/formal_mio100/graphrestore_v7_1_stage4_step040000/methods/graphrestore_v7_1_stage4_step040000/d2/defocus blur+haze/086.png,44a95a11bf1205cdc8bffbaa534e9a4a8fb782358232929dd26b4d94c947bfec,/root/autodl-tmp/graph/data/graphrestore/raw/agenticir/extracted/HQ/086.png,68a629299aaf0e4d70065c504c9b3e397721fa17a25c2585446914aa5c7bafb5,23.446727752685547,0.8456462813675937,0.1695043444633484,0.3308562636375427,0.5711933970451355,64.01588439941406
test/A/defocus blur + haze/087,A,defocus blur+haze,/root/autodl-tmp/aaa/graphrestore/artifacts/formal_mio100/graphrestore_v7_1_stage4_step040000/methods/graphrestore_v7_1_stage4_step040000/d2/defocus blur+haze/087.png,b2d9f93c18149ca47ad915b34d9194349d9b3011bf29bf0a284d0b3357c37cc6,/root/autodl-tmp/graph/data/graphrestore/raw/agenticir/extracted/HQ/087.png,059a862de1498fc3b783bcfcce8fad399573aa912bb6638bbd3d43d23b88cdc6,21.19886016845703,0.668168044025552,0.4155550003051758,0.1809324324131012,0.3790833652019501,49.39307403564453
test/A/defocus blur + haze/088,A,defocus blur+haze,/root/autodl-tmp/aaa/graphrestore/artifacts/formal_mio100/graphrestore_v7_1_stage4_step040000/methods/graphrestore_v7_1_stage4_step040000/d2/defocus blur+haze/088.png,90b65f5e199b6ee1182563fb9431931ea64a360bba5bcd4f93861b97f1415886,/root/autodl-tmp/graph/data/graphrestore/raw/agenticir/extracted/HQ/088.png,e76841066e027bd2a2fa101a4598c597d4891a7c535e3cc3195b7afcc249d7ae,27.637237548828125,0.9132663627609854,0.12417365610599518,0.12708204984664917,0.20832954347133636,30.661819458007812
test/A/defocus blur + haze/089,A,defocus blur+haze,/root/autodl-tmp/aaa/graphrestore/artifacts/formal_mio100/graphrestore_v7_1_stage4_step040000/methods/graphrestore_v7_1_stage4_step040000/d2/defocus blur+haze/089.png,fd2b59175f35c016a7c67c61942ecf9795e0a972c50cc3f0db1a164b95eef501,/root/autodl-tmp/graph/data/graphrestore/raw/agenticir/extracted/HQ/089.png,046e493440ea7499fe07cec3853e6e170225ce6cdc903aac14730fa6b9bf36ab,21.354074478149414,0.8141827679650048,0.17079496383666992,0.24394991993904114,0.5022421479225159,53.674102783203125
test/A/defocus blur + haze/090,A,defocus blur+haze,/root/autodl-tmp/aaa/graphrestore/artifacts/formal_mio100/graphrestore_v7_1_stage4_step040000/methods/graphrestore_v7_1_stage4_step040000/d2/defocus blur+haze/090.png,56d2c0ee9700ea2623d102d95ef3199a04a94779e6de589116dc5ad600316abf,/root/autodl-tmp/graph/data/graphrestore/raw/agenticir/extracted/HQ/090.png,830f74b8389bfef595e56e910efc49cf4246f6f7bd552ea8c45d071a0113053c,23.843738555908203,0.8260114036603001,0.1873997300863266,0.2682883143424988,0.4204818904399872,45.356014251708984
test/A/defocus blur + haze/093,A,defocus blur+haze,/root/autodl-tmp/aaa/graphrestore/artifacts/formal_mio100/graphrestore_v7_1_stage4_step040000/methods/graphrestore_v7_1_stage4_step040000/d2/defocus blur+haze/093.png,06c46a313f5c2fa82eb7111f10bec0385b7cb76838fa0c1a7a45aa8b18bace56,/root/autodl-tmp/graph/data/graphrestore/raw/agenticir/extracted/HQ/093.png,b9ef1df7a3be70176f064c2568ea12d8cd9c9c54b3e8fd72bca53d170eaf06f2,23.67444610595703,0.8064417836594479,0.216096431016922,0.3359971046447754,0.5611124634742737,59.69563293457031
test/A/defocus blur + haze/094,A,defocus blur+haze,/root/autodl-tmp/aaa/graphrestore/artifacts/formal_mio100/graphrestore_v7_1_stage4_step040000/methods/graphrestore_v7_1_stage4_step040000/d2/defocus blur+haze/094.png,101d8b6354121fb03c742d5ef562542be5c9602a98d2cbd53bc4eb493979d7e4,/root/autodl-tmp/graph/data/graphrestore/raw/agenticir/extracted/HQ/094.png,45dab31fa407b6793844322a5e147cdfedc3bfa449cd28fc9605f41dba80966d,22.669761657714844,0.7368137851960229,0.23375514149665833,0.2980569303035736,0.3565915524959564,58.844078063964844
test/A/defocus blur + haze/095,A,defocus blur+haze,/root/autodl-tmp/aaa/graphrestore/artifacts/formal_mio100/graphrestore_v7_1_stage4_step040000/methods/graphrestore_v7_1_stage4_step040000/d2/defocus blur+haze/095.png,21e153666129670d71b62c9ea61618828c9993590b980bd7a01b496aaecf4ca9,/root/autodl-tmp/graph/data/graphrestore/raw/agenticir/extracted/HQ/095.png,2f04f8c811593049180a1c6bdcf5d723d3c2f6443ba518c407e4976d7a6b2637,19.452354431152344,0.7998479998139644,0.1098518967628479,0.3778682053089142,0.3649030327796936,62.55589294433594
test/A/defocus blur + haze/096,A,defocus blur+haze,/root/autodl-tmp/aaa/graphrestore/artifacts/formal_mio100/graphrestore_v7_1_stage4_step040000/methods/graphrestore_v7_1_stage4_step040000/d2/defocus blur+haze/096.png,bb82b091e40f31391c8238410ef2c2e0349293456b9eb738c0a9f51c44ea6d41,/root/autodl-tmp/graph/data/graphrestore/raw/agenticir/extracted/HQ/096.png,3ac9dbd626f9e294ae10a8ab11a34f6c0132ed355627d25ce3f8790f701fae29,22.439937591552734,0.7907336796630491,0.2539566457271576,0.2985396087169647,0.45414233207702637,55.82749938964844
test/A/defocus blur + haze/097,A,defocus blur+haze,/root/autodl-tmp/aaa/graphrestore/artifacts/formal_mio100/graphrestore_v7_1_stage4_step040000/methods/graphrestore_v7_1_stage4_step040000/d2/defocus blur+haze/097.png,cd930ef23b1c2d03b35f76003db5719b06dedc7f2531f59e61cbccd91282d5c8,/root/autodl-tmp/graph/data/graphrestore/raw/agenticir/extracted/HQ/097.png,9b6c3c0d294f54e89b51656b0163aa8d0715dd7904848721ea76c07ccf737d2e,24.510005950927734,0.8989397347487088,0.09165370464324951,0.39412301778793335,0.5727514028549194,68.3443374633789
test/A/defocus blur + haze/098,A,defocus blur+haze,/root/autodl-tmp/aaa/graphrestore/artifacts/formal_mio100/graphrestore_v7_1_stage4_step040000/methods/graphrestore_v7_1_stage4_step040000/d2/defocus blur+haze/098.png,9bf8f2834c45848a09cee25269aff0fc1c5245ecc40440260e40d27c473694c3,/root/autodl-tmp/graph/data/graphrestore/raw/agenticir/extracted/HQ/098.png,f0574e5262ab9942e66006e0df3aab8738de997489badc302e131ae74299181f,21.702373504638672,0.7691511899098958,0.16285887360572815,0.3582214117050171,0.4926266670227051,68.09335327148438
test/A/defocus blur + haze/099,A,defocus blur+haze,/root/autodl-tmp/aaa/graphrestore/artifacts/formal_mio100/graphrestore_v7_1_stage4_step040000/methods/graphrestore_v7_1_stage4_step040000/d2/defocus blur+haze/099.png,fde6f952886b48f78b26a9705a80759272a8aacee5535188fc3a22c393cc5860,/root/autodl-tmp/graph/data/graphrestore/raw/agenticir/extracted/HQ/099.png,15ddff6cab9869d7fe8a7cb6fd328b436bbfa9b089e6adcbba7a5048e4c97f8b,21.694984436035156,0.7316053148012257,0.34958189725875854,0.27337586879730225,0.3108842372894287,49.731101989746094
test/A/defocus blur + haze/100,A,defocus blur+haze,/root/autodl-tmp/aaa/graphrestore/artifacts/formal_mio100/graphrestore_v7_1_stage4_step040000/methods/graphrestore_v7_1_stage4_step040000/d2/defocus blur+haze/100.png,5e0ec7878424a707487709229715be5b0ad1683f03d41e9c85aea829d9c83f09,/root/autodl-tmp/graph/data/graphrestore/raw/agenticir/extracted/HQ/100.png,b7f5d60dbb3e7047b9c62efc7d61db97052a2cde687d3fae367a14a6793a0c40,20.813255310058594,0.7214294809131571,0.2352617383003235,0.31206822395324707,0.3850487172603607,54.43040084838867
test/B/motion blur + jpeg compression artifact/001,B,motion blur+jpeg compression artifact,/root/autodl-tmp/aaa/graphrestore/artifacts/formal_mio100/graphrestore_v7_1_stage4_step040000/methods/graphrestore_v7_1_stage4_step040000/d2/motion blur+jpeg compression artifact/001.png,dcfcd34044927fc8e5297b1887efd5314828df328afb35278a81bc60f3a9ce23,/root/autodl-tmp/graph/data/graphrestore/raw/agenticir/extracted/HQ/001.png,501f9b012a3f9c95787db8151eddf07dcae5e163688c011649d3ff3f00372cae,24.114612579345703,0.7946881578881233,0.26357173919677734,0.2269454449415207,0.3268263041973114,57.17683792114258
test/B/motion blur + jpeg compression artifact/002,B,motion blur+jpeg compression artifact,/root/autodl-tmp/aaa/graphrestore/artifacts/formal_mio100/graphrestore_v7_1_stage4_step040000/methods/graphrestore_v7_1_stage4_step040000/d2/motion blur+jpeg compression artifact/002.png,1f2b346eface6412c320fd4d0e173c772f1d7d3e009731071680749f20fafe8f,/root/autodl-tmp/graph/data/graphrestore/raw/agenticir/extracted/HQ/002.png,e65fb0b7adb1176b47486303c8cc4f49a0173f91e00d28e0c3a4d3eccae286b4,21.45636558532715,0.8333032820985063,0.19868239760398865,0.27697286009788513,0.375736802816391,64.6786117553711
test/B/motion blur + jpeg compression artifact/003,B,motion blur+jpeg compression artifact,/root/autodl-tmp/aaa/graphrestore/artifacts/formal_mio100/graphrestore_v7_1_stage4_step040000/methods/graphrestore_v7_1_stage4_step040000/d2/motion blur+jpeg compression artifact/003.png,ec6b2588c45051d9c38e6e10238dcb9a01b076bcc54c9668d48a73fb958fecac,/root/autodl-tmp/graph/data/graphrestore/raw/agenticir/extracted/HQ/003.png,c2a2513992db412a7160dfa2f82535dccaa188db91df80ee6ed5b0dd5c5d2d1a,23.66114616394043,0.6576653890009903,0.35685306787490845,0.2807088792324066,0.3619753420352936,60.80573654174805
test/B/motion blur + jpeg compression artifact/004,B,motion blur+jpeg compression artifact,/root/autodl-tmp/aaa/graphrestore/artifacts/formal_mio100/graphrestore_v7_1_stage4_step040000/methods/graphrestore_v7_1_stage4_step040000/d2/motion blur+jpeg compression artifact/004.png,3a5de44ec9e6246fa0aeded43f429e60376784eea5d88e69b1b02d3a4d572334,/root/autodl-tmp/graph/data/graphrestore/raw/agenticir/extracted/HQ/004.png,f1ad3f60cd8e680739263535ab1620a2490f3bc0c65a9355a965c7dff9be1fed,23.767559051513672,0.7480646902973157,0.3114908039569855,0.2350449115037918,0.37586283683776855,62.955936431884766
test/B/motion blur + jpeg compression artifact/005,B,motion blur+jpeg compression artifact,/root/autodl-tmp/aaa/graphrestore/artifacts/formal_mio100/graphrestore_v7_1_stage4_step040000/methods/graphrestore_v7_1_stage4_step040000/d2/motion blur+jpeg compression artifact/005.png,e33dbe27b71db97fb5762a06a4ba99158e01da96442843676e3d1307d41a2176,/root/autodl-tmp/graph/data/graphrestore/raw/agenticir/extracted/HQ/005.png,1d8eb1ef9c1817c087956135efa85be686e7169ef11eb532c768d32d7267a0ff,20.27776336669922,0.6414975507001902,0.23510661721229553,0.27343568205833435,0.5331482291221619,62.954078674316406
test/B/motion blur + jpeg compression artifact/006,B,motion blur+jpeg compression artifact,/root/autodl-tmp/aaa/graphrestore/artifacts/formal_mio100/graphrestore_v7_1_stage4_step040000/methods/graphrestore_v7_1_stage4_step040000/d2/motion blur+jpeg compression artifact/006.png,855a892d808e0dce96acd97d05285b4bd84025eb9671aabe0cee76cbc78c82e7,/root/autodl-tmp/graph/data/graphrestore/raw/agenticir/extracted/HQ/006.png,f62feddd2f379d039dd1effe18b6368c79a6fe31fb8177f797c9f230eb8e1211,24.60525131225586,0.6952738514684944,0.40336260199546814,0.20161126554012299,0.30993184447288513,46.83232498168945
test/B/motion blur + jpeg compression artifact/007,B,motion blur+jpeg compression artifact,/root/autodl-tmp/aaa/graphrestore/artifacts/formal_mio100/graphrestore_v7_1_stage4_step040000/methods/graphrestore_v7_1_stage4_step040000/d2/motion blur+jpeg compression artifact/007.png,e500078e9f190a24f1fe1b5ea2aa0398114aaa8c49b982bbd10ab058b9bb11fe,/root/autodl-tmp/graph/data/graphrestore/raw/agenticir/extracted/HQ/007.png,b876f087d5f42a9350f28383ff2df22156b6bbba702809d134b7713d9430881c,24.19246482849121,0.6824913476722653,0.32580459117889404,0.2711673974990845,0.5204071402549744,68.6484603881836
test/B/motion blur + jpeg compression artifact/008,B,motion blur+jpeg compression artifact,/root/autodl-tmp/aaa/graphrestore/artifacts/formal_mio100/graphrestore_v7_1_stage4_step040000/methods/graphrestore_v7_1_stage4_step040000/d2/motion blur+jpeg compression artifact/008.png,1384b03a0f8fda20130522cd27e8a08deb53c4d429fd6a6944ca5a7b2f956df3,/root/autodl-tmp/graph/data/graphrestore/raw/agenticir/extracted/HQ/008.png,4efb8dbbd2ba5090b7b951a456ec5ed27a5d61360ab95cb1c5a9366f2868cb94,22.968631744384766,0.6221056301293505,0.37850624322891235,0.16061721742153168,0.30423206090927124,46.91889953613281
test/B/motion blur + jpeg compression artifact/009,B,motion blur+jpeg compression artifact,/root/autodl-tmp/aaa/graphrestore/artifacts/formal_mio100/graphrestore_v7_1_stage4_step040000/methods/graphrestore_v7_1_stage4_step040000/d2/motion blur+jpeg compression artifact/009.png,0820b045284996578f2380f51f073172b906e7608000463801bee1983aefeee7,/root/autodl-tmp/graph/data/graphrestore/raw/agenticir/extracted/HQ/009.png,5b779ac0fbe5d1e4d4126fd2864493dcc2ecdbde374ede7e29a054b2a9cb4f21,30.33696174621582,0.9271894162851387,0.2035328447818756,0.22062882781028748,0.27435770630836487,45.035316467285156
test/B/motion blur + jpeg compression artifact/010,B,motion blur+jpeg compression artifact,/root/autodl-tmp/aaa/graphrestore/artifacts/formal_mio100/graphrestore_v7_1_stage4_step040000/methods/graphrestore_v7_1_stage4_step040000/d2/motion blur+jpeg compression artifact/010.png,f8fb3561be16ab7514da0b5150d2acb11efce6bfb93fdf6042ea1f704c879904,/root/autodl-tmp/graph/data/graphrestore/raw/agenticir/extracted/HQ/010.png,327492996d853f5c8873b435f98a91afd07db64567545baa61c9f4f64f717a0d,21.13571548461914,0.6761539271464561,0.39301416277885437,0.23548829555511475,0.5160127878189087,66.54656219482422
test/B/motion blur + jpeg compression artifact/011,B,motion blur+jpeg compression artifact,/root/autodl-tmp/aaa/graphrestore/artifacts/formal_mio100/graphrestore_v7_1_stage4_step040000/methods/graphrestore_v7_1_stage4_step040000/d2/motion blur+jpeg compression artifact/011.png,d46d28bded529ecb92e09a277e64a97ee8fe33effc6df6cc87d20dca12ac34ba,/root/autodl-tmp/graph/data/graphrestore/raw/agenticir/extracted/HQ/011.png,dcafe4ee2b43e667674ccc874b42e160ea37427b7c935297734ba69ece6b6f35,18.77871322631836,0.49917576940336617,0.5473395586013794,0.17981384694576263,0.3321875035762787,45.1367301940918
test/B/motion blur + jpeg compression artifact/012,B,motion blur+jpeg compression artifact,/root/autodl-tmp/aaa/graphrestore/artifacts/formal_mio100/graphrestore_v7_1_stage4_step040000/methods/graphrestore_v7_1_stage4_step040000/d2/motion blur+jpeg compression artifact/012.png,8bbde8febb5820363c312612ebd68c9f66c31c37e32b1c01927611e30519561d,/root/autodl-tmp/graph/data/graphrestore/raw/agenticir/extracted/HQ/012.png,0884a3dabb3fa30cde26a4dfbf003a133139f708c65c3f8b02c24a87a6d073c3,20.022254943847656,0.6726422415651375,0.2938811779022217,0.1442994624376297,0.2632269561290741,41.37358856201172
test/B/motion blur + jpeg compression artifact/013,B,motion blur+jpeg compression artifact,/root/autodl-tmp/aaa/graphrestore/artifacts/formal_mio100/graphrestore_v7_1_stage4_step040000/methods/graphrestore_v7_1_stage4_step040000/d2/motion blur+jpeg compression artifact/013.png,f86b52eb092b4f99197da0988f9f8d9fb8791dc43f80a0daa1441e165a2f3c06,/root/autodl-tmp/graph/data/graphrestore/raw/agenticir/extracted/HQ/013.png,afe18305499bd0b8318392e8f34ede33aafb5a0df2371075fe9f30a1c81a75eb,19.32738494873047,0.45000189148759323,0.4471279978752136,0.2948320209980011,0.40070220828056335,51.221092224121094
test/B/motion blur + jpeg compression artifact/014,B,motion blur+jpeg compression artifact,/root/autodl-tmp/aaa/graphrestore/artifacts/formal_mio100/graphrestore_v7_1_stage4_step040000/methods/graphrestore_v7_1_stage4_step040000/d2/motion blur+jpeg compression artifact/014.png,1885c5e55f896a6f0faa6dcbddb7414f355dbbb6c24cb49b9378b9b10c317646,/root/autodl-tmp/graph/data/graphrestore/raw/agenticir/extracted/HQ/014.png,2d569d9b923a96b1542c0b845dce0c7657794eba9f6f22ae5d02f335ef1bc4a0,18.915000915527344,0.6363093223178733,0.28107407689094543,0.14846862852573395,0.377120703458786,35.9202995300293
test/B/motion blur + jpeg compression artifact/015,B,motion blur+jpeg compression artifact,/root/autodl-tmp/aaa/graphrestore/artifacts/formal_mio100/graphrestore_v7_1_stage4_step040000/methods/graphrestore_v7_1_stage4_step040000/d2/motion blur+jpeg compression artifact/015.png,27f6a795d8b3a7f949b70a4c381b6f9e035459f42e796b3e5324df24db5d59f8,/root/autodl-tmp/graph/data/graphrestore/raw/agenticir/extracted/HQ/015.png,286adb5a1c45ee88f14e1b16e3af420910584bf5ebdd72c40cf75317559c731f,19.263050079345703,0.6226060138069559,0.25057849287986755,0.3125280737876892,0.487694650888443,52.46599578857422
test/B/motion blur + jpeg compression artifact/016,B,motion blur+jpeg compression artifact,/root/autodl-tmp/aaa/graphrestore/artifacts/formal_mio100/graphrestore_v7_1_stage4_step040000/methods/graphrestore_v7_1_stage4_step040000/d2/motion blur+jpeg compression artifact/016.png,42440ead97ca91c4692d1e50f23e61968a8fb4345c1139b15cfa91a5648849ab,/root/autodl-tmp/graph/data/graphrestore/raw/agenticir/extracted/HQ/016.png,ddc71b4b9bd2a57cabf985c7743b8ff7083a0d9205008603edb440ba27da9313,17.83689308166504,0.4505283704255567,0.47714880108833313,0.08363814651966095,0.3129180371761322,44.05907440185547
test/B/motion blur + jpeg compression artifact/017,B,motion blur+jpeg compression artifact,/root/autodl-tmp/aaa/graphrestore/artifacts/formal_mio100/graphrestore_v7_1_stage4_step040000/methods/graphrestore_v7_1_stage4_step040000/d2/motion blur+jpeg compression artifact/017.png,12b5ff9a652af5c745f5e18f8eed6ab717fb12d5da455c94d3b6b3e8ff9526d6,/root/autodl-tmp/graph/data/graphrestore/raw/agenticir/extracted/HQ/017.png,ab3ab0c03c2d8c9c0befbcad219fae23c9795fdf99d664630f4f4febbd02c519,18.16007423400879,0.5759205145912004,0.37806186079978943,0.14907220005989075,0.29608389735221863,47.06727600097656
test/B/motion blur + jpeg compression artifact/018,B,motion blur+jpeg compression artifact,/root/autodl-tmp/aaa/graphrestore/artifacts/formal_mio100/graphrestore_v7_1_stage4_step040000/methods/graphrestore_v7_1_stage4_step040000/d2/motion blur+jpeg compression artifact/018.png,481aaee53f01b1acfd67c10f56733b119a50992ad50f661d268e9e5027891d85,/root/autodl-tmp/graph/data/graphrestore/raw/agenticir/extracted/HQ/018.png,66db8e4aeb78f506ae4415572eb910726c3f16ede70138093ab4eced187b8df1,15.927986145019531,0.2884171538276573,0.687666118144989,0.11274486035108566,0.2440556287765503,34.1898193359375
test/B/motion blur + jpeg compression artifact/019,B,motion blur+jpeg compression artifact,/root/autodl-tmp/aaa/graphrestore/artifacts/formal_mio100/graphrestore_v7_1_stage4_step040000/methods/graphrestore_v7_1_stage4_step040000/d2/motion blur+jpeg compression artifact/019.png,451c85c8a53e562fb494f86769d8d57addc9651fec1ecff74356ede6987ffd09,/root/autodl-tmp/graph/data/graphrestore/raw/agenticir/extracted/HQ/019.png,fb026cef85a4f7e64ad7c5f064ed15de1f04a7a7b6bde70b28ee78a55db21aeb,18.782445907592773,0.5499432970818596,0.38845962285995483,0.24799564480781555,0.23392243683338165,43.29510498046875
test/B/motion blur + jpeg compression artifact/020,B,motion blur+jpeg compression artifact,/root/autodl-tmp/aaa/graphrestore/artifacts/formal_mio100/graphrestore_v7_1_stage4_step040000/methods/graphrestore_v7_1_stage4_step040000/d2/motion blur+jpeg compression artifact/020.png,aebc77aef3d87eeceb9bf40315d601a3a702946f29d8423d9a94caf9fa05734b,/root/autodl-tmp/graph/data/graphrestore/raw/agenticir/extracted/HQ/020.png,daa15d9f51eab9eca70197a7f05df7873e3eab75e432b0a81fe9488be552f37a,16.863279342651367,0.48582208100577917,0.41802313923835754,0.2533908486366272,0.2936824858188629,40.99335861206055
test/B/motion blur + jpeg compression artifact/021,B,motion blur+jpeg compression artifact,/root/autodl-tmp/aaa/graphrestore/artifacts/formal_mio100/graphrestore_v7_1_stage4_step040000/methods/graphrestore_v7_1_stage4_step040000/d2/motion blur+jpeg compression artifact/021.png,23da3c93ab6b573b5e1bb1ff83663ce131696132b2255ff1172e47f249423d2d,/root/autodl-tmp/graph/data/graphrestore/raw/agenticir/extracted/HQ/021.png,9fcc8dda4bbbe5e54e419f5cbb07e7b4310dd291ad1f1cd3cd65a90f9809baa8,22.736482620239258,0.5272131311897723,0.49294769763946533,0.16030435264110565,0.3517293930053711,44.65833282470703
test/B/motion blur + jpeg compression artifact/022,B,motion blur+jpeg compression artifact,/root/autodl-tmp/aaa/graphrestore/artifacts/formal_mio100/graphrestore_v7_1_stage4_step040000/methods/graphrestore_v7_1_stage4_step040000/d2/motion blur+jpeg compression artifact/022.png,78d905bf8a4e536231f382b0e99c7ade78384fcbc35db9a6413734da3dfd0b3c,/root/autodl-tmp/graph/data/graphrestore/raw/agenticir/extracted/HQ/022.png,70c41dc6f249472324664323044853cb85a1256f39b4a31853ddbd89fcc1e191,20.49818992614746,0.6149071400715924,0.3959055244922638,0.16108910739421844,0.3054591119289398,27.464590072631836
test/B/motion blur + jpeg compression artifact/023,B,motion blur+jpeg compression artifact,/root/autodl-tmp/aaa/graphrestore/artifacts/formal_mio100/graphrestore_v7_1_stage4_step040000/methods/graphrestore_v7_1_stage4_step040000/d2/motion blur+jpeg compression artifact/023.png,f44bbe4e1343b6ba8b88dea46f07649f0945e86c4a7e726f5e43ad9f308efc3f,/root/autodl-tmp/graph/data/graphrestore/raw/agenticir/extracted/HQ/023.png,befde78eca5789c87200ca1e2ac905ba8ad5706b50af86454bd30bc857c90e02,20.408479690551758,0.6366169770864119,0.41019871830940247,0.19934548437595367,0.3660636246204376,48.20976257324219
test/B/motion blur + jpeg compression artifact/024,B,motion blur+jpeg compression artifact,/root/autodl-tmp/aaa/graphrestore/artifacts/formal_mio100/graphrestore_v7_1_stage4_step040000/methods/graphrestore_v7_1_stage4_step040000/d2/motion blur+jpeg compression artifact/024.png,7cbd277c32415ffb56561abc692f550650798e6aa24ec5113bb6726b1ab8c71a,/root/autodl-tmp/graph/data/graphrestore/raw/agenticir/extracted/HQ/024.png,e51441e174dd8dc0c47872ccb4221ab3f054b716588ee0f42d58a56098bd9538,17.760387420654297,0.5005681611105358,0.512977123260498,0.08718159049749374,0.1665046662092209,40.18305206298828
test/B/motion blur + jpeg compression artifact/025,B,motion blur+jpeg compression artifact,/root/autodl-tmp/aaa/graphrestore/artifacts/formal_mio100/graphrestore_v7_1_stage4_step040000/methods/graphrestore_v7_1_stage4_step040000/d2/motion blur+jpeg compression artifact/025.png,dff2a73418926f2d59f9573ec8f2188419254eea2125727faa3af89a5fed424d,/root/autodl-tmp/graph/data/graphrestore/raw/agenticir/extracted/HQ/025.png,f384d4a9bc3c31bc29038378f849002dc4ff2db373d852b732f5cfc24ebed244,25.434743881225586,0.6544773340358399,0.4148763120174408,0.16855581104755402,0.3391232192516327,51.299644470214844
test/B/motion blur + jpeg compression artifact/026,B,motion blur+jpeg compression artifact,/root/autodl-tmp/aaa/graphrestore/artifacts/formal_mio100/graphrestore_v7_1_stage4_step040000/methods/graphrestore_v7_1_stage4_step040000/d2/motion blur+jpeg compression artifact/026.png,3322522b74ff3e335122f87586640a7cc99869d0ef514b08a877f7e06b3a201b,/root/autodl-tmp/graph/data/graphrestore/raw/agenticir/extracted/HQ/026.png,cfce1d4c02a00f28988a64f63cd538c4147c3a72c147a6549d71f1105d671224,24.904956817626953,0.7652120265359034,0.3561398386955261,0.1287146508693695,0.2459946870803833,38.46680450439453
test/B/motion blur + jpeg compression artifact/027,B,motion blur+jpeg compression artifact,/root/autodl-tmp/aaa/graphrestore/artifacts/formal_mio100/graphrestore_v7_1_stage4_step040000/methods/graphrestore_v7_1_stage4_step040000/d2/motion blur+jpeg compression artifact/027.png,8bc75c4218108578ead010620132f2e3c40fd85c75effbe69dc2ee49ef36bcb1,/root/autodl-tmp/graph/data/graphrestore/raw/agenticir/extracted/HQ/027.png,d69be3d26f3d3c95ffd9de3bd8d565120e0f09fb4aa84c72ae18d8fc4f871aae,24.51044273376465,0.7166336751595549,0.4102889597415924,0.13615049421787262,0.27493566274642944,53.93336868286133
test/B/motion blur + jpeg compression artifact/028,B,motion blur+jpeg compression artifact,/root/autodl-tmp/aaa/graphrestore/artifacts/formal_mio100/graphrestore_v7_1_stage4_step040000/methods/graphrestore_v7_1_stage4_step040000/d2/motion blur+jpeg compression artifact/028.png,0efefc71dbeda5c93baadc7bdd3862a798cc41dd97a9911b2bf51bfc6e3f65a1,/root/autodl-tmp/graph/data/graphrestore/raw/agenticir/extracted/HQ/028.png,181f97da79059de1a93d1a0d30f6851393282c6af8b607d83ce29ab8c9dbf771,25.79867935180664,0.8154979755305433,0.2831960618495941,0.2210596650838852,0.3717675507068634,42.024024963378906
test/B/motion blur + jpeg compression artifact/029,B,motion blur+jpeg compression artifact,/root/autodl-tmp/aaa/graphrestore/artifacts/formal_mio100/graphrestore_v7_1_stage4_step040000/methods/graphrestore_v7_1_stage4_step040000/d2/motion blur+jpeg compression artifact/029.png,e39254010ad0954cf77d9a65c3cfc674fa91a57be126ab3e246ce80d27390f83,/root/autodl-tmp/graph/data/graphrestore/raw/agenticir/extracted/HQ/029.png,3c7f43d0544ada8d7b64d7bb197621349fa1dcdf8400fb6128afaf8787814556,25.623779296875,0.7340276893353586,0.4010739028453827,0.12183414399623871,0.2755328118801117,37.08327865600586
test/B/motion blur + jpeg compression artifact/030,B,motion blur+jpeg compression artifact,/root/autodl-tmp/aaa/graphrestore/artifacts/formal_mio100/graphrestore_v7_1_stage4_step040000/methods/graphrestore_v7_1_stage4_step040000/d2/motion blur+jpeg compression artifact/030.png,a7125dd38cde2a21f2e41b63bc63d31abee8d803dc58d34595c4e1c107717a16,/root/autodl-tmp/graph/data/graphrestore/raw/agenticir/extracted/HQ/030.png,576b0158cf5a541dd6aaf522902400e8ba3175aacca36d9df22951f52acf3f2f,19.778724670410156,0.5774173143801151,0.4215884804725647,0.1606760025024414,0.25427496433258057,51.48631286621094
test/B/motion blur + jpeg compression artifact/031,B,motion blur+jpeg compression artifact,/root/autodl-tmp/aaa/graphrestore/artifacts/formal_mio100/graphrestore_v7_1_stage4_step040000/methods/graphrestore_v7_1_stage4_step040000/d2/motion blur+jpeg compression artifact/031.png,612a9ceb756a5a3ef85d8053bfdb6c5c70f75cf337b30f99fc98e7acf50f0800,/root/autodl-tmp/graph/data/graphrestore/raw/agenticir/extracted/HQ/031.png,ee314f8cd1954636c1817c95d1cb0db5aa871e179961c3463869d5dc2100d422,21.907066345214844,0.5280551529257679,0.581372857093811,0.10437178611755371,0.26621872186660767,29.439729690551758
test/B/motion blur + jpeg compression artifact/032,B,motion blur+jpeg compression artifact,/root/autodl-tmp/aaa/graphrestore/artifacts/formal_mio100/graphrestore_v7_1_stage4_step040000/methods/graphrestore_v7_1_stage4_step040000/d2/motion blur+jpeg compression artifact/032.png,d241fa4312acfa3399c03ece62b81e32a59210dac1b0e0763e1ccef33d7aa174,/root/autodl-tmp/graph/data/graphrestore/raw/agenticir/extracted/HQ/032.png,e9749385ec471240dd782d677482b0d949b80ccb7472dc409fa260d1748ed9b9,24.481353759765625,0.6929220292842726,0.38615959882736206,0.16374601423740387,0.3005865216255188,45.57301330566406
test/B/motion blur + jpeg compression artifact/033,B,motion blur+jpeg compression artifact,/root/autodl-tmp/aaa/graphrestore/artifacts/formal_mio100/graphrestore_v7_1_stage4_step040000/methods/graphrestore_v7_1_stage4_step040000/d2/motion blur+jpeg compression artifact/033.png,6f59ad38b4ae32acd228035aea0d1032498d106501e87eccf4e892540d4862a3,/root/autodl-tmp/graph/data/graphrestore/raw/agenticir/extracted/HQ/033.png,9590f1419e378254c01f330c248e12e8a62792b04a27b72daf2c0afd6c41c758,17.24741554260254,0.30977830977756965,0.739650547504425,0.050108350813388824,0.2317638248205185,17.611026763916016
test/B/motion blur + jpeg compression artifact/034,B,motion blur+jpeg compression artifact,/root/autodl-tmp/aaa/graphrestore/artifacts/formal_mio100/graphrestore_v7_1_stage4_step040000/methods/graphrestore_v7_1_stage4_step040000/d2/motion blur+jpeg compression artifact/034.png,a72696b0a5ca065009a97d1b0b911cd13b114c11393347e515e74d04450f2792,/root/autodl-tmp/graph/data/graphrestore/raw/agenticir/extracted/HQ/034.png,0575cc2334f8f50fcbd3d9f58173645db8764f938ee55e8899084ca2b66fd018,25.20536231994629,0.5084991887532575,0.7566608190536499,0.16027423739433289,0.37261685729026794,32.57093048095703
test/B/motion blur + jpeg compression artifact/035,B,motion blur+jpeg compression artifact,/root/autodl-tmp/aaa/graphrestore/artifacts/formal_mio100/graphrestore_v7_1_stage4_step040000/methods/graphrestore_v7_1_stage4_step040000/d2/motion blur+jpeg compression artifact/035.png,079d942a8c9ab60fa0326e4cb8052c59238d4b3b69aa19302487c5ba3f027820,/root/autodl-tmp/graph/data/graphrestore/raw/agenticir/extracted/HQ/035.png,4e230744a9cb7c3ebe976ae7267155312b876fb355283b4938b34b758aef7ff9,26.58431625366211,0.7768965837442583,0.3208027482032776,0.21579864621162415,0.29025956988334656,51.65596008300781
test/B/motion blur + jpeg compression artifact/036,B,motion blur+jpeg compression artifact,/root/autodl-tmp/aaa/graphrestore/artifacts/formal_mio100/graphrestore_v7_1_stage4_step040000/methods/graphrestore_v7_1_stage4_step040000/d2/motion blur+jpeg compression artifact/036.png,c9ec90019f347b4f266ed7a2bd981a1d1cb24597d36a63699f96f0c760ab14d3,/root/autodl-tmp/graph/data/graphrestore/raw/agenticir/extracted/HQ/036.png,409fbd0ad51be33e9e2711cb7b22cb39999eaac6e278ca1621c20300be446d76,18.51173973083496,0.3959493374415401,0.5691267251968384,0.06345943361520767,0.29676589369773865,16.947208404541016
test/B/motion blur + jpeg compression artifact/037,B,motion blur+jpeg compression artifact,/root/autodl-tmp/aaa/graphrestore/artifacts/formal_mio100/graphrestore_v7_1_stage4_step040000/methods/graphrestore_v7_1_stage4_step040000/d2/motion blur+jpeg compression artifact/037.png,6fe362924a10b1b2edd0c40ba8b86a29f4ff3dc1acfcabf1e6491c9554057dec,/root/autodl-tmp/graph/data/graphrestore/raw/agenticir/extracted/HQ/037.png,8f31abe11ce5d5377f131fdc788024ffb8d5cfdda501c06a64ca1fc80fab0d07,22.239002227783203,0.7021231221362055,0.4040093421936035,0.16653235256671906,0.2770875096321106,36.455352783203125
test/B/motion blur + jpeg compression artifact/038,B,motion blur+jpeg compression artifact,/root/autodl-tmp/aaa/graphrestore/artifacts/formal_mio100/graphrestore_v7_1_stage4_step040000/methods/graphrestore_v7_1_stage4_step040000/d2/motion blur+jpeg compression artifact/038.png,41c2cf9aff0e583f9f6ec2cca365cf5a1574624eaa35be4cd3ae04ffc698327c,/root/autodl-tmp/graph/data/graphrestore/raw/agenticir/extracted/HQ/038.png,fe7df2186482ca2cc105baed74cb1da9667b3b03e1629055880b6012db131aa1,21.869918823242188,0.5369699800530008,0.6127802133560181,0.09114432334899902,0.2300567626953125,23.763626098632812
test/B/motion blur + jpeg compression artifact/039,B,motion blur+jpeg compression artifact,/root/autodl-tmp/aaa/graphrestore/artifacts/formal_mio100/graphrestore_v7_1_stage4_step040000/methods/graphrestore_v7_1_stage4_step040000/d2/motion blur+jpeg compression artifact/039.png,a9b17fa3dbcdfe284c52f5e2d18ec84815f0a657c12224b571672571627d901c,/root/autodl-tmp/graph/data/graphrestore/raw/agenticir/extracted/HQ/039.png,a2038f7610363fb1916197e0557fa84b50b610d86885a2d6409f9e3aa75fbbcd,24.9305362701416,0.8815926870079906,0.3277885913848877,0.18917864561080933,0.22623324394226074,37.686851501464844
test/B/motion blur + jpeg compression artifact/040,B,motion blur+jpeg compression artifact,/root/autodl-tmp/aaa/graphrestore/artifacts/formal_mio100/graphrestore_v7_1_stage4_step040000/methods/graphrestore_v7_1_stage4_step040000/d2/motion blur+jpeg compression artifact/040.png,8ce6868915fb9722baf3bef4e192c483244509f9dbbf5509afda741b4c64dfd1,/root/autodl-tmp/graph/data/graphrestore/raw/agenticir/extracted/HQ/040.png,c5a9e4bb9d84a6734bdc04c272c48c1b17b150a1e346afab2338eb0ba41f1464,24.508316040039062,0.7397074236922909,0.4124751091003418,0.15729953348636627,0.4013676643371582,40.1398811340332
test/B/motion blur + jpeg compression artifact/041,B,motion blur+jpeg compression artifact,/root/autodl-tmp/aaa/graphrestore/artifacts/formal_mio100/graphrestore_v7_1_stage4_step040000/methods/graphrestore_v7_1_stage4_step040000/d2/motion blur+jpeg compression artifact/041.png,2296ddeecbf75c3e2d94e388210c584f59184f351727dc1922959cafe2ef2f3b,/root/autodl-tmp/graph/data/graphrestore/raw/agenticir/extracted/HQ/041.png,8d928c89de2952ccb40028ba7ecd3f9fee3f3907c9a371fbbcb7fdaf683bc27e,16.410423278808594,0.26980899853025997,0.6921923160552979,0.0894874781370163,0.23878192901611328,32.42790222167969
test/B/motion blur + jpeg compression artifact/042,B,motion blur+jpeg compression artifact,/root/autodl-tmp/aaa/graphrestore/artifacts/formal_mio100/graphrestore_v7_1_stage4_step040000/methods/graphrestore_v7_1_stage4_step040000/d2/motion blur+jpeg compression artifact/042.png,a467a78bb176a8ee03cd770f8844e8a3f4009434d509f41fcd9aa570e5254a5e,/root/autodl-tmp/graph/data/graphrestore/raw/agenticir/extracted/HQ/042.png,9ae42a00babed185468a76384204ff947b6baab53a82ca9b3cff6ef951f461bf,25.2152156829834,0.5272123619271362,0.6648529171943665,0.1496235579252243,0.2755208909511566,23.753639221191406
test/B/motion blur + jpeg compression artifact/043,B,motion blur+jpeg compression artifact,/root/autodl-tmp/aaa/graphrestore/artifacts/formal_mio100/graphrestore_v7_1_stage4_step040000/methods/graphrestore_v7_1_stage4_step040000/d2/motion blur+jpeg compression artifact/043.png,ccc43f839726876ac696628d0a1f4f6da79f6044cc5b94916631dee78ca4fb24,/root/autodl-tmp/graph/data/graphrestore/raw/agenticir/extracted/HQ/043.png,15880c27b3101797c4e5896dee7349ad832ac1c49fcd0c559b357f4e28296b4d,21.330364227294922,0.49381556035075186,0.5290601849555969,0.23689617216587067,0.22680893540382385,55.717620849609375
test/B/motion blur + jpeg compression artifact/044,B,motion blur+jpeg compression artifact,/root/autodl-tmp/aaa/graphrestore/artifacts/formal_mio100/graphrestore_v7_1_stage4_step040000/methods/graphrestore_v7_1_stage4_step040000/d2/motion blur+jpeg compression artifact/044.png,de9bbf132008bd6d4bc4c45e87392bf4afea09011ac3e2bfcc952020d9ed3247,/root/autodl-tmp/graph/data/graphrestore/raw/agenticir/extracted/HQ/044.png,0645011c1dc3777ab263df617d1747b902c2d321de6f939549cfbe43eabc9245,21.347475051879883,0.5102570096772542,0.5644918084144592,0.2182260900735855,0.22770734131336212,42.63573455810547
test/B/motion blur + jpeg compression artifact/045,B,motion blur+jpeg compression artifact,/root/autodl-tmp/aaa/graphrestore/artifacts/formal_mio100/graphrestore_v7_1_stage4_step040000/methods/graphrestore_v7_1_stage4_step040000/d2/motion blur+jpeg compression artifact/045.png,c0ccc593923709055029805ded3fe4edbb7a2abdac7ea6c288a4444ccfc7b2ab,/root/autodl-tmp/graph/data/graphrestore/raw/agenticir/extracted/HQ/045.png,d3e352c98c1fe9df1181c1e362bb9c3ba3a1d077456198796083821dab20d1fc,19.929912567138672,0.3649448016473301,0.7668707370758057,0.23721013963222504,0.18757152557373047,37.634864807128906
test/B/motion blur + jpeg compression artifact/046,B,motion blur+jpeg compression artifact,/root/autodl-tmp/aaa/graphrestore/artifacts/formal_mio100/graphrestore_v7_1_stage4_step040000/methods/graphrestore_v7_1_stage4_step040000/d2/motion blur+jpeg compression artifact/046.png,393ba841bdca8457b4aa22a2cbb4083a2954d5297f2831e0d6bfcd5d3ec8bdc8,/root/autodl-tmp/graph/data/graphrestore/raw/agenticir/extracted/HQ/046.png,af4b21bf96515f2ff4f97a4990856b43ae02a1d8f39909428228a2612b5f936f,18.952056884765625,0.3219491107977058,0.6878832578659058,0.20416705310344696,0.26830706000328064,46.07048034667969
test/B/motion blur + jpeg compression artifact/047,B,motion blur+jpeg compression artifact,/root/autodl-tmp/aaa/graphrestore/artifacts/formal_mio100/graphrestore_v7_1_stage4_step040000/methods/graphrestore_v7_1_stage4_step040000/d2/motion blur+jpeg compression artifact/047.png,3f039478690d814c29e912d0ea48e9e082b6a5f07ce2b343f9bc11e4ab734d3b,/root/autodl-tmp/graph/data/graphrestore/raw/agenticir/extracted/HQ/047.png,8ecf454f7d68ca4ebf19b2b4a22275d3bb344666e4e483fda2c8cb84d5ff94db,21.663103103637695,0.5725741630191915,0.34148332476615906,0.22860145568847656,0.4024319350719452,52.60047149658203
test/B/motion blur + jpeg compression artifact/048,B,motion blur+jpeg compression artifact,/root/autodl-tmp/aaa/graphrestore/artifacts/formal_mio100/graphrestore_v7_1_stage4_step040000/methods/graphrestore_v7_1_stage4_step040000/d2/motion blur+jpeg compression artifact/048.png,4e26ad2a9068aa9656c4ba4acf30356223c74727a7288fa9e931af98077d05b1,/root/autodl-tmp/graph/data/graphrestore/raw/agenticir/extracted/HQ/048.png,b74e449ab10a96799f5e791f68de34dcfaf90a4befdb242cee372f6743841606,19.374412536621094,0.3583476832767092,0.5215108394622803,0.20077292621135712,0.4832035005092621,43.16999053955078
test/B/motion blur + jpeg compression artifact/049,B,motion blur+jpeg compression artifact,/root/autodl-tmp/aaa/graphrestore/artifacts/formal_mio100/graphrestore_v7_1_stage4_step040000/methods/graphrestore_v7_1_stage4_step040000/d2/motion blur+jpeg compression artifact/049.png,ee655eec772b7d1834e029a80157dcc4f035dd67f7f2f72a1bc8bb466af007ca,/root/autodl-tmp/graph/data/graphrestore/raw/agenticir/extracted/HQ/049.png,bdd8f4cec02d5659a12541bb32718429d397d6be195679045764e31574c4f226,22.472257614135742,0.711495080013726,0.3025965690612793,0.32660484313964844,0.30252113938331604,55.443275451660156
test/B/motion blur + jpeg compression artifact/050,B,motion blur+jpeg compression artifact,/root/autodl-tmp/aaa/graphrestore/artifacts/formal_mio100/graphrestore_v7_1_stage4_step040000/methods/graphrestore_v7_1_stage4_step040000/d2/motion blur+jpeg compression artifact/050.png,1a24d71444c9e7deda06864dbe7bca4b21658d975d4b3c5008918209a6db77cc,/root/autodl-tmp/graph/data/graphrestore/raw/agenticir/extracted/HQ/050.png,c4cfbc77b28b145af37ea26b0b501d69633ebdedd3ce9a90d5760063ee95f492,19.296586990356445,0.5090562834754303,0.43947625160217285,0.24651427567005157,0.39552971720695496,60.4491081237793
test/B/motion blur + jpeg compression artifact/051,B,motion blur+jpeg compression artifact,/root/autodl-tmp/aaa/graphrestore/artifacts/formal_mio100/graphrestore_v7_1_stage4_step040000/methods/graphrestore_v7_1_stage4_step040000/d2/motion blur+jpeg compression artifact/051.png,f1b37d97fe10d3b63da15161bd385dfb90f9ec6b6b6004e8b1c10e8bcfa7455c,/root/autodl-tmp/graph/data/graphrestore/raw/agenticir/extracted/HQ/051.png,433269b5d76ea42b944162d49085d86b82a4eab52705e69d4dfa7c8a0ccbe187,17.920581817626953,0.6313312534148074,0.34763020277023315,0.1065913662314415,0.27523085474967957,48.135223388671875
test/B/motion blur + jpeg compression artifact/052,B,motion blur+jpeg compression artifact,/root/autodl-tmp/aaa/graphrestore/artifacts/formal_mio100/graphrestore_v7_1_stage4_step040000/methods/graphrestore_v7_1_stage4_step040000/d2/motion blur+jpeg compression artifact/052.png,d3b5638a28af3c166af5c327a872460c5e4b2ab4c731c025c644153e80372937,/root/autodl-tmp/graph/data/graphrestore/raw/agenticir/extracted/HQ/052.png,b0fe4f61cfdf3e31caa56791dcd8d50f729c75652d7970a654be64494341ada3,22.429553985595703,0.550370620238648,0.42140620946884155,0.20832227170467377,0.3378400206565857,41.937557220458984
test/B/motion blur + jpeg compression artifact/053,B,motion blur+jpeg compression artifact,/root/autodl-tmp/aaa/graphrestore/artifacts/formal_mio100/graphrestore_v7_1_stage4_step040000/methods/graphrestore_v7_1_stage4_step040000/d2/motion blur+jpeg compression artifact/053.png,782fc70f2e73d9803867813b032acf66f9ec30e050a4b42d8a63a443a1802b0b,/root/autodl-tmp/graph/data/graphrestore/raw/agenticir/extracted/HQ/053.png,6b1f2208c72adcd28d96a15d538bbfbe27cb5a21be416b6f30fa836b12ac867d,27.087112426757812,0.8660890172726579,0.2691813111305237,0.19760237634181976,0.32374483346939087,47.93649673461914
test/B/motion blur + jpeg compression artifact/054,B,motion blur+jpeg compression artifact,/root/autodl-tmp/aaa/graphrestore/artifacts/formal_mio100/graphrestore_v7_1_stage4_step040000/methods/graphrestore_v7_1_stage4_step040000/d2/motion blur+jpeg compression artifact/054.png,fbe29b38371069702a7679b3d0f60a65381e687bab56e54b2fc9074faa546313,/root/autodl-tmp/graph/data/graphrestore/raw/agenticir/extracted/HQ/054.png,699ffde2d8d110e52811d39e5b9d745965d4211dd2312f453ce367f1bc0e66f5,27.994400024414062,0.8382562041232989,0.4408356547355652,0.19679468870162964,0.2874930799007416,42.932899475097656
test/B/motion blur + jpeg compression artifact/055,B,motion blur+jpeg compression artifact,/root/autodl-tmp/aaa/graphrestore/artifacts/formal_mio100/graphrestore_v7_1_stage4_step040000/methods/graphrestore_v7_1_stage4_step040000/d2/motion blur+jpeg compression artifact/055.png,4f8285c756ebbf7804816c04775509b3af72dab6629e0c597c7c9540c81e4b52,/root/autodl-tmp/graph/data/graphrestore/raw/agenticir/extracted/HQ/055.png,5a59c6f9051a70f1c3ad8e9550b2a21322ef8ad71bd70085fb2330f6f6da3948,30.214622497558594,0.8658627718032207,0.3149850070476532,0.1994013488292694,0.32091933488845825,53.90808868408203
test/B/motion blur + jpeg compression artifact/056,B,motion blur+jpeg compression artifact,/root/autodl-tmp/aaa/graphrestore/artifacts/formal_mio100/graphrestore_v7_1_stage4_step040000/methods/graphrestore_v7_1_stage4_step040000/d2/motion blur+jpeg compression artifact/056.png,a055150a32d3477da97a59a1eeb7271c7716c4f332a32d9fc2b3e6b3fd3923ad,/root/autodl-tmp/graph/data/graphrestore/raw/agenticir/extracted/HQ/056.png,c5f28866f72e2d370875385eb6575124b0735f8f927fae1c07ff7151e200c956,22.672061920166016,0.7199312743689377,0.4064842462539673,0.1911149024963379,0.3033928871154785,47.761661529541016
test/B/motion blur + jpeg compression artifact/057,B,motion blur+jpeg compression artifact,/root/autodl-tmp/aaa/graphrestore/artifacts/formal_mio100/graphrestore_v7_1_stage4_step040000/methods/graphrestore_v7_1_stage4_step040000/d2/motion blur+jpeg compression artifact/057.png,a23dc94e7691cae42667f9091d700ea67fd36f34a8b6b8cba44360979bc429b2,/root/autodl-tmp/graph/data/graphrestore/raw/agenticir/extracted/HQ/057.png,42353ae75793843947c257055d87e0568db28ed51b9a5d87cc0d6a0dafb242af,24.431026458740234,0.822747676106987,0.23624888062477112,0.24297817051410675,0.3570556640625,62.248756408691406
test/B/motion blur + jpeg compression artifact/058,B,motion blur+jpeg compression artifact,/root/autodl-tmp/aaa/graphrestore/artifacts/formal_mio100/graphrestore_v7_1_stage4_step040000/methods/graphrestore_v7_1_stage4_step040000/d2/motion blur+jpeg compression artifact/058.png,e4938962185b91bf2e7094ebf6acd7ce53f4cc360002c8dcb920852d5c6b1666,/root/autodl-tmp/graph/data/graphrestore/raw/agenticir/extracted/HQ/058.png,e50e67dc4e57dc18d552546044c5ca169fdb26de4d5d81650d00d4b0f3ab7e76,25.636547088623047,0.8716308194378201,0.18424534797668457,0.2548533082008362,0.3736535906791687,59.75233459472656
test/B/motion blur + jpeg compression artifact/059,B,motion blur+jpeg compression artifact,/root/autodl-tmp/aaa/graphrestore/artifacts/formal_mio100/graphrestore_v7_1_stage4_step040000/methods/graphrestore_v7_1_stage4_step040000/d2/motion blur+jpeg compression artifact/059.png,5e745d4efef75744330934917652084e5dccd813f92c376503e906681185e9ae,/root/autodl-tmp/graph/data/graphrestore/raw/agenticir/extracted/HQ/059.png,e60c8277194566df02c7cefc895d1390756059f7a29ac67206ec202f1b897add,30.0078182220459,0.8888244766389743,0.2134568989276886,0.2042272984981537,0.3225027024745941,57.866363525390625
test/B/motion blur + jpeg compression artifact/060,B,motion blur+jpeg compression artifact,/root/autodl-tmp/aaa/graphrestore/artifacts/formal_mio100/graphrestore_v7_1_stage4_step040000/methods/graphrestore_v7_1_stage4_step040000/d2/motion blur+jpeg compression artifact/060.png,95bcadeb5ee8bf95d59c475dbeb5f3105a0dd73644e5b9844b0de774b573caaa,/root/autodl-tmp/graph/data/graphrestore/raw/agenticir/extracted/HQ/060.png,d173273231bf0b68767ae3e287f4f34baa71e7d986a98c43a41fa9668fd8a0d4,24.73567008972168,0.7715658887831588,0.2955210506916046,0.20155645906925201,0.3153187930583954,46.335628509521484
test/B/motion blur + jpeg compression artifact/061,B,motion blur+jpeg compression artifact,/root/autodl-tmp/aaa/graphrestore/artifacts/formal_mio100/graphrestore_v7_1_stage4_step040000/methods/graphrestore_v7_1_stage4_step040000/d2/motion blur+jpeg compression artifact/061.png,f807e0a5276f48a7004d2bfab1cbaca25c0211f322682f843924f1c7e70874c3,/root/autodl-tmp/graph/data/graphrestore/raw/agenticir/extracted/HQ/061.png,a7818ddc00c398726bcd4724e9a51456bf18e4eb573f2f68b79ea2dedf0e699c,17.364885330200195,0.540464437598424,0.4408905506134033,0.08447857946157455,0.24276073276996613,27.247100830078125
test/B/motion blur + jpeg compression artifact/062,B,motion blur+jpeg compression artifact,/root/autodl-tmp/aaa/graphrestore/artifacts/formal_mio100/graphrestore_v7_1_stage4_step040000/methods/graphrestore_v7_1_stage4_step040000/d2/motion blur+jpeg compression artifact/062.png,1987d499126572a68f02cd60dd7bf0c7e9641963253b57e61c9129ece29e266f,/root/autodl-tmp/graph/data/graphrestore/raw/agenticir/extracted/HQ/062.png,7829e8bf6fee7705051b0e4486c3abb2cdf412c83ac15b9f5ed9d9036c296d40,21.833860397338867,0.7280837013663438,0.27104803919792175,0.1555175632238388,0.26419052481651306,58.899269104003906
test/B/motion blur + jpeg compression artifact/063,B,motion blur+jpeg compression artifact,/root/autodl-tmp/aaa/graphrestore/artifacts/formal_mio100/graphrestore_v7_1_stage4_step040000/methods/graphrestore_v7_1_stage4_step040000/d2/motion blur+jpeg compression artifact/063.png,f02a6fc54f8cd85ec541a16013197631a840d2fa4c5f40449080f60cb2167749,/root/autodl-tmp/graph/data/graphrestore/raw/agenticir/extracted/HQ/063.png,f7ccce7c58be38c16fb08060b8b379825cb0417a04e6813c72985768a480929c,18.666685104370117,0.6465074702494559,0.32863369584083557,0.20345023274421692,0.27502259612083435,54.989768981933594
test/B/motion blur + jpeg compression artifact/064,B,motion blur+jpeg compression artifact,/root/autodl-tmp/aaa/graphrestore/artifacts/formal_mio100/graphrestore_v7_1_stage4_step040000/methods/graphrestore_v7_1_stage4_step040000/d2/motion blur+jpeg compression artifact/064.png,1d3cfbf3c8ba9db2a767d6bd04a16f8159b7456c31b18d717830406179fce10f,/root/autodl-tmp/graph/data/graphrestore/raw/agenticir/extracted/HQ/064.png,b34caae8d574b2c008d53ceb0490df55c099e68844b2819f0c02fc50db26cee0,22.613101959228516,0.669608814831864,0.33731788396835327,0.1576794981956482,0.28396448493003845,41.53327941894531
test/B/motion blur + jpeg compression artifact/065,B,motion blur+jpeg compression artifact,/root/autodl-tmp/aaa/graphrestore/artifacts/formal_mio100/graphrestore_v7_1_stage4_step040000/methods/graphrestore_v7_1_stage4_step040000/d2/motion blur+jpeg compression artifact/065.png,ce698aa0ded8732af06f0c18a671a727670a18f1b964378f8102e811b68161f5,/root/autodl-tmp/graph/data/graphrestore/raw/agenticir/extracted/HQ/065.png,f0770ae16bf79be3b5d94a7868da009f5ce1bbf54bfe5c879e352a4df590ef63,19.757457733154297,0.5206450118170527,0.468801885843277,0.07389764487743378,0.2325727939605713,23.847557067871094
test/B/motion blur + jpeg compression artifact/066,B,motion blur+jpeg compression artifact,/root/autodl-tmp/aaa/graphrestore/artifacts/formal_mio100/graphrestore_v7_1_stage4_step040000/methods/graphrestore_v7_1_stage4_step040000/d2/motion blur+jpeg compression artifact/066.png,da27e4166d9304076bec0984febaeb5fa07c1f8c2caa27e03a61f21b78abc90b,/root/autodl-tmp/graph/data/graphrestore/raw/agenticir/extracted/HQ/066.png,a19230b326bd2fb5c26ae283f65bf0b85f39f90421056a47c7ecd6d683379aff,18.287229537963867,0.5396234395883973,0.5231407880783081,0.06470810621976852,0.18623323738574982,35.655052185058594
test/B/motion blur + jpeg compression artifact/067,B,motion blur+jpeg compression artifact,/root/autodl-tmp/aaa/graphrestore/artifacts/formal_mio100/graphrestore_v7_1_stage4_step040000/methods/graphrestore_v7_1_stage4_step040000/d2/motion blur+jpeg compression artifact/067.png,21f4cbbcedfde32426008c245ee85b0c7d683a305160b78b27ee1eb7ab1f85ac,/root/autodl-tmp/graph/data/graphrestore/raw/agenticir/extracted/HQ/067.png,91cd9f021a6902b7f3220c6a373cba11f3bfbe4e4984c1d6fc4be0c76acb67a0,19.97182846069336,0.6471061296866915,0.3172316551208496,0.13997158408164978,0.22287309169769287,47.00701141357422
test/B/motion blur + jpeg compression artifact/068,B,motion blur+jpeg compression artifact,/root/autodl-tmp/aaa/graphrestore/artifacts/formal_mio100/graphrestore_v7_1_stage4_step040000/methods/graphrestore_v7_1_stage4_step040000/d2/motion blur+jpeg compression artifact/068.png,bb33e32c5ac9325ead797446172c73602e8a6e64e0c6c385030b80983ee35466,/root/autodl-tmp/graph/data/graphrestore/raw/agenticir/extracted/HQ/068.png,b8187d79db16002364f6017df807e6cac41e7ee9a68413a384b1bd69eddaa638,19.112991333007812,0.5296913216675059,0.48226428031921387,0.08862768858671188,0.18871863186359406,33.496002197265625
test/B/motion blur + jpeg compression artifact/069,B,motion blur+jpeg compression artifact,/root/autodl-tmp/aaa/graphrestore/artifacts/formal_mio100/graphrestore_v7_1_stage4_step040000/methods/graphrestore_v7_1_stage4_step040000/d2/motion blur+jpeg compression artifact/069.png,79b8d1abdaa38b90aceacb871c7c816897ae99e145c4ea40b0fb30e8c2c8d878,/root/autodl-tmp/graph/data/graphrestore/raw/agenticir/extracted/HQ/069.png,abb08be58f50075e5e6b1de44ddfe61c30ebb34882e9d72681edd73a5cdbb156,23.44384765625,0.6083689383371778,0.4228373169898987,0.1848515421152115,0.301212877035141,58.56480026245117
test/B/motion blur + jpeg compression artifact/070,B,motion blur+jpeg compression artifact,/root/autodl-tmp/aaa/graphrestore/artifacts/formal_mio100/graphrestore_v7_1_stage4_step040000/methods/graphrestore_v7_1_stage4_step040000/d2/motion blur+jpeg compression artifact/070.png,8954a48b46a69ae97ed8f1e484196f6c8d4a2304e20328047f5d2dc1827a0568,/root/autodl-tmp/graph/data/graphrestore/raw/agenticir/extracted/HQ/070.png,718ae2570e431003fb32f2a40e19f813545164ace18230ac03f9ec96b2747f85,21.951322555541992,0.8221224997813703,0.18213725090026855,0.12815648317337036,0.25223836302757263,36.5240478515625
test/B/motion blur + jpeg compression artifact/071,B,motion blur+jpeg compression artifact,/root/autodl-tmp/aaa/graphrestore/artifacts/formal_mio100/graphrestore_v7_1_stage4_step040000/methods/graphrestore_v7_1_stage4_step040000/d2/motion blur+jpeg compression artifact/071.png,eacd47b5d5a339e8286dc819c8a506f017b4fc7e8ba0d688c915fc3b86de505c,/root/autodl-tmp/graph/data/graphrestore/raw/agenticir/extracted/HQ/071.png,e8bc40490eabb437e225b0acde6b8dc1d8942f2b9657e042051c166804b07b15,22.99123764038086,0.7941307570938833,0.2660595178604126,0.12029571831226349,0.2078077346086502,31.379844665527344
test/B/motion blur + jpeg compression artifact/072,B,motion blur+jpeg compression artifact,/root/autodl-tmp/aaa/graphrestore/artifacts/formal_mio100/graphrestore_v7_1_stage4_step040000/methods/graphrestore_v7_1_stage4_step040000/d2/motion blur+jpeg compression artifact/072.png,1328bec4696590aa7d3c964b75749003b4b34266ffe33713cea1523a40be755d,/root/autodl-tmp/graph/data/graphrestore/raw/agenticir/extracted/HQ/072.png,6b887c3fd578dc80ca3b15a823f1b43d80db2d30abc07d144e03f7228acb8144,23.384002685546875,0.7494591256518446,0.29118046164512634,0.17773380875587463,0.19995732605457306,41.391544342041016
test/B/motion blur + jpeg compression artifact/073,B,motion blur+jpeg compression artifact,/root/autodl-tmp/aaa/graphrestore/artifacts/formal_mio100/graphrestore_v7_1_stage4_step040000/methods/graphrestore_v7_1_stage4_step040000/d2/motion blur+jpeg compression artifact/073.png,c24754a7f346231bc7192bacbc75d23f71fac86dc663dd2e8daceb40e182cddb,/root/autodl-tmp/graph/data/graphrestore/raw/agenticir/extracted/HQ/073.png,e4a8516954bfb4b79f2fc6194b6b4a8ed63250e14fe7ce0b6f6d77c922f84730,23.80976104736328,0.8475339166816485,0.1679472029209137,0.1723381131887436,0.27911537885665894,53.16968536376953
test/B/motion blur + jpeg compression artifact/074,B,motion blur+jpeg compression artifact,/root/autodl-tmp/aaa/graphrestore/artifacts/formal_mio100/graphrestore_v7_1_stage4_step040000/methods/graphrestore_v7_1_stage4_step040000/d2/motion blur+jpeg compression artifact/074.png,bda9953b027821d8b7fd266869e3ba5e25d556708ec5f24e9297174e16dfdcb8,/root/autodl-tmp/graph/data/graphrestore/raw/agenticir/extracted/HQ/074.png,cfa80e9825a34173ab0d1810b1b63bf645aa1b6b743966a77d7d03463319fd8e,25.407482147216797,0.8461675697742749,0.24702821671962738,0.16232052445411682,0.21937859058380127,43.49615478515625
test/B/motion blur + jpeg compression artifact/075,B,motion blur+jpeg compression artifact,/root/autodl-tmp/aaa/graphrestore/artifacts/formal_mio100/graphrestore_v7_1_stage4_step040000/methods/graphrestore_v7_1_stage4_step040000/d2/motion blur+jpeg compression artifact/075.png,9dc572c244bb097d27976274acda713a422afdc1997a906780de2ed86e9a155a,/root/autodl-tmp/graph/data/graphrestore/raw/agenticir/extracted/HQ/075.png,637e76a0398c825f3214d13b10485f7c180dc359b838ade377382c22c8f6b788,18.911828994750977,0.485742169425053,0.47907066345214844,0.11537446826696396,0.11493140459060669,25.86501121520996
test/B/motion blur + jpeg compression artifact/076,B,motion blur+jpeg compression artifact,/root/autodl-tmp/aaa/graphrestore/artifacts/formal_mio100/graphrestore_v7_1_stage4_step040000/methods/graphrestore_v7_1_stage4_step040000/d2/motion blur+jpeg compression artifact/076.png,aee5053078a57bbb3dbb9e2aa1525b0cd9879d313895281e85765333fd558d33,/root/autodl-tmp/graph/data/graphrestore/raw/agenticir/extracted/HQ/076.png,28f7193b83d2979c14a7c73e95657ce02a2cc902196495bea289e190f48cecae,25.344707489013672,0.7880172965427795,0.2889367938041687,0.12670856714248657,0.1441413164138794,35.399322509765625
test/B/motion blur + jpeg compression artifact/077,B,motion blur+jpeg compression artifact,/root/autodl-tmp/aaa/graphrestore/artifacts/formal_mio100/graphrestore_v7_1_stage4_step040000/methods/graphrestore_v7_1_stage4_step040000/d2/motion blur+jpeg compression artifact/077.png,a02c8a40e7b7f71eacaf9811abd111f1f20f77504c15f2b3d656d8c418e48328,/root/autodl-tmp/graph/data/graphrestore/raw/agenticir/extracted/HQ/077.png,6d0b3c0c4255ee2de7c3c275c114eb531248c06fce157913f4e69dacd492cc91,22.91507911682129,0.7678322601507486,0.19114944338798523,0.23816393315792084,0.24288082122802734,51.45367431640625
test/B/motion blur + jpeg compression artifact/078,B,motion blur+jpeg compression artifact,/root/autodl-tmp/aaa/graphrestore/artifacts/formal_mio100/graphrestore_v7_1_stage4_step040000/methods/graphrestore_v7_1_stage4_step040000/d2/motion blur+jpeg compression artifact/078.png,b9469dcdb3c839fb8a9502ccc2442d5b973705d873ab42ba4c90da6275303998,/root/autodl-tmp/graph/data/graphrestore/raw/agenticir/extracted/HQ/078.png,ae84b8b3592a0f623d5bd2c5791b049e6fd87155614fbbad37f1ac00a2cfa870,21.34673309326172,0.6020342503795214,0.3879968822002411,0.10867927223443985,0.17856405675411224,44.09681701660156
test/B/motion blur + jpeg compression artifact/079,B,motion blur+jpeg compression artifact,/root/autodl-tmp/aaa/graphrestore/artifacts/formal_mio100/graphrestore_v7_1_stage4_step040000/methods/graphrestore_v7_1_stage4_step040000/d2/motion blur+jpeg compression artifact/079.png,4ed9e580cf179ee1b60e9a40a3909892f5c38f139d0720c944459be1ef231b5f,/root/autodl-tmp/graph/data/graphrestore/raw/agenticir/extracted/HQ/079.png,166cde30b17743be2ca3fb2c29004e0b38b126bfa1d8d5f41013c23eb248aad5,20.708818435668945,0.5506823138866913,0.5172417163848877,0.16247773170471191,0.22212055325508118,38.118186950683594
test/B/motion blur + jpeg compression artifact/080,B,motion blur+jpeg compression artifact,/root/autodl-tmp/aaa/graphrestore/artifacts/formal_mio100/graphrestore_v7_1_stage4_step040000/methods/graphrestore_v7_1_stage4_step040000/d2/motion blur+jpeg compression artifact/080.png,387bd0d5b4fc395ec866cfcc8de37fdb4919c871f2eb0d55776b266db98cca09,/root/autodl-tmp/graph/data/graphrestore/raw/agenticir/extracted/HQ/080.png,b208599722bce230536ae4db62272e883a7714d4bfca7d73e1361da3b2ca9225,24.483642578125,0.8438845385094977,0.18716709315776825,0.2053760141134262,0.24364116787910461,46.76171875
test/B/motion blur + jpeg compression artifact/081,B,motion blur+jpeg compression artifact,/root/autodl-tmp/aaa/graphrestore/artifacts/formal_mio100/graphrestore_v7_1_stage4_step040000/methods/graphrestore_v7_1_stage4_step040000/d2/motion blur+jpeg compression artifact/081.png,6cb71b15b416d13534b01029a07e08b00e66136e3790c7e9eb4fc822a38f5638,/root/autodl-tmp/graph/data/graphrestore/raw/agenticir/extracted/HQ/081.png,f86df1e220755af6ab50844f797e3fb45165c5dde9ac8ee1750544154cfd1ad7,23.37618064880371,0.7040570222014523,0.32425177097320557,0.09064671397209167,0.17769305408000946,33.78201675415039
test/B/motion blur + jpeg compression artifact/082,B,motion blur+jpeg compression artifact,/root/autodl-tmp/aaa/graphrestore/artifacts/formal_mio100/graphrestore_v7_1_stage4_step040000/methods/graphrestore_v7_1_stage4_step040000/d2/motion blur+jpeg compression artifact/082.png,8e572cd173ba70f7dd6f4d29069c1e0eb6324df9ae984e6448565b027438bcef,/root/autodl-tmp/graph/data/graphrestore/raw/agenticir/extracted/HQ/082.png,698a641215db75e2471381c00fc2a84208122a4a0115beeb5679de746977682e,17.833019256591797,0.6352742497974352,0.30825483798980713,0.09119546413421631,0.2528861165046692,27.519329071044922
test/B/motion blur + jpeg compression artifact/083,B,motion blur+jpeg compression artifact,/root/autodl-tmp/aaa/graphrestore/artifacts/formal_mio100/graphrestore_v7_1_stage4_step040000/methods/graphrestore_v7_1_stage4_step040000/d2/motion blur+jpeg compression artifact/083.png,dc597f1d2f5857550409357d78dec1bb931426abe4fd9ea6173107a8c76e87ed,/root/autodl-tmp/graph/data/graphrestore/raw/agenticir/extracted/HQ/083.png,4772b8d475dfc90626760cea35452db0ee8dfdd89f7cd8def57f8b4d74ecef44,19.123268127441406,0.5903984418739552,0.4521093964576721,0.1044573113322258,0.25101926922798157,24.13455581665039
test/B/motion blur + jpeg compression artifact/084,B,motion blur+jpeg compression artifact,/root/autodl-tmp/aaa/graphrestore/artifacts/formal_mio100/graphrestore_v7_1_stage4_step040000/methods/graphrestore_v7_1_stage4_step040000/d2/motion blur+jpeg compression artifact/084.png,51b7d80c9ace2a1c8a7d4a922212b6758ef3c3e6d9f506e627358925285dbb48,/root/autodl-tmp/graph/data/graphrestore/raw/agenticir/extracted/HQ/084.png,1bc34c4607ba66d84248fe8e7d5e30546ae13841542d8b1cb9146f2a2485df64,27.296913146972656,0.8468313527330639,0.25898197293281555,0.19549353420734406,0.2625672519207001,38.08250427246094
test/B/motion blur + jpeg compression artifact/085,B,motion blur+jpeg compression artifact,/root/autodl-tmp/aaa/graphrestore/artifacts/formal_mio100/graphrestore_v7_1_stage4_step040000/methods/graphrestore_v7_1_stage4_step040000/d2/motion blur+jpeg compression artifact/085.png,4d83e6a5f905eaa50a06e3fb0617252869c7805d0ca5e8ba5fb203219cdaf04d,/root/autodl-tmp/graph/data/graphrestore/raw/agenticir/extracted/HQ/085.png,6174b7cb004afd2a578ec1950d92b99c41115b5a6bf70a511f19156c62bd5274,26.526416778564453,0.9010887155008336,0.14696089923381805,0.15455664694309235,0.2668392062187195,48.34920120239258
test/B/motion blur + jpeg compression artifact/086,B,motion blur+jpeg compression artifact,/root/autodl-tmp/aaa/graphrestore/artifacts/formal_mio100/graphrestore_v7_1_stage4_step040000/methods/graphrestore_v7_1_stage4_step040000/d2/motion blur+jpeg compression artifact/086.png,d08581f378deec3696c9b6fbccf3ef4f0a2944890f468656c6f13ee7b4ccd2a8,/root/autodl-tmp/graph/data/graphrestore/raw/agenticir/extracted/HQ/086.png,68a629299aaf0e4d70065c504c9b3e397721fa17a25c2585446914aa5c7bafb5,19.647375106811523,0.6068496720910459,0.5114862322807312,0.1252223551273346,0.20977166295051575,28.70452880859375
test/B/motion blur + jpeg compression artifact/087,B,motion blur+jpeg compression artifact,/root/autodl-tmp/aaa/graphrestore/artifacts/formal_mio100/graphrestore_v7_1_stage4_step040000/methods/graphrestore_v7_1_stage4_step040000/d2/motion blur+jpeg compression artifact/087.png,d4024179df5f80064cdbdabdbd84b4a0e4618221fc3172f81dd6b4f7d9f85562,/root/autodl-tmp/graph/data/graphrestore/raw/agenticir/extracted/HQ/087.png,059a862de1498fc3b783bcfcce8fad399573aa912bb6638bbd3d43d23b88cdc6,21.984439849853516,0.7069026024310803,0.4074614644050598,0.13442780077457428,0.34088385105133057,38.724822998046875
test/B/motion blur + jpeg compression artifact/088,B,motion blur+jpeg compression artifact,/root/autodl-tmp/aaa/graphrestore/artifacts/formal_mio100/graphrestore_v7_1_stage4_step040000/methods/graphrestore_v7_1_stage4_step040000/d2/motion blur+jpeg compression artifact/088.png,ef8b8dbd69091e6829655a7f95838cdc3a4f0cea23c4272c2483fd549c2bb7c8,/root/autodl-tmp/graph/data/graphrestore/raw/agenticir/extracted/HQ/088.png,e76841066e027bd2a2fa101a4598c597d4891a7c535e3cc3195b7afcc249d7ae,28.29338836669922,0.8927140224233028,0.19588863849639893,0.15721334517002106,0.24816285073757172,35.54011535644531
test/B/motion blur + jpeg compression artifact/089,B,motion blur+jpeg compression artifact,/root/autodl-tmp/aaa/graphrestore/artifacts/formal_mio100/graphrestore_v7_1_stage4_step040000/methods/graphrestore_v7_1_stage4_step040000/d2/motion blur+jpeg compression artifact/089.png,ff5145822023b8975561c87aae88d8381090b840d4e49c8559dda1873c3f1a2f,/root/autodl-tmp/graph/data/graphrestore/raw/agenticir/extracted/HQ/089.png,046e493440ea7499fe07cec3853e6e170225ce6cdc903aac14730fa6b9bf36ab,17.901151657104492,0.5879141278273619,0.39692074060440063,0.11386551707983017,0.23162280023097992,41.89748764038086
test/B/motion blur + jpeg compression artifact/090,B,motion blur+jpeg compression artifact,/root/autodl-tmp/aaa/graphrestore/artifacts/formal_mio100/graphrestore_v7_1_stage4_step040000/methods/graphrestore_v7_1_stage4_step040000/d2/motion blur+jpeg compression artifact/090.png,10a5c92f08871d78a782c1a18deacf23108866129f16a5658d6341ca5519bdb8,/root/autodl-tmp/graph/data/graphrestore/raw/agenticir/extracted/HQ/090.png,830f74b8389bfef595e56e910efc49cf4246f6f7bd552ea8c45d071a0113053c,17.79088592529297,0.4908102648667891,0.4599282145500183,0.17307867109775543,0.2073490172624588,37.23208236694336
test/B/motion blur + jpeg compression artifact/091,B,motion blur+jpeg compression artifact,/root/autodl-tmp/aaa/graphrestore/artifacts/formal_mio100/graphrestore_v7_1_stage4_step040000/methods/graphrestore_v7_1_stage4_step040000/d2/motion blur+jpeg compression artifact/091.png,d9bb101d181aee0ee4d7336864637fdedc8f3d6025c911484114172f6661e48b,/root/autodl-tmp/graph/data/graphrestore/raw/agenticir/extracted/HQ/091.png,5e553db9d41f0f077260ca811d0fc988002511f536fd217035e5495bab201d6c,22.444562911987305,0.8657543629255073,0.11753193289041519,0.32024526596069336,0.32720643281936646,68.52300262451172
test/B/motion blur + jpeg compression artifact/092,B,motion blur+jpeg compression artifact,/root/autodl-tmp/aaa/graphrestore/artifacts/formal_mio100/graphrestore_v7_1_stage4_step040000/methods/graphrestore_v7_1_stage4_step040000/d2/motion blur+jpeg compression artifact/092.png,0e202d19d97069eac854dd7c865193562a73c87ce40e157ba128168a8a18cc9d,/root/autodl-tmp/graph/data/graphrestore/raw/agenticir/extracted/HQ/092.png,d2fdbb69f6828c6707d3f41abfcb56dcb6e0d8e75181ac8d0c55eea107f20d48,20.119365692138672,0.6651051778681654,0.33947324752807617,0.20411938428878784,0.2486008256673813,50.12673568725586
test/B/motion blur + jpeg compression artifact/093,B,motion blur+jpeg compression artifact,/root/autodl-tmp/aaa/graphrestore/artifacts/formal_mio100/graphrestore_v7_1_stage4_step040000/methods/graphrestore_v7_1_stage4_step040000/d2/motion blur+jpeg compression artifact/093.png,782ad2ce35b954fc98897fa30d10515daecba3aaf2d2bd61a1e1c1c80b4184aa,/root/autodl-tmp/graph/data/graphrestore/raw/agenticir/extracted/HQ/093.png,b9ef1df7a3be70176f064c2568ea12d8cd9c9c54b3e8fd72bca53d170eaf06f2,20.66046905517578,0.756132134528442,0.22913849353790283,0.3326895534992218,0.4566154479980469,55.083229064941406
test/B/motion blur + jpeg compression artifact/094,B,motion blur+jpeg compression artifact,/root/autodl-tmp/aaa/graphrestore/artifacts/formal_mio100/graphrestore_v7_1_stage4_step040000/methods/graphrestore_v7_1_stage4_step040000/d2/motion blur+jpeg compression artifact/094.png,3941736b87019b218906bdef9dfd48b16c41c3e45b20c072cdedaceddca5b56f,/root/autodl-tmp/graph/data/graphrestore/raw/agenticir/extracted/HQ/094.png,45dab31fa407b6793844322a5e147cdfedc3bfa449cd28fc9605f41dba80966d,17.857885360717773,0.6587873042035358,0.29367026686668396,0.22561031579971313,0.2324008047580719,54.11829376220703
test/B/motion blur + jpeg compression artifact/095,B,motion blur+jpeg compression artifact,/root/autodl-tmp/aaa/graphrestore/artifacts/formal_mio100/graphrestore_v7_1_stage4_step040000/methods/graphrestore_v7_1_stage4_step040000/d2/motion blur+jpeg compression artifact/095.png,278f53bad928d3de9fe506ece5c2b61f0c049fd7d1329b96999394676e36cead,/root/autodl-tmp/graph/data/graphrestore/raw/agenticir/extracted/HQ/095.png,2f04f8c811593049180a1c6bdcf5d723d3c2f6443ba518c407e4976d7a6b2637,12.834566116333008,0.44098797080242197,0.3178483545780182,0.2948574721813202,0.2878696024417877,54.44862747192383
test/B/motion blur + jpeg compression artifact/096,B,motion blur+jpeg compression artifact,/root/autodl-tmp/aaa/graphrestore/artifacts/formal_mio100/graphrestore_v7_1_stage4_step040000/methods/graphrestore_v7_1_stage4_step040000/d2/motion blur+jpeg compression artifact/096.png,98ef7e409ad491edbeb04df4a6d80044964ececb44be5a545802bfc80a34ad36,/root/autodl-tmp/graph/data/graphrestore/raw/agenticir/extracted/HQ/096.png,3ac9dbd626f9e294ae10a8ab11a34f6c0132ed355627d25ce3f8790f701fae29,21.646930694580078,0.727162142986659,0.2682563066482544,0.24661222100257874,0.3084481358528137,57.599456787109375
test/B/motion blur + jpeg compression artifact/097,B,motion blur+jpeg compression artifact,/root/autodl-tmp/aaa/graphrestore/artifacts/formal_mio100/graphrestore_v7_1_stage4_step040000/methods/graphrestore_v7_1_stage4_step040000/d2/motion blur+jpeg compression artifact/097.png,c52cec16867f3a3eefd3bc92a43c623258d152d7fcac82cb31f9c6ac453d54d2,/root/autodl-tmp/graph/data/graphrestore/raw/agenticir/extracted/HQ/097.png,9b6c3c0d294f54e89b51656b0163aa8d0715dd7904848721ea76c07ccf737d2e,21.959320068359375,0.8044081258037264,0.17606596648693085,0.36686092615127563,0.5171568393707275,63.97639465332031
test/B/motion blur + jpeg compression artifact/098,B,motion blur+jpeg compression artifact,/root/autodl-tmp/aaa/graphrestore/artifacts/formal_mio100/graphrestore_v7_1_stage4_step040000/methods/graphrestore_v7_1_stage4_step040000/d2/motion blur+jpeg compression artifact/098.png,f8cf5dcc7fda834bfcbcca55420e9c180f1dc9e55b24b9505341bffbb297f75f,/root/autodl-tmp/graph/data/graphrestore/raw/agenticir/extracted/HQ/098.png,f0574e5262ab9942e66006e0df3aab8738de997489badc302e131ae74299181f,15.628460884094238,0.4329249865960472,0.5831184387207031,0.18861183524131775,0.13809572160243988,33.97491455078125
test/B/motion blur + jpeg compression artifact/099,B,motion blur+jpeg compression artifact,/root/autodl-tmp/aaa/graphrestore/artifacts/formal_mio100/graphrestore_v7_1_stage4_step040000/methods/graphrestore_v7_1_stage4_step040000/d2/motion blur+jpeg compression artifact/099.png,157862f3f7fc2083f4b5cce28fe5ca2401711f83cacca7f44d18c1f2e72dc3f0,/root/autodl-tmp/graph/data/graphrestore/raw/agenticir/extracted/HQ/099.png,15ddff6cab9869d7fe8a7cb6fd328b436bbfa9b089e6adcbba7a5048e4c97f8b,19.539142608642578,0.5600328575507155,0.40988418459892273,0.2148604840040207,0.2320048063993454,43.22545623779297
test/B/motion blur + jpeg compression artifact/100,B,motion blur+jpeg compression artifact,/root/autodl-tmp/aaa/graphrestore/artifacts/formal_mio100/graphrestore_v7_1_stage4_step040000/methods/graphrestore_v7_1_stage4_step040000/d2/motion blur+jpeg compression artifact/100.png,7055c5d4ed2e31995ea71acab843e87571a343aad2816ac99e80a5fe2639ef30,/root/autodl-tmp/graph/data/graphrestore/raw/agenticir/extracted/HQ/100.png,b7f5d60dbb3e7047b9c62efc7d61db97052a2cde687d3fae367a14a6793a0c40,16.068492889404297,0.5040255081517553,0.3842867612838745,0.20894171297550201,0.2354002743959427,45.38335037231445
test/B/haze + noise/001,B,haze+noise,/root/autodl-tmp/aaa/graphrestore/artifacts/formal_mio100/graphrestore_v7_1_stage4_step040000/methods/graphrestore_v7_1_stage4_step040000/d2/haze+noise/001.png,5e5ee9fc0e5fc8f7db466a46d6f472c4b34119759c2d3af9c1d97395898e14d8,/root/autodl-tmp/graph/data/graphrestore/raw/agenticir/extracted/HQ/001.png,501f9b012a3f9c95787db8151eddf07dcae5e163688c011649d3ff3f00372cae,9.368194580078125,0.5844561222621458,0.4820854365825653,0.19125668704509735,0.312798410654068,39.079833984375
test/B/haze + noise/002,B,haze+noise,/root/autodl-tmp/aaa/graphrestore/artifacts/formal_mio100/graphrestore_v7_1_stage4_step040000/methods/graphrestore_v7_1_stage4_step040000/d2/haze+noise/002.png,ffc54370af9c88cce38dc36cc9829d30ca43748415026029ff264ab1a0d8db07,/root/autodl-tmp/graph/data/graphrestore/raw/agenticir/extracted/HQ/002.png,e65fb0b7adb1176b47486303c8cc4f49a0173f91e00d28e0c3a4d3eccae286b4,13.280672073364258,0.7127335517809796,0.27340009808540344,0.3217391073703766,0.49443718791007996,69.81734466552734
test/B/haze + noise/003,B,haze+noise,/root/autodl-tmp/aaa/graphrestore/artifacts/formal_mio100/graphrestore_v7_1_stage4_step040000/methods/graphrestore_v7_1_stage4_step040000/d2/haze+noise/003.png,5cd31ee1403f70e17878941872fe38089b7cde26b3f944a5315385ebcc4bf25b,/root/autodl-tmp/graph/data/graphrestore/raw/agenticir/extracted/HQ/003.png,c2a2513992db412a7160dfa2f82535dccaa188db91df80ee6ed5b0dd5c5d2d1a,15.814738273620605,0.6497364893301542,0.34361493587493896,0.3646889626979828,0.6452943086624146,74.1613540649414
test/B/haze + noise/004,B,haze+noise,/root/autodl-tmp/aaa/graphrestore/artifacts/formal_mio100/graphrestore_v7_1_stage4_step040000/methods/graphrestore_v7_1_stage4_step040000/d2/haze+noise/004.png,f4cd5ef4380a95b0beeea96fb6cffd6aa0770e7e075917681e62d419c6a0ad1a,/root/autodl-tmp/graph/data/graphrestore/raw/agenticir/extracted/HQ/004.png,f1ad3f60cd8e680739263535ab1620a2490f3bc0c65a9355a965c7dff9be1fed,17.208580017089844,0.7539100022409245,0.25185510516166687,0.2942650616168976,0.6812230944633484,72.83011627197266
test/B/haze + noise/005,B,haze+noise,/root/autodl-tmp/aaa/graphrestore/artifacts/formal_mio100/graphrestore_v7_1_stage4_step040000/methods/graphrestore_v7_1_stage4_step040000/d2/haze+noise/005.png,a8fc17e6fda66c71c017c6594786db547811f4efa78c5f45655514af075f2dbe,/root/autodl-tmp/graph/data/graphrestore/raw/agenticir/extracted/HQ/005.png,1d8eb1ef9c1817c087956135efa85be686e7169ef11eb532c768d32d7267a0ff,15.421799659729004,0.7030944522590852,0.1681680977344513,0.29562908411026,0.6700625419616699,70.58914947509766
test/B/haze + noise/006,B,haze+noise,/root/autodl-tmp/aaa/graphrestore/artifacts/formal_mio100/graphrestore_v7_1_stage4_step040000/methods/graphrestore_v7_1_stage4_step040000/d2/haze+noise/006.png,c1033e748ec40fed0b247ed8598226c0658b0358df91f354a5a8f12210f6b292,/root/autodl-tmp/graph/data/graphrestore/raw/agenticir/extracted/HQ/006.png,f62feddd2f379d039dd1effe18b6368c79a6fe31fb8177f797c9f230eb8e1211,13.038778305053711,0.6465526719578675,0.35474517941474915,0.2835398316383362,0.595519483089447,62.64161682128906
test/B/haze + noise/007,B,haze+noise,/root/autodl-tmp/aaa/graphrestore/artifacts/formal_mio100/graphrestore_v7_1_stage4_step040000/methods/graphrestore_v7_1_stage4_step040000/d2/haze+noise/007.png,27b578f01f7b94acc6182e0cf322f977035ced75a1395b617741b2c288008f94,/root/autodl-tmp/graph/data/graphrestore/raw/agenticir/extracted/HQ/007.png,b876f087d5f42a9350f28383ff2df22156b6bbba702809d134b7713d9430881c,13.568157196044922,0.7513281699300316,0.31056660413742065,0.4020070433616638,0.7811168432235718,73.90773010253906
test/B/haze + noise/008,B,haze+noise,/root/autodl-tmp/aaa/graphrestore/artifacts/formal_mio100/graphrestore_v7_1_stage4_step040000/methods/graphrestore_v7_1_stage4_step040000/d2/haze+noise/008.png,e17e2cb49854d8a051a724a80ae3de8aa080cdbde323201d7c1c6e834f6756f7,/root/autodl-tmp/graph/data/graphrestore/raw/agenticir/extracted/HQ/008.png,4efb8dbbd2ba5090b7b951a456ec5ed27a5d61360ab95cb1c5a9366f2868cb94,21.19867515563965,0.7885285735557673,0.2440395951271057,0.22934119403362274,0.560033917427063,59.99216079711914
test/B/haze + noise/009,B,haze+noise,/root/autodl-tmp/aaa/graphrestore/artifacts/formal_mio100/graphrestore_v7_1_stage4_step040000/methods/graphrestore_v7_1_stage4_step040000/d2/haze+noise/009.png,e1ea78cd8e0902b2c128d8add9de8ea6c167e7d9860460311c53e41dd3dd3185,/root/autodl-tmp/graph/data/graphrestore/raw/agenticir/extracted/HQ/009.png,5b779ac0fbe5d1e4d4126fd2864493dcc2ecdbde374ede7e29a054b2a9cb4f21,15.581206321716309,0.8690506498624281,0.19254235923290253,0.22978374361991882,0.41161489486694336,42.46490478515625
test/B/haze + noise/010,B,haze+noise,/root/autodl-tmp/aaa/graphrestore/artifacts/formal_mio100/graphrestore_v7_1_stage4_step040000/methods/graphrestore_v7_1_stage4_step040000/d2/haze+noise/010.png,84a198d366fbef53cdfd54f0bd5bb0bb5fe89a37fb02af840ed77eea828abe5e,/root/autodl-tmp/graph/data/graphrestore/raw/agenticir/extracted/HQ/010.png,327492996d853f5c8873b435f98a91afd07db64567545baa61c9f4f64f717a0d,23.815431594848633,0.9095835723342645,0.10975626111030579,0.4231041371822357,0.8158325552940369,76.8277816772461
test/B/haze + noise/011,B,haze+noise,/root/autodl-tmp/aaa/graphrestore/artifacts/formal_mio100/graphrestore_v7_1_stage4_step040000/methods/graphrestore_v7_1_stage4_step040000/d2/haze+noise/011.png,33df8a2f13d29d233bcc73ab0ad259edd4c4910f5090e2da00ea9bd90cb1b505,/root/autodl-tmp/graph/data/graphrestore/raw/agenticir/extracted/HQ/011.png,dcafe4ee2b43e667674ccc874b42e160ea37427b7c935297734ba69ece6b6f35,10.37224292755127,0.42161214580197326,0.37777483463287354,0.2871607542037964,0.5950672030448914,61.32807540893555
test/B/haze + noise/012,B,haze+noise,/root/autodl-tmp/aaa/graphrestore/artifacts/formal_mio100/graphrestore_v7_1_stage4_step040000/methods/graphrestore_v7_1_stage4_step040000/d2/haze+noise/012.png,a1d4e1db3182f2bcb812a737c8d0dc4637c689de1d70a1882df31a586ea502d9,/root/autodl-tmp/graph/data/graphrestore/raw/agenticir/extracted/HQ/012.png,0884a3dabb3fa30cde26a4dfbf003a133139f708c65c3f8b02c24a87a6d073c3,10.969154357910156,0.6485366664348761,0.2681967318058014,0.3376046419143677,0.5528264045715332,66.41732025146484
test/B/haze + noise/013,B,haze+noise,/root/autodl-tmp/aaa/graphrestore/artifacts/formal_mio100/graphrestore_v7_1_stage4_step040000/methods/graphrestore_v7_1_stage4_step040000/d2/haze+noise/013.png,fb52fc5e314f0cf6ae446e8fc9b3e10f0b777fb08a20a6fedd59df467fba8bba,/root/autodl-tmp/graph/data/graphrestore/raw/agenticir/extracted/HQ/013.png,afe18305499bd0b8318392e8f34ede33aafb5a0df2371075fe9f30a1c81a75eb,13.807924270629883,0.6680029119158641,0.25425276160240173,0.3654002249240875,0.5117766261100769,71.59407806396484
test/B/haze + noise/014,B,haze+noise,/root/autodl-tmp/aaa/graphrestore/artifacts/formal_mio100/graphrestore_v7_1_stage4_step040000/methods/graphrestore_v7_1_stage4_step040000/d2/haze+noise/014.png,af030bc767057a01f1b6089571f626536058c8e164fce2c423c09ca565d7e2c7,/root/autodl-tmp/graph/data/graphrestore/raw/agenticir/extracted/HQ/014.png,2d569d9b923a96b1542c0b845dce0c7657794eba9f6f22ae5d02f335ef1bc4a0,22.626588821411133,0.8365733744299579,0.10240906476974487,0.40163081884384155,0.6029836535453796,67.67523956298828
test/B/haze + noise/015,B,haze+noise,/root/autodl-tmp/aaa/graphrestore/artifacts/formal_mio100/graphrestore_v7_1_stage4_step040000/methods/graphrestore_v7_1_stage4_step040000/d2/haze+noise/015.png,3bab344ceaf65ef8123dcb03563f245c297c72f44ec8f697619aec3057770748,/root/autodl-tmp/graph/data/graphrestore/raw/agenticir/extracted/HQ/015.png,286adb5a1c45ee88f14e1b16e3af420910584bf5ebdd72c40cf75317559c731f,12.173646926879883,0.4864053942083087,0.33614423871040344,0.31480133533477783,0.37234219908714294,55.08354949951172
test/B/haze + noise/016,B,haze+noise,/root/autodl-tmp/aaa/graphrestore/artifacts/formal_mio100/graphrestore_v7_1_stage4_step040000/methods/graphrestore_v7_1_stage4_step040000/d2/haze+noise/016.png,446659a23ff8b855106f190f86eb0e924c8af0243935db8d2481a087bf43eb4b,/root/autodl-tmp/graph/data/graphrestore/raw/agenticir/extracted/HQ/016.png,ddc71b4b9bd2a57cabf985c7743b8ff7083a0d9205008603edb440ba27da9313,11.917512893676758,0.5691342790567118,0.2556391954421997,0.3012000620365143,0.6807493567466736,65.4574203491211
test/B/haze + noise/017,B,haze+noise,/root/autodl-tmp/aaa/graphrestore/artifacts/formal_mio100/graphrestore_v7_1_stage4_step040000/methods/graphrestore_v7_1_stage4_step040000/d2/haze+noise/017.png,ed8f2c6a9f799d217f738c70e739c71d197cc7f61801676a4f25d8e89bbb3f1e,/root/autodl-tmp/graph/data/graphrestore/raw/agenticir/extracted/HQ/017.png,ab3ab0c03c2d8c9c0befbcad219fae23c9795fdf99d664630f4f4febbd02c519,9.98409366607666,0.5086755459474163,0.3129251003265381,0.3463487923145294,0.46624279022216797,63.64278793334961
test/B/haze + noise/018,B,haze+noise,/root/autodl-tmp/aaa/graphrestore/artifacts/formal_mio100/graphrestore_v7_1_stage4_step040000/methods/graphrestore_v7_1_stage4_step040000/d2/haze+noise/018.png,1551d23735a39de9821fb4ffdeedc83ab6be05c88d12386808fb39f54c704636,/root/autodl-tmp/graph/data/graphrestore/raw/agenticir/extracted/HQ/018.png,66db8e4aeb78f506ae4415572eb910726c3f16ede70138093ab4eced187b8df1,12.447662353515625,0.5533444621489156,0.35632720589637756,0.3075041174888611,0.5637789368629456,64.18821716308594
test/B/haze + noise/019,B,haze+noise,/root/autodl-tmp/aaa/graphrestore/artifacts/formal_mio100/graphrestore_v7_1_stage4_step040000/methods/graphrestore_v7_1_stage4_step040000/d2/haze+noise/019.png,9c5f7f7190a45a43b3c8511a30cbd55a55994c0f85cf8a2c1f8bf59457bd9768,/root/autodl-tmp/graph/data/graphrestore/raw/agenticir/extracted/HQ/019.png,fb026cef85a4f7e64ad7c5f064ed15de1f04a7a7b6bde70b28ee78a55db21aeb,8.258068084716797,0.28581960118347394,0.5742504596710205,0.23831792175769806,0.40580111742019653,52.34314727783203
test/B/haze + noise/020,B,haze+noise,/root/autodl-tmp/aaa/graphrestore/artifacts/formal_mio100/graphrestore_v7_1_stage4_step040000/methods/graphrestore_v7_1_stage4_step040000/d2/haze+noise/020.png,582605f8327f2e415e7336e6755c2e6c86bbf0c557ca400a218ea36c89040b53,/root/autodl-tmp/graph/data/graphrestore/raw/agenticir/extracted/HQ/020.png,daa15d9f51eab9eca70197a7f05df7873e3eab75e432b0a81fe9488be552f37a,17.056842803955078,0.7859117069393494,0.10931446403265,0.38348326086997986,0.39730581641197205,61.660865783691406
test/B/haze + noise/021,B,haze+noise,/root/autodl-tmp/aaa/graphrestore/artifacts/formal_mio100/graphrestore_v7_1_stage4_step040000/methods/graphrestore_v7_1_stage4_step040000/d2/haze+noise/021.png,60958bc97644ad725ee76219d345e85f81a60b1498ca44e08ed263f21856fc92,/root/autodl-tmp/graph/data/graphrestore/raw/agenticir/extracted/HQ/021.png,9fcc8dda4bbbe5e54e419f5cbb07e7b4310dd291ad1f1cd3cd65a90f9809baa8,17.9808406829834,0.7776217177545953,0.18992646038532257,0.25613880157470703,0.5516948103904724,61.069129943847656
test/B/haze + noise/022,B,haze+noise,/root/autodl-tmp/aaa/graphrestore/artifacts/formal_mio100/graphrestore_v7_1_stage4_step040000/methods/graphrestore_v7_1_stage4_step040000/d2/haze+noise/022.png,a11a05b15d775f8f8d7a0d7665900aff8c21e9e595f6c46013d28b11aba144e3,/root/autodl-tmp/graph/data/graphrestore/raw/agenticir/extracted/HQ/022.png,70c41dc6f249472324664323044853cb85a1256f39b4a31853ddbd89fcc1e191,14.907317161560059,0.7118630763601598,0.3352887034416199,0.2779788374900818,0.5067289471626282,57.24288558959961
test/B/haze + noise/023,B,haze+noise,/root/autodl-tmp/aaa/graphrestore/artifacts/formal_mio100/graphrestore_v7_1_stage4_step040000/methods/graphrestore_v7_1_stage4_step040000/d2/haze+noise/023.png,8cd472518746341ce0de0a98725ce2dbf404743fa9a62084e5ca8c05d8c6204d,/root/autodl-tmp/graph/data/graphrestore/raw/agenticir/extracted/HQ/023.png,befde78eca5789c87200ca1e2ac905ba8ad5706b50af86454bd30bc857c90e02,19.27389144897461,0.8535465203481217,0.13471630215644836,0.31805136799812317,0.5912774205207825,62.00434112548828
test/B/haze + noise/024,B,haze+noise,/root/autodl-tmp/aaa/graphrestore/artifacts/formal_mio100/graphrestore_v7_1_stage4_step040000/methods/graphrestore_v7_1_stage4_step040000/d2/haze+noise/024.png,70fb72376f35cd7d51767dd2c951c7b47e15f8a6f4ee5ec1c49de5eefb4afa10,/root/autodl-tmp/graph/data/graphrestore/raw/agenticir/extracted/HQ/024.png,e51441e174dd8dc0c47872ccb4221ab3f054b716588ee0f42d58a56098bd9538,21.56874656677246,0.845899568959935,0.09522689878940582,0.3346787393093109,0.7622030973434448,66.2341537475586
test/B/haze + noise/025,B,haze+noise,/root/autodl-tmp/aaa/graphrestore/artifacts/formal_mio100/graphrestore_v7_1_stage4_step040000/methods/graphrestore_v7_1_stage4_step040000/d2/haze+noise/025.png,29e18efb1d65b306d5e75780af02c18df9f69b9b3a0cb02033cd5d00aff59b52,/root/autodl-tmp/graph/data/graphrestore/raw/agenticir/extracted/HQ/025.png,f384d4a9bc3c31bc29038378f849002dc4ff2db373d852b732f5cfc24ebed244,18.7640323638916,0.6849192968461866,0.3402855694293976,0.2265874743461609,0.42615681886672974,62.07244873046875
test/B/haze + noise/026,B,haze+noise,/root/autodl-tmp/aaa/graphrestore/artifacts/formal_mio100/graphrestore_v7_1_stage4_step040000/methods/graphrestore_v7_1_stage4_step040000/d2/haze+noise/026.png,02e2f4002e352cf04dd45706581a3cfcce5dfd47d9148e67c8db32405e1e15b8,/root/autodl-tmp/graph/data/graphrestore/raw/agenticir/extracted/HQ/026.png,cfce1d4c02a00f28988a64f63cd538c4147c3a72c147a6549d71f1105d671224,13.901762962341309,0.6823644567793498,0.3360559344291687,0.22822681069374084,0.3616131544113159,50.68787384033203
test/B/haze + noise/027,B,haze+noise,/root/autodl-tmp/aaa/graphrestore/artifacts/formal_mio100/graphrestore_v7_1_stage4_step040000/methods/graphrestore_v7_1_stage4_step040000/d2/haze+noise/027.png,ee82b01cde73371a4106e66e997c6ed33cfdf94bf452e08e5e09649ed3c54950,/root/autodl-tmp/graph/data/graphrestore/raw/agenticir/extracted/HQ/027.png,d69be3d26f3d3c95ffd9de3bd8d565120e0f09fb4aa84c72ae18d8fc4f871aae,13.622998237609863,0.7276467886358378,0.2746673822402954,0.23784217238426208,0.5381535887718201,60.107032775878906
test/B/haze + noise/028,B,haze+noise,/root/autodl-tmp/aaa/graphrestore/artifacts/formal_mio100/graphrestore_v7_1_stage4_step040000/methods/graphrestore_v7_1_stage4_step040000/d2/haze+noise/028.png,38bba1bbb1889befcb918797b35efe199227260743be5da1b9c4cde47af56b4d,/root/autodl-tmp/graph/data/graphrestore/raw/agenticir/extracted/HQ/028.png,181f97da79059de1a93d1a0d30f6851393282c6af8b607d83ce29ab8c9dbf771,24.40511703491211,0.8954196385271547,0.16353517770767212,0.34960421919822693,0.7606185674667358,55.93025207519531
test/B/haze + noise/029,B,haze+noise,/root/autodl-tmp/aaa/graphrestore/artifacts/formal_mio100/graphrestore_v7_1_stage4_step040000/methods/graphrestore_v7_1_stage4_step040000/d2/haze+noise/029.png,048912f680d1863a07b09aa238207dbd2cae4c313508ff188094de5a7226851e,/root/autodl-tmp/graph/data/graphrestore/raw/agenticir/extracted/HQ/029.png,3c7f43d0544ada8d7b64d7bb197621349fa1dcdf8400fb6128afaf8787814556,13.649072647094727,0.44361792654183674,0.554153323173523,0.15184417366981506,0.23300909996032715,40.83684539794922
test/B/haze + noise/030,B,haze+noise,/root/autodl-tmp/aaa/graphrestore/artifacts/formal_mio100/graphrestore_v7_1_stage4_step040000/methods/graphrestore_v7_1_stage4_step040000/d2/haze+noise/030.png,f88c1d751db1a6ac64eeef6077ae0fa52c006017cbace602c89847e67060e884,/root/autodl-tmp/graph/data/graphrestore/raw/agenticir/extracted/HQ/030.png,576b0158cf5a541dd6aaf522902400e8ba3175aacca36d9df22951f52acf3f2f,10.19112777709961,0.560223380622247,0.39285722374916077,0.29760533571243286,0.4939423203468323,61.229732513427734
test/B/haze + noise/031,B,haze+noise,/root/autodl-tmp/aaa/graphrestore/artifacts/formal_mio100/graphrestore_v7_1_stage4_step040000/methods/graphrestore_v7_1_stage4_step040000/d2/haze+noise/031.png,0c3f32cbb35b7d70961c1a14bad4e76fb93b175f756612c585077a1d2b1c9705,/root/autodl-tmp/graph/data/graphrestore/raw/agenticir/extracted/HQ/031.png,ee314f8cd1954636c1817c95d1cb0db5aa871e179961c3463869d5dc2100d422,18.07674217224121,0.7474486516903568,0.2659755349159241,0.23376446962356567,0.5389060974121094,64.8455581665039
test/B/haze + noise/032,B,haze+noise,/root/autodl-tmp/aaa/graphrestore/artifacts/formal_mio100/graphrestore_v7_1_stage4_step040000/methods/graphrestore_v7_1_stage4_step040000/d2/haze+noise/032.png,2215baa3b5d0668e9c6950dd8f5ff110817f89f37afebc4641b7e04efbfc512e,/root/autodl-tmp/graph/data/graphrestore/raw/agenticir/extracted/HQ/032.png,e9749385ec471240dd782d677482b0d949b80ccb7472dc409fa260d1748ed9b9,17.438377380371094,0.7689347275831324,0.22538918256759644,0.23393911123275757,0.529615581035614,55.5955924987793
test/B/haze + noise/033,B,haze+noise,/root/autodl-tmp/aaa/graphrestore/artifacts/formal_mio100/graphrestore_v7_1_stage4_step040000/methods/graphrestore_v7_1_stage4_step040000/d2/haze+noise/033.png,2fc4ded01b5354bd2d45420d38eb315a28d87e756a656ae66409f7305e6ef249,/root/autodl-tmp/graph/data/graphrestore/raw/agenticir/extracted/HQ/033.png,9590f1419e378254c01f330c248e12e8a62792b04a27b72daf2c0afd6c41c758,12.756052017211914,0.5097143359459018,0.41965731978416443,0.25062331557273865,0.722629725933075,56.61520767211914
test/B/haze + noise/034,B,haze+noise,/root/autodl-tmp/aaa/graphrestore/artifacts/formal_mio100/graphrestore_v7_1_stage4_step040000/methods/graphrestore_v7_1_stage4_step040000/d2/haze+noise/034.png,70fc934839830eeed0224cddd41bbb614719bcc759c24215438d6028830b1de5,/root/autodl-tmp/graph/data/graphrestore/raw/agenticir/extracted/HQ/034.png,0575cc2334f8f50fcbd3d9f58173645db8764f938ee55e8899084ca2b66fd018,6.687122344970703,0.2309899153849258,0.9857633113861084,0.30106475949287415,0.37596186995506287,31.60553741455078
test/B/haze + noise/035,B,haze+noise,/root/autodl-tmp/aaa/graphrestore/artifacts/formal_mio100/graphrestore_v7_1_stage4_step040000/methods/graphrestore_v7_1_stage4_step040000/d2/haze+noise/035.png,d7924137dfe6ae64affcc87eed5a9ad0e09744939cc1a3fbdf10d9e23650147b,/root/autodl-tmp/graph/data/graphrestore/raw/agenticir/extracted/HQ/035.png,4e230744a9cb7c3ebe976ae7267155312b876fb355283b4938b34b758aef7ff9,11.56925106048584,0.5966436706284232,0.3815864026546478,0.3363144099712372,0.6058396100997925,64.06706237792969
test/B/haze + noise/036,B,haze+noise,/root/autodl-tmp/aaa/graphrestore/artifacts/formal_mio100/graphrestore_v7_1_stage4_step040000/methods/graphrestore_v7_1_stage4_step040000/d2/haze+noise/036.png,96f93fa025c2c5c931ce006cb3ed8b5ce6aced8b959514d4fc3b0b540510a117,/root/autodl-tmp/graph/data/graphrestore/raw/agenticir/extracted/HQ/036.png,409fbd0ad51be33e9e2711cb7b22cb39999eaac6e278ca1621c20300be446d76,16.748380661010742,0.49159634056005586,0.34593677520751953,0.186715230345726,0.4431207776069641,50.378570556640625
test/B/haze + noise/037,B,haze+noise,/root/autodl-tmp/aaa/graphrestore/artifacts/formal_mio100/graphrestore_v7_1_stage4_step040000/methods/graphrestore_v7_1_stage4_step040000/d2/haze+noise/037.png,54c04704c402e930964d65cfc18c02cfda4ad341291df4d90fb91de07fdfb463,/root/autodl-tmp/graph/data/graphrestore/raw/agenticir/extracted/HQ/037.png,8f31abe11ce5d5377f131fdc788024ffb8d5cfdda501c06a64ca1fc80fab0d07,18.93097686767578,0.7979780198051186,0.2129903882741928,0.27995800971984863,0.633070170879364,56.14019012451172
test/B/haze + noise/038,B,haze+noise,/root/autodl-tmp/aaa/graphrestore/artifacts/formal_mio100/graphrestore_v7_1_stage4_step040000/methods/graphrestore_v7_1_stage4_step040000/d2/haze+noise/038.png,7d336463e846d25d8d7ac889f9721f7d23c11038b6536467f48af95267cd8411,/root/autodl-tmp/graph/data/graphrestore/raw/agenticir/extracted/HQ/038.png,fe7df2186482ca2cc105baed74cb1da9667b3b03e1629055880b6012db131aa1,9.952486991882324,0.5207674646794015,0.48349976539611816,0.22696079313755035,0.5649303197860718,49.3276252746582
test/B/haze + noise/039,B,haze+noise,/root/autodl-tmp/aaa/graphrestore/artifacts/formal_mio100/graphrestore_v7_1_stage4_step040000/methods/graphrestore_v7_1_stage4_step040000/d2/haze+noise/039.png,0857e492fcf11d9d8546d56b900ee3b763e041ee1021c67f5c98d322b6a61e5b,/root/autodl-tmp/graph/data/graphrestore/raw/agenticir/extracted/HQ/039.png,a2038f7610363fb1916197e0557fa84b50b610d86885a2d6409f9e3aa75fbbcd,10.940289497375488,0.5668510749428446,0.41746044158935547,0.297859251499176,0.5147664546966553,51.22105407714844
test/B/haze + noise/040,B,haze+noise,/root/autodl-tmp/aaa/graphrestore/artifacts/formal_mio100/graphrestore_v7_1_stage4_step040000/methods/graphrestore_v7_1_stage4_step040000/d2/haze+noise/040.png,84ec290c9d36d98bc52f49ca9440ee2668e0523f1ae0beb5a7c43f79637dcd54,/root/autodl-tmp/graph/data/graphrestore/raw/agenticir/extracted/HQ/040.png,c5a9e4bb9d84a6734bdc04c272c48c1b17b150a1e346afab2338eb0ba41f1464,7.916347980499268,0.42123581174026026,0.5444628596305847,0.26466691493988037,0.43006640672683716,50.44900894165039
test/B/haze + noise/041,B,haze+noise,/root/autodl-tmp/aaa/graphrestore/artifacts/formal_mio100/graphrestore_v7_1_stage4_step040000/methods/graphrestore_v7_1_stage4_step040000/d2/haze+noise/041.png,1674d05631630b7fa21b4ed546cd5f6ab6815225bd9773135b478f6341615841,/root/autodl-tmp/graph/data/graphrestore/raw/agenticir/extracted/HQ/041.png,8d928c89de2952ccb40028ba7ecd3f9fee3f3907c9a371fbbcb7fdaf683bc27e,18.290098190307617,0.6497316723848039,0.32931211590766907,0.3423655033111572,0.611213207244873,73.8331069946289
test/B/haze + noise/042,B,haze+noise,/root/autodl-tmp/aaa/graphrestore/artifacts/formal_mio100/graphrestore_v7_1_stage4_step040000/methods/graphrestore_v7_1_stage4_step040000/d2/haze+noise/042.png,28d9d0789ed9bb1afa7393691970e5486eeab1781e654310a1d270fe23b1b81f,/root/autodl-tmp/graph/data/graphrestore/raw/agenticir/extracted/HQ/042.png,9ae42a00babed185468a76384204ff947b6baab53a82ca9b3cff6ef951f461bf,12.6788330078125,0.5182119839569136,0.5322949886322021,0.2932301163673401,0.4478491246700287,43.76715087890625
test/B/haze + noise/043,B,haze+noise,/root/autodl-tmp/aaa/graphrestore/artifacts/formal_mio100/graphrestore_v7_1_stage4_step040000/methods/graphrestore_v7_1_stage4_step040000/d2/haze+noise/043.png,b0dbc82a43249a18ac445b9105da3f031b1e80a85fd8bcb28b995fcc5908e003,/root/autodl-tmp/graph/data/graphrestore/raw/agenticir/extracted/HQ/043.png,15880c27b3101797c4e5896dee7349ad832ac1c49fcd0c559b357f4e28296b4d,12.512962341308594,0.5033892148721069,0.3062951862812042,0.36105841398239136,0.7019827961921692,66.03223419189453
test/B/haze + noise/044,B,haze+noise,/root/autodl-tmp/aaa/graphrestore/artifacts/formal_mio100/graphrestore_v7_1_stage4_step040000/methods/graphrestore_v7_1_stage4_step040000/d2/haze+noise/044.png,48a90b50cc5f3e671645da3e8cf8a58827295fc503cbbfc16ea357a5717a859f,/root/autodl-tmp/graph/data/graphrestore/raw/agenticir/extracted/HQ/044.png,0645011c1dc3777ab263df617d1747b902c2d321de6f939549cfbe43eabc9245,6.961626052856445,0.3064129905016937,0.8258501291275024,0.31771227717399597,0.48631343245506287,31.06720542907715
test/B/haze + noise/045,B,haze+noise,/root/autodl-tmp/aaa/graphrestore/artifacts/formal_mio100/graphrestore_v7_1_stage4_step040000/methods/graphrestore_v7_1_stage4_step040000/d2/haze+noise/045.png,fff7a771b969d2f4fcdb6affb82f0990babb3898a73d2295d14747f46e816d9c,/root/autodl-tmp/graph/data/graphrestore/raw/agenticir/extracted/HQ/045.png,d3e352c98c1fe9df1181c1e362bb9c3ba3a1d077456198796083821dab20d1fc,12.314057350158691,0.4108775766308843,0.6463255882263184,0.4089492857456207,0.46977949142456055,57.43903350830078
test/B/haze + noise/046,B,haze+noise,/root/autodl-tmp/aaa/graphrestore/artifacts/formal_mio100/graphrestore_v7_1_stage4_step040000/methods/graphrestore_v7_1_stage4_step040000/d2/haze+noise/046.png,f15dedf0703e211560fd4967521d1da361d694dcd7420c7cfa1104d75ececa1d,/root/autodl-tmp/graph/data/graphrestore/raw/agenticir/extracted/HQ/046.png,af4b21bf96515f2ff4f97a4990856b43ae02a1d8f39909428228a2612b5f936f,13.743074417114258,0.49080485555993636,0.5312503576278687,0.3547252118587494,0.6695325374603271,62.830142974853516
test/B/haze + noise/047,B,haze+noise,/root/autodl-tmp/aaa/graphrestore/artifacts/formal_mio100/graphrestore_v7_1_stage4_step040000/methods/graphrestore_v7_1_stage4_step040000/d2/haze+noise/047.png,09b3641e01dadb23d254866a640ff8ce73ba9ffa9f6a36e865e4c3c1c5edddde,/root/autodl-tmp/graph/data/graphrestore/raw/agenticir/extracted/HQ/047.png,8ecf454f7d68ca4ebf19b2b4a22275d3bb344666e4e483fda2c8cb84d5ff94db,14.429805755615234,0.6324875522960813,0.25628504157066345,0.3869571387767792,0.7482963800430298,63.942222595214844
test/B/haze + noise/048,B,haze+noise,/root/autodl-tmp/aaa/graphrestore/artifacts/formal_mio100/graphrestore_v7_1_stage4_step040000/methods/graphrestore_v7_1_stage4_step040000/d2/haze+noise/048.png,d7558af8ecea04dc3d1393d14ae29cdbf5f6771bde4bf06c5e85a5cd74eca7de,/root/autodl-tmp/graph/data/graphrestore/raw/agenticir/extracted/HQ/048.png,b74e449ab10a96799f5e791f68de34dcfaf90a4befdb242cee372f6743841606,12.463727951049805,0.6391886938679294,0.2794124186038971,0.3755914270877838,0.6082879900932312,59.77220916748047
test/B/haze + noise/049,B,haze+noise,/root/autodl-tmp/aaa/graphrestore/artifacts/formal_mio100/graphrestore_v7_1_stage4_step040000/methods/graphrestore_v7_1_stage4_step040000/d2/haze+noise/049.png,5da0883659a6577f2a47adae3ac41d54203868a61d3a38797fb1bac35c7fbcc0,/root/autodl-tmp/graph/data/graphrestore/raw/agenticir/extracted/HQ/049.png,bdd8f4cec02d5659a12541bb32718429d397d6be195679045764e31574c4f226,13.18368148803711,0.6996811751329376,0.21765536069869995,0.4056990444660187,0.41318485140800476,61.02821350097656
test/B/haze + noise/050,B,haze+noise,/root/autodl-tmp/aaa/graphrestore/artifacts/formal_mio100/graphrestore_v7_1_stage4_step040000/methods/graphrestore_v7_1_stage4_step040000/d2/haze+noise/050.png,5c0c049e5415278b2e3618e3ea727ebf202636ae7df1f8f884dd179123a2c349,/root/autodl-tmp/graph/data/graphrestore/raw/agenticir/extracted/HQ/050.png,c4cfbc77b28b145af37ea26b0b501d69633ebdedd3ce9a90d5760063ee95f492,13.784951210021973,0.694917745347994,0.18087437748908997,0.3945672810077667,0.71284419298172,75.0013656616211
test/B/haze + noise/051,B,haze+noise,/root/autodl-tmp/aaa/graphrestore/artifacts/formal_mio100/graphrestore_v7_1_stage4_step040000/methods/graphrestore_v7_1_stage4_step040000/d2/haze+noise/051.png,97713b3548a49d95f8982dccd87e75ea704c62b6bf6979b4895c10b37037c189,/root/autodl-tmp/graph/data/graphrestore/raw/agenticir/extracted/HQ/051.png,433269b5d76ea42b944162d49085d86b82a4eab52705e69d4dfa7c8a0ccbe187,7.238574981689453,0.42281823628909243,0.5039578676223755,0.23976550996303558,0.4446784555912018,52.40243148803711
test/B/haze + noise/052,B,haze+noise,/root/autodl-tmp/aaa/graphrestore/artifacts/formal_mio100/graphrestore_v7_1_stage4_step040000/methods/graphrestore_v7_1_stage4_step040000/d2/haze+noise/052.png,3ae314e937ddc2fde20245d9e0ff85d293e655b34757bd21261f683775dce61e,/root/autodl-tmp/graph/data/graphrestore/raw/agenticir/extracted/HQ/052.png,b0fe4f61cfdf3e31caa56791dcd8d50f729c75652d7970a654be64494341ada3,15.855867385864258,0.6463766149223653,0.2821662724018097,0.2826760709285736,0.4757344722747803,39.995452880859375
test/B/haze + noise/053,B,haze+noise,/root/autodl-tmp/aaa/graphrestore/artifacts/formal_mio100/graphrestore_v7_1_stage4_step040000/methods/graphrestore_v7_1_stage4_step040000/d2/haze+noise/053.png,380b82189d6f1b0d8e804833b67acd6ff1b417c17af1ef8cd1c916f5c10f5725,/root/autodl-tmp/graph/data/graphrestore/raw/agenticir/extracted/HQ/053.png,6b1f2208c72adcd28d96a15d538bbfbe27cb5a21be416b6f30fa836b12ac867d,16.05829429626465,0.7165399336971239,0.29536569118499756,0.24518173933029175,0.4714544415473938,57.46100616455078
test/B/haze + noise/054,B,haze+noise,/root/autodl-tmp/aaa/graphrestore/artifacts/formal_mio100/graphrestore_v7_1_stage4_step040000/methods/graphrestore_v7_1_stage4_step040000/d2/haze+noise/054.png,087971a4ab5f80443b4aa3e8e0b5f71d5ce316e289606dc366e8870fde914140,/root/autodl-tmp/graph/data/graphrestore/raw/agenticir/extracted/HQ/054.png,699ffde2d8d110e52811d39e5b9d745965d4211dd2312f453ce367f1bc0e66f5,14.312739372253418,0.7179711721822207,0.43200162053108215,0.2453198879957199,0.5029054880142212,53.51492691040039
test/B/haze + noise/055,B,haze+noise,/root/autodl-tmp/aaa/graphrestore/artifacts/formal_mio100/graphrestore_v7_1_stage4_step040000/methods/graphrestore_v7_1_stage4_step040000/d2/haze+noise/055.png,28dfc5da3caf44145d8b89f2492fee8dea50dbb733f2e9e09078e30fbefa20c3,/root/autodl-tmp/graph/data/graphrestore/raw/agenticir/extracted/HQ/055.png,5a59c6f9051a70f1c3ad8e9550b2a21322ef8ad71bd70085fb2330f6f6da3948,10.582616806030273,0.751312863465802,0.4709276556968689,0.23705631494522095,0.5268170237541199,53.489173889160156
test/B/haze + noise/056,B,haze+noise,/root/autodl-tmp/aaa/graphrestore/artifacts/formal_mio100/graphrestore_v7_1_stage4_step040000/methods/graphrestore_v7_1_stage4_step040000/d2/haze+noise/056.png,f51014e1302cde8072fdf67bfeccc4f701e6184b25ae19b5c048a8f12167b636,/root/autodl-tmp/graph/data/graphrestore/raw/agenticir/extracted/HQ/056.png,c5f28866f72e2d370875385eb6575124b0735f8f927fae1c07ff7151e200c956,9.950419425964355,0.5997192599443733,0.530092716217041,0.22074756026268005,0.36507344245910645,34.826595306396484
test/B/haze + noise/057,B,haze+noise,/root/autodl-tmp/aaa/graphrestore/artifacts/formal_mio100/graphrestore_v7_1_stage4_step040000/methods/graphrestore_v7_1_stage4_step040000/d2/haze+noise/057.png,b0603661753e570ab1018cffae53fcaf8a9d53bb068e59fee3ceda3303fedf77,/root/autodl-tmp/graph/data/graphrestore/raw/agenticir/extracted/HQ/057.png,42353ae75793843947c257055d87e0568db28ed51b9a5d87cc0d6a0dafb242af,14.92392349243164,0.8105336588314187,0.2206515073776245,0.35209277272224426,0.5316624045372009,66.25315856933594
test/B/haze + noise/058,B,haze+noise,/root/autodl-tmp/aaa/graphrestore/artifacts/formal_mio100/graphrestore_v7_1_stage4_step040000/methods/graphrestore_v7_1_stage4_step040000/d2/haze+noise/058.png,27c4723b8b1debc9f5763a34b74ceb7013100ec955764a3dc03cdb78c58f3d36,/root/autodl-tmp/graph/data/graphrestore/raw/agenticir/extracted/HQ/058.png,e50e67dc4e57dc18d552546044c5ca169fdb26de4d5d81650d00d4b0f3ab7e76,11.786907196044922,0.7023766766609959,0.36506301164627075,0.21888497471809387,0.3416167199611664,57.292152404785156
test/B/haze + noise/059,B,haze+noise,/root/autodl-tmp/aaa/graphrestore/artifacts/formal_mio100/graphrestore_v7_1_stage4_step040000/methods/graphrestore_v7_1_stage4_step040000/d2/haze+noise/059.png,33d40942b9f9aca17c268103c38d88702561f8876a96fc937dea39a742796a01,/root/autodl-tmp/graph/data/graphrestore/raw/agenticir/extracted/HQ/059.png,e60c8277194566df02c7cefc895d1390756059f7a29ac67206ec202f1b897add,12.20736312866211,0.5992559740005391,0.4308273494243622,0.21480052173137665,0.32093778252601624,60.50457763671875
test/B/haze + noise/060,B,haze+noise,/root/autodl-tmp/aaa/graphrestore/artifacts/formal_mio100/graphrestore_v7_1_stage4_step040000/methods/graphrestore_v7_1_stage4_step040000/d2/haze+noise/060.png,c624017dfd4d48fb6c74e14db71d902fef7c17f411cccb2ea0f1a20e51b42ed4,/root/autodl-tmp/graph/data/graphrestore/raw/agenticir/extracted/HQ/060.png,d173273231bf0b68767ae3e287f4f34baa71e7d986a98c43a41fa9668fd8a0d4,12.046027183532715,0.5957762027700132,0.3931262493133545,0.21175581216812134,0.40239784121513367,57.66649627685547
test/B/haze + noise/061,B,haze+noise,/root/autodl-tmp/aaa/graphrestore/artifacts/formal_mio100/graphrestore_v7_1_stage4_step040000/methods/graphrestore_v7_1_stage4_step040000/d2/haze+noise/061.png,8bf359bf8d17cc8bff33363e92d7ae1219a4cd8c06e0d6569403f7cc1a11d20c,/root/autodl-tmp/graph/data/graphrestore/raw/agenticir/extracted/HQ/061.png,a7818ddc00c398726bcd4724e9a51456bf18e4eb573f2f68b79ea2dedf0e699c,15.835018157958984,0.7140256976781696,0.2534775137901306,0.34150078892707825,0.446071594953537,58.43199157714844
test/B/haze + noise/062,B,haze+noise,/root/autodl-tmp/aaa/graphrestore/artifacts/formal_mio100/graphrestore_v7_1_stage4_step040000/methods/graphrestore_v7_1_stage4_step040000/d2/haze+noise/062.png,f5fca1d8a4664e38d3f7491481652534a8978f59d5d25bfb67bbb720069d969f,/root/autodl-tmp/graph/data/graphrestore/raw/agenticir/extracted/HQ/062.png,7829e8bf6fee7705051b0e4486c3abb2cdf412c83ac15b9f5ed9d9036c296d40,8.620657920837402,0.4882798253202873,0.4463379383087158,0.22487306594848633,0.38788649439811707,55.43629837036133
test/B/haze + noise/063,B,haze+noise,/root/autodl-tmp/aaa/graphrestore/artifacts/formal_mio100/graphrestore_v7_1_stage4_step040000/methods/graphrestore_v7_1_stage4_step040000/d2/haze+noise/063.png,77563ebb2a675e2e2e8c6fc29b0e197dadf2631e1d3b36e2904c5193b1b9602a,/root/autodl-tmp/graph/data/graphrestore/raw/agenticir/extracted/HQ/063.png,f7ccce7c58be38c16fb08060b8b379825cb0417a04e6813c72985768a480929c,13.248668670654297,0.5408333898754071,0.32857686281204224,0.3039795458316803,0.3454318940639496,66.10051727294922
test/B/haze + noise/064,B,haze+noise,/root/autodl-tmp/aaa/graphrestore/artifacts/formal_mio100/graphrestore_v7_1_stage4_step040000/methods/graphrestore_v7_1_stage4_step040000/d2/haze+noise/064.png,5a8566b41e20518fa333d7c7ab3688033d6c3e5f24ca32eb6c53a17cbabad1e4,/root/autodl-tmp/graph/data/graphrestore/raw/agenticir/extracted/HQ/064.png,b34caae8d574b2c008d53ceb0490df55c099e68844b2819f0c02fc50db26cee0,18.54145622253418,0.6078800630650038,0.28587615489959717,0.25321710109710693,0.3510763347148895,61.71004104614258
test/B/haze + noise/065,B,haze+noise,/root/autodl-tmp/aaa/graphrestore/artifacts/formal_mio100/graphrestore_v7_1_stage4_step040000/methods/graphrestore_v7_1_stage4_step040000/d2/haze+noise/065.png,7d6d847cff7537d911ffc2cdf9efc0b1119fd00940e8a0b0f54f564c0c81c5e1,/root/autodl-tmp/graph/data/graphrestore/raw/agenticir/extracted/HQ/065.png,f0770ae16bf79be3b5d94a7868da009f5ce1bbf54bfe5c879e352a4df590ef63,14.92391586303711,0.6079192127709663,0.33054545521736145,0.2883434593677521,0.36755701899528503,52.29090881347656
test/B/haze + noise/066,B,haze+noise,/root/autodl-tmp/aaa/graphrestore/artifacts/formal_mio100/graphrestore_v7_1_stage4_step040000/methods/graphrestore_v7_1_stage4_step040000/d2/haze+noise/066.png,950c36eb569ec3f29a2d7f6ad4223e8a2e98a6387ecf9827d2703e24f3c513ec,/root/autodl-tmp/graph/data/graphrestore/raw/agenticir/extracted/HQ/066.png,a19230b326bd2fb5c26ae283f65bf0b85f39f90421056a47c7ecd6d683379aff,10.76272201538086,0.5897140669141441,0.3856017291545868,0.24780406057834625,0.3945704996585846,61.98720169067383
test/B/haze + noise/067,B,haze+noise,/root/autodl-tmp/aaa/graphrestore/artifacts/formal_mio100/graphrestore_v7_1_stage4_step040000/methods/graphrestore_v7_1_stage4_step040000/d2/haze+noise/067.png,8aec478b3ca78abb49162e277a2d8e0cd4344c3ba4b2318766142437f0578409,/root/autodl-tmp/graph/data/graphrestore/raw/agenticir/extracted/HQ/067.png,91cd9f021a6902b7f3220c6a373cba11f3bfbe4e4984c1d6fc4be0c76acb67a0,20.660057067871094,0.7747536042350689,0.15232104063034058,0.32506319880485535,0.32748928666114807,69.58159637451172
test/B/haze + noise/068,B,haze+noise,/root/autodl-tmp/aaa/graphrestore/artifacts/formal_mio100/graphrestore_v7_1_stage4_step040000/methods/graphrestore_v7_1_stage4_step040000/d2/haze+noise/068.png,a7f4b364f2927ff315b5e1293ad205650c09a57c98d700b80b4c9fe5d9330250,/root/autodl-tmp/graph/data/graphrestore/raw/agenticir/extracted/HQ/068.png,b8187d79db16002364f6017df807e6cac41e7ee9a68413a384b1bd69eddaa638,11.020513534545898,0.5793918364661631,0.3251352906227112,0.29676803946495056,0.34087279438972473,61.9361457824707
test/B/haze + noise/069,B,haze+noise,/root/autodl-tmp/aaa/graphrestore/artifacts/formal_mio100/graphrestore_v7_1_stage4_step040000/methods/graphrestore_v7_1_stage4_step040000/d2/haze+noise/069.png,2dc9e3e943bb871af9a7cf4abf1fc10782d397ac2dbc07d988133ccc22436fba,/root/autodl-tmp/graph/data/graphrestore/raw/agenticir/extracted/HQ/069.png,abb08be58f50075e5e6b1de44ddfe61c30ebb34882e9d72681edd73a5cdbb156,16.47498893737793,0.6516972363145453,0.29886335134506226,0.2821105420589447,0.5562900900840759,70.14384460449219
test/B/haze + noise/070,B,haze+noise,/root/autodl-tmp/aaa/graphrestore/artifacts/formal_mio100/graphrestore_v7_1_stage4_step040000/methods/graphrestore_v7_1_stage4_step040000/d2/haze+noise/070.png,c7ae345cb7e447f9da1cca6a1db6f467d8d304a39a4c7241faead657cdc742bb,/root/autodl-tmp/graph/data/graphrestore/raw/agenticir/extracted/HQ/070.png,718ae2570e431003fb32f2a40e19f813545164ace18230ac03f9ec96b2747f85,11.744672775268555,0.6874664576944621,0.2815950810909271,0.17412354052066803,0.411400705575943,49.852970123291016
test/B/haze + noise/071,B,haze+noise,/root/autodl-tmp/aaa/graphrestore/artifacts/formal_mio100/graphrestore_v7_1_stage4_step040000/methods/graphrestore_v7_1_stage4_step040000/d2/haze+noise/071.png,c25af5a1cca7f392a73147e460b79f447adc724913ddee6d607151582d9243fb,/root/autodl-tmp/graph/data/graphrestore/raw/agenticir/extracted/HQ/071.png,e8bc40490eabb437e225b0acde6b8dc1d8942f2b9657e042051c166804b07b15,11.117201805114746,0.7078459750227342,0.31731143593788147,0.245486319065094,0.35677677392959595,49.41850662231445
test/B/haze + noise/072,B,haze+noise,/root/autodl-tmp/aaa/graphrestore/artifacts/formal_mio100/graphrestore_v7_1_stage4_step040000/methods/graphrestore_v7_1_stage4_step040000/d2/haze+noise/072.png,c8d7d30b67496ffe8352a387394e3eb80b484c1b04e16047e772a579edc40354,/root/autodl-tmp/graph/data/graphrestore/raw/agenticir/extracted/HQ/072.png,6b887c3fd578dc80ca3b15a823f1b43d80db2d30abc07d144e03f7228acb8144,19.166175842285156,0.8420963838844555,0.17041684687137604,0.34153684973716736,0.6274737119674683,67.38838195800781
test/B/haze + noise/073,B,haze+noise,/root/autodl-tmp/aaa/graphrestore/artifacts/formal_mio100/graphrestore_v7_1_stage4_step040000/methods/graphrestore_v7_1_stage4_step040000/d2/haze+noise/073.png,fd4bd2184ec4f874fe775463e63c00f540afad4fefb436d6bf4b911c6b3f85b0,/root/autodl-tmp/graph/data/graphrestore/raw/agenticir/extracted/HQ/073.png,e4a8516954bfb4b79f2fc6194b6b4a8ed63250e14fe7ce0b6f6d77c922f84730,8.614614486694336,0.4875982990341934,0.4441494643688202,0.14336659014225006,0.2876274287700653,56.11769104003906
test/B/haze + noise/074,B,haze+noise,/root/autodl-tmp/aaa/graphrestore/artifacts/formal_mio100/graphrestore_v7_1_stage4_step040000/methods/graphrestore_v7_1_stage4_step040000/d2/haze+noise/074.png,eaf45494a67541163643c625b89c9b507e88e07f8c9d47ee82b119207d26f6c4,/root/autodl-tmp/graph/data/graphrestore/raw/agenticir/extracted/HQ/074.png,cfa80e9825a34173ab0d1810b1b63bf645aa1b6b743966a77d7d03463319fd8e,11.654058456420898,0.5629982926790024,0.273477166891098,0.21827857196331024,0.5064717531204224,56.94768524169922
test/B/haze + noise/075,B,haze+noise,/root/autodl-tmp/aaa/graphrestore/artifacts/formal_mio100/graphrestore_v7_1_stage4_step040000/methods/graphrestore_v7_1_stage4_step040000/d2/haze+noise/075.png,03e02970371a2422c3040fe70dd762bcdfeaec2a15f634cf857359894d91838d,/root/autodl-tmp/graph/data/graphrestore/raw/agenticir/extracted/HQ/075.png,637e76a0398c825f3214d13b10485f7c180dc359b838ade377382c22c8f6b788,16.698680877685547,0.737442855926147,0.2092077136039734,0.3176300823688507,0.4375457763671875,68.0531005859375
test/B/haze + noise/076,B,haze+noise,/root/autodl-tmp/aaa/graphrestore/artifacts/formal_mio100/graphrestore_v7_1_stage4_step040000/methods/graphrestore_v7_1_stage4_step040000/d2/haze+noise/076.png,ffab21e31a68ec768c74c5d4801e4bba408fd07985ee5672bfe603f216a625db,/root/autodl-tmp/graph/data/graphrestore/raw/agenticir/extracted/HQ/076.png,28f7193b83d2979c14a7c73e95657ce02a2cc902196495bea289e190f48cecae,13.407479286193848,0.759747637817638,0.2045198529958725,0.2045118659734726,0.26978859305381775,52.37217712402344
test/B/haze + noise/077,B,haze+noise,/root/autodl-tmp/aaa/graphrestore/artifacts/formal_mio100/graphrestore_v7_1_stage4_step040000/methods/graphrestore_v7_1_stage4_step040000/d2/haze+noise/077.png,0d2151c6140917db5732b27a73aa51b1203573245353cfecda1b9334a3c8b2f9,/root/autodl-tmp/graph/data/graphrestore/raw/agenticir/extracted/HQ/077.png,6d0b3c0c4255ee2de7c3c275c114eb531248c06fce157913f4e69dacd492cc91,24.554779052734375,0.9066660563012902,0.10293155908584595,0.29808250069618225,0.3283332288265228,61.97169876098633
test/B/haze + noise/078,B,haze+noise,/root/autodl-tmp/aaa/graphrestore/artifacts/formal_mio100/graphrestore_v7_1_stage4_step040000/methods/graphrestore_v7_1_stage4_step040000/d2/haze+noise/078.png,44825f74b0e06f63c19d2091718c97036fc463c9a63130d79d66c6fd39977a55,/root/autodl-tmp/graph/data/graphrestore/raw/agenticir/extracted/HQ/078.png,ae84b8b3592a0f623d5bd2c5791b049e6fd87155614fbbad37f1ac00a2cfa870,18.158737182617188,0.726448011991234,0.21553748846054077,0.3117871880531311,0.42114439606666565,71.0443344116211
test/B/haze + noise/079,B,haze+noise,/root/autodl-tmp/aaa/graphrestore/artifacts/formal_mio100/graphrestore_v7_1_stage4_step040000/methods/graphrestore_v7_1_stage4_step040000/d2/haze+noise/079.png,49eda6eeea0eafdc8b237584705b2ba3e593de450b79d78da64e18d0e9fa1892,/root/autodl-tmp/graph/data/graphrestore/raw/agenticir/extracted/HQ/079.png,166cde30b17743be2ca3fb2c29004e0b38b126bfa1d8d5f41013c23eb248aad5,9.838650703430176,0.4516798514609764,0.4863405227661133,0.19656719267368317,0.3136082589626312,48.655296325683594
test/B/haze + noise/080,B,haze+noise,/root/autodl-tmp/aaa/graphrestore/artifacts/formal_mio100/graphrestore_v7_1_stage4_step040000/methods/graphrestore_v7_1_stage4_step040000/d2/haze+noise/080.png,fd503a86f2f957ad0304126afb765bdce64536e37a04aaef1cc97b2e4253b159,/root/autodl-tmp/graph/data/graphrestore/raw/agenticir/extracted/HQ/080.png,b208599722bce230536ae4db62272e883a7714d4bfca7d73e1361da3b2ca9225,15.813189506530762,0.7367506116549964,0.23306603729724884,0.21073511242866516,0.36856088042259216,52.437721252441406
test/B/haze + noise/081,B,haze+noise,/root/autodl-tmp/aaa/graphrestore/artifacts/formal_mio100/graphrestore_v7_1_stage4_step040000/methods/graphrestore_v7_1_stage4_step040000/d2/haze+noise/081.png,dfdf721d6c1c58784fdb141e27d1f6b658c066ed6d76401e060b57a6b137828a,/root/autodl-tmp/graph/data/graphrestore/raw/agenticir/extracted/HQ/081.png,f86df1e220755af6ab50844f797e3fb45165c5dde9ac8ee1750544154cfd1ad7,12.37724781036377,0.6359978726982228,0.2947225570678711,0.15481771528720856,0.23006048798561096,39.70050048828125
test/B/haze + noise/082,B,haze+noise,/root/autodl-tmp/aaa/graphrestore/artifacts/formal_mio100/graphrestore_v7_1_stage4_step040000/methods/graphrestore_v7_1_stage4_step040000/d2/haze+noise/082.png,866c38226e83b8794769ead2674ba045a0a96b052717749ca5d47884d8dc4247,/root/autodl-tmp/graph/data/graphrestore/raw/agenticir/extracted/HQ/082.png,698a641215db75e2471381c00fc2a84208122a4a0115beeb5679de746977682e,11.53535270690918,0.3967310911511046,0.28222596645355225,0.4385169744491577,0.7714786529541016,72.79283905029297
test/B/haze + noise/083,B,haze+noise,/root/autodl-tmp/aaa/graphrestore/artifacts/formal_mio100/graphrestore_v7_1_stage4_step040000/methods/graphrestore_v7_1_stage4_step040000/d2/haze+noise/083.png,41412b4fd3cf53982b6eb02def18e9546be7d6b84be50893465f49353aa3034f,/root/autodl-tmp/graph/data/graphrestore/raw/agenticir/extracted/HQ/083.png,4772b8d475dfc90626760cea35452db0ee8dfdd89f7cd8def57f8b4d74ecef44,8.302146911621094,0.4312034121545703,0.646513819694519,0.24070747196674347,0.40201082825660706,42.70676803588867
test/B/haze + noise/084,B,haze+noise,/root/autodl-tmp/aaa/graphrestore/artifacts/formal_mio100/graphrestore_v7_1_stage4_step040000/methods/graphrestore_v7_1_stage4_step040000/d2/haze+noise/084.png,b7e8efff7777d6797c81737c1e275f17fbfada71cf85f6cab066d9768b0a3c35,/root/autodl-tmp/graph/data/graphrestore/raw/agenticir/extracted/HQ/084.png,1bc34c4607ba66d84248fe8e7d5e30546ae13841542d8b1cb9146f2a2485df64,22.44502830505371,0.8589922043273996,0.3089708983898163,0.19875966012477875,0.45852795243263245,32.31029510498047
test/B/haze + noise/085,B,haze+noise,/root/autodl-tmp/aaa/graphrestore/artifacts/formal_mio100/graphrestore_v7_1_stage4_step040000/methods/graphrestore_v7_1_stage4_step040000/d2/haze+noise/085.png,b9586d76f5227476973f8c75b239f11c17e3081de03912296d5d5e2f4d932cb7,/root/autodl-tmp/graph/data/graphrestore/raw/agenticir/extracted/HQ/085.png,6174b7cb004afd2a578ec1950d92b99c41115b5a6bf70a511f19156c62bd5274,13.823118209838867,0.6903522233398486,0.243946373462677,0.16220718622207642,0.3235338628292084,39.545738220214844
test/B/haze + noise/086,B,haze+noise,/root/autodl-tmp/aaa/graphrestore/artifacts/formal_mio100/graphrestore_v7_1_stage4_step040000/methods/graphrestore_v7_1_stage4_step040000/d2/haze+noise/086.png,c5c8eda11c978ec9cff1d11d906e684652b49dbe0796d1a47feae21b4d69eb26,/root/autodl-tmp/graph/data/graphrestore/raw/agenticir/extracted/HQ/086.png,68a629299aaf0e4d70065c504c9b3e397721fa17a25c2585446914aa5c7bafb5,24.01422119140625,0.9139321560169437,0.0987420603632927,0.42588090896606445,0.7018653750419617,69.09906005859375
test/B/haze + noise/087,B,haze+noise,/root/autodl-tmp/aaa/graphrestore/artifacts/formal_mio100/graphrestore_v7_1_stage4_step040000/methods/graphrestore_v7_1_stage4_step040000/d2/haze+noise/087.png,16dfba8b1b4f71fbc4e3217caf960d2b8ffc21e7e6a41847743c4474a4055826,/root/autodl-tmp/graph/data/graphrestore/raw/agenticir/extracted/HQ/087.png,059a862de1498fc3b783bcfcce8fad399573aa912bb6638bbd3d43d23b88cdc6,10.620576858520508,0.5301000890054925,0.45912259817123413,0.24924661219120026,0.6336509585380554,56.47524642944336
test/B/haze + noise/088,B,haze+noise,/root/autodl-tmp/aaa/graphrestore/artifacts/formal_mio100/graphrestore_v7_1_stage4_step040000/methods/graphrestore_v7_1_stage4_step040000/d2/haze+noise/088.png,2274ec964e826f29fca8480d10161c438330469a2532170d1795124f4436a273,/root/autodl-tmp/graph/data/graphrestore/raw/agenticir/extracted/HQ/088.png,e76841066e027bd2a2fa101a4598c597d4891a7c535e3cc3195b7afcc249d7ae,9.159818649291992,0.5378281655215916,0.37098428606987,0.2291976362466812,0.38119813799858093,33.33452606201172
test/B/haze + noise/089,B,haze+noise,/root/autodl-tmp/aaa/graphrestore/artifacts/formal_mio100/graphrestore_v7_1_stage4_step040000/methods/graphrestore_v7_1_stage4_step040000/d2/haze+noise/089.png,bfa6561a56835e190646f2d9e42c725e386a49e768ab57e781deee0f414db2a6,/root/autodl-tmp/graph/data/graphrestore/raw/agenticir/extracted/HQ/089.png,046e493440ea7499fe07cec3853e6e170225ce6cdc903aac14730fa6b9bf36ab,13.718978881835938,0.6789208683057028,0.2929098606109619,0.33993515372276306,0.5151327252388,50.49953079223633
test/B/haze + noise/090,B,haze+noise,/root/autodl-tmp/aaa/graphrestore/artifacts/formal_mio100/graphrestore_v7_1_stage4_step040000/methods/graphrestore_v7_1_stage4_step040000/d2/haze+noise/090.png,e4f4819c2144304aa32c12f0724664e232dbdf9b289be23783dd03f9571bd04f,/root/autodl-tmp/graph/data/graphrestore/raw/agenticir/extracted/HQ/090.png,830f74b8389bfef595e56e910efc49cf4246f6f7bd552ea8c45d071a0113053c,14.091180801391602,0.7011246662504227,0.2526230812072754,0.3398163914680481,0.5329241156578064,56.26836395263672
test/B/haze + noise/091,B,haze+noise,/root/autodl-tmp/aaa/graphrestore/artifacts/formal_mio100/graphrestore_v7_1_stage4_step040000/methods/graphrestore_v7_1_stage4_step040000/d2/haze+noise/091.png,71373d5788967acc343feac4012841db2267dd0719f2801d027e334f88a6c695,/root/autodl-tmp/graph/data/graphrestore/raw/agenticir/extracted/HQ/091.png,5e553db9d41f0f077260ca811d0fc988002511f536fd217035e5495bab201d6c,12.218318939208984,0.6758194639454176,0.1885547637939453,0.3369677662849426,0.3595033586025238,66.41527557373047
test/B/haze + noise/092,B,haze+noise,/root/autodl-tmp/aaa/graphrestore/artifacts/formal_mio100/graphrestore_v7_1_stage4_step040000/methods/graphrestore_v7_1_stage4_step040000/d2/haze+noise/092.png,78411ebb78552145eba765483f1469b1d63f5abe33a41169e4d0e1cc4e1c20ce,/root/autodl-tmp/graph/data/graphrestore/raw/agenticir/extracted/HQ/092.png,d2fdbb69f6828c6707d3f41abfcb56dcb6e0d8e75181ac8d0c55eea107f20d48,15.701788902282715,0.5935921272053701,0.28735578060150146,0.3947064280509949,0.43812990188598633,59.56038284301758
test/B/haze + noise/093,B,haze+noise,/root/autodl-tmp/aaa/graphrestore/artifacts/formal_mio100/graphrestore_v7_1_stage4_step040000/methods/graphrestore_v7_1_stage4_step040000/d2/haze+noise/093.png,b61273e760f326d5dfc5a902be4d358969b67c24c337c9b4232c8421f3ed0cde,/root/autodl-tmp/graph/data/graphrestore/raw/agenticir/extracted/HQ/093.png,b9ef1df7a3be70176f064c2568ea12d8cd9c9c54b3e8fd72bca53d170eaf06f2,19.123130798339844,0.8423481848718125,0.07734460383653641,0.41875606775283813,0.6093541979789734,72.0853042602539
test/B/haze + noise/094,B,haze+noise,/root/autodl-tmp/aaa/graphrestore/artifacts/formal_mio100/graphrestore_v7_1_stage4_step040000/methods/graphrestore_v7_1_stage4_step040000/d2/haze+noise/094.png,41df341238bfd193604b6c3f6cf9d4480a09b429ad4b126114aace908fb1947b,/root/autodl-tmp/graph/data/graphrestore/raw/agenticir/extracted/HQ/094.png,45dab31fa407b6793844322a5e147cdfedc3bfa449cd28fc9605f41dba80966d,11.019662857055664,0.5929027249766713,0.33956995606422424,0.31278568506240845,0.4518760144710541,56.841941833496094
test/B/haze + noise/095,B,haze+noise,/root/autodl-tmp/aaa/graphrestore/artifacts/formal_mio100/graphrestore_v7_1_stage4_step040000/methods/graphrestore_v7_1_stage4_step040000/d2/haze+noise/095.png,5575d5f3133aa9a8e3e3e1087c33853f9bf400988ceac9785f3c277a3d03dc0f,/root/autodl-tmp/graph/data/graphrestore/raw/agenticir/extracted/HQ/095.png,2f04f8c811593049180a1c6bdcf5d723d3c2f6443ba518c407e4976d7a6b2637,19.71714210510254,0.867677385922285,0.033793602138757706,0.5205886960029602,0.45981356501579285,62.96345138549805
test/B/haze + noise/096,B,haze+noise,/root/autodl-tmp/aaa/graphrestore/artifacts/formal_mio100/graphrestore_v7_1_stage4_step040000/methods/graphrestore_v7_1_stage4_step040000/d2/haze+noise/096.png,75ab1c39f6d3aa4a3deb6fe79327ecef16400b1986b793dacbf207a2db1d87cc,/root/autodl-tmp/graph/data/graphrestore/raw/agenticir/extracted/HQ/096.png,3ac9dbd626f9e294ae10a8ab11a34f6c0132ed355627d25ce3f8790f701fae29,16.228776931762695,0.8259728173240658,0.1623324602842331,0.37652072310447693,0.6313514709472656,72.81172943115234
test/B/haze + noise/097,B,haze+noise,/root/autodl-tmp/aaa/graphrestore/artifacts/formal_mio100/graphrestore_v7_1_stage4_step040000/methods/graphrestore_v7_1_stage4_step040000/d2/haze+noise/097.png,857d77417fadd2ce8fa5dbdc9c8400bd458a9da29112a05630e2eba7b65a39b7,/root/autodl-tmp/graph/data/graphrestore/raw/agenticir/extracted/HQ/097.png,9b6c3c0d294f54e89b51656b0163aa8d0715dd7904848721ea76c07ccf737d2e,17.781978607177734,0.8367453391863033,0.08623333275318146,0.4511466324329376,0.6922202110290527,71.97392272949219
test/B/haze + noise/098,B,haze+noise,/root/autodl-tmp/aaa/graphrestore/artifacts/formal_mio100/graphrestore_v7_1_stage4_step040000/methods/graphrestore_v7_1_stage4_step040000/d2/haze+noise/098.png,b5a71161b5a9b0cce9c30f42931bcf3db17373711f0743994fc54e257864b7a0,/root/autodl-tmp/graph/data/graphrestore/raw/agenticir/extracted/HQ/098.png,f0574e5262ab9942e66006e0df3aab8738de997489badc302e131ae74299181f,10.931204795837402,0.5623439578403249,0.20117077231407166,0.34312713146209717,0.45399007201194763,58.024723052978516
test/B/haze + noise/099,B,haze+noise,/root/autodl-tmp/aaa/graphrestore/artifacts/formal_mio100/graphrestore_v7_1_stage4_step040000/methods/graphrestore_v7_1_stage4_step040000/d2/haze+noise/099.png,b4faaff74f26924d20a5569c3cb46f2ca8570d07eef60a674c2c2f257e0b0d9d,/root/autodl-tmp/graph/data/graphrestore/raw/agenticir/extracted/HQ/099.png,15ddff6cab9869d7fe8a7cb6fd328b436bbfa9b089e6adcbba7a5048e4c97f8b,10.01837158203125,0.43074661403171177,0.517210841178894,0.24580037593841553,0.20558170974254608,51.16264343261719
test/B/haze + noise/100,B,haze+noise,/root/autodl-tmp/aaa/graphrestore/artifacts/formal_mio100/graphrestore_v7_1_stage4_step040000/methods/graphrestore_v7_1_stage4_step040000/d2/haze+noise/100.png,5fe897fe920288851ecdb726386591b84236d8ac544fac659fc752fdc7c0574e,/root/autodl-tmp/graph/data/graphrestore/raw/agenticir/extracted/HQ/100.png,b7f5d60dbb3e7047b9c62efc7d61db97052a2cde687d3fae367a14a6793a0c40,14.416990280151367,0.6782637815681617,0.13348568975925446,0.4153868854045868,0.5131140947341919,71.67852783203125
test/B/defocus blur + low resolution/001,B,defocus blur+low resolution,/root/autodl-tmp/aaa/graphrestore/artifacts/formal_mio100/graphrestore_v7_1_stage4_step040000/methods/graphrestore_v7_1_stage4_step040000/d2/defocus blur+low resolution/001.png,bbf93db8cdfe9e52d9232417031a67b1eee0eed6fe830364fea8eacc4664e273,/root/autodl-tmp/graph/data/graphrestore/raw/agenticir/extracted/HQ/001.png,501f9b012a3f9c95787db8151eddf07dcae5e163688c011649d3ff3f00372cae,28.536354064941406,0.846090977820978,0.2913711965084076,0.2148403525352478,0.23871338367462158,31.705427169799805
test/B/defocus blur + low resolution/002,B,defocus blur+low resolution,/root/autodl-tmp/aaa/graphrestore/artifacts/formal_mio100/graphrestore_v7_1_stage4_step040000/methods/graphrestore_v7_1_stage4_step040000/d2/defocus blur+low resolution/002.png,1db38a211c9794b6cb4098259b38d87794b77321de3284a26350034d3055e1a2,/root/autodl-tmp/graph/data/graphrestore/raw/agenticir/extracted/HQ/002.png,e65fb0b7adb1176b47486303c8cc4f49a0173f91e00d28e0c3a4d3eccae286b4,23.719890594482422,0.8265654899849519,0.2796035408973694,0.26009196043014526,0.34210720658302307,48.490638732910156
test/B/defocus blur + low resolution/003,B,defocus blur+low resolution,/root/autodl-tmp/aaa/graphrestore/artifacts/formal_mio100/graphrestore_v7_1_stage4_step040000/methods/graphrestore_v7_1_stage4_step040000/d2/defocus blur+low resolution/003.png,e8dc6e0d0c7dce6d8bb9987659f2d6307288d3af5dab64c7b2e4cfeeb112e1f2,/root/autodl-tmp/graph/data/graphrestore/raw/agenticir/extracted/HQ/003.png,c2a2513992db412a7160dfa2f82535dccaa188db91df80ee6ed5b0dd5c5d2d1a,25.337173461914062,0.6800369559387277,0.4461560845375061,0.24305421113967896,0.27278199791908264,48.85301208496094
test/B/defocus blur + low resolution/004,B,defocus blur+low resolution,/root/autodl-tmp/aaa/graphrestore/artifacts/formal_mio100/graphrestore_v7_1_stage4_step040000/methods/graphrestore_v7_1_stage4_step040000/d2/defocus blur+low resolution/004.png,a3689aff6edffb6bd43d5f4ca5360a030f10f59e4fc39b8e4099bee4ea10b00e,/root/autodl-tmp/graph/data/graphrestore/raw/agenticir/extracted/HQ/004.png,f1ad3f60cd8e680739263535ab1620a2490f3bc0c65a9355a965c7dff9be1fed,28.64252281188965,0.8091643254997246,0.3130995035171509,0.20516178011894226,0.3123099207878113,57.03960418701172
test/B/defocus blur + low resolution/005,B,defocus blur+low resolution,/root/autodl-tmp/aaa/graphrestore/artifacts/formal_mio100/graphrestore_v7_1_stage4_step040000/methods/graphrestore_v7_1_stage4_step040000/d2/defocus blur+low resolution/005.png,d717ba81162343a147e5e8134dc4c3c5445366ad12f22bca12c4cb417297478c,/root/autodl-tmp/graph/data/graphrestore/raw/agenticir/extracted/HQ/005.png,1d8eb1ef9c1817c087956135efa85be686e7169ef11eb532c768d32d7267a0ff,22.40603256225586,0.6535509768881834,0.30579107999801636,0.23160097002983093,0.3384365141391754,62.48960876464844
test/B/defocus blur + low resolution/006,B,defocus blur+low resolution,/root/autodl-tmp/aaa/graphrestore/artifacts/formal_mio100/graphrestore_v7_1_stage4_step040000/methods/graphrestore_v7_1_stage4_step040000/d2/defocus blur+low resolution/006.png,072a36699182dce63da7ab4f16682dac6238684966aab7cddffdd79e9937addf,/root/autodl-tmp/graph/data/graphrestore/raw/agenticir/extracted/HQ/006.png,f62feddd2f379d039dd1effe18b6368c79a6fe31fb8177f797c9f230eb8e1211,30.25741958618164,0.7828671814912496,0.4045489728450775,0.2348603904247284,0.2577861249446869,41.355960845947266
test/B/defocus blur + low resolution/007,B,defocus blur+low resolution,/root/autodl-tmp/aaa/graphrestore/artifacts/formal_mio100/graphrestore_v7_1_stage4_step040000/methods/graphrestore_v7_1_stage4_step040000/d2/defocus blur+low resolution/007.png,d50fe79d8e124e370aa168ce861a779f09281cf3d596b4c0ec47060c6ab8dced,/root/autodl-tmp/graph/data/graphrestore/raw/agenticir/extracted/HQ/007.png,b876f087d5f42a9350f28383ff2df22156b6bbba702809d134b7713d9430881c,25.627105712890625,0.6660942587912053,0.4106668531894684,0.21474336087703705,0.29435378313064575,52.575435638427734
test/B/defocus blur + low resolution/008,B,defocus blur+low resolution,/root/autodl-tmp/aaa/graphrestore/artifacts/formal_mio100/graphrestore_v7_1_stage4_step040000/methods/graphrestore_v7_1_stage4_step040000/d2/defocus blur+low resolution/008.png,dedb9bfcd62d5be22a9fa225e54383fcad0dc884997dab6015716e29a7b29a8b,/root/autodl-tmp/graph/data/graphrestore/raw/agenticir/extracted/HQ/008.png,4efb8dbbd2ba5090b7b951a456ec5ed27a5d61360ab95cb1c5a9366f2868cb94,27.246437072753906,0.7297582567957382,0.4379896819591522,0.23005375266075134,0.3046537935733795,32.37984085083008
test/B/defocus blur + low resolution/009,B,defocus blur+low resolution,/root/autodl-tmp/aaa/graphrestore/artifacts/formal_mio100/graphrestore_v7_1_stage4_step040000/methods/graphrestore_v7_1_stage4_step040000/d2/defocus blur+low resolution/009.png,c79aeea861c0c29f73b1fda7833c5fe4f5e8080a1a7decedf0604776224d7dcb,/root/autodl-tmp/graph/data/graphrestore/raw/agenticir/extracted/HQ/009.png,5b779ac0fbe5d1e4d4126fd2864493dcc2ecdbde374ede7e29a054b2a9cb4f21,36.366966247558594,0.9506916013313411,0.17972737550735474,0.17821940779685974,0.24798579514026642,28.750633239746094
test/B/defocus blur + low resolution/010,B,defocus blur+low resolution,/root/autodl-tmp/aaa/graphrestore/artifacts/formal_mio100/graphrestore_v7_1_stage4_step040000/methods/graphrestore_v7_1_stage4_step040000/d2/defocus blur+low resolution/010.png,85dc831f4addce75ba269087fc19fe7dd9455efc1f35f90086573ab6ead17889,/root/autodl-tmp/graph/data/graphrestore/raw/agenticir/extracted/HQ/010.png,327492996d853f5c8873b435f98a91afd07db64567545baa61c9f4f64f717a0d,20.460304260253906,0.5568667585170504,0.5910937786102295,0.1842915564775467,0.40176278352737427,38.711509704589844
test/B/defocus blur + low resolution/011,B,defocus blur+low resolution,/root/autodl-tmp/aaa/graphrestore/artifacts/formal_mio100/graphrestore_v7_1_stage4_step040000/methods/graphrestore_v7_1_stage4_step040000/d2/defocus blur+low resolution/011.png,13725b206976fdbb751f4c6f6c658df8dc060adb70d8ec3a55791c322ef1848f,/root/autodl-tmp/graph/data/graphrestore/raw/agenticir/extracted/HQ/011.png,dcafe4ee2b43e667674ccc874b42e160ea37427b7c935297734ba69ece6b6f35,19.131187438964844,0.4348239791730919,0.6562550663948059,0.22255323827266693,0.3144657611846924,41.3356819152832
test/B/defocus blur + low resolution/012,B,defocus blur+low resolution,/root/autodl-tmp/aaa/graphrestore/artifacts/formal_mio100/graphrestore_v7_1_stage4_step040000/methods/graphrestore_v7_1_stage4_step040000/d2/defocus blur+low resolution/012.png,80c7ea6dcdda9e8f58f2419041051697f4fa40b26f6fc696c9d4ee0623836270,/root/autodl-tmp/graph/data/graphrestore/raw/agenticir/extracted/HQ/012.png,0884a3dabb3fa30cde26a4dfbf003a133139f708c65c3f8b02c24a87a6d073c3,27.21103286743164,0.8582250499694446,0.25473493337631226,0.22900517284870148,0.322571724653244,31.260114669799805
test/B/defocus blur + low resolution/013,B,defocus blur+low resolution,/root/autodl-tmp/aaa/graphrestore/artifacts/formal_mio100/graphrestore_v7_1_stage4_step040000/methods/graphrestore_v7_1_stage4_step040000/d2/defocus blur+low resolution/013.png,a9ccbabee8b25661b3bb8324f562f10cc93e70459c1d81f6347d2b53e583837a,/root/autodl-tmp/graph/data/graphrestore/raw/agenticir/extracted/HQ/013.png,afe18305499bd0b8318392e8f34ede33aafb5a0df2371075fe9f30a1c81a75eb,19.80644989013672,0.3491505794251216,0.6491386890411377,0.3053286075592041,0.43600994348526,32.4251823425293
test/B/defocus blur + low resolution/014,B,defocus blur+low resolution,/root/autodl-tmp/aaa/graphrestore/artifacts/formal_mio100/graphrestore_v7_1_stage4_step040000/methods/graphrestore_v7_1_stage4_step040000/d2/defocus blur+low resolution/014.png,2eba7b2787e87620cb5db5b47a970ab7e8a9f2ddcb2efe5d0a2fa677a67ef45b,/root/autodl-tmp/graph/data/graphrestore/raw/agenticir/extracted/HQ/014.png,2d569d9b923a96b1542c0b845dce0c7657794eba9f6f22ae5d02f335ef1bc4a0,23.558523178100586,0.744857708784656,0.37261244654655457,0.19671893119812012,0.2728000283241272,20.139659881591797
test/B/defocus blur + low resolution/015,B,defocus blur+low resolution,/root/autodl-tmp/aaa/graphrestore/artifacts/formal_mio100/graphrestore_v7_1_stage4_step040000/methods/graphrestore_v7_1_stage4_step040000/d2/defocus blur+low resolution/015.png,a0f21b8722e751471ce8327086a7af8665132547564f97a1548a0da2b47b925e,/root/autodl-tmp/graph/data/graphrestore/raw/agenticir/extracted/HQ/015.png,286adb5a1c45ee88f14e1b16e3af420910584bf5ebdd72c40cf75317559c731f,18.260719299316406,0.4003620822588498,0.57981276512146,0.25240811705589294,0.2787516117095947,27.98935317993164
test/B/defocus blur + low resolution/016,B,defocus blur+low resolution,/root/autodl-tmp/aaa/graphrestore/artifacts/formal_mio100/graphrestore_v7_1_stage4_step040000/methods/graphrestore_v7_1_stage4_step040000/d2/defocus blur+low resolution/016.png,08f749dd9994f5d7f5e3f653932515363ae7e3b28728f5d5d8603cef420213b8,/root/autodl-tmp/graph/data/graphrestore/raw/agenticir/extracted/HQ/016.png,ddc71b4b9bd2a57cabf985c7743b8ff7083a0d9205008603edb440ba27da9313,19.4210147857666,0.49223053786833043,0.5667145252227783,0.1927158385515213,0.28822824358940125,34.52175521850586
test/B/defocus blur + low resolution/017,B,defocus blur+low resolution,/root/autodl-tmp/aaa/graphrestore/artifacts/formal_mio100/graphrestore_v7_1_stage4_step040000/methods/graphrestore_v7_1_stage4_step040000/d2/defocus blur+low resolution/017.png,888ff502ce302ce7b12aba98d327e14f76c67ce6b3255ab11e97191e8dfb9ae5,/root/autodl-tmp/graph/data/graphrestore/raw/agenticir/extracted/HQ/017.png,ab3ab0c03c2d8c9c0befbcad219fae23c9795fdf99d664630f4f4febbd02c519,26.888792037963867,0.8292526455395214,0.27815109491348267,0.32187700271606445,0.46142274141311646,43.5433349609375
test/B/defocus blur + low resolution/018,B,defocus blur+low resolution,/root/autodl-tmp/aaa/graphrestore/artifacts/formal_mio100/graphrestore_v7_1_stage4_step040000/methods/graphrestore_v7_1_stage4_step040000/d2/defocus blur+low resolution/018.png,d8abc45be88e72577b7b30d74b21792a30d7b2fd05270da9efc2cf916d1fc472,/root/autodl-tmp/graph/data/graphrestore/raw/agenticir/extracted/HQ/018.png,66db8e4aeb78f506ae4415572eb910726c3f16ede70138093ab4eced187b8df1,18.125690460205078,0.3555825075171543,0.740485429763794,0.20696675777435303,0.26218754053115845,32.143829345703125
test/B/defocus blur + low resolution/019,B,defocus blur+low resolution,/root/autodl-tmp/aaa/graphrestore/artifacts/formal_mio100/graphrestore_v7_1_stage4_step040000/methods/graphrestore_v7_1_stage4_step040000/d2/defocus blur+low resolution/019.png,2297244ebde090d3d27b62f1b63e44d3fae429baa04e62f52b54ac65d931bedb,/root/autodl-tmp/graph/data/graphrestore/raw/agenticir/extracted/HQ/019.png,fb026cef85a4f7e64ad7c5f064ed15de1f04a7a7b6bde70b28ee78a55db21aeb,20.39236068725586,0.6045409532469029,0.4448177218437195,0.30151066184043884,0.2620823085308075,36.37967300415039
test/B/defocus blur + low resolution/020,B,defocus blur+low resolution,/root/autodl-tmp/aaa/graphrestore/artifacts/formal_mio100/graphrestore_v7_1_stage4_step040000/methods/graphrestore_v7_1_stage4_step040000/d2/defocus blur+low resolution/020.png,1dc35f2d09dc632c8f045b7cec4efcd87f589402e8429a9c5e46412cc0b81305,/root/autodl-tmp/graph/data/graphrestore/raw/agenticir/extracted/HQ/020.png,daa15d9f51eab9eca70197a7f05df7873e3eab75e432b0a81fe9488be552f37a,17.944982528686523,0.48383557889973555,0.5308300256729126,0.2116282731294632,0.28713035583496094,38.05731964111328
test/B/defocus blur + low resolution/021,B,defocus blur+low resolution,/root/autodl-tmp/aaa/graphrestore/artifacts/formal_mio100/graphrestore_v7_1_stage4_step040000/methods/graphrestore_v7_1_stage4_step040000/d2/defocus blur+low resolution/021.png,29aaec18879ca77355786e677ee27a901e53fa55fc56d072ed2e7b59c90cab6e,/root/autodl-tmp/graph/data/graphrestore/raw/agenticir/extracted/HQ/021.png,9fcc8dda4bbbe5e54e419f5cbb07e7b4310dd291ad1f1cd3cd65a90f9809baa8,23.903779983520508,0.5400588667957764,0.5661435127258301,0.19430004060268402,0.2825256884098053,28.20541763305664
test/B/defocus blur + low resolution/022,B,defocus blur+low resolution,/root/autodl-tmp/aaa/graphrestore/artifacts/formal_mio100/graphrestore_v7_1_stage4_step040000/methods/graphrestore_v7_1_stage4_step040000/d2/defocus blur+low resolution/022.png,da83731c56f36284029880c90651c412f33192a48e55e7fd9e70ae015e4903fa,/root/autodl-tmp/graph/data/graphrestore/raw/agenticir/extracted/HQ/022.png,70c41dc6f249472324664323044853cb85a1256f39b4a31853ddbd89fcc1e191,23.784339904785156,0.6961329093032542,0.4039185643196106,0.21017740666866302,0.36361414194107056,24.521575927734375
test/B/defocus blur + low resolution/023,B,defocus blur+low resolution,/root/autodl-tmp/aaa/graphrestore/artifacts/formal_mio100/graphrestore_v7_1_stage4_step040000/methods/graphrestore_v7_1_stage4_step040000/d2/defocus blur+low resolution/023.png,b676ae3ab05525448bca02ff91dbaf0905a9da684abf9a1d73f64da190b41f33,/root/autodl-tmp/graph/data/graphrestore/raw/agenticir/extracted/HQ/023.png,befde78eca5789c87200ca1e2ac905ba8ad5706b50af86454bd30bc857c90e02,21.276552200317383,0.6196835763898954,0.4663383364677429,0.19032099843025208,0.23890899121761322,33.62444305419922
test/B/defocus blur + low resolution/024,B,defocus blur+low resolution,/root/autodl-tmp/aaa/graphrestore/artifacts/formal_mio100/graphrestore_v7_1_stage4_step040000/methods/graphrestore_v7_1_stage4_step040000/d2/defocus blur+low resolution/024.png,d310a4788c22d133efc6ebf52967c9357672ead2df9d6b515b9b7716fcc10be3,/root/autodl-tmp/graph/data/graphrestore/raw/agenticir/extracted/HQ/024.png,e51441e174dd8dc0c47872ccb4221ab3f054b716588ee0f42d58a56098bd9538,22.168033599853516,0.6479894022424929,0.48677077889442444,0.14228413999080658,0.2200583517551422,33.4356689453125
test/B/defocus blur + low resolution/025,B,defocus blur+low resolution,/root/autodl-tmp/aaa/graphrestore/artifacts/formal_mio100/graphrestore_v7_1_stage4_step040000/methods/graphrestore_v7_1_stage4_step040000/d2/defocus blur+low resolution/025.png,305ae32a15156090aaf97a3ea649c78221d388cedd360f134f1fa3a4cdf484b1,/root/autodl-tmp/graph/data/graphrestore/raw/agenticir/extracted/HQ/025.png,f384d4a9bc3c31bc29038378f849002dc4ff2db373d852b732f5cfc24ebed244,26.610713958740234,0.6258174742161401,0.5386293530464172,0.1886182725429535,0.232591912150383,30.68377685546875
test/B/defocus blur + low resolution/026,B,defocus blur+low resolution,/root/autodl-tmp/aaa/graphrestore/artifacts/formal_mio100/graphrestore_v7_1_stage4_step040000/methods/graphrestore_v7_1_stage4_step040000/d2/defocus blur+low resolution/026.png,1d7053cddeebf75bdd77c173067798a644422db3bf099e367fb7d572459bb0a2,/root/autodl-tmp/graph/data/graphrestore/raw/agenticir/extracted/HQ/026.png,cfce1d4c02a00f28988a64f63cd538c4147c3a72c147a6549d71f1105d671224,30.175682067871094,0.8471314640943985,0.33275189995765686,0.16464978456497192,0.2258300632238388,34.62601089477539
test/B/defocus blur + low resolution/027,B,defocus blur+low resolution,/root/autodl-tmp/aaa/graphrestore/artifacts/formal_mio100/graphrestore_v7_1_stage4_step040000/methods/graphrestore_v7_1_stage4_step040000/d2/defocus blur+low resolution/027.png,8742feb7ac853f8bad22c6c0c4f758d4948e986b32705e1b1f43a22fd2ad5a36,/root/autodl-tmp/graph/data/graphrestore/raw/agenticir/extracted/HQ/027.png,d69be3d26f3d3c95ffd9de3bd8d565120e0f09fb4aa84c72ae18d8fc4f871aae,25.26214599609375,0.6894845916476154,0.4740082323551178,0.17920133471488953,0.20310024917125702,39.33727264404297
test/B/defocus blur + low resolution/028,B,defocus blur+low resolution,/root/autodl-tmp/aaa/graphrestore/artifacts/formal_mio100/graphrestore_v7_1_stage4_step040000/methods/graphrestore_v7_1_stage4_step040000/d2/defocus blur+low resolution/028.png,d7f0951c5b59164ecf064f2ae69ce4db3897d763d3026208fe9f7854217f6628,/root/autodl-tmp/graph/data/graphrestore/raw/agenticir/extracted/HQ/028.png,181f97da79059de1a93d1a0d30f6851393282c6af8b607d83ce29ab8c9dbf771,32.01653289794922,0.8711399851878143,0.2898273169994354,0.2364608496427536,0.36819371581077576,32.8709716796875
test/B/defocus blur + low resolution/029,B,defocus blur+low resolution,/root/autodl-tmp/aaa/graphrestore/artifacts/formal_mio100/graphrestore_v7_1_stage4_step040000/methods/graphrestore_v7_1_stage4_step040000/d2/defocus blur+low resolution/029.png,62f15fb1828e4d7e0d058906ffbd9cba6e536f159014673dd3ce85b5269b5a54,/root/autodl-tmp/graph/data/graphrestore/raw/agenticir/extracted/HQ/029.png,3c7f43d0544ada8d7b64d7bb197621349fa1dcdf8400fb6128afaf8787814556,27.415435791015625,0.7646343592271223,0.4310672879219055,0.18840259313583374,0.2244202345609665,30.696941375732422
test/B/defocus blur + low resolution/030,B,defocus blur+low resolution,/root/autodl-tmp/aaa/graphrestore/artifacts/formal_mio100/graphrestore_v7_1_stage4_step040000/methods/graphrestore_v7_1_stage4_step040000/d2/defocus blur+low resolution/030.png,3e18110e40b1044cbac2c53cde77c219336cf9281548210ffd15fee680ab63ea,/root/autodl-tmp/graph/data/graphrestore/raw/agenticir/extracted/HQ/030.png,576b0158cf5a541dd6aaf522902400e8ba3175aacca36d9df22951f52acf3f2f,23.063106536865234,0.6738503622477046,0.40316659212112427,0.23670251667499542,0.3749263882637024,46.66788864135742
test/B/defocus blur + low resolution/031,B,defocus blur+low resolution,/root/autodl-tmp/aaa/graphrestore/artifacts/formal_mio100/graphrestore_v7_1_stage4_step040000/methods/graphrestore_v7_1_stage4_step040000/d2/defocus blur+low resolution/031.png,94fd788b8887e487a0e80ba312a0e80a0190b9ae2732c25097902b80f24f2285,/root/autodl-tmp/graph/data/graphrestore/raw/agenticir/extracted/HQ/031.png,ee314f8cd1954636c1817c95d1cb0db5aa871e179961c3463869d5dc2100d422,23.464683532714844,0.5290133205996473,0.702144205570221,0.17646409571170807,0.22310367226600647,17.476030349731445
test/B/defocus blur + low resolution/032,B,defocus blur+low resolution,/root/autodl-tmp/aaa/graphrestore/artifacts/formal_mio100/graphrestore_v7_1_stage4_step040000/methods/graphrestore_v7_1_stage4_step040000/d2/defocus blur+low resolution/032.png,6c7c435ef10e5769376671530b3dd5ef422e2b43228c4a66e0a74c2c26ce9ccb,/root/autodl-tmp/graph/data/graphrestore/raw/agenticir/extracted/HQ/032.png,e9749385ec471240dd782d677482b0d949b80ccb7472dc409fa260d1748ed9b9,27.394603729248047,0.7338172331186333,0.40484291315078735,0.2696671187877655,0.3297097682952881,37.27532196044922
test/B/defocus blur + low resolution/033,B,defocus blur+low resolution,/root/autodl-tmp/aaa/graphrestore/artifacts/formal_mio100/graphrestore_v7_1_stage4_step040000/methods/graphrestore_v7_1_stage4_step040000/d2/defocus blur+low resolution/033.png,ce415fcd4bfcac5f14c499a68ec50bb22e6dfcaab917c31b46ca3dcf2ef4a3e0,/root/autodl-tmp/graph/data/graphrestore/raw/agenticir/extracted/HQ/033.png,9590f1419e378254c01f330c248e12e8a62792b04a27b72daf2c0afd6c41c758,20.858842849731445,0.43401131826175615,0.697442889213562,0.1273413449525833,0.2187204360961914,24.811613082885742
test/B/defocus blur + low resolution/034,B,defocus blur+low resolution,/root/autodl-tmp/aaa/graphrestore/artifacts/formal_mio100/graphrestore_v7_1_stage4_step040000/methods/graphrestore_v7_1_stage4_step040000/d2/defocus blur+low resolution/034.png,3a63dac443f42dc124a9fa0ad7a3b105986234121cbfa1d42fc14875eb76361b,/root/autodl-tmp/graph/data/graphrestore/raw/agenticir/extracted/HQ/034.png,0575cc2334f8f50fcbd3d9f58173645db8764f938ee55e8899084ca2b66fd018,25.526966094970703,0.4890299159851517,0.8577849864959717,0.2019941508769989,0.24774818122386932,28.393468856811523
test/B/defocus blur + low resolution/035,B,defocus blur+low resolution,/root/autodl-tmp/aaa/graphrestore/artifacts/formal_mio100/graphrestore_v7_1_stage4_step040000/methods/graphrestore_v7_1_stage4_step040000/d2/defocus blur+low resolution/035.png,3e9c79f68f98613b3d18210af465336cf8b7d1d0557fa43ec9d600d47b53b5b0,/root/autodl-tmp/graph/data/graphrestore/raw/agenticir/extracted/HQ/035.png,4e230744a9cb7c3ebe976ae7267155312b876fb355283b4938b34b758aef7ff9,27.59485626220703,0.7533917780807365,0.3080102801322937,0.24941039085388184,0.36134880781173706,45.29999542236328
test/B/defocus blur + low resolution/036,B,defocus blur+low resolution,/root/autodl-tmp/aaa/graphrestore/artifacts/formal_mio100/graphrestore_v7_1_stage4_step040000/methods/graphrestore_v7_1_stage4_step040000/d2/defocus blur+low resolution/036.png,a891bd6b4f09c6011a75e9fa8694f9ebd99dcb7c9fae54c3de3ee5f0ce5a3226,/root/autodl-tmp/graph/data/graphrestore/raw/agenticir/extracted/HQ/036.png,409fbd0ad51be33e9e2711cb7b22cb39999eaac6e278ca1621c20300be446d76,20.32024383544922,0.4408243874417224,0.7085684537887573,0.15497155487537384,0.2527530789375305,18.21208953857422
test/B/defocus blur + low resolution/037,B,defocus blur+low resolution,/root/autodl-tmp/aaa/graphrestore/artifacts/formal_mio100/graphrestore_v7_1_stage4_step040000/methods/graphrestore_v7_1_stage4_step040000/d2/defocus blur+low resolution/037.png,de27eba91b6914a79d72388dac284083594a89b536c579887bdc7d74915b27be,/root/autodl-tmp/graph/data/graphrestore/raw/agenticir/extracted/HQ/037.png,8f31abe11ce5d5377f131fdc788024ffb8d5cfdda501c06a64ca1fc80fab0d07,26.08884048461914,0.7653812066104165,0.4021942615509033,0.22212807834148407,0.256396621465683,26.922008514404297
test/B/defocus blur + low resolution/038,B,defocus blur+low resolution,/root/autodl-tmp/aaa/graphrestore/artifacts/formal_mio100/graphrestore_v7_1_stage4_step040000/methods/graphrestore_v7_1_stage4_step040000/d2/defocus blur+low resolution/038.png,f7197e2eae8ba083513a9a268522a31f84d125f8d43ec569040ee3be6a1ee6dc,/root/autodl-tmp/graph/data/graphrestore/raw/agenticir/extracted/HQ/038.png,fe7df2186482ca2cc105baed74cb1da9667b3b03e1629055880b6012db131aa1,25.230571746826172,0.6245875387353806,0.532267153263092,0.1729789674282074,0.23496542870998383,30.91530990600586
test/B/defocus blur + low resolution/039,B,defocus blur+low resolution,/root/autodl-tmp/aaa/graphrestore/artifacts/formal_mio100/graphrestore_v7_1_stage4_step040000/methods/graphrestore_v7_1_stage4_step040000/d2/defocus blur+low resolution/039.png,617a6a214db2fdbe26eaae1fad17ea6098af7f5935677518de3f0c4c9edf501f,/root/autodl-tmp/graph/data/graphrestore/raw/agenticir/extracted/HQ/039.png,a2038f7610363fb1916197e0557fa84b50b610d86885a2d6409f9e3aa75fbbcd,26.463626861572266,0.8925447292502932,0.37902703881263733,0.23161445558071136,0.21453367173671722,31.08690643310547
test/B/defocus blur + low resolution/040,B,defocus blur+low resolution,/root/autodl-tmp/aaa/graphrestore/artifacts/formal_mio100/graphrestore_v7_1_stage4_step040000/methods/graphrestore_v7_1_stage4_step040000/d2/defocus blur+low resolution/040.png,9071eff7f41314f9be439a56dd7987b35ab1ef75006bf4201294382533d21c74,/root/autodl-tmp/graph/data/graphrestore/raw/agenticir/extracted/HQ/040.png,c5a9e4bb9d84a6734bdc04c272c48c1b17b150a1e346afab2338eb0ba41f1464,25.98102378845215,0.747117475173876,0.46928614377975464,0.15808527171611786,0.2881213426589966,33.33816146850586
test/B/defocus blur + low resolution/041,B,defocus blur+low resolution,/root/autodl-tmp/aaa/graphrestore/artifacts/formal_mio100/graphrestore_v7_1_stage4_step040000/methods/graphrestore_v7_1_stage4_step040000/d2/defocus blur+low resolution/041.png,6a53025fdd5cb068aa0ab4de2b71807dd0697c7592248c4507f4d5738eb69a23,/root/autodl-tmp/graph/data/graphrestore/raw/agenticir/extracted/HQ/041.png,8d928c89de2952ccb40028ba7ecd3f9fee3f3907c9a371fbbcb7fdaf683bc27e,19.171920776367188,0.3867517357652734,0.7292882800102234,0.1678364872932434,0.232585147023201,37.77345657348633
test/B/defocus blur + low resolution/042,B,defocus blur+low resolution,/root/autodl-tmp/aaa/graphrestore/artifacts/formal_mio100/graphrestore_v7_1_stage4_step040000/methods/graphrestore_v7_1_stage4_step040000/d2/defocus blur+low resolution/042.png,60c9fbb4ed3f81154cabd1527d0438183c7a5e25c591e4131e06850e7aed5948,/root/autodl-tmp/graph/data/graphrestore/raw/agenticir/extracted/HQ/042.png,9ae42a00babed185468a76384204ff947b6baab53a82ca9b3cff6ef951f461bf,26.965314865112305,0.5420361570599094,0.7505818605422974,0.22903385758399963,0.2455836981534958,27.795564651489258
test/B/defocus blur + low resolution/043,B,defocus blur+low resolution,/root/autodl-tmp/aaa/graphrestore/artifacts/formal_mio100/graphrestore_v7_1_stage4_step040000/methods/graphrestore_v7_1_stage4_step040000/d2/defocus blur+low resolution/043.png,95b6343b4f0478fbb8e5115029d8ba1bf994012b5f0557b36ebfb5b3117962a4,/root/autodl-tmp/graph/data/graphrestore/raw/agenticir/extracted/HQ/043.png,15880c27b3101797c4e5896dee7349ad832ac1c49fcd0c559b357f4e28296b4d,21.421220779418945,0.41314013655510784,0.7095531225204468,0.22388368844985962,0.20947454869747162,34.55414581298828
test/B/defocus blur + low resolution/044,B,defocus blur+low resolution,/root/autodl-tmp/aaa/graphrestore/artifacts/formal_mio100/graphrestore_v7_1_stage4_step040000/methods/graphrestore_v7_1_stage4_step040000/d2/defocus blur+low resolution/044.png,f25708cd60ece1e45c24a25eaf1cfd2eb7427e902f2afe9a15726738c9f3201a,/root/autodl-tmp/graph/data/graphrestore/raw/agenticir/extracted/HQ/044.png,0645011c1dc3777ab263df617d1747b902c2d321de6f939549cfbe43eabc9245,27.99892234802246,0.7130365137763879,0.488552063703537,0.29842543601989746,0.4070930480957031,44.040931701660156
test/B/defocus blur + low resolution/045,B,defocus blur+low resolution,/root/autodl-tmp/aaa/graphrestore/artifacts/formal_mio100/graphrestore_v7_1_stage4_step040000/methods/graphrestore_v7_1_stage4_step040000/d2/defocus blur+low resolution/045.png,2dc6538f26bce6a2641eb5bd3066a8a017d59f554c02af706461558abd23582c,/root/autodl-tmp/graph/data/graphrestore/raw/agenticir/extracted/HQ/045.png,d3e352c98c1fe9df1181c1e362bb9c3ba3a1d077456198796083821dab20d1fc,23.32769775390625,0.48952763251180686,0.7334741353988647,0.305370032787323,0.2357300966978073,29.354652404785156
test/B/defocus blur + low resolution/046,B,defocus blur+low resolution,/root/autodl-tmp/aaa/graphrestore/artifacts/formal_mio100/graphrestore_v7_1_stage4_step040000/methods/graphrestore_v7_1_stage4_step040000/d2/defocus blur+low resolution/046.png,1447c95d7064816b57db93c0e61347fbfe29cfbbe850b0fe1ebd43c3e1e4fd70,/root/autodl-tmp/graph/data/graphrestore/raw/agenticir/extracted/HQ/046.png,af4b21bf96515f2ff4f97a4990856b43ae02a1d8f39909428228a2612b5f936f,19.88227081298828,0.30800921858786834,0.7670366764068604,0.2812998592853546,0.3277451992034912,38.19499206542969
test/B/defocus blur + low resolution/047,B,defocus blur+low resolution,/root/autodl-tmp/aaa/graphrestore/artifacts/formal_mio100/graphrestore_v7_1_stage4_step040000/methods/graphrestore_v7_1_stage4_step040000/d2/defocus blur+low resolution/047.png,b20fbdfc881e192a3c01487447fff5bef59613385b24863614860d9bb3c8f7d5,/root/autodl-tmp/graph/data/graphrestore/raw/agenticir/extracted/HQ/047.png,8ecf454f7d68ca4ebf19b2b4a22275d3bb344666e4e483fda2c8cb84d5ff94db,23.479597091674805,0.5830766758169237,0.5102006793022156,0.22530768811702728,0.23358003795146942,41.94417190551758
test/B/defocus blur + low resolution/048,B,defocus blur+low resolution,/root/autodl-tmp/aaa/graphrestore/artifacts/formal_mio100/graphrestore_v7_1_stage4_step040000/methods/graphrestore_v7_1_stage4_step040000/d2/defocus blur+low resolution/048.png,119d3493d2a8324802b43491314cf4c68f969c846abcc6d9835db9e62aa8cdcb,/root/autodl-tmp/graph/data/graphrestore/raw/agenticir/extracted/HQ/048.png,b74e449ab10a96799f5e791f68de34dcfaf90a4befdb242cee372f6743841606,20.368755340576172,0.319478156537181,0.686486005783081,0.31053683161735535,0.3576984405517578,37.39385986328125
test/B/defocus blur + low resolution/049,B,defocus blur+low resolution,/root/autodl-tmp/aaa/graphrestore/artifacts/formal_mio100/graphrestore_v7_1_stage4_step040000/methods/graphrestore_v7_1_stage4_step040000/d2/defocus blur+low resolution/049.png,53074fef0ec7c3fe4c48154486e4d4bc070f101e02a5e1c4bad0e8b10f00b192,/root/autodl-tmp/graph/data/graphrestore/raw/agenticir/extracted/HQ/049.png,bdd8f4cec02d5659a12541bb32718429d397d6be195679045764e31574c4f226,20.282697677612305,0.4029729022700601,0.745222270488739,0.3637983202934265,0.26428359746932983,33.76493835449219
test/B/defocus blur + low resolution/050,B,defocus blur+low resolution,/root/autodl-tmp/aaa/graphrestore/artifacts/formal_mio100/graphrestore_v7_1_stage4_step040000/methods/graphrestore_v7_1_stage4_step040000/d2/defocus blur+low resolution/050.png,2d6e1f52b705a27b78358aeb9ce97608325d341b7a98b61e97bcd32deb8c9e09,/root/autodl-tmp/graph/data/graphrestore/raw/agenticir/extracted/HQ/050.png,c4cfbc77b28b145af37ea26b0b501d69633ebdedd3ce9a90d5760063ee95f492,20.192337036132812,0.4452029004818434,0.633034884929657,0.24658919870853424,0.3512079417705536,37.00140380859375
test/B/defocus blur + low resolution/051,B,defocus blur+low resolution,/root/autodl-tmp/aaa/graphrestore/artifacts/formal_mio100/graphrestore_v7_1_stage4_step040000/methods/graphrestore_v7_1_stage4_step040000/d2/defocus blur+low resolution/051.png,ef511129b430ae4c85aaa732b7f867697461edda69e8b4de1c4b47a8fbcfd348,/root/autodl-tmp/graph/data/graphrestore/raw/agenticir/extracted/HQ/051.png,433269b5d76ea42b944162d49085d86b82a4eab52705e69d4dfa7c8a0ccbe187,21.991214752197266,0.6940458817653865,0.4782508611679077,0.10647514462471008,0.2533031105995178,28.45615005493164
test/B/defocus blur + low resolution/052,B,defocus blur+low resolution,/root/autodl-tmp/aaa/graphrestore/artifacts/formal_mio100/graphrestore_v7_1_stage4_step040000/methods/graphrestore_v7_1_stage4_step040000/d2/defocus blur+low resolution/052.png,bd48cab3c7731590c4d3ca2cf288ecb05b021b8514bc11dfafd5c63b87558d91,/root/autodl-tmp/graph/data/graphrestore/raw/agenticir/extracted/HQ/052.png,b0fe4f61cfdf3e31caa56791dcd8d50f729c75652d7970a654be64494341ada3,26.898557662963867,0.6849762374965939,0.37321463227272034,0.23140861093997955,0.3128293454647064,37.401912689208984
test/B/defocus blur + low resolution/053,B,defocus blur+low resolution,/root/autodl-tmp/aaa/graphrestore/artifacts/formal_mio100/graphrestore_v7_1_stage4_step040000/methods/graphrestore_v7_1_stage4_step040000/d2/defocus blur+low resolution/053.png,4227e683745465d285e032c37ef081f4b206cd91a340559b899fcf0d4f08a8ab,/root/autodl-tmp/graph/data/graphrestore/raw/agenticir/extracted/HQ/053.png,6b1f2208c72adcd28d96a15d538bbfbe27cb5a21be416b6f30fa836b12ac867d,32.26984786987305,0.8957864701709548,0.2973802089691162,0.19461138546466827,0.27282628417015076,28.224063873291016
test/B/defocus blur + low resolution/054,B,defocus blur+low resolution,/root/autodl-tmp/aaa/graphrestore/artifacts/formal_mio100/graphrestore_v7_1_stage4_step040000/methods/graphrestore_v7_1_stage4_step040000/d2/defocus blur+low resolution/054.png,269aed62776c41d288ec1c39c631a7a886603ef8341d326da4edd9ba2e9ce1df,/root/autodl-tmp/graph/data/graphrestore/raw/agenticir/extracted/HQ/054.png,699ffde2d8d110e52811d39e5b9d745965d4211dd2312f453ce367f1bc0e66f5,32.25724411010742,0.8741750394726405,0.34422868490219116,0.22117769718170166,0.30335962772369385,42.716583251953125
test/B/defocus blur + low resolution/055,B,defocus blur+low resolution,/root/autodl-tmp/aaa/graphrestore/artifacts/formal_mio100/graphrestore_v7_1_stage4_step040000/methods/graphrestore_v7_1_stage4_step040000/d2/defocus blur+low resolution/055.png,8eb2a83281760da48df7bc3676ccecab3a4cd6ed025a88ab73c327c830e7ab50,/root/autodl-tmp/graph/data/graphrestore/raw/agenticir/extracted/HQ/055.png,5a59c6f9051a70f1c3ad8e9550b2a21322ef8ad71bd70085fb2330f6f6da3948,36.19105911254883,0.9005790924805052,0.3035808801651001,0.2359447479248047,0.37683409452438354,42.22002410888672
test/B/defocus blur + low resolution/056,B,defocus blur+low resolution,/root/autodl-tmp/aaa/graphrestore/artifacts/formal_mio100/graphrestore_v7_1_stage4_step040000/methods/graphrestore_v7_1_stage4_step040000/d2/defocus blur+low resolution/056.png,a9a76d1c6b845d7a0ea8ef0f88c6d15ca63e9fbad1649d92a8926efc1fb2e10c,/root/autodl-tmp/graph/data/graphrestore/raw/agenticir/extracted/HQ/056.png,c5f28866f72e2d370875385eb6575124b0735f8f927fae1c07ff7151e200c956,30.562744140625,0.8364293940491919,0.3433223366737366,0.22256913781166077,0.33370211720466614,36.7402458190918
test/B/defocus blur + low resolution/057,B,defocus blur+low resolution,/root/autodl-tmp/aaa/graphrestore/artifacts/formal_mio100/graphrestore_v7_1_stage4_step040000/methods/graphrestore_v7_1_stage4_step040000/d2/defocus blur+low resolution/057.png,e10d4d48e23945fbd717ae8e503c7e56faa145be3dc02077bdac104e5572b0bc,/root/autodl-tmp/graph/data/graphrestore/raw/agenticir/extracted/HQ/057.png,42353ae75793843947c257055d87e0568db28ed51b9a5d87cc0d6a0dafb242af,33.5944938659668,0.9137039212860562,0.20263683795928955,0.20967867970466614,0.3138437867164612,48.71820831298828
test/B/defocus blur + low resolution/058,B,defocus blur+low resolution,/root/autodl-tmp/aaa/graphrestore/artifacts/formal_mio100/graphrestore_v7_1_stage4_step040000/methods/graphrestore_v7_1_stage4_step040000/d2/defocus blur+low resolution/058.png,89dcd28093aecc0e7ce188390f323c5801a778109abe762cda47b8bb1b9f6b68,/root/autodl-tmp/graph/data/graphrestore/raw/agenticir/extracted/HQ/058.png,e50e67dc4e57dc18d552546044c5ca169fdb26de4d5d81650d00d4b0f3ab7e76,28.235502243041992,0.8840864503622915,0.28632810711860657,0.17130990326404572,0.26354488730430603,30.332401275634766
test/B/defocus blur + low resolution/059,B,defocus blur+low resolution,/root/autodl-tmp/aaa/graphrestore/artifacts/formal_mio100/graphrestore_v7_1_stage4_step040000/methods/graphrestore_v7_1_stage4_step040000/d2/defocus blur+low resolution/059.png,7ea47a6313585a807c36297495568b32dd3ceb3797dd057f015ca111b5f4dd34,/root/autodl-tmp/graph/data/graphrestore/raw/agenticir/extracted/HQ/059.png,e60c8277194566df02c7cefc895d1390756059f7a29ac67206ec202f1b897add,33.72745895385742,0.9154959849451932,0.26765012741088867,0.15165455639362335,0.2392667531967163,33.98691940307617
test/B/defocus blur + low resolution/060,B,defocus blur+low resolution,/root/autodl-tmp/aaa/graphrestore/artifacts/formal_mio100/graphrestore_v7_1_stage4_step040000/methods/graphrestore_v7_1_stage4_step040000/d2/defocus blur+low resolution/060.png,fb83c2b677f27e065cea2a5ca7c452fdf377dd515fefed41e6d9fdc0a9f6892c,/root/autodl-tmp/graph/data/graphrestore/raw/agenticir/extracted/HQ/060.png,d173273231bf0b68767ae3e287f4f34baa71e7d986a98c43a41fa9668fd8a0d4,30.7111759185791,0.8352394634056014,0.30802255868911743,0.26056113839149475,0.2652668356895447,43.907928466796875
test/B/defocus blur + low resolution/061,B,defocus blur+low resolution,/root/autodl-tmp/aaa/graphrestore/artifacts/formal_mio100/graphrestore_v7_1_stage4_step040000/methods/graphrestore_v7_1_stage4_step040000/d2/defocus blur+low resolution/061.png,198cc4125574273227afa84633b1a8e3159f96476426f735e3354cc67fa1bd81,/root/autodl-tmp/graph/data/graphrestore/raw/agenticir/extracted/HQ/061.png,a7818ddc00c398726bcd4724e9a51456bf18e4eb573f2f68b79ea2dedf0e699c,20.78437614440918,0.6083933966477931,0.5474846363067627,0.10570963472127914,0.23541894555091858,25.694583892822266
test/B/defocus blur + low resolution/062,B,defocus blur+low resolution,/root/autodl-tmp/aaa/graphrestore/artifacts/formal_mio100/graphrestore_v7_1_stage4_step040000/methods/graphrestore_v7_1_stage4_step040000/d2/defocus blur+low resolution/062.png,b02463a23981c243a459ce2b1b904d9c4b480008dc4aa78e36fcec2edbd59fd9,/root/autodl-tmp/graph/data/graphrestore/raw/agenticir/extracted/HQ/062.png,7829e8bf6fee7705051b0e4486c3abb2cdf412c83ac15b9f5ed9d9036c296d40,24.002670288085938,0.7356775140507692,0.41759854555130005,0.1195816695690155,0.2403973788022995,40.36419677734375
test/B/defocus blur + low resolution/063,B,defocus blur+low resolution,/root/autodl-tmp/aaa/graphrestore/artifacts/formal_mio100/graphrestore_v7_1_stage4_step040000/methods/graphrestore_v7_1_stage4_step040000/d2/defocus blur+low resolution/063.png,a08819b4e58cf339d293ca12da5fbe4384317a0d765d21880ee807b5a04d0c09,/root/autodl-tmp/graph/data/graphrestore/raw/agenticir/extracted/HQ/063.png,f7ccce7c58be38c16fb08060b8b379825cb0417a04e6813c72985768a480929c,21.076587677001953,0.66023218604652,0.4569128155708313,0.1958847939968109,0.24210233986377716,24.715330123901367
test/B/defocus blur + low resolution/064,B,defocus blur+low resolution,/root/autodl-tmp/aaa/graphrestore/artifacts/formal_mio100/graphrestore_v7_1_stage4_step040000/methods/graphrestore_v7_1_stage4_step040000/d2/defocus blur+low resolution/064.png,9ebb472b3cca0d145188df1c4c59f8162e483085d670ee6b99a4325ae43987ee,/root/autodl-tmp/graph/data/graphrestore/raw/agenticir/extracted/HQ/064.png,b34caae8d574b2c008d53ceb0490df55c099e68844b2819f0c02fc50db26cee0,21.86109161376953,0.5385196691306648,0.5814948081970215,0.1302240937948227,0.18897680938243866,22.870288848876953
test/B/defocus blur + low resolution/065,B,defocus blur+low resolution,/root/autodl-tmp/aaa/graphrestore/artifacts/formal_mio100/graphrestore_v7_1_stage4_step040000/methods/graphrestore_v7_1_stage4_step040000/d2/defocus blur+low resolution/065.png,fc9e9fba92882328cac6ae1cc93dacb678e5f2abbe9343684b945a6df5477ae1,/root/autodl-tmp/graph/data/graphrestore/raw/agenticir/extracted/HQ/065.png,f0770ae16bf79be3b5d94a7868da009f5ce1bbf54bfe5c879e352a4df590ef63,25.868377685546875,0.6905037226484079,0.41971346735954285,0.1917182058095932,0.196546271443367,46.55753707885742
test/B/defocus blur + low resolution/066,B,defocus blur+low resolution,/root/autodl-tmp/aaa/graphrestore/artifacts/formal_mio100/graphrestore_v7_1_stage4_step040000/methods/graphrestore_v7_1_stage4_step040000/d2/defocus blur+low resolution/066.png,ebb857e2f6fceb90987123f0893cac0c8d529ee0cf75396c852e684fc470f061,/root/autodl-tmp/graph/data/graphrestore/raw/agenticir/extracted/HQ/066.png,a19230b326bd2fb5c26ae283f65bf0b85f39f90421056a47c7ecd6d683379aff,20.690505981445312,0.5632787186529087,0.5741358995437622,0.13017822802066803,0.24869611859321594,32.70926284790039
test/B/defocus blur + low resolution/067,B,defocus blur+low resolution,/root/autodl-tmp/aaa/graphrestore/artifacts/formal_mio100/graphrestore_v7_1_stage4_step040000/methods/graphrestore_v7_1_stage4_step040000/d2/defocus blur+low resolution/067.png,e4857dd14070146eecb822c1d51e9de80c48d8731d766966a5ccde9b1c257328,/root/autodl-tmp/graph/data/graphrestore/raw/agenticir/extracted/HQ/067.png,91cd9f021a6902b7f3220c6a373cba11f3bfbe4e4984c1d6fc4be0c76acb67a0,21.912220001220703,0.6353431339846111,0.4705179035663605,0.10758604109287262,0.1721431463956833,33.524940490722656
test/B/defocus blur + low resolution/068,B,defocus blur+low resolution,/root/autodl-tmp/aaa/graphrestore/artifacts/formal_mio100/graphrestore_v7_1_stage4_step040000/methods/graphrestore_v7_1_stage4_step040000/d2/defocus blur+low resolution/068.png,5eb59398fd3b528384efcb1f830d366b443dd7fbabdc5797fc372f2299064e5e,/root/autodl-tmp/graph/data/graphrestore/raw/agenticir/extracted/HQ/068.png,b8187d79db16002364f6017df807e6cac41e7ee9a68413a384b1bd69eddaa638,23.13210678100586,0.651902559781157,0.4567060172557831,0.13478006422519684,0.22190187871456146,34.2413215637207
test/B/defocus blur + low resolution/069,B,defocus blur+low resolution,/root/autodl-tmp/aaa/graphrestore/artifacts/formal_mio100/graphrestore_v7_1_stage4_step040000/methods/graphrestore_v7_1_stage4_step040000/d2/defocus blur+low resolution/069.png,6298e8d8ca25fa6d09f80ac1338323e90e88fac3bb42f31cfed54f3b2a0fa219,/root/autodl-tmp/graph/data/graphrestore/raw/agenticir/extracted/HQ/069.png,abb08be58f50075e5e6b1de44ddfe61c30ebb34882e9d72681edd73a5cdbb156,23.357303619384766,0.5063898307580942,0.6607282161712646,0.18493379652500153,0.24493734538555145,32.166778564453125
test/B/defocus blur + low resolution/070,B,defocus blur+low resolution,/root/autodl-tmp/aaa/graphrestore/artifacts/formal_mio100/graphrestore_v7_1_stage4_step040000/methods/graphrestore_v7_1_stage4_step040000/d2/defocus blur+low resolution/070.png,ef3ed45c572b5208a5d3e2d905048c1820b01dbcc3d78ca51c9f92b7b767a7f5,/root/autodl-tmp/graph/data/graphrestore/raw/agenticir/extracted/HQ/070.png,718ae2570e431003fb32f2a40e19f813545164ace18230ac03f9ec96b2747f85,28.521244049072266,0.9174154296766825,0.16661663353443146,0.13988931477069855,0.21220837533473969,36.98027801513672
test/B/defocus blur + low resolution/071,B,defocus blur+low resolution,/root/autodl-tmp/aaa/graphrestore/artifacts/formal_mio100/graphrestore_v7_1_stage4_step040000/methods/graphrestore_v7_1_stage4_step040000/d2/defocus blur+low resolution/071.png,3df62a75ed6577395ec99e47a72cb2bbcbf757578c5ebe777cd7f50399ae5fe0,/root/autodl-tmp/graph/data/graphrestore/raw/agenticir/extracted/HQ/071.png,e8bc40490eabb437e225b0acde6b8dc1d8942f2b9657e042051c166804b07b15,28.377370834350586,0.8576996542893328,0.3039688467979431,0.08426611870527267,0.21523752808570862,19.654136657714844
test/B/defocus blur + low resolution/072,B,defocus blur+low resolution,/root/autodl-tmp/aaa/graphrestore/artifacts/formal_mio100/graphrestore_v7_1_stage4_step040000/methods/graphrestore_v7_1_stage4_step040000/d2/defocus blur+low resolution/072.png,5f511f5879e25b14e2cc2d410d64731e97f1cab8cbd5e139ee8834e95ba390c4,/root/autodl-tmp/graph/data/graphrestore/raw/agenticir/extracted/HQ/072.png,6b887c3fd578dc80ca3b15a823f1b43d80db2d30abc07d144e03f7228acb8144,28.37511444091797,0.8398904619624001,0.26269254088401794,0.18818968534469604,0.2810330092906952,34.98478698730469
test/B/defocus blur + low resolution/073,B,defocus blur+low resolution,/root/autodl-tmp/aaa/graphrestore/artifacts/formal_mio100/graphrestore_v7_1_stage4_step040000/methods/graphrestore_v7_1_stage4_step040000/d2/defocus blur+low resolution/073.png,b445c3bfcf44c22420d118f5a8f044c1d7e3bc7c118430ef85f01f89abd8a364,/root/autodl-tmp/graph/data/graphrestore/raw/agenticir/extracted/HQ/073.png,e4a8516954bfb4b79f2fc6194b6b4a8ed63250e14fe7ce0b6f6d77c922f84730,24.418506622314453,0.822579250228913,0.3431827127933502,0.11558281630277634,0.22603118419647217,32.32972717285156
test/B/defocus blur + low resolution/074,B,defocus blur+low resolution,/root/autodl-tmp/aaa/graphrestore/artifacts/formal_mio100/graphrestore_v7_1_stage4_step040000/methods/graphrestore_v7_1_stage4_step040000/d2/defocus blur+low resolution/074.png,a30a983240f9620c76d0fae51f1d4a793f4f242624972197d4df88f7ece1d6f6,/root/autodl-tmp/graph/data/graphrestore/raw/agenticir/extracted/HQ/074.png,cfa80e9825a34173ab0d1810b1b63bf645aa1b6b743966a77d7d03463319fd8e,27.956960678100586,0.8750635926973538,0.2574031352996826,0.1182597354054451,0.19726449251174927,26.442848205566406
test/B/defocus blur + low resolution/075,B,defocus blur+low resolution,/root/autodl-tmp/aaa/graphrestore/artifacts/formal_mio100/graphrestore_v7_1_stage4_step040000/methods/graphrestore_v7_1_stage4_step040000/d2/defocus blur+low resolution/075.png,a31a1b8168cd977ca1497ddcd3683649322552cdfef837779768805a73084086,/root/autodl-tmp/graph/data/graphrestore/raw/agenticir/extracted/HQ/075.png,637e76a0398c825f3214d13b10485f7c180dc359b838ade377382c22c8f6b788,22.92113494873047,0.6264810507909359,0.45759204030036926,0.16718527674674988,0.19600646197795868,24.967517852783203
test/B/defocus blur + low resolution/076,B,defocus blur+low resolution,/root/autodl-tmp/aaa/graphrestore/artifacts/formal_mio100/graphrestore_v7_1_stage4_step040000/methods/graphrestore_v7_1_stage4_step040000/d2/defocus blur+low resolution/076.png,bcdd29dc11173ed241c699f022977f826b2d71dd2be732a7500b246f236f011a,/root/autodl-tmp/graph/data/graphrestore/raw/agenticir/extracted/HQ/076.png,28f7193b83d2979c14a7c73e95657ce02a2cc902196495bea289e190f48cecae,26.56507110595703,0.7766440412165408,0.448600709438324,0.10388800501823425,0.20280282199382782,23.459293365478516
test/B/defocus blur + low resolution/077,B,defocus blur+low resolution,/root/autodl-tmp/aaa/graphrestore/artifacts/formal_mio100/graphrestore_v7_1_stage4_step040000/methods/graphrestore_v7_1_stage4_step040000/d2/defocus blur+low resolution/077.png,344e798741570e93fa02d984c983a641b4c361c2f5bab1fd061c31ff30603bca,/root/autodl-tmp/graph/data/graphrestore/raw/agenticir/extracted/HQ/077.png,6d0b3c0c4255ee2de7c3c275c114eb531248c06fce157913f4e69dacd492cc91,24.49138832092285,0.7350858822868227,0.3616539239883423,0.14713488519191742,0.21822886168956757,20.05845069885254
test/B/defocus blur + low resolution/078,B,defocus blur+low resolution,/root/autodl-tmp/aaa/graphrestore/artifacts/formal_mio100/graphrestore_v7_1_stage4_step040000/methods/graphrestore_v7_1_stage4_step040000/d2/defocus blur+low resolution/078.png,9ee0570845c4de6162839320b58562e166a4bb75c373b9136411229e299d5d2c,/root/autodl-tmp/graph/data/graphrestore/raw/agenticir/extracted/HQ/078.png,ae84b8b3592a0f623d5bd2c5791b049e6fd87155614fbbad37f1ac00a2cfa870,23.14203453063965,0.5877728315120816,0.5689154863357544,0.08758936077356339,0.1862436681985855,25.305702209472656
test/B/defocus blur + low resolution/079,B,defocus blur+low resolution,/root/autodl-tmp/aaa/graphrestore/artifacts/formal_mio100/graphrestore_v7_1_stage4_step040000/methods/graphrestore_v7_1_stage4_step040000/d2/defocus blur+low resolution/079.png,f228bcf534d8a32f84b7a9a51f25afd4b6f3d481067a5627d1eab26676eebeb4,/root/autodl-tmp/graph/data/graphrestore/raw/agenticir/extracted/HQ/079.png,166cde30b17743be2ca3fb2c29004e0b38b126bfa1d8d5f41013c23eb248aad5,26.560863494873047,0.7003762347101133,0.3972053527832031,0.2045111507177353,0.2647988796234131,35.08698654174805
test/B/defocus blur + low resolution/080,B,defocus blur+low resolution,/root/autodl-tmp/aaa/graphrestore/artifacts/formal_mio100/graphrestore_v7_1_stage4_step040000/methods/graphrestore_v7_1_stage4_step040000/d2/defocus blur+low resolution/080.png,af2b466451de6293821324f4a388ab96d32067194cc32a020bf08ceccccc6a01,/root/autodl-tmp/graph/data/graphrestore/raw/agenticir/extracted/HQ/080.png,b208599722bce230536ae4db62272e883a7714d4bfca7d73e1361da3b2ca9225,30.280506134033203,0.9133230493529315,0.1944449543952942,0.15504838526248932,0.23111748695373535,37.47287368774414
test/B/defocus blur + low resolution/081,B,defocus blur+low resolution,/root/autodl-tmp/aaa/graphrestore/artifacts/formal_mio100/graphrestore_v7_1_stage4_step040000/methods/graphrestore_v7_1_stage4_step040000/d2/defocus blur+low resolution/081.png,76a59051e5e723ebe2acb36715d04e7574c204ae4abfd2d3e04b656c5e3284ab,/root/autodl-tmp/graph/data/graphrestore/raw/agenticir/extracted/HQ/081.png,f86df1e220755af6ab50844f797e3fb45165c5dde9ac8ee1750544154cfd1ad7,25.349140167236328,0.7171413799454671,0.42606276273727417,0.08365809172391891,0.1205534115433693,25.31836700439453
test/B/defocus blur + low resolution/082,B,defocus blur+low resolution,/root/autodl-tmp/aaa/graphrestore/artifacts/formal_mio100/graphrestore_v7_1_stage4_step040000/methods/graphrestore_v7_1_stage4_step040000/d2/defocus blur+low resolution/082.png,27faf82f0ef9061ae39a59a4dad4ab65ffc1bfa5528c32d94af78cb6f66c6e1c,/root/autodl-tmp/graph/data/graphrestore/raw/agenticir/extracted/HQ/082.png,698a641215db75e2471381c00fc2a84208122a4a0115beeb5679de746977682e,24.435443878173828,0.8411656461787587,0.19031743705272675,0.2987017035484314,0.4288521707057953,50.301246643066406
test/B/defocus blur + low resolution/083,B,defocus blur+low resolution,/root/autodl-tmp/aaa/graphrestore/artifacts/formal_mio100/graphrestore_v7_1_stage4_step040000/methods/graphrestore_v7_1_stage4_step040000/d2/defocus blur+low resolution/083.png,e4a5052a90f9c2dab7e2d4d33210ab4ea96d5ea462cc401e88052c61d25c278e,/root/autodl-tmp/graph/data/graphrestore/raw/agenticir/extracted/HQ/083.png,4772b8d475dfc90626760cea35452db0ee8dfdd89f7cd8def57f8b4d74ecef44,21.91393280029297,0.6499827575887533,0.48726600408554077,0.15661801397800446,0.2555442154407501,25.83061408996582
test/B/defocus blur + low resolution/084,B,defocus blur+low resolution,/root/autodl-tmp/aaa/graphrestore/artifacts/formal_mio100/graphrestore_v7_1_stage4_step040000/methods/graphrestore_v7_1_stage4_step040000/d2/defocus blur+low resolution/084.png,f70f2c1ee7837444354cf7668a9d6487f96caeaa67750b575609ceb154bf26c7,/root/autodl-tmp/graph/data/graphrestore/raw/agenticir/extracted/HQ/084.png,1bc34c4607ba66d84248fe8e7d5e30546ae13841542d8b1cb9146f2a2485df64,32.98918151855469,0.8916537380293457,0.27754151821136475,0.2171582728624344,0.2920595705509186,27.9034423828125
test/B/defocus blur + low resolution/085,B,defocus blur+low resolution,/root/autodl-tmp/aaa/graphrestore/artifacts/formal_mio100/graphrestore_v7_1_stage4_step040000/methods/graphrestore_v7_1_stage4_step040000/d2/defocus blur+low resolution/085.png,976b59f976962c029fde2f8c7c0bb193da5471de7412101a87f2626609058d22,/root/autodl-tmp/graph/data/graphrestore/raw/agenticir/extracted/HQ/085.png,6174b7cb004afd2a578ec1950d92b99c41115b5a6bf70a511f19156c62bd5274,32.397438049316406,0.9485707477313596,0.15998803079128265,0.12164799124002457,0.23594176769256592,29.084716796875
test/B/defocus blur + low resolution/086,B,defocus blur+low resolution,/root/autodl-tmp/aaa/graphrestore/artifacts/formal_mio100/graphrestore_v7_1_stage4_step040000/methods/graphrestore_v7_1_stage4_step040000/d2/defocus blur+low resolution/086.png,82c7baf1f5d9cd0c489949862097c6746406d9ab91dfd2287635475dd34d2f25,/root/autodl-tmp/graph/data/graphrestore/raw/agenticir/extracted/HQ/086.png,68a629299aaf0e4d70065c504c9b3e397721fa17a25c2585446914aa5c7bafb5,21.236303329467773,0.635199725806977,0.5131840705871582,0.16256308555603027,0.3139718472957611,25.558677673339844
test/B/defocus blur + low resolution/087,B,defocus blur+low resolution,/root/autodl-tmp/aaa/graphrestore/artifacts/formal_mio100/graphrestore_v7_1_stage4_step040000/methods/graphrestore_v7_1_stage4_step040000/d2/defocus blur+low resolution/087.png,3e4e635bb1feccfdaba5ca719f049c5d2a85a10342cc1ef66fa804dd4f82cc99,/root/autodl-tmp/graph/data/graphrestore/raw/agenticir/extracted/HQ/087.png,059a862de1498fc3b783bcfcce8fad399573aa912bb6638bbd3d43d23b88cdc6,23.728532791137695,0.7319887587730753,0.45493295788764954,0.12958426773548126,0.24457970261573792,33.327003479003906
test/B/defocus blur + low resolution/088,B,defocus blur+low resolution,/root/autodl-tmp/aaa/graphrestore/artifacts/formal_mio100/graphrestore_v7_1_stage4_step040000/methods/graphrestore_v7_1_stage4_step040000/d2/defocus blur+low resolution/088.png,c2f05f639456436292b4783e3dcdd320813f776388ec26c7bf2382ae205be54c,/root/autodl-tmp/graph/data/graphrestore/raw/agenticir/extracted/HQ/088.png,e76841066e027bd2a2fa101a4598c597d4891a7c535e3cc3195b7afcc249d7ae,29.643945693969727,0.8856825427998194,0.29498082399368286,0.14708839356899261,0.17001770436763763,17.229612350463867
test/B/defocus blur + low resolution/089,B,defocus blur+low resolution,/root/autodl-tmp/aaa/graphrestore/artifacts/formal_mio100/graphrestore_v7_1_stage4_step040000/methods/graphrestore_v7_1_stage4_step040000/d2/defocus blur+low resolution/089.png,d0a07b876d191cbc37b9415669545f173bbfced598357530b40b065140eb0e77,/root/autodl-tmp/graph/data/graphrestore/raw/agenticir/extracted/HQ/089.png,046e493440ea7499fe07cec3853e6e170225ce6cdc903aac14730fa6b9bf36ab,22.734294891357422,0.6883330825136158,0.4081711173057556,0.11969804018735886,0.22724437713623047,34.46338653564453
test/B/defocus blur + low resolution/090,B,defocus blur+low resolution,/root/autodl-tmp/aaa/graphrestore/artifacts/formal_mio100/graphrestore_v7_1_stage4_step040000/methods/graphrestore_v7_1_stage4_step040000/d2/defocus blur+low resolution/090.png,bd07b579f62cb7b1d738819d9e43a24eb0fac6a8025a160fda7dd25d41204bd4,/root/autodl-tmp/graph/data/graphrestore/raw/agenticir/extracted/HQ/090.png,830f74b8389bfef595e56e910efc49cf4246f6f7bd552ea8c45d071a0113053c,20.650882720947266,0.5472762642908503,0.6502639055252075,0.16602297127246857,0.22146673500537872,19.04243278503418
test/B/defocus blur + low resolution/091,B,defocus blur+low resolution,/root/autodl-tmp/aaa/graphrestore/artifacts/formal_mio100/graphrestore_v7_1_stage4_step040000/methods/graphrestore_v7_1_stage4_step040000/d2/defocus blur+low resolution/091.png,b3e3d9757b4e0cc86d1f0c74eb29b2d9c2cc30e9cba9140d9c39ce77ab961f05,/root/autodl-tmp/graph/data/graphrestore/raw/agenticir/extracted/HQ/091.png,5e553db9d41f0f077260ca811d0fc988002511f536fd217035e5495bab201d6c,21.880826950073242,0.7328401920989362,0.3491816818714142,0.24733445048332214,0.24172087013721466,44.054542541503906
test/B/defocus blur + low resolution/092,B,defocus blur+low resolution,/root/autodl-tmp/aaa/graphrestore/artifacts/formal_mio100/graphrestore_v7_1_stage4_step040000/methods/graphrestore_v7_1_stage4_step040000/d2/defocus blur+low resolution/092.png,445666f9766e1e098ec1e22f19144b45ed21be888a2d10a719998c5afe2c50d4,/root/autodl-tmp/graph/data/graphrestore/raw/agenticir/extracted/HQ/092.png,d2fdbb69f6828c6707d3f41abfcb56dcb6e0d8e75181ac8d0c55eea107f20d48,18.828121185302734,0.4159353662741509,0.7086618542671204,0.2159702032804489,0.16604718565940857,29.581958770751953
test/B/defocus blur + low resolution/093,B,defocus blur+low resolution,/root/autodl-tmp/aaa/graphrestore/artifacts/formal_mio100/graphrestore_v7_1_stage4_step040000/methods/graphrestore_v7_1_stage4_step040000/d2/defocus blur+low resolution/093.png,f9f8f07c22d67ad00a115c68d5f96f44fa67ef3b410389dd1b3237c0cb510f1e,/root/autodl-tmp/graph/data/graphrestore/raw/agenticir/extracted/HQ/093.png,b9ef1df7a3be70176f064c2568ea12d8cd9c9c54b3e8fd72bca53d170eaf06f2,21.809585571289062,0.7573926717916418,0.37227916717529297,0.3100650906562805,0.3257013261318207,37.08210754394531
test/B/defocus blur + low resolution/094,B,defocus blur+low resolution,/root/autodl-tmp/aaa/graphrestore/artifacts/formal_mio100/graphrestore_v7_1_stage4_step040000/methods/graphrestore_v7_1_stage4_step040000/d2/defocus blur+low resolution/094.png,c2a485ee91f32a868b9465b07f6db180ebaef3a5967e5054ec56fd5ebf881e5a,/root/autodl-tmp/graph/data/graphrestore/raw/agenticir/extracted/HQ/094.png,45dab31fa407b6793844322a5e147cdfedc3bfa449cd28fc9605f41dba80966d,20.509868621826172,0.642946854629179,0.5804219245910645,0.20816323161125183,0.18944446742534637,25.743473052978516
test/B/defocus blur + low resolution/095,B,defocus blur+low resolution,/root/autodl-tmp/aaa/graphrestore/artifacts/formal_mio100/graphrestore_v7_1_stage4_step040000/methods/graphrestore_v7_1_stage4_step040000/d2/defocus blur+low resolution/095.png,9d894c3c22a8310daaea38703f64240d5cb1cb0552804e405b7960bb815be47f,/root/autodl-tmp/graph/data/graphrestore/raw/agenticir/extracted/HQ/095.png,2f04f8c811593049180a1c6bdcf5d723d3c2f6443ba518c407e4976d7a6b2637,15.271129608154297,0.5296714337253478,0.447795569896698,0.3077024221420288,0.19234487414360046,44.68967819213867
test/B/defocus blur + low resolution/096,B,defocus blur+low resolution,/root/autodl-tmp/aaa/graphrestore/artifacts/formal_mio100/graphrestore_v7_1_stage4_step040000/methods/graphrestore_v7_1_stage4_step040000/d2/defocus blur+low resolution/096.png,9f1dfe61ea7c1289b03d9a70e0dc92b8c8a0f781d98664fa2049a886171807cf,/root/autodl-tmp/graph/data/graphrestore/raw/agenticir/extracted/HQ/096.png,3ac9dbd626f9e294ae10a8ab11a34f6c0132ed355627d25ce3f8790f701fae29,23.591991424560547,0.7568600791961092,0.34869375824928284,0.24415455758571625,0.2708899974822998,47.755859375
test/B/defocus blur + low resolution/097,B,defocus blur+low resolution,/root/autodl-tmp/aaa/graphrestore/artifacts/formal_mio100/graphrestore_v7_1_stage4_step040000/methods/graphrestore_v7_1_stage4_step040000/d2/defocus blur+low resolution/097.png,231ca4224db674a900af03ecf95aa6d233a81b64dba0fd2ac144e4971a71ecfe,/root/autodl-tmp/graph/data/graphrestore/raw/agenticir/extracted/HQ/097.png,9b6c3c0d294f54e89b51656b0163aa8d0715dd7904848721ea76c07ccf737d2e,22.447555541992188,0.7626705434991826,0.3287019431591034,0.3089538812637329,0.3299693167209625,54.28087615966797
test/B/defocus blur + low resolution/098,B,defocus blur+low resolution,/root/autodl-tmp/aaa/graphrestore/artifacts/formal_mio100/graphrestore_v7_1_stage4_step040000/methods/graphrestore_v7_1_stage4_step040000/d2/defocus blur+low resolution/098.png,10517b45e1502080d914b57443e1fd1490978d4742bf1d3b0a253f37f9d8590d,/root/autodl-tmp/graph/data/graphrestore/raw/agenticir/extracted/HQ/098.png,f0574e5262ab9942e66006e0df3aab8738de997489badc302e131ae74299181f,20.480289459228516,0.6064956056141407,0.5492458343505859,0.24463707208633423,0.25102707743644714,33.34123229980469
test/B/defocus blur + low resolution/099,B,defocus blur+low resolution,/root/autodl-tmp/aaa/graphrestore/artifacts/formal_mio100/graphrestore_v7_1_stage4_step040000/methods/graphrestore_v7_1_stage4_step040000/d2/defocus blur+low resolution/099.png,704a3d7d63f1e23176503baab594b8c76f7d6ab25e343e14b41f4ad7647b12c9,/root/autodl-tmp/graph/data/graphrestore/raw/agenticir/extracted/HQ/099.png,15ddff6cab9869d7fe8a7cb6fd328b436bbfa9b089e6adcbba7a5048e4c97f8b,24.124828338623047,0.7098915442522951,0.42473068833351135,0.20398257672786713,0.2701667845249176,32.548954010009766
test/B/defocus blur + low resolution/100,B,defocus blur+low resolution,/root/autodl-tmp/aaa/graphrestore/artifacts/formal_mio100/graphrestore_v7_1_stage4_step040000/methods/graphrestore_v7_1_stage4_step040000/d2/defocus blur+low resolution/100.png,759023a1a41c9268c68ef4df0562d5a6c343f2bbd6cf918787c2cfc2877d211a,/root/autodl-tmp/graph/data/graphrestore/raw/agenticir/extracted/HQ/100.png,b7f5d60dbb3e7047b9c62efc7d61db97052a2cde687d3fae367a14a6793a0c40,19.395952224731445,0.5990703292192447,0.5986064076423645,0.20972666144371033,0.18886294960975647,33.03527069091797
test/B/rain + dark/001,B,rain+dark,/root/autodl-tmp/aaa/graphrestore/artifacts/formal_mio100/graphrestore_v7_1_stage4_step040000/methods/graphrestore_v7_1_stage4_step040000/d2/rain+dark/001.png,52c441c3dfaba01931527d1d7a1d76f89454448122ea70011730c54f13679e48,/root/autodl-tmp/graph/data/graphrestore/raw/agenticir/extracted/HQ/001.png,501f9b012a3f9c95787db8151eddf07dcae5e163688c011649d3ff3f00372cae,18.671630859375,0.8067133605774593,0.15667672455310822,0.32623493671417236,0.5319350361824036,65.91266632080078
test/B/rain + dark/002,B,rain+dark,/root/autodl-tmp/aaa/graphrestore/artifacts/formal_mio100/graphrestore_v7_1_stage4_step040000/methods/graphrestore_v7_1_stage4_step040000/d2/rain+dark/002.png,a652e95f9f59f05898a95efc43cb76a66399f762625e0eebda721d2876fc7dc4,/root/autodl-tmp/graph/data/graphrestore/raw/agenticir/extracted/HQ/002.png,e65fb0b7adb1176b47486303c8cc4f49a0173f91e00d28e0c3a4d3eccae286b4,18.888946533203125,0.6942737539487459,0.24608823657035828,0.45819905400276184,0.5853627324104309,72.37469482421875
test/B/rain + dark/003,B,rain+dark,/root/autodl-tmp/aaa/graphrestore/artifacts/formal_mio100/graphrestore_v7_1_stage4_step040000/methods/graphrestore_v7_1_stage4_step040000/d2/rain+dark/003.png,9a576b336a8ec0bcba96cac9d2242feaf735ab03e336225427d3ea6e5ca35f54,/root/autodl-tmp/graph/data/graphrestore/raw/agenticir/extracted/HQ/003.png,c2a2513992db412a7160dfa2f82535dccaa188db91df80ee6ed5b0dd5c5d2d1a,19.853229522705078,0.8487661370236429,0.10903802514076233,0.45977726578712463,0.7617008090019226,70.90589141845703
test/B/rain + dark/004,B,rain+dark,/root/autodl-tmp/aaa/graphrestore/artifacts/formal_mio100/graphrestore_v7_1_stage4_step040000/methods/graphrestore_v7_1_stage4_step040000/d2/rain+dark/004.png,050476c7e3ea7818906f62fae309637ec0b8ae70eaecd77c5301e4a7cf3f8b99,/root/autodl-tmp/graph/data/graphrestore/raw/agenticir/extracted/HQ/004.png,f1ad3f60cd8e680739263535ab1620a2490f3bc0c65a9355a965c7dff9be1fed,18.730430603027344,0.8192951875597688,0.19887931644916534,0.4127556085586548,0.6929129958152771,72.65950012207031
test/B/rain + dark/005,B,rain+dark,/root/autodl-tmp/aaa/graphrestore/artifacts/formal_mio100/graphrestore_v7_1_stage4_step040000/methods/graphrestore_v7_1_stage4_step040000/d2/rain+dark/005.png,e1d55713ac6c9c0f6988d61c21c7d444ec594e601c0f6cc530ef8f2cf73c80d8,/root/autodl-tmp/graph/data/graphrestore/raw/agenticir/extracted/HQ/005.png,1d8eb1ef9c1817c087956135efa85be686e7169ef11eb532c768d32d7267a0ff,17.308671951293945,0.662231145623972,0.14585627615451813,0.33734551072120667,0.7463003993034363,67.64834594726562
test/B/rain + dark/006,B,rain+dark,/root/autodl-tmp/aaa/graphrestore/artifacts/formal_mio100/graphrestore_v7_1_stage4_step040000/methods/graphrestore_v7_1_stage4_step040000/d2/rain+dark/006.png,fab98a916b2cbddf37f87363825d23ea59f9dea6d3221845c096e4ef3115ee5b,/root/autodl-tmp/graph/data/graphrestore/raw/agenticir/extracted/HQ/006.png,f62feddd2f379d039dd1effe18b6368c79a6fe31fb8177f797c9f230eb8e1211,19.04337501525879,0.4707155855124298,0.6016082167625427,0.3386860489845276,0.3349941372871399,57.160011291503906
test/B/rain + dark/007,B,rain+dark,/root/autodl-tmp/aaa/graphrestore/artifacts/formal_mio100/graphrestore_v7_1_stage4_step040000/methods/graphrestore_v7_1_stage4_step040000/d2/rain+dark/007.png,c254ba804bbbca0fb9cf165d30d62dc05db7cbc6bbc6760bb00d149072e7ef94,/root/autodl-tmp/graph/data/graphrestore/raw/agenticir/extracted/HQ/007.png,b876f087d5f42a9350f28383ff2df22156b6bbba702809d134b7713d9430881c,18.407033920288086,0.8313342451533972,0.20696422457695007,0.5018265247344971,0.7583140134811401,73.06670379638672
test/B/rain + dark/008,B,rain+dark,/root/autodl-tmp/aaa/graphrestore/artifacts/formal_mio100/graphrestore_v7_1_stage4_step040000/methods/graphrestore_v7_1_stage4_step040000/d2/rain+dark/008.png,1a326ec3b447e48a9d0603162f307edee081f535a2e32a87b5adc65af033bb54,/root/autodl-tmp/graph/data/graphrestore/raw/agenticir/extracted/HQ/008.png,4efb8dbbd2ba5090b7b951a456ec5ed27a5d61360ab95cb1c5a9366f2868cb94,17.258647918701172,0.5501310096559463,0.4096413850784302,0.4262622594833374,0.5598365664482117,69.3283462524414
test/B/rain + dark/009,B,rain+dark,/root/autodl-tmp/aaa/graphrestore/artifacts/formal_mio100/graphrestore_v7_1_stage4_step040000/methods/graphrestore_v7_1_stage4_step040000/d2/rain+dark/009.png,9907b2d546caba29986cfadbdc44dba3fcd84f502ac722a90b26063df752d78e,/root/autodl-tmp/graph/data/graphrestore/raw/agenticir/extracted/HQ/009.png,5b779ac0fbe5d1e4d4126fd2864493dcc2ecdbde374ede7e29a054b2a9cb4f21,11.25614070892334,0.6259564181257466,0.6720976233482361,0.2744610011577606,0.35955068469047546,43.726966857910156
test/B/rain + dark/010,B,rain+dark,/root/autodl-tmp/aaa/graphrestore/artifacts/formal_mio100/graphrestore_v7_1_stage4_step040000/methods/graphrestore_v7_1_stage4_step040000/d2/rain+dark/010.png,48fbfc6c61767b678ef3ec62c8b88f99627c5e6b6d5ddf2f8b6e0f983a9b1010,/root/autodl-tmp/graph/data/graphrestore/raw/agenticir/extracted/HQ/010.png,327492996d853f5c8873b435f98a91afd07db64567545baa61c9f4f64f717a0d,19.35942268371582,0.715282493157221,0.37246647477149963,0.4490348696708679,0.726542592048645,74.29875946044922
test/B/rain + dark/011,B,rain+dark,/root/autodl-tmp/aaa/graphrestore/artifacts/formal_mio100/graphrestore_v7_1_stage4_step040000/methods/graphrestore_v7_1_stage4_step040000/d2/rain+dark/011.png,edf6a938a7ffb11c57e4a7b6aaf1b3dab94073ecfa2f0108b6f7a1ca8de3dace,/root/autodl-tmp/graph/data/graphrestore/raw/agenticir/extracted/HQ/011.png,dcafe4ee2b43e667674ccc874b42e160ea37427b7c935297734ba69ece6b6f35,21.042566299438477,0.7292363319816352,0.11519485712051392,0.47070303559303284,0.7521888613700867,63.44460678100586
test/B/rain + dark/012,B,rain+dark,/root/autodl-tmp/aaa/graphrestore/artifacts/formal_mio100/graphrestore_v7_1_stage4_step040000/methods/graphrestore_v7_1_stage4_step040000/d2/rain+dark/012.png,71a70d05ef9eb78893d56e863f1b4ca0cdb95df3fc2f9af096d485acc16b457e,/root/autodl-tmp/graph/data/graphrestore/raw/agenticir/extracted/HQ/012.png,0884a3dabb3fa30cde26a4dfbf003a133139f708c65c3f8b02c24a87a6d073c3,14.552179336547852,0.6432957207406981,0.41905370354652405,0.40327662229537964,0.43234214186668396,65.146484375
test/B/rain + dark/013,B,rain+dark,/root/autodl-tmp/aaa/graphrestore/artifacts/formal_mio100/graphrestore_v7_1_stage4_step040000/methods/graphrestore_v7_1_stage4_step040000/d2/rain+dark/013.png,af9fe96c9f5fa204bcb9fbaae462fda91d81bd1bb716efd9952b7747a2885992,/root/autodl-tmp/graph/data/graphrestore/raw/agenticir/extracted/HQ/013.png,afe18305499bd0b8318392e8f34ede33aafb5a0df2371075fe9f30a1c81a75eb,20.065317153930664,0.8022532222716698,0.19241447746753693,0.5169339179992676,0.5026265382766724,71.98080444335938
test/B/rain + dark/014,B,rain+dark,/root/autodl-tmp/aaa/graphrestore/artifacts/formal_mio100/graphrestore_v7_1_stage4_step040000/methods/graphrestore_v7_1_stage4_step040000/d2/rain+dark/014.png,321c9c81e4bc26682e3906b46a8bdc64189de4d229cee1afe996d6e7b66e0abc,/root/autodl-tmp/graph/data/graphrestore/raw/agenticir/extracted/HQ/014.png,2d569d9b923a96b1542c0b845dce0c7657794eba9f6f22ae5d02f335ef1bc4a0,19.64210319519043,0.6860960423087474,0.2720482349395752,0.47271034121513367,0.44726258516311646,66.4905776977539
test/B/rain + dark/015,B,rain+dark,/root/autodl-tmp/aaa/graphrestore/artifacts/formal_mio100/graphrestore_v7_1_stage4_step040000/methods/graphrestore_v7_1_stage4_step040000/d2/rain+dark/015.png,1286c91a7235766a7996e8204a8129fb33293aac5be047623fc1db8484f6a546,/root/autodl-tmp/graph/data/graphrestore/raw/agenticir/extracted/HQ/015.png,286adb5a1c45ee88f14e1b16e3af420910584bf5ebdd72c40cf75317559c731f,18.51812171936035,0.7283695872676782,0.1867610067129135,0.49366292357444763,0.5892000794410706,68.35396575927734
test/B/rain + dark/016,B,rain+dark,/root/autodl-tmp/aaa/graphrestore/artifacts/formal_mio100/graphrestore_v7_1_stage4_step040000/methods/graphrestore_v7_1_stage4_step040000/d2/rain+dark/016.png,097fcd6a807035c83a646e7f46c4a4ec8f6deedba6ef2a2569296ab322cb4480,/root/autodl-tmp/graph/data/graphrestore/raw/agenticir/extracted/HQ/016.png,ddc71b4b9bd2a57cabf985c7743b8ff7083a0d9205008603edb440ba27da9313,20.021045684814453,0.8401671108953258,0.1543406993150711,0.4603043794631958,0.5874569416046143,76.89061737060547
test/B/rain + dark/017,B,rain+dark,/root/autodl-tmp/aaa/graphrestore/artifacts/formal_mio100/graphrestore_v7_1_stage4_step040000/methods/graphrestore_v7_1_stage4_step040000/d2/rain+dark/017.png,5f50fe5c9f3b18efdb6ad56c8bdb762015825175335560e7f61e196fe253465f,/root/autodl-tmp/graph/data/graphrestore/raw/agenticir/extracted/HQ/017.png,ab3ab0c03c2d8c9c0befbcad219fae23c9795fdf99d664630f4f4febbd02c519,20.6807918548584,0.65168557609273,0.29918456077575684,0.5270715951919556,0.6974315047264099,66.34942626953125
test/B/rain + dark/018,B,rain+dark,/root/autodl-tmp/aaa/graphrestore/artifacts/formal_mio100/graphrestore_v7_1_stage4_step040000/methods/graphrestore_v7_1_stage4_step040000/d2/rain+dark/018.png,332bdb09314ef01e14f4a04728a3feeb202b04d66f4143b26c34c68f09059b00,/root/autodl-tmp/graph/data/graphrestore/raw/agenticir/extracted/HQ/018.png,66db8e4aeb78f506ae4415572eb910726c3f16ede70138093ab4eced187b8df1,18.286304473876953,0.7615373063593424,0.15054474771022797,0.5233269929885864,0.7075145840644836,63.077632904052734
test/B/rain + dark/019,B,rain+dark,/root/autodl-tmp/aaa/graphrestore/artifacts/formal_mio100/graphrestore_v7_1_stage4_step040000/methods/graphrestore_v7_1_stage4_step040000/d2/rain+dark/019.png,e20c0b4b71f4b547e05d2ef39d8f5f3943441271adb8927a2b36e32ce381cd55,/root/autodl-tmp/graph/data/graphrestore/raw/agenticir/extracted/HQ/019.png,fb026cef85a4f7e64ad7c5f064ed15de1f04a7a7b6bde70b28ee78a55db21aeb,20.731914520263672,0.7408863795714038,0.2194206863641739,0.43261176347732544,0.44676071405410767,68.72777557373047
test/B/rain + dark/020,B,rain+dark,/root/autodl-tmp/aaa/graphrestore/artifacts/formal_mio100/graphrestore_v7_1_stage4_step040000/methods/graphrestore_v7_1_stage4_step040000/d2/rain+dark/020.png,706103b0589e118d20d6e074be3119dcf219f2e26b6bed6a0df1d9cf8649bf06,/root/autodl-tmp/graph/data/graphrestore/raw/agenticir/extracted/HQ/020.png,daa15d9f51eab9eca70197a7f05df7873e3eab75e432b0a81fe9488be552f37a,22.015914916992188,0.8926030678671403,0.06444788724184036,0.47582247853279114,0.47663813829421997,60.902061462402344
test/B/rain + dark/021,B,rain+dark,/root/autodl-tmp/aaa/graphrestore/artifacts/formal_mio100/graphrestore_v7_1_stage4_step040000/methods/graphrestore_v7_1_stage4_step040000/d2/rain+dark/021.png,cc9f63ec8df993b1dd3d0b3cc7f953571203bcba367e7003200e99b667259772,/root/autodl-tmp/graph/data/graphrestore/raw/agenticir/extracted/HQ/021.png,9fcc8dda4bbbe5e54e419f5cbb07e7b4310dd291ad1f1cd3cd65a90f9809baa8,18.138044357299805,0.8027238307941739,0.39983850717544556,0.31181642413139343,0.44870200753211975,69.43379974365234
test/B/rain + dark/022,B,rain+dark,/root/autodl-tmp/aaa/graphrestore/artifacts/formal_mio100/graphrestore_v7_1_stage4_step040000/methods/graphrestore_v7_1_stage4_step040000/d2/rain+dark/022.png,4627a4d59352da1d1955d6ce0f4b273397f12d014ef11d0a01eb23409f3904b6,/root/autodl-tmp/graph/data/graphrestore/raw/agenticir/extracted/HQ/022.png,70c41dc6f249472324664323044853cb85a1256f39b4a31853ddbd89fcc1e191,17.76426887512207,0.8247593813596655,0.20249199867248535,0.45845475792884827,0.6846715807914734,68.14114379882812
test/B/rain + dark/023,B,rain+dark,/root/autodl-tmp/aaa/graphrestore/artifacts/formal_mio100/graphrestore_v7_1_stage4_step040000/methods/graphrestore_v7_1_stage4_step040000/d2/rain+dark/023.png,5d6fd40927b8480bb3e781d693977430b9be520d1a2eb245ebbd3cb6fa6c3a1e,/root/autodl-tmp/graph/data/graphrestore/raw/agenticir/extracted/HQ/023.png,befde78eca5789c87200ca1e2ac905ba8ad5706b50af86454bd30bc857c90e02,10.98539924621582,0.5638787229575399,0.4797714948654175,0.3335696756839752,0.34893620014190674,66.6631088256836
test/B/rain + dark/024,B,rain+dark,/root/autodl-tmp/aaa/graphrestore/artifacts/formal_mio100/graphrestore_v7_1_stage4_step040000/methods/graphrestore_v7_1_stage4_step040000/d2/rain+dark/024.png,439e0ec397f30cb48199e0032bf46483300e39653c2c05cf0b5973d18e2b2e36,/root/autodl-tmp/graph/data/graphrestore/raw/agenticir/extracted/HQ/024.png,e51441e174dd8dc0c47872ccb4221ab3f054b716588ee0f42d58a56098bd9538,20.865005493164062,0.7437688693780588,0.32151326537132263,0.3399297893047333,0.5345270037651062,67.63814544677734
test/B/rain + dark/025,B,rain+dark,/root/autodl-tmp/aaa/graphrestore/artifacts/formal_mio100/graphrestore_v7_1_stage4_step040000/methods/graphrestore_v7_1_stage4_step040000/d2/rain+dark/025.png,11d2d2d8ddf4835b58721032a741474e49eb4ecdaafe934a1ceccecba92472c9,/root/autodl-tmp/graph/data/graphrestore/raw/agenticir/extracted/HQ/025.png,f384d4a9bc3c31bc29038378f849002dc4ff2db373d852b732f5cfc24ebed244,19.47711753845215,0.8219219738228792,0.13985700905323029,0.3383595049381256,0.4727158546447754,71.27933502197266
test/B/rain + dark/026,B,rain+dark,/root/autodl-tmp/aaa/graphrestore/artifacts/formal_mio100/graphrestore_v7_1_stage4_step040000/methods/graphrestore_v7_1_stage4_step040000/d2/rain+dark/026.png,f9ba5a41a75b61392e25677dd155d62df05f5df10339fafda5a29f917991595a,/root/autodl-tmp/graph/data/graphrestore/raw/agenticir/extracted/HQ/026.png,cfce1d4c02a00f28988a64f63cd538c4147c3a72c147a6549d71f1105d671224,17.356861114501953,0.7428344693382415,0.4665873050689697,0.32174402475357056,0.4764423370361328,55.776519775390625
test/B/rain + dark/027,B,rain+dark,/root/autodl-tmp/aaa/graphrestore/artifacts/formal_mio100/graphrestore_v7_1_stage4_step040000/methods/graphrestore_v7_1_stage4_step040000/d2/rain+dark/027.png,e9962c6c315aa135e07680b99e0bbc307ca2bdd74e0ee123cd5cc07615d6e570,/root/autodl-tmp/graph/data/graphrestore/raw/agenticir/extracted/HQ/027.png,d69be3d26f3d3c95ffd9de3bd8d565120e0f09fb4aa84c72ae18d8fc4f871aae,17.126174926757812,0.7763221934887851,0.17752456665039062,0.29989975690841675,0.5620362162590027,66.58577728271484
test/B/rain + dark/028,B,rain+dark,/root/autodl-tmp/aaa/graphrestore/artifacts/formal_mio100/graphrestore_v7_1_stage4_step040000/methods/graphrestore_v7_1_stage4_step040000/d2/rain+dark/028.png,440e4ca9c4d851bc5e88a9e929601bba18b5dbe51f5271d1e79bc83f818d5eec,/root/autodl-tmp/graph/data/graphrestore/raw/agenticir/extracted/HQ/028.png,181f97da79059de1a93d1a0d30f6851393282c6af8b607d83ce29ab8c9dbf771,11.662053108215332,0.6530589216784981,0.5024687647819519,0.4813218414783478,0.451652854681015,68.07582092285156
test/B/rain + dark/029,B,rain+dark,/root/autodl-tmp/aaa/graphrestore/artifacts/formal_mio100/graphrestore_v7_1_stage4_step040000/methods/graphrestore_v7_1_stage4_step040000/d2/rain+dark/029.png,65e8393c022f4e623ec571b1285a65b9fbd2cf553869c147704379a45a04bb67,/root/autodl-tmp/graph/data/graphrestore/raw/agenticir/extracted/HQ/029.png,3c7f43d0544ada8d7b64d7bb197621349fa1dcdf8400fb6128afaf8787814556,23.529253005981445,0.6177767670397696,0.20167666673660278,0.3121102750301361,0.5526799559593201,60.260990142822266
test/B/rain + dark/030,B,rain+dark,/root/autodl-tmp/aaa/graphrestore/artifacts/formal_mio100/graphrestore_v7_1_stage4_step040000/methods/graphrestore_v7_1_stage4_step040000/d2/rain+dark/030.png,df4e8ec84d7b4e922f6635ea82c51e24c99b967cb6cec467168fd9b44acbc5d0,/root/autodl-tmp/graph/data/graphrestore/raw/agenticir/extracted/HQ/030.png,576b0158cf5a541dd6aaf522902400e8ba3175aacca36d9df22951f52acf3f2f,17.669218063354492,0.5809280575498471,0.4325981140136719,0.4150169789791107,0.5533987283706665,64.53849029541016
test/B/rain + dark/031,B,rain+dark,/root/autodl-tmp/aaa/graphrestore/artifacts/formal_mio100/graphrestore_v7_1_stage4_step040000/methods/graphrestore_v7_1_stage4_step040000/d2/rain+dark/031.png,b2110513bc88c9f78f6f7e7a3b770e61fd70655793c83757016af5b87e6ccc0e,/root/autodl-tmp/graph/data/graphrestore/raw/agenticir/extracted/HQ/031.png,ee314f8cd1954636c1817c95d1cb0db5aa871e179961c3463869d5dc2100d422,21.806934356689453,0.7176158811391505,0.38828110694885254,0.30634599924087524,0.38863706588745117,67.9518051147461
test/B/rain + dark/032,B,rain+dark,/root/autodl-tmp/aaa/graphrestore/artifacts/formal_mio100/graphrestore_v7_1_stage4_step040000/methods/graphrestore_v7_1_stage4_step040000/d2/rain+dark/032.png,ff4ab3887c91105aacb85125c039de0c7129ccaa0399addddb51edecbd4d94e4,/root/autodl-tmp/graph/data/graphrestore/raw/agenticir/extracted/HQ/032.png,e9749385ec471240dd782d677482b0d949b80ccb7472dc409fa260d1748ed9b9,20.036542892456055,0.6993639118427103,0.23210632801055908,0.34669944643974304,0.6315245628356934,60.85305404663086
test/B/rain + dark/033,B,rain+dark,/root/autodl-tmp/aaa/graphrestore/artifacts/formal_mio100/graphrestore_v7_1_stage4_step040000/methods/graphrestore_v7_1_stage4_step040000/d2/rain+dark/033.png,993cdb22c757197bd76f51e851e71caa0b4339768e8a157343a1749e9673def0,/root/autodl-tmp/graph/data/graphrestore/raw/agenticir/extracted/HQ/033.png,9590f1419e378254c01f330c248e12e8a62792b04a27b72daf2c0afd6c41c758,20.65087890625,0.8640539584595146,0.07872161269187927,0.45739567279815674,0.8013664484024048,63.94089126586914
test/B/rain + dark/034,B,rain+dark,/root/autodl-tmp/aaa/graphrestore/artifacts/formal_mio100/graphrestore_v7_1_stage4_step040000/methods/graphrestore_v7_1_stage4_step040000/d2/rain+dark/034.png,7d6c65c891d603b4a0d33ea00d14c379254e4cf7b2f870ce278fac0b2e39807b,/root/autodl-tmp/graph/data/graphrestore/raw/agenticir/extracted/HQ/034.png,0575cc2334f8f50fcbd3d9f58173645db8764f938ee55e8899084ca2b66fd018,18.61483383178711,0.5588541893460943,0.6684458255767822,0.4610082507133484,0.6221524477005005,59.23684310913086
test/B/rain + dark/035,B,rain+dark,/root/autodl-tmp/aaa/graphrestore/artifacts/formal_mio100/graphrestore_v7_1_stage4_step040000/methods/graphrestore_v7_1_stage4_step040000/d2/rain+dark/035.png,1f40e1b0cf28489a5b825c222376a09bc79dca58e0f8aed90937d67de4b6310e,/root/autodl-tmp/graph/data/graphrestore/raw/agenticir/extracted/HQ/035.png,4e230744a9cb7c3ebe976ae7267155312b876fb355283b4938b34b758aef7ff9,23.409650802612305,0.9015319381188652,0.09621024131774902,0.5037873387336731,0.639079749584198,69.84794616699219
test/B/rain + dark/036,B,rain+dark,/root/autodl-tmp/aaa/graphrestore/artifacts/formal_mio100/graphrestore_v7_1_stage4_step040000/methods/graphrestore_v7_1_stage4_step040000/d2/rain+dark/036.png,808d889f9acb37d765c56e2da52557b4db8f06627ca6bd6c0386832e0b5253c2,/root/autodl-tmp/graph/data/graphrestore/raw/agenticir/extracted/HQ/036.png,409fbd0ad51be33e9e2711cb7b22cb39999eaac6e278ca1621c20300be446d76,23.280250549316406,0.7619111059757493,0.1481606513261795,0.3361257016658783,0.5603258013725281,54.86152648925781
test/B/rain + dark/037,B,rain+dark,/root/autodl-tmp/aaa/graphrestore/artifacts/formal_mio100/graphrestore_v7_1_stage4_step040000/methods/graphrestore_v7_1_stage4_step040000/d2/rain+dark/037.png,cded1e22d1f4cba98e9f07dcfd576906e2e7a4938f7a6b473a08f8e2412651e3,/root/autodl-tmp/graph/data/graphrestore/raw/agenticir/extracted/HQ/037.png,8f31abe11ce5d5377f131fdc788024ffb8d5cfdda501c06a64ca1fc80fab0d07,19.659198760986328,0.8038202936067036,0.24766159057617188,0.39717358350753784,0.6408443450927734,61.337799072265625
test/B/rain + dark/038,B,rain+dark,/root/autodl-tmp/aaa/graphrestore/artifacts/formal_mio100/graphrestore_v7_1_stage4_step040000/methods/graphrestore_v7_1_stage4_step040000/d2/rain+dark/038.png,581e756efa806109494da3f05a305e800e4f8a120d77c7e05e8704de3ee3d689,/root/autodl-tmp/graph/data/graphrestore/raw/agenticir/extracted/HQ/038.png,fe7df2186482ca2cc105baed74cb1da9667b3b03e1629055880b6012db131aa1,17.496490478515625,0.548851142505931,0.5347184538841248,0.34902167320251465,0.4538376033306122,59.21104431152344
test/B/rain + dark/039,B,rain+dark,/root/autodl-tmp/aaa/graphrestore/artifacts/formal_mio100/graphrestore_v7_1_stage4_step040000/methods/graphrestore_v7_1_stage4_step040000/d2/rain+dark/039.png,cc69be81145388d4a3f4d20ec4f38621d70c3c7f58ae3d2219d720c938ac4f4e,/root/autodl-tmp/graph/data/graphrestore/raw/agenticir/extracted/HQ/039.png,a2038f7610363fb1916197e0557fa84b50b610d86885a2d6409f9e3aa75fbbcd,17.141103744506836,0.33378185565100366,0.5735995769500732,0.49687063694000244,0.6141054034233093,61.415714263916016
test/B/rain + dark/040,B,rain+dark,/root/autodl-tmp/aaa/graphrestore/artifacts/formal_mio100/graphrestore_v7_1_stage4_step040000/methods/graphrestore_v7_1_stage4_step040000/d2/rain+dark/040.png,be1a071b807df59d3d8861710176f23505fe20cc90e542c1ab6233abf1fe3ea7,/root/autodl-tmp/graph/data/graphrestore/raw/agenticir/extracted/HQ/040.png,c5a9e4bb9d84a6734bdc04c272c48c1b17b150a1e346afab2338eb0ba41f1464,17.52138328552246,0.5280022309329508,0.2605171501636505,0.4120233356952667,0.7023637890815735,58.43867874145508
test/B/rain + dark/041,B,rain+dark,/root/autodl-tmp/aaa/graphrestore/artifacts/formal_mio100/graphrestore_v7_1_stage4_step040000/methods/graphrestore_v7_1_stage4_step040000/d2/rain+dark/041.png,ae354644d83289ec2691cbbfbf95185b02aa1ee6f206c15f960f606d183f4b3b,/root/autodl-tmp/graph/data/graphrestore/raw/agenticir/extracted/HQ/041.png,8d928c89de2952ccb40028ba7ecd3f9fee3f3907c9a371fbbcb7fdaf683bc27e,23.127365112304688,0.8799678231702412,0.18718472123146057,0.44693073630332947,0.6175376772880554,72.03742980957031
test/B/rain + dark/042,B,rain+dark,/root/autodl-tmp/aaa/graphrestore/artifacts/formal_mio100/graphrestore_v7_1_stage4_step040000/methods/graphrestore_v7_1_stage4_step040000/d2/rain+dark/042.png,95c7692d3dc0e61d871bc621875be4eac58d8c56af315ca89bd4f26c402327c6,/root/autodl-tmp/graph/data/graphrestore/raw/agenticir/extracted/HQ/042.png,9ae42a00babed185468a76384204ff947b6baab53a82ca9b3cff6ef951f461bf,17.566709518432617,0.8178890435715911,0.2139061689376831,0.40144991874694824,0.5862047076225281,51.19169616699219
test/B/rain + dark/043,B,rain+dark,/root/autodl-tmp/aaa/graphrestore/artifacts/formal_mio100/graphrestore_v7_1_stage4_step040000/methods/graphrestore_v7_1_stage4_step040000/d2/rain+dark/043.png,0343cc636415b611096bca989235cba0b7ce22dc947a9fd3ed24c5c1c822625d,/root/autodl-tmp/graph/data/graphrestore/raw/agenticir/extracted/HQ/043.png,15880c27b3101797c4e5896dee7349ad832ac1c49fcd0c559b357f4e28296b4d,23.892881393432617,0.8117457352796256,0.1722366362810135,0.4948330223560333,0.7368115782737732,67.82557678222656
test/B/rain + dark/044,B,rain+dark,/root/autodl-tmp/aaa/graphrestore/artifacts/formal_mio100/graphrestore_v7_1_stage4_step040000/methods/graphrestore_v7_1_stage4_step040000/d2/rain+dark/044.png,2dca4ffba6047be3cce70052ee5db099e9c1e021b0e6917f4439796b4d204010,/root/autodl-tmp/graph/data/graphrestore/raw/agenticir/extracted/HQ/044.png,0645011c1dc3777ab263df617d1747b902c2d321de6f939549cfbe43eabc9245,17.096250534057617,0.6371568861483392,0.5550268292427063,0.3322695195674896,0.34625932574272156,59.766727447509766
test/B/rain + dark/045,B,rain+dark,/root/autodl-tmp/aaa/graphrestore/artifacts/formal_mio100/graphrestore_v7_1_stage4_step040000/methods/graphrestore_v7_1_stage4_step040000/d2/rain+dark/045.png,83381bd1185e6cad4cefcce6d8f62173bcf6e1bbdae6f204704c910e9829ba78,/root/autodl-tmp/graph/data/graphrestore/raw/agenticir/extracted/HQ/045.png,d3e352c98c1fe9df1181c1e362bb9c3ba3a1d077456198796083821dab20d1fc,18.32700538635254,0.7545988000217253,0.3220328092575073,0.4007742702960968,0.5448128581047058,63.006141662597656
test/B/rain + dark/046,B,rain+dark,/root/autodl-tmp/aaa/graphrestore/artifacts/formal_mio100/graphrestore_v7_1_stage4_step040000/methods/graphrestore_v7_1_stage4_step040000/d2/rain+dark/046.png,7eef861154b1019a3531729015b035bd7c9ba4ba44be2005638538e6f45f894b,/root/autodl-tmp/graph/data/graphrestore/raw/agenticir/extracted/HQ/046.png,af4b21bf96515f2ff4f97a4990856b43ae02a1d8f39909428228a2612b5f936f,19.081012725830078,0.8590200546886765,0.19538426399230957,0.5479437112808228,0.7495165467262268,65.18383026123047
test/B/rain + dark/047,B,rain+dark,/root/autodl-tmp/aaa/graphrestore/artifacts/formal_mio100/graphrestore_v7_1_stage4_step040000/methods/graphrestore_v7_1_stage4_step040000/d2/rain+dark/047.png,94edec91d2120ddcf2f19bf2429d923a761b54b42b1b0f20bab8df7cae9c5dad,/root/autodl-tmp/graph/data/graphrestore/raw/agenticir/extracted/HQ/047.png,8ecf454f7d68ca4ebf19b2b4a22275d3bb344666e4e483fda2c8cb84d5ff94db,18.643320083618164,0.8469003552793228,0.06943153589963913,0.6457695960998535,0.8387587666511536,66.91779327392578
test/B/rain + dark/048,B,rain+dark,/root/autodl-tmp/aaa/graphrestore/artifacts/formal_mio100/graphrestore_v7_1_stage4_step040000/methods/graphrestore_v7_1_stage4_step040000/d2/rain+dark/048.png,a26e7d375cbc69729a021915bf867f443db734dc4a3852b71f82a62dfe0fbd3f,/root/autodl-tmp/graph/data/graphrestore/raw/agenticir/extracted/HQ/048.png,b74e449ab10a96799f5e791f68de34dcfaf90a4befdb242cee372f6743841606,20.78647232055664,0.8995449076657245,0.23409602046012878,0.37189072370529175,0.5906472206115723,68.04607391357422
test/B/rain + dark/049,B,rain+dark,/root/autodl-tmp/aaa/graphrestore/artifacts/formal_mio100/graphrestore_v7_1_stage4_step040000/methods/graphrestore_v7_1_stage4_step040000/d2/rain+dark/049.png,798d012f176ded1e1f02e46338c49ee6f6498b2f94e1ed56eb385e0b481e0d0c,/root/autodl-tmp/graph/data/graphrestore/raw/agenticir/extracted/HQ/049.png,bdd8f4cec02d5659a12541bb32718429d397d6be195679045764e31574c4f226,17.2641544342041,0.8563584848189502,0.07916739583015442,0.41295379400253296,0.5084993243217468,58.45793151855469
test/B/rain + dark/050,B,rain+dark,/root/autodl-tmp/aaa/graphrestore/artifacts/formal_mio100/graphrestore_v7_1_stage4_step040000/methods/graphrestore_v7_1_stage4_step040000/d2/rain+dark/050.png,37e262ebd9dd588e6857bdb0d25b7b77bf3a2b7f67baf0c6d89c02ff7d5598af,/root/autodl-tmp/graph/data/graphrestore/raw/agenticir/extracted/HQ/050.png,c4cfbc77b28b145af37ea26b0b501d69633ebdedd3ce9a90d5760063ee95f492,21.56824493408203,0.8484610696273049,0.08939959108829498,0.5091859102249146,0.7177975177764893,75.20140838623047
test/B/rain + dark/051,B,rain+dark,/root/autodl-tmp/aaa/graphrestore/artifacts/formal_mio100/graphrestore_v7_1_stage4_step040000/methods/graphrestore_v7_1_stage4_step040000/d2/rain+dark/051.png,57abafb6da7e13b4b3756cd4f16174208a6b35e92d2ae824ecbf345a715fa99e,/root/autodl-tmp/graph/data/graphrestore/raw/agenticir/extracted/HQ/051.png,433269b5d76ea42b944162d49085d86b82a4eab52705e69d4dfa7c8a0ccbe187,18.59977149963379,0.5706899922199703,0.4025440812110901,0.322634756565094,0.4468412399291992,64.85741424560547
test/B/rain + dark/052,B,rain+dark,/root/autodl-tmp/aaa/graphrestore/artifacts/formal_mio100/graphrestore_v7_1_stage4_step040000/methods/graphrestore_v7_1_stage4_step040000/d2/rain+dark/052.png,4966452112d75fa3a3622022cbe168d5430f0abc56c6d9558bd77ebb3cc8170c,/root/autodl-tmp/graph/data/graphrestore/raw/agenticir/extracted/HQ/052.png,b0fe4f61cfdf3e31caa56791dcd8d50f729c75652d7970a654be64494341ada3,21.81085777282715,0.6947056835990337,0.33993300795555115,0.39935314655303955,0.5662078857421875,62.34807586669922
test/B/rain + dark/053,B,rain+dark,/root/autodl-tmp/aaa/graphrestore/artifacts/formal_mio100/graphrestore_v7_1_stage4_step040000/methods/graphrestore_v7_1_stage4_step040000/d2/rain+dark/053.png,5b376823360fe62a74060d60fdffd98a9120b9bbe2e6691ef75df417b3479224,/root/autodl-tmp/graph/data/graphrestore/raw/agenticir/extracted/HQ/053.png,6b1f2208c72adcd28d96a15d538bbfbe27cb5a21be416b6f30fa836b12ac867d,15.652628898620605,0.6580227251112309,0.4185801148414612,0.3707803189754486,0.6398375630378723,57.81365966796875
test/B/rain + dark/054,B,rain+dark,/root/autodl-tmp/aaa/graphrestore/artifacts/formal_mio100/graphrestore_v7_1_stage4_step040000/methods/graphrestore_v7_1_stage4_step040000/d2/rain+dark/054.png,0d32cfd9a0ec44274e54e051d07eef2433e4955151bd6c6a9f5e7449a244ab67,/root/autodl-tmp/graph/data/graphrestore/raw/agenticir/extracted/HQ/054.png,699ffde2d8d110e52811d39e5b9d745965d4211dd2312f453ce367f1bc0e66f5,16.357221603393555,0.5898551677925241,0.31555086374282837,0.44505584239959717,0.5777463912963867,64.92957305908203
test/B/rain + dark/055,B,rain+dark,/root/autodl-tmp/aaa/graphrestore/artifacts/formal_mio100/graphrestore_v7_1_stage4_step040000/methods/graphrestore_v7_1_stage4_step040000/d2/rain+dark/055.png,aff2e4f991e86921b1fc1c111877d4d6d1a5fa3ba3a0dd68ce83d40362d8df30,/root/autodl-tmp/graph/data/graphrestore/raw/agenticir/extracted/HQ/055.png,5a59c6f9051a70f1c3ad8e9550b2a21322ef8ad71bd70085fb2330f6f6da3948,19.65505027770996,0.8061539305361396,0.2632787525653839,0.36966341733932495,0.5049600601196289,60.37897491455078
test/B/rain + dark/056,B,rain+dark,/root/autodl-tmp/aaa/graphrestore/artifacts/formal_mio100/graphrestore_v7_1_stage4_step040000/methods/graphrestore_v7_1_stage4_step040000/d2/rain+dark/056.png,e58b2629f5c21dc4a321b504cdcdd79604a2a3ff170a4a2934b708c158366d9f,/root/autodl-tmp/graph/data/graphrestore/raw/agenticir/extracted/HQ/056.png,c5f28866f72e2d370875385eb6575124b0735f8f927fae1c07ff7151e200c956,17.09870147705078,0.6045951602767327,0.6145352125167847,0.36498525738716125,0.4852451980113983,69.05255889892578
test/B/rain + dark/057,B,rain+dark,/root/autodl-tmp/aaa/graphrestore/artifacts/formal_mio100/graphrestore_v7_1_stage4_step040000/methods/graphrestore_v7_1_stage4_step040000/d2/rain+dark/057.png,83b249c6d6a1eb4a4448eaf5d35b86eb81aa01920af3e51ae1bdcd5b9409c359,/root/autodl-tmp/graph/data/graphrestore/raw/agenticir/extracted/HQ/057.png,42353ae75793843947c257055d87e0568db28ed51b9a5d87cc0d6a0dafb242af,16.6592960357666,0.6555389135296452,0.5547707676887512,0.4320939779281616,0.4916693866252899,69.73125457763672
test/B/rain + dark/058,B,rain+dark,/root/autodl-tmp/aaa/graphrestore/artifacts/formal_mio100/graphrestore_v7_1_stage4_step040000/methods/graphrestore_v7_1_stage4_step040000/d2/rain+dark/058.png,65f66d364ef74fb9afe5842e0f139380b5744e2f51e11b8ad90e71b8c933ba73,/root/autodl-tmp/graph/data/graphrestore/raw/agenticir/extracted/HQ/058.png,e50e67dc4e57dc18d552546044c5ca169fdb26de4d5d81650d00d4b0f3ab7e76,12.533187866210938,0.543610098050603,0.5200424194335938,0.38249704241752625,0.30984750390052795,58.43769073486328
test/B/rain + dark/059,B,rain+dark,/root/autodl-tmp/aaa/graphrestore/artifacts/formal_mio100/graphrestore_v7_1_stage4_step040000/methods/graphrestore_v7_1_stage4_step040000/d2/rain+dark/059.png,0f28863905f339c0ffc33cd0c3ae51500b29ad924168b52fca0e596cabf68165,/root/autodl-tmp/graph/data/graphrestore/raw/agenticir/extracted/HQ/059.png,e60c8277194566df02c7cefc895d1390756059f7a29ac67206ec202f1b897add,16.742900848388672,0.4836479230414131,0.5957326889038086,0.31365808844566345,0.20612473785877228,57.260345458984375
test/B/rain + dark/060,B,rain+dark,/root/autodl-tmp/aaa/graphrestore/artifacts/formal_mio100/graphrestore_v7_1_stage4_step040000/methods/graphrestore_v7_1_stage4_step040000/d2/rain+dark/060.png,9b88c14ee9e7d1ee189cb79591402901243a95de246e0b4634ef0f522979404c,/root/autodl-tmp/graph/data/graphrestore/raw/agenticir/extracted/HQ/060.png,d173273231bf0b68767ae3e287f4f34baa71e7d986a98c43a41fa9668fd8a0d4,17.57282257080078,0.5306656686764059,0.5886454582214355,0.37128299474716187,0.3151146173477173,52.85165786743164
test/B/rain + dark/061,B,rain+dark,/root/autodl-tmp/aaa/graphrestore/artifacts/formal_mio100/graphrestore_v7_1_stage4_step040000/methods/graphrestore_v7_1_stage4_step040000/d2/rain+dark/061.png,53cb001b7ba91f58d0b07d896d9e33e9c799a2a1dbe310006c5a4392657718a1,/root/autodl-tmp/graph/data/graphrestore/raw/agenticir/extracted/HQ/061.png,a7818ddc00c398726bcd4724e9a51456bf18e4eb573f2f68b79ea2dedf0e699c,18.560028076171875,0.7429254173218351,0.19903409481048584,0.4346708059310913,0.36479154229164124,70.27391815185547
test/B/rain + dark/062,B,rain+dark,/root/autodl-tmp/aaa/graphrestore/artifacts/formal_mio100/graphrestore_v7_1_stage4_step040000/methods/graphrestore_v7_1_stage4_step040000/d2/rain+dark/062.png,f801b24162e3c91062ac0ad2d4126f664222cd055592f44df0010b8d120fbed9,/root/autodl-tmp/graph/data/graphrestore/raw/agenticir/extracted/HQ/062.png,7829e8bf6fee7705051b0e4486c3abb2cdf412c83ac15b9f5ed9d9036c296d40,22.483844757080078,0.6613881364066186,0.32014012336730957,0.4886355698108673,0.5052527785301208,74.3382339477539
test/B/rain + dark/063,B,rain+dark,/root/autodl-tmp/aaa/graphrestore/artifacts/formal_mio100/graphrestore_v7_1_stage4_step040000/methods/graphrestore_v7_1_stage4_step040000/d2/rain+dark/063.png,da932c9bb320e19d0724d263b766ce7a1165d2dbfb66ced75b6ad596ea7daeb4,/root/autodl-tmp/graph/data/graphrestore/raw/agenticir/extracted/HQ/063.png,f7ccce7c58be38c16fb08060b8b379825cb0417a04e6813c72985768a480929c,21.74239730834961,0.7919789027922096,0.14288626611232758,0.4319324493408203,0.4578969180583954,68.9048080444336
test/B/rain + dark/064,B,rain+dark,/root/autodl-tmp/aaa/graphrestore/artifacts/formal_mio100/graphrestore_v7_1_stage4_step040000/methods/graphrestore_v7_1_stage4_step040000/d2/rain+dark/064.png,670af1d3215da8a1fef11084fd6ece02e14de7419a0a688e0f2d7e593de1fbac,/root/autodl-tmp/graph/data/graphrestore/raw/agenticir/extracted/HQ/064.png,b34caae8d574b2c008d53ceb0490df55c099e68844b2819f0c02fc50db26cee0,19.100963592529297,0.7121011878408415,0.12946906685829163,0.3499020040035248,0.6455950140953064,70.01366424560547
test/B/rain + dark/065,B,rain+dark,/root/autodl-tmp/aaa/graphrestore/artifacts/formal_mio100/graphrestore_v7_1_stage4_step040000/methods/graphrestore_v7_1_stage4_step040000/d2/rain+dark/065.png,45b35f879b74b767108c0e2a862342be93632b76d8fab18d6d7a24be6ad3b26d,/root/autodl-tmp/graph/data/graphrestore/raw/agenticir/extracted/HQ/065.png,f0770ae16bf79be3b5d94a7868da009f5ce1bbf54bfe5c879e352a4df590ef63,21.028478622436523,0.703433118538017,0.30310070514678955,0.4367748498916626,0.405022531747818,64.12886810302734
test/B/rain + dark/066,B,rain+dark,/root/autodl-tmp/aaa/graphrestore/artifacts/formal_mio100/graphrestore_v7_1_stage4_step040000/methods/graphrestore_v7_1_stage4_step040000/d2/rain+dark/066.png,d24c8e509d0bfe0e2f97080e843779bcf248fc241c45397929ceb7321f16d94d,/root/autodl-tmp/graph/data/graphrestore/raw/agenticir/extracted/HQ/066.png,a19230b326bd2fb5c26ae283f65bf0b85f39f90421056a47c7ecd6d683379aff,15.70687198638916,0.7340315100462897,0.2587679326534271,0.44526979327201843,0.44887515902519226,75.20447540283203
test/B/rain + dark/067,B,rain+dark,/root/autodl-tmp/aaa/graphrestore/artifacts/formal_mio100/graphrestore_v7_1_stage4_step040000/methods/graphrestore_v7_1_stage4_step040000/d2/rain+dark/067.png,579f1074807fc9e108657d623021be68ed59ba6cf5a19a003a008e69b04e53a3,/root/autodl-tmp/graph/data/graphrestore/raw/agenticir/extracted/HQ/067.png,91cd9f021a6902b7f3220c6a373cba11f3bfbe4e4984c1d6fc4be0c76acb67a0,20.751197814941406,0.8112583563973434,0.1671825647354126,0.4146088659763336,0.40813812613487244,73.41481018066406
test/B/rain + dark/068,B,rain+dark,/root/autodl-tmp/aaa/graphrestore/artifacts/formal_mio100/graphrestore_v7_1_stage4_step040000/methods/graphrestore_v7_1_stage4_step040000/d2/rain+dark/068.png,63866059830995a832ce5cd44bbcf68625dd9c6ed6cd5ea49aec3261eb434777,/root/autodl-tmp/graph/data/graphrestore/raw/agenticir/extracted/HQ/068.png,b8187d79db16002364f6017df807e6cac41e7ee9a68413a384b1bd69eddaa638,19.571983337402344,0.6653683679123292,0.29006633162498474,0.4363669455051422,0.41795840859413147,70.57776641845703
test/B/rain + dark/069,B,rain+dark,/root/autodl-tmp/aaa/graphrestore/artifacts/formal_mio100/graphrestore_v7_1_stage4_step040000/methods/graphrestore_v7_1_stage4_step040000/d2/rain+dark/069.png,300361484ae5dc160a1d22974dedb35104b440d4c3f44182fe145b3372a1ccc6,/root/autodl-tmp/graph/data/graphrestore/raw/agenticir/extracted/HQ/069.png,abb08be58f50075e5e6b1de44ddfe61c30ebb34882e9d72681edd73a5cdbb156,18.021366119384766,0.7874760125942367,0.12397043406963348,0.3732662498950958,0.6800729632377625,73.8547592163086
test/B/rain + dark/070,B,rain+dark,/root/autodl-tmp/aaa/graphrestore/artifacts/formal_mio100/graphrestore_v7_1_stage4_step040000/methods/graphrestore_v7_1_stage4_step040000/d2/rain+dark/070.png,ecf2edf6fee02f937a5a1b82599fc71d0c18a870dacea7e4255eb5ed02ce31b8,/root/autodl-tmp/graph/data/graphrestore/raw/agenticir/extracted/HQ/070.png,718ae2570e431003fb32f2a40e19f813545164ace18230ac03f9ec96b2747f85,20.834423065185547,0.7039357200935977,0.145585298538208,0.3582771122455597,0.4302562177181244,53.631614685058594
test/B/rain + dark/071,B,rain+dark,/root/autodl-tmp/aaa/graphrestore/artifacts/formal_mio100/graphrestore_v7_1_stage4_step040000/methods/graphrestore_v7_1_stage4_step040000/d2/rain+dark/071.png,eca56193b05cbddcde2eebe448209014517d1026d3c361a7a44c2ab2f235ef19,/root/autodl-tmp/graph/data/graphrestore/raw/agenticir/extracted/HQ/071.png,e8bc40490eabb437e225b0acde6b8dc1d8942f2b9657e042051c166804b07b15,15.417290687561035,0.7176174898039002,0.2490914762020111,0.38516828417778015,0.4426138401031494,57.73665237426758
test/B/rain + dark/072,B,rain+dark,/root/autodl-tmp/aaa/graphrestore/artifacts/formal_mio100/graphrestore_v7_1_stage4_step040000/methods/graphrestore_v7_1_stage4_step040000/d2/rain+dark/072.png,b0575bca9d653b2c7aa3e33a8d00f91fbda7e297a251002eca19591683056817,/root/autodl-tmp/graph/data/graphrestore/raw/agenticir/extracted/HQ/072.png,6b887c3fd578dc80ca3b15a823f1b43d80db2d30abc07d144e03f7228acb8144,18.80051040649414,0.8427951672298372,0.16504716873168945,0.5242120623588562,0.6508018970489502,72.3220443725586
test/B/rain + dark/073,B,rain+dark,/root/autodl-tmp/aaa/graphrestore/artifacts/formal_mio100/graphrestore_v7_1_stage4_step040000/methods/graphrestore_v7_1_stage4_step040000/d2/rain+dark/073.png,1646731f71e8375fb40d5878332a436918161607722f2efd445ddb5da2b37b34,/root/autodl-tmp/graph/data/graphrestore/raw/agenticir/extracted/HQ/073.png,e4a8516954bfb4b79f2fc6194b6b4a8ed63250e14fe7ce0b6f6d77c922f84730,22.51160430908203,0.6741258266387,0.4600372314453125,0.3047811686992645,0.3888884484767914,72.76042938232422
test/B/rain + dark/074,B,rain+dark,/root/autodl-tmp/aaa/graphrestore/artifacts/formal_mio100/graphrestore_v7_1_stage4_step040000/methods/graphrestore_v7_1_stage4_step040000/d2/rain+dark/074.png,b201d7989b40cbe58abb43f2d27fd201ed48ba88c811754a513f1830488f3259,/root/autodl-tmp/graph/data/graphrestore/raw/agenticir/extracted/HQ/074.png,cfa80e9825a34173ab0d1810b1b63bf645aa1b6b743966a77d7d03463319fd8e,24.428020477294922,0.7686927888636067,0.13340522348880768,0.25751498341560364,0.7103582620620728,54.60807800292969
test/B/rain + dark/075,B,rain+dark,/root/autodl-tmp/aaa/graphrestore/artifacts/formal_mio100/graphrestore_v7_1_stage4_step040000/methods/graphrestore_v7_1_stage4_step040000/d2/rain+dark/075.png,3143bc6361a9a3bde6005790bc8acc93019c5af96cc8aa09adb5b547c3a671ef,/root/autodl-tmp/graph/data/graphrestore/raw/agenticir/extracted/HQ/075.png,637e76a0398c825f3214d13b10485f7c180dc359b838ade377382c22c8f6b788,17.968257904052734,0.6919108097857353,0.30512747168540955,0.4103427827358246,0.5703685879707336,69.97563934326172
test/B/rain + dark/076,B,rain+dark,/root/autodl-tmp/aaa/graphrestore/artifacts/formal_mio100/graphrestore_v7_1_stage4_step040000/methods/graphrestore_v7_1_stage4_step040000/d2/rain+dark/076.png,17b7da7de8bed7613d6414452607748d7711d872fb9decf1f1bcf665047b1822,/root/autodl-tmp/graph/data/graphrestore/raw/agenticir/extracted/HQ/076.png,28f7193b83d2979c14a7c73e95657ce02a2cc902196495bea289e190f48cecae,14.201162338256836,0.4463534735144103,0.2599322497844696,0.3232152760028839,0.42773300409317017,52.47493362426758
test/B/rain + dark/077,B,rain+dark,/root/autodl-tmp/aaa/graphrestore/artifacts/formal_mio100/graphrestore_v7_1_stage4_step040000/methods/graphrestore_v7_1_stage4_step040000/d2/rain+dark/077.png,8eae605d451ef8d0cefb923e962932b09fd8ada32e8b266e81f98542b0e882fb,/root/autodl-tmp/graph/data/graphrestore/raw/agenticir/extracted/HQ/077.png,6d0b3c0c4255ee2de7c3c275c114eb531248c06fce157913f4e69dacd492cc91,14.344552993774414,0.6753454725062636,0.40577295422554016,0.34583616256713867,0.3776342272758484,62.861637115478516
test/B/rain + dark/078,B,rain+dark,/root/autodl-tmp/aaa/graphrestore/artifacts/formal_mio100/graphrestore_v7_1_stage4_step040000/methods/graphrestore_v7_1_stage4_step040000/d2/rain+dark/078.png,28c8df26a18f96aa78cf9476fb11fafe372384b6537aa69c4da1e47387a01ed2,/root/autodl-tmp/graph/data/graphrestore/raw/agenticir/extracted/HQ/078.png,ae84b8b3592a0f623d5bd2c5791b049e6fd87155614fbbad37f1ac00a2cfa870,16.79578971862793,0.7180664394757146,0.15752634406089783,0.36274290084838867,0.4866456985473633,69.9688949584961
test/B/rain + dark/079,B,rain+dark,/root/autodl-tmp/aaa/graphrestore/artifacts/formal_mio100/graphrestore_v7_1_stage4_step040000/methods/graphrestore_v7_1_stage4_step040000/d2/rain+dark/079.png,919a8b18a926abf7d92057d9c93fc181d26434acf98b9bda19ae7ad8fc5b74c5,/root/autodl-tmp/graph/data/graphrestore/raw/agenticir/extracted/HQ/079.png,166cde30b17743be2ca3fb2c29004e0b38b126bfa1d8d5f41013c23eb248aad5,16.174728393554688,0.49419598814798676,0.4525238275527954,0.34842002391815186,0.4485982060432434,62.190162658691406
test/B/rain + dark/080,B,rain+dark,/root/autodl-tmp/aaa/graphrestore/artifacts/formal_mio100/graphrestore_v7_1_stage4_step040000/methods/graphrestore_v7_1_stage4_step040000/d2/rain+dark/080.png,e51eb6a0eb30c047b072f0a1f750319852decca11328d94fa8efbfd2365e182f,/root/autodl-tmp/graph/data/graphrestore/raw/agenticir/extracted/HQ/080.png,b208599722bce230536ae4db62272e883a7714d4bfca7d73e1361da3b2ca9225,16.1185302734375,0.6856428822290551,0.18336059153079987,0.3635169267654419,0.4297500252723694,65.66048431396484
test/B/rain + dark/081,B,rain+dark,/root/autodl-tmp/aaa/graphrestore/artifacts/formal_mio100/graphrestore_v7_1_stage4_step040000/methods/graphrestore_v7_1_stage4_step040000/d2/rain+dark/081.png,caedc69ff025f0ad33644b6b10e8ff55ba599fd21c8fbe01852a5c8fd69cb4fb,/root/autodl-tmp/graph/data/graphrestore/raw/agenticir/extracted/HQ/081.png,f86df1e220755af6ab50844f797e3fb45165c5dde9ac8ee1750544154cfd1ad7,20.75912857055664,0.830798086702126,0.11179985105991364,0.16946621239185333,0.20323209464550018,45.516448974609375
test/B/rain + dark/082,B,rain+dark,/root/autodl-tmp/aaa/graphrestore/artifacts/formal_mio100/graphrestore_v7_1_stage4_step040000/methods/graphrestore_v7_1_stage4_step040000/d2/rain+dark/082.png,2779c4f5a3cceee1fd6d0eebc3becf15d398d115ff6d1fd39f20ed9ca4207a22,/root/autodl-tmp/graph/data/graphrestore/raw/agenticir/extracted/HQ/082.png,698a641215db75e2471381c00fc2a84208122a4a0115beeb5679de746977682e,20.5050048828125,0.45811663378108175,0.3776015639305115,0.5319939851760864,0.7497057318687439,71.37308502197266
test/B/rain + dark/083,B,rain+dark,/root/autodl-tmp/aaa/graphrestore/artifacts/formal_mio100/graphrestore_v7_1_stage4_step040000/methods/graphrestore_v7_1_stage4_step040000/d2/rain+dark/083.png,8efa880d1d7eda038adac54c9d217560f11eea2fb8dafc7ae28d288a7f4fbf0d,/root/autodl-tmp/graph/data/graphrestore/raw/agenticir/extracted/HQ/083.png,4772b8d475dfc90626760cea35452db0ee8dfdd89f7cd8def57f8b4d74ecef44,17.17186737060547,0.7625346977630882,0.14023266732692719,0.4678899347782135,0.711894154548645,77.05347442626953
test/B/rain + dark/084,B,rain+dark,/root/autodl-tmp/aaa/graphrestore/artifacts/formal_mio100/graphrestore_v7_1_stage4_step040000/methods/graphrestore_v7_1_stage4_step040000/d2/rain+dark/084.png,45de5724dd980e8ca7684f7d3b9f9f723c01f1b05d1205dd8ad4fbf5ddf205c3,/root/autodl-tmp/graph/data/graphrestore/raw/agenticir/extracted/HQ/084.png,1bc34c4607ba66d84248fe8e7d5e30546ae13841542d8b1cb9146f2a2485df64,17.960359573364258,0.7075004897476918,0.592023491859436,0.24126024544239044,0.2421838343143463,49.85044860839844
test/B/rain + dark/085,B,rain+dark,/root/autodl-tmp/aaa/graphrestore/artifacts/formal_mio100/graphrestore_v7_1_stage4_step040000/methods/graphrestore_v7_1_stage4_step040000/d2/rain+dark/085.png,55f8ee1ff5f04058a0467448e08b66937b443c943c8e36152d151fbcdfab5b72,/root/autodl-tmp/graph/data/graphrestore/raw/agenticir/extracted/HQ/085.png,6174b7cb004afd2a578ec1950d92b99c41115b5a6bf70a511f19156c62bd5274,19.779455184936523,0.6365205085944574,0.32700902223587036,0.2810860872268677,0.321157842874527,47.84281921386719
test/B/rain + dark/086,B,rain+dark,/root/autodl-tmp/aaa/graphrestore/artifacts/formal_mio100/graphrestore_v7_1_stage4_step040000/methods/graphrestore_v7_1_stage4_step040000/d2/rain+dark/086.png,4848c5828f426c0da87eb04bf786aa41c915cb213b4f4e870b307cae62124b57,/root/autodl-tmp/graph/data/graphrestore/raw/agenticir/extracted/HQ/086.png,68a629299aaf0e4d70065c504c9b3e397721fa17a25c2585446914aa5c7bafb5,21.406070709228516,0.9050641720880592,0.1913379430770874,0.5510437488555908,0.6096987128257751,69.85182189941406
test/B/rain + dark/087,B,rain+dark,/root/autodl-tmp/aaa/graphrestore/artifacts/formal_mio100/graphrestore_v7_1_stage4_step040000/methods/graphrestore_v7_1_stage4_step040000/d2/rain+dark/087.png,d074491cf58fe77aa62d977cb04a7a5bc94464159a05a5ef6cda75c8f5211d74,/root/autodl-tmp/graph/data/graphrestore/raw/agenticir/extracted/HQ/087.png,059a862de1498fc3b783bcfcce8fad399573aa912bb6638bbd3d43d23b88cdc6,21.541576385498047,0.66804753969491,0.3607806861400604,0.4065161645412445,0.54412841796875,64.01732635498047
test/B/rain + dark/088,B,rain+dark,/root/autodl-tmp/aaa/graphrestore/artifacts/formal_mio100/graphrestore_v7_1_stage4_step040000/methods/graphrestore_v7_1_stage4_step040000/d2/rain+dark/088.png,f011ddc98e716f556492dba63e520900cae1b031027b1ec3ab5dc88977b9b7ec,/root/autodl-tmp/graph/data/graphrestore/raw/agenticir/extracted/HQ/088.png,e76841066e027bd2a2fa101a4598c597d4891a7c535e3cc3195b7afcc249d7ae,17.087608337402344,0.356774903525473,0.4886228144168854,0.23513880372047424,0.3194058835506439,40.086631774902344
test/B/rain + dark/089,B,rain+dark,/root/autodl-tmp/aaa/graphrestore/artifacts/formal_mio100/graphrestore_v7_1_stage4_step040000/methods/graphrestore_v7_1_stage4_step040000/d2/rain+dark/089.png,0880a957f9bf2ad3c6424871f0c7bd14ff6d07de5460f5a8b978dcefad6f626a,/root/autodl-tmp/graph/data/graphrestore/raw/agenticir/extracted/HQ/089.png,046e493440ea7499fe07cec3853e6e170225ce6cdc903aac14730fa6b9bf36ab,15.520702362060547,0.6874268971988221,0.30648428201675415,0.3673262596130371,0.3950442969799042,65.84064483642578
test/B/rain + dark/090,B,rain+dark,/root/autodl-tmp/aaa/graphrestore/artifacts/formal_mio100/graphrestore_v7_1_stage4_step040000/methods/graphrestore_v7_1_stage4_step040000/d2/rain+dark/090.png,0bf2e164939d9658e7348779da9f4caaddcd4f68b54c339263420f94d074c9a6,/root/autodl-tmp/graph/data/graphrestore/raw/agenticir/extracted/HQ/090.png,830f74b8389bfef595e56e910efc49cf4246f6f7bd552ea8c45d071a0113053c,11.533478736877441,0.6586151553992793,0.3863793611526489,0.40142369270324707,0.4283776879310608,70.01089477539062
test/B/rain + dark/091,B,rain+dark,/root/autodl-tmp/aaa/graphrestore/artifacts/formal_mio100/graphrestore_v7_1_stage4_step040000/methods/graphrestore_v7_1_stage4_step040000/d2/rain+dark/091.png,dbadbf814409b6865c05a50ad9bb1dd22351e73065345b32aeb5e123cd4ad010,/root/autodl-tmp/graph/data/graphrestore/raw/agenticir/extracted/HQ/091.png,5e553db9d41f0f077260ca811d0fc988002511f536fd217035e5495bab201d6c,18.40013313293457,0.6919183365107036,0.2452540546655655,0.4471365809440613,0.3923742473125458,73.32335662841797
test/B/rain + dark/092,B,rain+dark,/root/autodl-tmp/aaa/graphrestore/artifacts/formal_mio100/graphrestore_v7_1_stage4_step040000/methods/graphrestore_v7_1_stage4_step040000/d2/rain+dark/092.png,59cf8aa50c2fade49c16f7468822c22076e7629d8c84c856c3d752ac360b717f,/root/autodl-tmp/graph/data/graphrestore/raw/agenticir/extracted/HQ/092.png,d2fdbb69f6828c6707d3f41abfcb56dcb6e0d8e75181ac8d0c55eea107f20d48,19.782928466796875,0.8560286352645264,0.07411754876375198,0.5814471244812012,0.5614317059516907,67.55950927734375
test/B/rain + dark/093,B,rain+dark,/root/autodl-tmp/aaa/graphrestore/artifacts/formal_mio100/graphrestore_v7_1_stage4_step040000/methods/graphrestore_v7_1_stage4_step040000/d2/rain+dark/093.png,a1c3136d5fe361d2afba541f985a56b2a39cc9d2f1cfb3cc33a2ea3f2071b551,/root/autodl-tmp/graph/data/graphrestore/raw/agenticir/extracted/HQ/093.png,b9ef1df7a3be70176f064c2568ea12d8cd9c9c54b3e8fd72bca53d170eaf06f2,20.695974349975586,0.6236307762844041,0.3541734516620636,0.5328325629234314,0.5765140056610107,69.20651245117188
test/B/rain + dark/094,B,rain+dark,/root/autodl-tmp/aaa/graphrestore/artifacts/formal_mio100/graphrestore_v7_1_stage4_step040000/methods/graphrestore_v7_1_stage4_step040000/d2/rain+dark/094.png,5f796eb45aee2e45e5c7a90623c57147e8bb1ab1e066ae01dc4172463fc54395,/root/autodl-tmp/graph/data/graphrestore/raw/agenticir/extracted/HQ/094.png,45dab31fa407b6793844322a5e147cdfedc3bfa449cd28fc9605f41dba80966d,16.99428367614746,0.6288250294832637,0.26873844861984253,0.5168108940124512,0.5716580748558044,61.05925750732422
test/B/rain + dark/095,B,rain+dark,/root/autodl-tmp/aaa/graphrestore/artifacts/formal_mio100/graphrestore_v7_1_stage4_step040000/methods/graphrestore_v7_1_stage4_step040000/d2/rain+dark/095.png,7e258fb9282fc80ce0fdffe45aa6ae1249e79e09448b013c8d8680baea46f2ca,/root/autodl-tmp/graph/data/graphrestore/raw/agenticir/extracted/HQ/095.png,2f04f8c811593049180a1c6bdcf5d723d3c2f6443ba518c407e4976d7a6b2637,16.117176055908203,0.7701661668331892,0.13748295605182648,0.5007864236831665,0.3838452994823456,68.34971618652344
test/B/rain + dark/096,B,rain+dark,/root/autodl-tmp/aaa/graphrestore/artifacts/formal_mio100/graphrestore_v7_1_stage4_step040000/methods/graphrestore_v7_1_stage4_step040000/d2/rain+dark/096.png,70462dde6bdd14747d99f1ea7afb84995e19a48b9ed4ce713e75150c9dbae6f5,/root/autodl-tmp/graph/data/graphrestore/raw/agenticir/extracted/HQ/096.png,3ac9dbd626f9e294ae10a8ab11a34f6c0132ed355627d25ce3f8790f701fae29,15.362954139709473,0.6841300814336772,0.37273266911506653,0.49455246329307556,0.5975116491317749,73.8297119140625
test/B/rain + dark/097,B,rain+dark,/root/autodl-tmp/aaa/graphrestore/artifacts/formal_mio100/graphrestore_v7_1_stage4_step040000/methods/graphrestore_v7_1_stage4_step040000/d2/rain+dark/097.png,d0b6cb8cdda3f08fef8861d80a3622736c59f1379e83190ce5f987e6b021a517,/root/autodl-tmp/graph/data/graphrestore/raw/agenticir/extracted/HQ/097.png,9b6c3c0d294f54e89b51656b0163aa8d0715dd7904848721ea76c07ccf737d2e,20.783470153808594,0.6718348431236062,0.320248007774353,0.5056026577949524,0.6795752644538879,68.96515655517578
test/B/rain + dark/098,B,rain+dark,/root/autodl-tmp/aaa/graphrestore/artifacts/formal_mio100/graphrestore_v7_1_stage4_step040000/methods/graphrestore_v7_1_stage4_step040000/d2/rain+dark/098.png,feb9a0fcd0e0bd03a2eb1b3a67e201dfa7eee288046f1210a3166b108747aa7a,/root/autodl-tmp/graph/data/graphrestore/raw/agenticir/extracted/HQ/098.png,f0574e5262ab9942e66006e0df3aab8738de997489badc302e131ae74299181f,19.468360900878906,0.8062707107289785,0.1640068143606186,0.44431155920028687,0.5086507201194763,67.10314178466797
test/B/rain + dark/099,B,rain+dark,/root/autodl-tmp/aaa/graphrestore/artifacts/formal_mio100/graphrestore_v7_1_stage4_step040000/methods/graphrestore_v7_1_stage4_step040000/d2/rain+dark/099.png,33457e7e9872642709460f82f14944eb1dbf07c651dacd6af170b3f1d788d713,/root/autodl-tmp/graph/data/graphrestore/raw/agenticir/extracted/HQ/099.png,15ddff6cab9869d7fe8a7cb6fd328b436bbfa9b089e6adcbba7a5048e4c97f8b,16.888914108276367,0.560850706940158,0.19647446274757385,0.47819802165031433,0.521765947341919,69.2039566040039
test/B/rain + dark/100,B,rain+dark,/root/autodl-tmp/aaa/graphrestore/artifacts/formal_mio100/graphrestore_v7_1_stage4_step040000/methods/graphrestore_v7_1_stage4_step040000/d2/rain+dark/100.png,6b198028d9c0df383df7c663f8540e5b0dd4bffdc69ae4937c86cfc08b0ed36e,/root/autodl-tmp/graph/data/graphrestore/raw/agenticir/extracted/HQ/100.png,b7f5d60dbb3e7047b9c62efc7d61db97052a2cde687d3fae367a14a6793a0c40,21.205162048339844,0.6724136091051994,0.2647523283958435,0.5299436450004578,0.6785213351249695,67.24557495117188
test/C/haze + motion blur + low resolution/001,C,haze+motion blur+low resolution,/root/autodl-tmp/aaa/graphrestore/artifacts/formal_mio100/graphrestore_v7_1_stage4_step040000/methods/graphrestore_v7_1_stage4_step040000/d3/haze+motion blur+low resolution/001.png,60c3c9536654bfb8fde29a5f9ae57bca446a95d6020e53f35fa0cf07ed2082d8,/root/autodl-tmp/graph/data/graphrestore/raw/agenticir/extracted/HQ/001.png,501f9b012a3f9c95787db8151eddf07dcae5e163688c011649d3ff3f00372cae,14.809568405151367,0.6107068769381511,0.43141549825668335,0.17539089918136597,0.2879084050655365,27.203022003173828
test/C/haze + motion blur + low resolution/002,C,haze+motion blur+low resolution,/root/autodl-tmp/aaa/graphrestore/artifacts/formal_mio100/graphrestore_v7_1_stage4_step040000/methods/graphrestore_v7_1_stage4_step040000/d3/haze+motion blur+low resolution/002.png,9027a8ab6b9e36589844dfcb0bd4a9632a360fb6cf774d65e1a1bf21ed186fe9,/root/autodl-tmp/graph/data/graphrestore/raw/agenticir/extracted/HQ/002.png,e65fb0b7adb1176b47486303c8cc4f49a0173f91e00d28e0c3a4d3eccae286b4,14.8087158203125,0.710706086585816,0.2884816825389862,0.29616492986679077,0.38091832399368286,61.718849182128906
test/C/haze + motion blur + low resolution/003,C,haze+motion blur+low resolution,/root/autodl-tmp/aaa/graphrestore/artifacts/formal_mio100/graphrestore_v7_1_stage4_step040000/methods/graphrestore_v7_1_stage4_step040000/d3/haze+motion blur+low resolution/003.png,44c65a707122804b989ded676a2cc78a40f74bc70b6a7cff9204fc87e20df925,/root/autodl-tmp/graph/data/graphrestore/raw/agenticir/extracted/HQ/003.png,c2a2513992db412a7160dfa2f82535dccaa188db91df80ee6ed5b0dd5c5d2d1a,14.80589485168457,0.5513420689078787,0.521887481212616,0.21551115810871124,0.2852739989757538,49.84105682373047
test/C/haze + motion blur + low resolution/004,C,haze+motion blur+low resolution,/root/autodl-tmp/aaa/graphrestore/artifacts/formal_mio100/graphrestore_v7_1_stage4_step040000/methods/graphrestore_v7_1_stage4_step040000/d3/haze+motion blur+low resolution/004.png,ccc05331142dda053a7459f92bf88da31aa1b7edae63b81eadea161cc8812059,/root/autodl-tmp/graph/data/graphrestore/raw/agenticir/extracted/HQ/004.png,f1ad3f60cd8e680739263535ab1620a2490f3bc0c65a9355a965c7dff9be1fed,16.921920776367188,0.6600925727562706,0.401806116104126,0.17233705520629883,0.29306158423423767,52.66998291015625
test/C/haze + motion blur + low resolution/005,C,haze+motion blur+low resolution,/root/autodl-tmp/aaa/graphrestore/artifacts/formal_mio100/graphrestore_v7_1_stage4_step040000/methods/graphrestore_v7_1_stage4_step040000/d3/haze+motion blur+low resolution/005.png,7622b5795cae427d725ff4b7a8abe60be190ac9bd5ed24a5ff51ae169ce33307,/root/autodl-tmp/graph/data/graphrestore/raw/agenticir/extracted/HQ/005.png,1d8eb1ef9c1817c087956135efa85be686e7169ef11eb532c768d32d7267a0ff,15.243481636047363,0.39690382609565106,0.4094853401184082,0.18196196854114532,0.3374358117580414,58.35539245605469
test/C/haze + motion blur + low resolution/006,C,haze+motion blur+low resolution,/root/autodl-tmp/aaa/graphrestore/artifacts/formal_mio100/graphrestore_v7_1_stage4_step040000/methods/graphrestore_v7_1_stage4_step040000/d3/haze+motion blur+low resolution/006.png,9a0f3a8797036c44ee7dca7e430f62563622ad4a7a0f80173c70e1ed10e53d07,/root/autodl-tmp/graph/data/graphrestore/raw/agenticir/extracted/HQ/006.png,f62feddd2f379d039dd1effe18b6368c79a6fe31fb8177f797c9f230eb8e1211,13.94310188293457,0.5761371976553044,0.5015869736671448,0.20947296917438507,0.2690301239490509,41.786155700683594
test/C/haze + motion blur + low resolution/007,C,haze+motion blur+low resolution,/root/autodl-tmp/aaa/graphrestore/artifacts/formal_mio100/graphrestore_v7_1_stage4_step040000/methods/graphrestore_v7_1_stage4_step040000/d3/haze+motion blur+low resolution/007.png,06567ae6dd55eaae795efd187a609feab074b45841824ca0f100594db8b97a69,/root/autodl-tmp/graph/data/graphrestore/raw/agenticir/extracted/HQ/007.png,b876f087d5f42a9350f28383ff2df22156b6bbba702809d134b7713d9430881c,14.30438232421875,0.5619193408601109,0.47230085730552673,0.19268624484539032,0.2990144193172455,48.583251953125
test/C/haze + motion blur + low resolution/008,C,haze+motion blur+low resolution,/root/autodl-tmp/aaa/graphrestore/artifacts/formal_mio100/graphrestore_v7_1_stage4_step040000/methods/graphrestore_v7_1_stage4_step040000/d3/haze+motion blur+low resolution/008.png,aa7b64bf9eb36ff0d1592739e0dc43da3ad6e84881209b6941712288c1cd39ee,/root/autodl-tmp/graph/data/graphrestore/raw/agenticir/extracted/HQ/008.png,4efb8dbbd2ba5090b7b951a456ec5ed27a5d61360ab95cb1c5a9366f2868cb94,18.940637588500977,0.6011357861264062,0.43041640520095825,0.19210201501846313,0.3304513990879059,33.88031768798828
test/C/haze + motion blur + low resolution/009,C,haze+motion blur+low resolution,/root/autodl-tmp/aaa/graphrestore/artifacts/formal_mio100/graphrestore_v7_1_stage4_step040000/methods/graphrestore_v7_1_stage4_step040000/d3/haze+motion blur+low resolution/009.png,ea61f079393cdd8ddb8d6f12cbe6a4664afbf74ed5dca34f3227b155ebc60546,/root/autodl-tmp/graph/data/graphrestore/raw/agenticir/extracted/HQ/009.png,5b779ac0fbe5d1e4d4126fd2864493dcc2ecdbde374ede7e29a054b2a9cb4f21,16.466938018798828,0.8636436107282961,0.22701427340507507,0.23729829490184784,0.3079439699649811,35.268123626708984
test/C/haze + motion blur + low resolution/010,C,haze+motion blur+low resolution,/root/autodl-tmp/aaa/graphrestore/artifacts/formal_mio100/graphrestore_v7_1_stage4_step040000/methods/graphrestore_v7_1_stage4_step040000/d3/haze+motion blur+low resolution/010.png,dfd895c66b85f2f1c46ce6a2f52346ee37c91ed4bb4ba2a78f191b3687dcb79c,/root/autodl-tmp/graph/data/graphrestore/raw/agenticir/extracted/HQ/010.png,327492996d853f5c8873b435f98a91afd07db64567545baa61c9f4f64f717a0d,18.16939926147461,0.6049853063044108,0.4739059507846832,0.2317708134651184,0.6213144659996033,55.67293930053711
test/C/haze + motion blur + low resolution/011,C,haze+motion blur+low resolution,/root/autodl-tmp/aaa/graphrestore/artifacts/formal_mio100/graphrestore_v7_1_stage4_step040000/methods/graphrestore_v7_1_stage4_step040000/d3/haze+motion blur+low resolution/011.png,d35c4054b7e9b6357c36724cc6f5395eb4fc563dfccbf91f8d1f0bab5a129da7,/root/autodl-tmp/graph/data/graphrestore/raw/agenticir/extracted/HQ/011.png,dcafe4ee2b43e667674ccc874b42e160ea37427b7c935297734ba69ece6b6f35,14.816932678222656,0.27242245018750877,0.6313411593437195,0.22416925430297852,0.35902664065361023,44.29600524902344
test/C/haze + motion blur + low resolution/012,C,haze+motion blur+low resolution,/root/autodl-tmp/aaa/graphrestore/artifacts/formal_mio100/graphrestore_v7_1_stage4_step040000/methods/graphrestore_v7_1_stage4_step040000/d3/haze+motion blur+low resolution/012.png,536642e88b83773e51bebadd5013b02b2f1d434291ad6c038efa04b989549656,/root/autodl-tmp/graph/data/graphrestore/raw/agenticir/extracted/HQ/012.png,0884a3dabb3fa30cde26a4dfbf003a133139f708c65c3f8b02c24a87a6d073c3,18.902090072631836,0.7339469607321626,0.22898268699645996,0.22894293069839478,0.40009957551956177,39.97604751586914
test/C/haze + motion blur + low resolution/013,C,haze+motion blur+low resolution,/root/autodl-tmp/aaa/graphrestore/artifacts/formal_mio100/graphrestore_v7_1_stage4_step040000/methods/graphrestore_v7_1_stage4_step040000/d3/haze+motion blur+low resolution/013.png,d03fdf6e63ec03a0989897b73a9b5cf67377dfd3d9817a80f3b19bdb5a549284,/root/autodl-tmp/graph/data/graphrestore/raw/agenticir/extracted/HQ/013.png,afe18305499bd0b8318392e8f34ede33aafb5a0df2371075fe9f30a1c81a75eb,15.923481941223145,0.31844537856289773,0.6290338039398193,0.27729591727256775,0.35366976261138916,40.479515075683594
test/C/haze + motion blur + low resolution/014,C,haze+motion blur+low resolution,/root/autodl-tmp/aaa/graphrestore/artifacts/formal_mio100/graphrestore_v7_1_stage4_step040000/methods/graphrestore_v7_1_stage4_step040000/d3/haze+motion blur+low resolution/014.png,0e834e04d1a9b9fc73cb8d45921fd1cc174d51467252209186ba804254afec76,/root/autodl-tmp/graph/data/graphrestore/raw/agenticir/extracted/HQ/014.png,2d569d9b923a96b1542c0b845dce0c7657794eba9f6f22ae5d02f335ef1bc4a0,19.787668228149414,0.6577311394419361,0.2818407118320465,0.20139732956886292,0.4327763617038727,35.97015380859375
test/C/haze + motion blur + low resolution/015,C,haze+motion blur+low resolution,/root/autodl-tmp/aaa/graphrestore/artifacts/formal_mio100/graphrestore_v7_1_stage4_step040000/methods/graphrestore_v7_1_stage4_step040000/d3/haze+motion blur+low resolution/015.png,ae04a945193d51f1efd839fa5ad34c078f6a7aa94600475b3819959539c5f2b3,/root/autodl-tmp/graph/data/graphrestore/raw/agenticir/extracted/HQ/015.png,286adb5a1c45ee88f14e1b16e3af420910584bf5ebdd72c40cf75317559c731f,15.817421913146973,0.4408222195685517,0.37501516938209534,0.26596662402153015,0.4128064215183258,40.54927062988281
test/C/haze + motion blur + low resolution/016,C,haze+motion blur+low resolution,/root/autodl-tmp/aaa/graphrestore/artifacts/formal_mio100/graphrestore_v7_1_stage4_step040000/methods/graphrestore_v7_1_stage4_step040000/d3/haze+motion blur+low resolution/016.png,0f1a36a36f4b6afb5cd36572b67444223f5b15b70ee2e5ee95823a6f03deab81,/root/autodl-tmp/graph/data/graphrestore/raw/agenticir/extracted/HQ/016.png,ddc71b4b9bd2a57cabf985c7743b8ff7083a0d9205008603edb440ba27da9313,10.233244895935059,0.2718887001977177,0.7345984578132629,0.14132922887802124,0.3182705342769623,24.13690185546875
test/C/haze + motion blur + low resolution/017,C,haze+motion blur+low resolution,/root/autodl-tmp/aaa/graphrestore/artifacts/formal_mio100/graphrestore_v7_1_stage4_step040000/methods/graphrestore_v7_1_stage4_step040000/d3/haze+motion blur+low resolution/017.png,3698dd0509a0d07156078802044c7bb54fef77fce61a8b94224ec48ffa882207,/root/autodl-tmp/graph/data/graphrestore/raw/agenticir/extracted/HQ/017.png,ab3ab0c03c2d8c9c0befbcad219fae23c9795fdf99d664630f4f4febbd02c519,19.476001739501953,0.6304501796990102,0.2972569763660431,0.20499439537525177,0.46376141905784607,42.5169677734375
test/C/haze + motion blur + low resolution/018,C,haze+motion blur+low resolution,/root/autodl-tmp/aaa/graphrestore/artifacts/formal_mio100/graphrestore_v7_1_stage4_step040000/methods/graphrestore_v7_1_stage4_step040000/d3/haze+motion blur+low resolution/018.png,25c0956146a2f300a39b900945f214520d2228f001cb8970a5986ceddcc1c773,/root/autodl-tmp/graph/data/graphrestore/raw/agenticir/extracted/HQ/018.png,66db8e4aeb78f506ae4415572eb910726c3f16ede70138093ab4eced187b8df1,12.932629585266113,0.20536540784248983,0.9225741624832153,0.15749065577983856,0.20409460365772247,22.972179412841797
test/C/haze + motion blur + low resolution/019,C,haze+motion blur+low resolution,/root/autodl-tmp/aaa/graphrestore/artifacts/formal_mio100/graphrestore_v7_1_stage4_step040000/methods/graphrestore_v7_1_stage4_step040000/d3/haze+motion blur+low resolution/019.png,370ca4ac66430764f7a4207a926659b0ccd22d19f719ecceefa379fe7157c316,/root/autodl-tmp/graph/data/graphrestore/raw/agenticir/extracted/HQ/019.png,fb026cef85a4f7e64ad7c5f064ed15de1f04a7a7b6bde70b28ee78a55db21aeb,11.476191520690918,0.28154636327952715,0.6040392518043518,0.23832149803638458,0.29808327555656433,29.391298294067383
test/C/haze + motion blur + low resolution/020,C,haze+motion blur+low resolution,/root/autodl-tmp/aaa/graphrestore/artifacts/formal_mio100/graphrestore_v7_1_stage4_step040000/methods/graphrestore_v7_1_stage4_step040000/d3/haze+motion blur+low resolution/020.png,8e934cbe235848b915fc0effd64c00d0197a19f70d24624ee9fde2d3a5f23f66,/root/autodl-tmp/graph/data/graphrestore/raw/agenticir/extracted/HQ/020.png,daa15d9f51eab9eca70197a7f05df7873e3eab75e432b0a81fe9488be552f37a,13.494816780090332,0.23191059260079036,0.6994150280952454,0.14772087335586548,0.29131656885147095,24.21993637084961
test/C/haze + motion blur + low resolution/021,C,haze+motion blur+low resolution,/root/autodl-tmp/aaa/graphrestore/artifacts/formal_mio100/graphrestore_v7_1_stage4_step040000/methods/graphrestore_v7_1_stage4_step040000/d3/haze+motion blur+low resolution/021.png,2f3d5bcbc1b88ec72778cf352db6c9e73fa216f7eaab15bddcf5b533ec861354,/root/autodl-tmp/graph/data/graphrestore/raw/agenticir/extracted/HQ/021.png,9fcc8dda4bbbe5e54e419f5cbb07e7b4310dd291ad1f1cd3cd65a90f9809baa8,19.055845260620117,0.4815719279736371,0.5756068825721741,0.18346938490867615,0.2638404667377472,27.36439323425293
test/C/haze + motion blur + low resolution/022,C,haze+motion blur+low resolution,/root/autodl-tmp/aaa/graphrestore/artifacts/formal_mio100/graphrestore_v7_1_stage4_step040000/methods/graphrestore_v7_1_stage4_step040000/d3/haze+motion blur+low resolution/022.png,64984d571234f1776fb31b0aae0914103a5fcec3a9d5fd50d8dd7649b14bf4cb,/root/autodl-tmp/graph/data/graphrestore/raw/agenticir/extracted/HQ/022.png,70c41dc6f249472324664323044853cb85a1256f39b4a31853ddbd89fcc1e191,16.509868621826172,0.5666754489254913,0.4472605586051941,0.22638052701950073,0.3712659776210785,23.568239212036133
test/C/haze + motion blur + low resolution/023,C,haze+motion blur+low resolution,/root/autodl-tmp/aaa/graphrestore/artifacts/formal_mio100/graphrestore_v7_1_stage4_step040000/methods/graphrestore_v7_1_stage4_step040000/d3/haze+motion blur+low resolution/023.png,f9b7cc0dfc496ba0b1e525c2d005b855b9d525a31e901572ff91937bcf551073,/root/autodl-tmp/graph/data/graphrestore/raw/agenticir/extracted/HQ/023.png,befde78eca5789c87200ca1e2ac905ba8ad5706b50af86454bd30bc857c90e02,16.214616775512695,0.5178837887555954,0.5389735102653503,0.22618961334228516,0.2302280217409134,27.9316463470459
test/C/haze + motion blur + low resolution/024,C,haze+motion blur+low resolution,/root/autodl-tmp/aaa/graphrestore/artifacts/formal_mio100/graphrestore_v7_1_stage4_step040000/methods/graphrestore_v7_1_stage4_step040000/d3/haze+motion blur+low resolution/024.png,a7ab146edc893c8aa8837f2b4b525ec20ea62671598321a6407f827bce62be6f,/root/autodl-tmp/graph/data/graphrestore/raw/agenticir/extracted/HQ/024.png,e51441e174dd8dc0c47872ccb4221ab3f054b716588ee0f42d58a56098bd9538,17.263442993164062,0.4696318650881973,0.5230281949043274,0.08684041351079941,0.19618360698223114,29.296836853027344
test/C/haze + motion blur + low resolution/025,C,haze+motion blur+low resolution,/root/autodl-tmp/aaa/graphrestore/artifacts/formal_mio100/graphrestore_v7_1_stage4_step040000/methods/graphrestore_v7_1_stage4_step040000/d3/haze+motion blur+low resolution/025.png,d19a80b13155cc3800d4842977884253cd37ca996e30f50fc4dfc26e01e19f16,/root/autodl-tmp/graph/data/graphrestore/raw/agenticir/extracted/HQ/025.png,f384d4a9bc3c31bc29038378f849002dc4ff2db373d852b732f5cfc24ebed244,17.307132720947266,0.5381918801487834,0.5428370833396912,0.15459342300891876,0.22839167714118958,29.494792938232422
test/C/haze + motion blur + low resolution/026,C,haze+motion blur+low resolution,/root/autodl-tmp/aaa/graphrestore/artifacts/formal_mio100/graphrestore_v7_1_stage4_step040000/methods/graphrestore_v7_1_stage4_step040000/d3/haze+motion blur+low resolution/026.png,aa2d4abe86a58016611550b2bbb48f838fd778fc66563884044abe8b850b2d9a,/root/autodl-tmp/graph/data/graphrestore/raw/agenticir/extracted/HQ/026.png,cfce1d4c02a00f28988a64f63cd538c4147c3a72c147a6549d71f1105d671224,14.3282470703125,0.6234506285694755,0.48184728622436523,0.19314688444137573,0.22503840923309326,30.864261627197266
test/C/haze + motion blur + low resolution/027,C,haze+motion blur+low resolution,/root/autodl-tmp/aaa/graphrestore/artifacts/formal_mio100/graphrestore_v7_1_stage4_step040000/methods/graphrestore_v7_1_stage4_step040000/d3/haze+motion blur+low resolution/027.png,2fcd97fe55a2c3e57415266bc0fd72240b3fd9a0bbb03a045fe6f4be9edf03b5,/root/autodl-tmp/graph/data/graphrestore/raw/agenticir/extracted/HQ/027.png,d69be3d26f3d3c95ffd9de3bd8d565120e0f09fb4aa84c72ae18d8fc4f871aae,19.817241668701172,0.642430266563302,0.37928080558776855,0.18426789343357086,0.24945056438446045,47.344932556152344
test/C/haze + motion blur + low resolution/028,C,haze+motion blur+low resolution,/root/autodl-tmp/aaa/graphrestore/artifacts/formal_mio100/graphrestore_v7_1_stage4_step040000/methods/graphrestore_v7_1_stage4_step040000/d3/haze+motion blur+low resolution/028.png,39c995730ef3e60b0a0daaa4f81c1ebecd949854f0e1d5beb32bac3663b8cbae,/root/autodl-tmp/graph/data/graphrestore/raw/agenticir/extracted/HQ/028.png,181f97da79059de1a93d1a0d30f6851393282c6af8b607d83ce29ab8c9dbf771,26.36211395263672,0.8548195741478471,0.26002737879753113,0.24075615406036377,0.39856669306755066,38.995941162109375
test/C/haze + motion blur + low resolution/029,C,haze+motion blur+low resolution,/root/autodl-tmp/aaa/graphrestore/artifacts/formal_mio100/graphrestore_v7_1_stage4_step040000/methods/graphrestore_v7_1_stage4_step040000/d3/haze+motion blur+low resolution/029.png,ee8c85bc17f28ad7cfdadb23c8ea0e16b8bbfc120195ffa2b93b5216b7f89029,/root/autodl-tmp/graph/data/graphrestore/raw/agenticir/extracted/HQ/029.png,3c7f43d0544ada8d7b64d7bb197621349fa1dcdf8400fb6128afaf8787814556,18.589771270751953,0.5152504583886791,0.45413827896118164,0.16159412264823914,0.26015976071357727,30.945350646972656
test/C/haze + motion blur + low resolution/030,C,haze+motion blur+low resolution,/root/autodl-tmp/aaa/graphrestore/artifacts/formal_mio100/graphrestore_v7_1_stage4_step040000/methods/graphrestore_v7_1_stage4_step040000/d3/haze+motion blur+low resolution/030.png,84358f5f78ca238c840bda64e27fcde8864b117ab1204dbd885092342dd3d630,/root/autodl-tmp/graph/data/graphrestore/raw/agenticir/extracted/HQ/030.png,576b0158cf5a541dd6aaf522902400e8ba3175aacca36d9df22951f52acf3f2f,12.613471984863281,0.4140453428281217,0.5605021715164185,0.2058582454919815,0.34807726740837097,34.39710235595703
test/C/haze + motion blur + low resolution/031,C,haze+motion blur+low resolution,/root/autodl-tmp/aaa/graphrestore/artifacts/formal_mio100/graphrestore_v7_1_stage4_step040000/methods/graphrestore_v7_1_stage4_step040000/d3/haze+motion blur+low resolution/031.png,94da2c4d77a32f9cfae05f887aea49997894e758effe8dae8fab3f1dec588a16,/root/autodl-tmp/graph/data/graphrestore/raw/agenticir/extracted/HQ/031.png,ee314f8cd1954636c1817c95d1cb0db5aa871e179961c3463869d5dc2100d422,16.879446029663086,0.4540087975881966,0.6485304236412048,0.1087607592344284,0.25563567876815796,15.652584075927734
test/C/haze + motion blur + low resolution/032,C,haze+motion blur+low resolution,/root/autodl-tmp/aaa/graphrestore/artifacts/formal_mio100/graphrestore_v7_1_stage4_step040000/methods/graphrestore_v7_1_stage4_step040000/d3/haze+motion blur+low resolution/032.png,9265962670e1e74b9fbf338b769c59f213e17d3736ddd2843e9e0fd1bd554e85,/root/autodl-tmp/graph/data/graphrestore/raw/agenticir/extracted/HQ/032.png,e9749385ec471240dd782d677482b0d949b80ccb7472dc409fa260d1748ed9b9,14.06142807006836,0.5406045526994663,0.4737628698348999,0.2518983781337738,0.4228934347629547,27.9885311126709
test/C/haze + motion blur + low resolution/033,C,haze+motion blur+low resolution,/root/autodl-tmp/aaa/graphrestore/artifacts/formal_mio100/graphrestore_v7_1_stage4_step040000/methods/graphrestore_v7_1_stage4_step040000/d3/haze+motion blur+low resolution/033.png,3a0daf5d93bd4933088b16f1f0d39f0acbecc4b239afca080f1219011ec79ad8,/root/autodl-tmp/graph/data/graphrestore/raw/agenticir/extracted/HQ/033.png,9590f1419e378254c01f330c248e12e8a62792b04a27b72daf2c0afd6c41c758,14.76376724243164,0.33064009012131174,0.6758808493614197,0.11392353475093842,0.24455533921718597,29.46037483215332
test/C/haze + motion blur + low resolution/034,C,haze+motion blur+low resolution,/root/autodl-tmp/aaa/graphrestore/artifacts/formal_mio100/graphrestore_v7_1_stage4_step040000/methods/graphrestore_v7_1_stage4_step040000/d3/haze+motion blur+low resolution/034.png,0aaa42732f74c74f5aa9b8e4bb2d5b2cd5625533d9c20dad3e721977a1e04876,/root/autodl-tmp/graph/data/graphrestore/raw/agenticir/extracted/HQ/034.png,0575cc2334f8f50fcbd3d9f58173645db8764f938ee55e8899084ca2b66fd018,12.859636306762695,0.33818245716641393,0.8809382319450378,0.230299711227417,0.3485330045223236,32.412601470947266
test/C/haze + motion blur + low resolution/035,C,haze+motion blur+low resolution,/root/autodl-tmp/aaa/graphrestore/artifacts/formal_mio100/graphrestore_v7_1_stage4_step040000/methods/graphrestore_v7_1_stage4_step040000/d3/haze+motion blur+low resolution/035.png,f634efec722de6f34f21b3166d4f5277a970b30bccf01d782e054f59be0b4c99,/root/autodl-tmp/graph/data/graphrestore/raw/agenticir/extracted/HQ/035.png,4e230744a9cb7c3ebe976ae7267155312b876fb355283b4938b34b758aef7ff9,16.80782127380371,0.5550480153268659,0.43085038661956787,0.2524614632129669,0.41622480750083923,44.452972412109375
test/C/haze + motion blur + low resolution/036,C,haze+motion blur+low resolution,/root/autodl-tmp/aaa/graphrestore/artifacts/formal_mio100/graphrestore_v7_1_stage4_step040000/methods/graphrestore_v7_1_stage4_step040000/d3/haze+motion blur+low resolution/036.png,d729276c13be06da95a469f35fe398f1884c94fde4ead44d503a2f8514b937ae,/root/autodl-tmp/graph/data/graphrestore/raw/agenticir/extracted/HQ/036.png,409fbd0ad51be33e9e2711cb7b22cb39999eaac6e278ca1621c20300be446d76,14.463808059692383,0.25520439467909745,0.6368288993835449,0.11910256743431091,0.3688093423843384,16.73138999938965
test/C/haze + motion blur + low resolution/037,C,haze+motion blur+low resolution,/root/autodl-tmp/aaa/graphrestore/artifacts/formal_mio100/graphrestore_v7_1_stage4_step040000/methods/graphrestore_v7_1_stage4_step040000/d3/haze+motion blur+low resolution/037.png,dc88047de4fa4b09522f02e32e681e530f43e3758b7048c491cf8fee484b3385,/root/autodl-tmp/graph/data/graphrestore/raw/agenticir/extracted/HQ/037.png,8f31abe11ce5d5377f131fdc788024ffb8d5cfdda501c06a64ca1fc80fab0d07,18.64864730834961,0.664967099186327,0.44261160492897034,0.20700407028198242,0.26437515020370483,18.91596221923828
test/C/haze + motion blur + low resolution/038,C,haze+motion blur+low resolution,/root/autodl-tmp/aaa/graphrestore/artifacts/formal_mio100/graphrestore_v7_1_stage4_step040000/methods/graphrestore_v7_1_stage4_step040000/d3/haze+motion blur+low resolution/038.png,4444bab7e6922149a4f4a8828b2f3d246a08be6e5930f85aa7febb54f2f9b4a1,/root/autodl-tmp/graph/data/graphrestore/raw/agenticir/extracted/HQ/038.png,fe7df2186482ca2cc105baed74cb1da9667b3b03e1629055880b6012db131aa1,13.967775344848633,0.4465954766690383,0.6774340867996216,0.11028817296028137,0.27089473605155945,16.52363395690918
test/C/haze + motion blur + low resolution/039,C,haze+motion blur+low resolution,/root/autodl-tmp/aaa/graphrestore/artifacts/formal_mio100/graphrestore_v7_1_stage4_step040000/methods/graphrestore_v7_1_stage4_step040000/d3/haze+motion blur+low resolution/039.png,b4799ca1c573fc9d557f6b9b2046eacacb7629a87b65d8330ff9f405f3739933,/root/autodl-tmp/graph/data/graphrestore/raw/agenticir/extracted/HQ/039.png,a2038f7610363fb1916197e0557fa84b50b610d86885a2d6409f9e3aa75fbbcd,21.043397903442383,0.7884656387194924,0.3266136050224304,0.2052241712808609,0.30464181303977966,36.09983825683594
test/C/haze + motion blur + low resolution/040,C,haze+motion blur+low resolution,/root/autodl-tmp/aaa/graphrestore/artifacts/formal_mio100/graphrestore_v7_1_stage4_step040000/methods/graphrestore_v7_1_stage4_step040000/d3/haze+motion blur+low resolution/040.png,d32cebfd540e25c133dd19170266329e30100b5c7f899976246947e3a4da65e9,/root/autodl-tmp/graph/data/graphrestore/raw/agenticir/extracted/HQ/040.png,c5a9e4bb9d84a6734bdc04c272c48c1b17b150a1e346afab2338eb0ba41f1464,13.305973052978516,0.4908862504637366,0.6150668859481812,0.17425468564033508,0.3320068120956421,29.034914016723633
test/C/haze + motion blur + low resolution/041,C,haze+motion blur+low resolution,/root/autodl-tmp/aaa/graphrestore/artifacts/formal_mio100/graphrestore_v7_1_stage4_step040000/methods/graphrestore_v7_1_stage4_step040000/d3/haze+motion blur+low resolution/041.png,32b6a282a6ee85b29af3228401f89b2ed3c4b8c319593249a8161b5aa291a126,/root/autodl-tmp/graph/data/graphrestore/raw/agenticir/extracted/HQ/041.png,8d928c89de2952ccb40028ba7ecd3f9fee3f3907c9a371fbbcb7fdaf683bc27e,15.435123443603516,0.2456799841704397,0.7480061650276184,0.1728784441947937,0.3014851212501526,34.482688903808594
test/C/haze + motion blur + low resolution/042,C,haze+motion blur+low resolution,/root/autodl-tmp/aaa/graphrestore/artifacts/formal_mio100/graphrestore_v7_1_stage4_step040000/methods/graphrestore_v7_1_stage4_step040000/d3/haze+motion blur+low resolution/042.png,6f3b20affc95f513a1fe59944c6a84ab92329a8cb6faeef52acb0ce43441a264,/root/autodl-tmp/graph/data/graphrestore/raw/agenticir/extracted/HQ/042.png,9ae42a00babed185468a76384204ff947b6baab53a82ca9b3cff6ef951f461bf,10.72996711730957,0.43222934337264435,0.7137208580970764,0.3059072196483612,0.28708869218826294,30.49254035949707
test/C/haze + motion blur + low resolution/043,C,haze+motion blur+low resolution,/root/autodl-tmp/aaa/graphrestore/artifacts/formal_mio100/graphrestore_v7_1_stage4_step040000/methods/graphrestore_v7_1_stage4_step040000/d3/haze+motion blur+low resolution/043.png,6ba49ca6b3ef8af1d73710913947e22427e40f82a382349c5291051cfebc78bf,/root/autodl-tmp/graph/data/graphrestore/raw/agenticir/extracted/HQ/043.png,15880c27b3101797c4e5896dee7349ad832ac1c49fcd0c559b357f4e28296b4d,18.91107177734375,0.42125619706408923,0.5444105863571167,0.22563357651233673,0.2690370976924896,48.75340270996094
test/C/haze + motion blur + low resolution/044,C,haze+motion blur+low resolution,/root/autodl-tmp/aaa/graphrestore/artifacts/formal_mio100/graphrestore_v7_1_stage4_step040000/methods/graphrestore_v7_1_stage4_step040000/d3/haze+motion blur+low resolution/044.png,7fa6713b36facec93c9f4856bef68a03024df54582d2ff19221869f09a6173b6,/root/autodl-tmp/graph/data/graphrestore/raw/agenticir/extracted/HQ/044.png,0645011c1dc3777ab263df617d1747b902c2d321de6f939549cfbe43eabc9245,20.238344192504883,0.5202821115793926,0.5542169809341431,0.2354230135679245,0.45714065432548523,38.197052001953125
test/C/haze + motion blur + low resolution/045,C,haze+motion blur+low resolution,/root/autodl-tmp/aaa/graphrestore/artifacts/formal_mio100/graphrestore_v7_1_stage4_step040000/methods/graphrestore_v7_1_stage4_step040000/d3/haze+motion blur+low resolution/045.png,9cca35cc1ee63c1dd886ee3fd82ccf111342c82c21b67deb9eb8e75a5d2e7d86,/root/autodl-tmp/graph/data/graphrestore/raw/agenticir/extracted/HQ/045.png,d3e352c98c1fe9df1181c1e362bb9c3ba3a1d077456198796083821dab20d1fc,13.849905967712402,0.3075035983950407,0.8396924138069153,0.29094141721725464,0.24026165902614594,25.775972366333008
test/C/haze + motion blur + low resolution/046,C,haze+motion blur+low resolution,/root/autodl-tmp/aaa/graphrestore/artifacts/formal_mio100/graphrestore_v7_1_stage4_step040000/methods/graphrestore_v7_1_stage4_step040000/d3/haze+motion blur+low resolution/046.png,75b1676cd7b0643afcaa4c77a296e18a5fc654cc6a8b4029e3724f959c56410f,/root/autodl-tmp/graph/data/graphrestore/raw/agenticir/extracted/HQ/046.png,af4b21bf96515f2ff4f97a4990856b43ae02a1d8f39909428228a2612b5f936f,18.928314208984375,0.3619315558358254,0.640651524066925,0.30408167839050293,0.4111972749233246,44.47306823730469
test/C/haze + motion blur + low resolution/047,C,haze+motion blur+low resolution,/root/autodl-tmp/aaa/graphrestore/artifacts/formal_mio100/graphrestore_v7_1_stage4_step040000/methods/graphrestore_v7_1_stage4_step040000/d3/haze+motion blur+low resolution/047.png,5579b392ee2289a0217a945484d82a8c51c151476b489ffb915093b100b93929,/root/autodl-tmp/graph/data/graphrestore/raw/agenticir/extracted/HQ/047.png,8ecf454f7d68ca4ebf19b2b4a22275d3bb344666e4e483fda2c8cb84d5ff94db,14.227203369140625,0.3812054968674828,0.6319363117218018,0.18683376908302307,0.2744996249675751,34.03925323486328
test/C/haze + motion blur + low resolution/048,C,haze+motion blur+low resolution,/root/autodl-tmp/aaa/graphrestore/artifacts/formal_mio100/graphrestore_v7_1_stage4_step040000/methods/graphrestore_v7_1_stage4_step040000/d3/haze+motion blur+low resolution/048.png,1e666ad1e7e548613d78f34fed128480eafe4570e4e82f35c6632b9e5ff500d2,/root/autodl-tmp/graph/data/graphrestore/raw/agenticir/extracted/HQ/048.png,b74e449ab10a96799f5e791f68de34dcfaf90a4befdb242cee372f6743841606,12.434901237487793,0.16695219527633154,0.8247391581535339,0.316034734249115,0.3936307430267334,38.572322845458984
test/C/haze + motion blur + low resolution/049,C,haze+motion blur+low resolution,/root/autodl-tmp/aaa/graphrestore/artifacts/formal_mio100/graphrestore_v7_1_stage4_step040000/methods/graphrestore_v7_1_stage4_step040000/d3/haze+motion blur+low resolution/049.png,b403888531fdb924bc520df4359dc28c59dbb34ab79bb984438ce8a95d484a1c,/root/autodl-tmp/graph/data/graphrestore/raw/agenticir/extracted/HQ/049.png,bdd8f4cec02d5659a12541bb32718429d397d6be195679045764e31574c4f226,13.425751686096191,0.196238551554772,0.7254583835601807,0.35736727714538574,0.33384162187576294,34.985862731933594
test/C/haze + motion blur + low resolution/050,C,haze+motion blur+low resolution,/root/autodl-tmp/aaa/graphrestore/artifacts/formal_mio100/graphrestore_v7_1_stage4_step040000/methods/graphrestore_v7_1_stage4_step040000/d3/haze+motion blur+low resolution/050.png,578d82e57ab3486331ae09e0c6085bbb00f1168285312257a33ecf89a0eff001,/root/autodl-tmp/graph/data/graphrestore/raw/agenticir/extracted/HQ/050.png,c4cfbc77b28b145af37ea26b0b501d69633ebdedd3ce9a90d5760063ee95f492,11.6554594039917,0.23368972240176125,0.8242820501327515,0.14676810801029205,0.24346713721752167,28.055213928222656
test/C/haze + motion blur + low resolution/051,C,haze+motion blur+low resolution,/root/autodl-tmp/aaa/graphrestore/artifacts/formal_mio100/graphrestore_v7_1_stage4_step040000/methods/graphrestore_v7_1_stage4_step040000/d3/haze+motion blur+low resolution/051.png,23e1ec83a5100a3d0a00697578364af2dbeff196d98a7ad49869ea045ba0cc99,/root/autodl-tmp/graph/data/graphrestore/raw/agenticir/extracted/HQ/051.png,433269b5d76ea42b944162d49085d86b82a4eab52705e69d4dfa7c8a0ccbe187,20.559917449951172,0.7016546333235197,0.3143965005874634,0.12069332599639893,0.3797543942928314,49.83837890625
test/C/haze + motion blur + low resolution/052,C,haze+motion blur+low resolution,/root/autodl-tmp/aaa/graphrestore/artifacts/formal_mio100/graphrestore_v7_1_stage4_step040000/methods/graphrestore_v7_1_stage4_step040000/d3/haze+motion blur+low resolution/052.png,8147833e3a4cdc0a4902f13005daf7e6691275710ca6bf9bf0587d2ca8f272b5,/root/autodl-tmp/graph/data/graphrestore/raw/agenticir/extracted/HQ/052.png,b0fe4f61cfdf3e31caa56791dcd8d50f729c75652d7970a654be64494341ada3,12.350801467895508,0.4316307823108185,0.5511347651481628,0.1935538798570633,0.39150428771972656,25.57155990600586
test/C/haze + motion blur + low resolution/053,C,haze+motion blur+low resolution,/root/autodl-tmp/aaa/graphrestore/artifacts/formal_mio100/graphrestore_v7_1_stage4_step040000/methods/graphrestore_v7_1_stage4_step040000/d3/haze+motion blur+low resolution/053.png,4d2ad90fecf656bcebfcf82988acb425b488f436c503e45880bb86b56db6658e,/root/autodl-tmp/graph/data/graphrestore/raw/agenticir/extracted/HQ/053.png,6b1f2208c72adcd28d96a15d538bbfbe27cb5a21be416b6f30fa836b12ac867d,25.230770111083984,0.8529720016589724,0.22383688390254974,0.19338242709636688,0.3254910707473755,39.088470458984375
test/C/haze + motion blur + low resolution/054,C,haze+motion blur+low resolution,/root/autodl-tmp/aaa/graphrestore/artifacts/formal_mio100/graphrestore_v7_1_stage4_step040000/methods/graphrestore_v7_1_stage4_step040000/d3/haze+motion blur+low resolution/054.png,c442ea5fe878220e94de8d59f802d813b4038c65f10faeab0482bd48edb9e80b,/root/autodl-tmp/graph/data/graphrestore/raw/agenticir/extracted/HQ/054.png,699ffde2d8d110e52811d39e5b9d745965d4211dd2312f453ce367f1bc0e66f5,13.872886657714844,0.6955451255701915,0.5310777425765991,0.18703581392765045,0.31919217109680176,33.587093353271484
test/C/haze + motion blur + low resolution/055,C,haze+motion blur+low resolution,/root/autodl-tmp/aaa/graphrestore/artifacts/formal_mio100/graphrestore_v7_1_stage4_step040000/methods/graphrestore_v7_1_stage4_step040000/d3/haze+motion blur+low resolution/055.png,4953c654b9b5f9dc350b47e8bea64c2504d875a9316d5172b3df0de4efa79da1,/root/autodl-tmp/graph/data/graphrestore/raw/agenticir/extracted/HQ/055.png,5a59c6f9051a70f1c3ad8e9550b2a21322ef8ad71bd70085fb2330f6f6da3948,16.513713836669922,0.786589736075305,0.45315998792648315,0.16271358728408813,0.41443687677383423,34.35287857055664
test/C/haze + motion blur + low resolution/056,C,haze+motion blur+low resolution,/root/autodl-tmp/aaa/graphrestore/artifacts/formal_mio100/graphrestore_v7_1_stage4_step040000/methods/graphrestore_v7_1_stage4_step040000/d3/haze+motion blur+low resolution/056.png,9eceaede25bcc471c467aaa32ba707b723f5c5201c69bb74f4985c9bfe8fa965,/root/autodl-tmp/graph/data/graphrestore/raw/agenticir/extracted/HQ/056.png,c5f28866f72e2d370875385eb6575124b0735f8f927fae1c07ff7151e200c956,11.926628112792969,0.6541673844566327,0.4521898031234741,0.21984116733074188,0.4317396581172943,38.33987045288086
test/C/haze + motion blur + low resolution/057,C,haze+motion blur+low resolution,/root/autodl-tmp/aaa/graphrestore/artifacts/formal_mio100/graphrestore_v7_1_stage4_step040000/methods/graphrestore_v7_1_stage4_step040000/d3/haze+motion blur+low resolution/057.png,498dc491fa3bdd78bc22ffa561100757a7f5fdc970851aabfb0309fea2d19adf,/root/autodl-tmp/graph/data/graphrestore/raw/agenticir/extracted/HQ/057.png,42353ae75793843947c257055d87e0568db28ed51b9a5d87cc0d6a0dafb242af,20.378826141357422,0.7958870940747587,0.27205026149749756,0.16564732789993286,0.30047836899757385,41.62736892700195
test/C/haze + motion blur + low resolution/058,C,haze+motion blur+low resolution,/root/autodl-tmp/aaa/graphrestore/artifacts/formal_mio100/graphrestore_v7_1_stage4_step040000/methods/graphrestore_v7_1_stage4_step040000/d3/haze+motion blur+low resolution/058.png,1601389a2482687962bbe175b85bdc78b5a4b3efcbd677dd0229f4843f5cb9f3,/root/autodl-tmp/graph/data/graphrestore/raw/agenticir/extracted/HQ/058.png,e50e67dc4e57dc18d552546044c5ca169fdb26de4d5d81650d00d4b0f3ab7e76,11.176766395568848,0.6364507013396711,0.4812428653240204,0.1425829380750656,0.3140418231487274,22.245689392089844
test/C/haze + motion blur + low resolution/059,C,haze+motion blur+low resolution,/root/autodl-tmp/aaa/graphrestore/artifacts/formal_mio100/graphrestore_v7_1_stage4_step040000/methods/graphrestore_v7_1_stage4_step040000/d3/haze+motion blur+low resolution/059.png,d34c89d0a7460dbd7da5e502877e0d4ba4973480d0f4c80dc6888710912252b6,/root/autodl-tmp/graph/data/graphrestore/raw/agenticir/extracted/HQ/059.png,e60c8277194566df02c7cefc895d1390756059f7a29ac67206ec202f1b897add,14.291376113891602,0.6025598541432382,0.48440009355545044,0.11648756265640259,0.2537679374217987,30.55141830444336
test/C/haze + motion blur + low resolution/060,C,haze+motion blur+low resolution,/root/autodl-tmp/aaa/graphrestore/artifacts/formal_mio100/graphrestore_v7_1_stage4_step040000/methods/graphrestore_v7_1_stage4_step040000/d3/haze+motion blur+low resolution/060.png,e8c3fcdb06b2182aea7ed72fe49ee9051be7302697c0c7bb527d85a310d5c944,/root/autodl-tmp/graph/data/graphrestore/raw/agenticir/extracted/HQ/060.png,d173273231bf0b68767ae3e287f4f34baa71e7d986a98c43a41fa9668fd8a0d4,11.669317245483398,0.5474273997000618,0.4585935175418854,0.218436136841774,0.27311238646507263,46.02210998535156
test/C/haze + motion blur + low resolution/061,C,haze+motion blur+low resolution,/root/autodl-tmp/aaa/graphrestore/artifacts/formal_mio100/graphrestore_v7_1_stage4_step040000/methods/graphrestore_v7_1_stage4_step040000/d3/haze+motion blur+low resolution/061.png,c4930975223186286dad5b3e5cc58c2b8c0318d3fa9a3f4702f25195beb438f3,/root/autodl-tmp/graph/data/graphrestore/raw/agenticir/extracted/HQ/061.png,a7818ddc00c398726bcd4724e9a51456bf18e4eb573f2f68b79ea2dedf0e699c,15.185662269592285,0.5554245493244425,0.4606519341468811,0.09814684092998505,0.31044501066207886,29.206310272216797
test/C/haze + motion blur + low resolution/062,C,haze+motion blur+low resolution,/root/autodl-tmp/aaa/graphrestore/artifacts/formal_mio100/graphrestore_v7_1_stage4_step040000/methods/graphrestore_v7_1_stage4_step040000/d3/haze+motion blur+low resolution/062.png,8668cb4757ad75c81a38cab52500ac3c6a16ec19e006794c794bd3c387400060,/root/autodl-tmp/graph/data/graphrestore/raw/agenticir/extracted/HQ/062.png,7829e8bf6fee7705051b0e4486c3abb2cdf412c83ac15b9f5ed9d9036c296d40,9.624756813049316,0.4182578954802459,0.603633463382721,0.0598180815577507,0.28556689620018005,21.76425552368164
test/C/haze + motion blur + low resolution/063,C,haze+motion blur+low resolution,/root/autodl-tmp/aaa/graphrestore/artifacts/formal_mio100/graphrestore_v7_1_stage4_step040000/methods/graphrestore_v7_1_stage4_step040000/d3/haze+motion blur+low resolution/063.png,9ef607dce2c60e95e06ca2509d532cb10111c5340661b56143a9f9246f7cbd71,/root/autodl-tmp/graph/data/graphrestore/raw/agenticir/extracted/HQ/063.png,f7ccce7c58be38c16fb08060b8b379825cb0417a04e6813c72985768a480929c,14.147486686706543,0.38411290866017306,0.46978330612182617,0.15803049504756927,0.24954043328762054,39.216983795166016
test/C/haze + motion blur + low resolution/064,C,haze+motion blur+low resolution,/root/autodl-tmp/aaa/graphrestore/artifacts/formal_mio100/graphrestore_v7_1_stage4_step040000/methods/graphrestore_v7_1_stage4_step040000/d3/haze+motion blur+low resolution/064.png,9fe530945a1571aa99cb99829e02d19fbf9824393ba88942ce36de615d1ade69,/root/autodl-tmp/graph/data/graphrestore/raw/agenticir/extracted/HQ/064.png,b34caae8d574b2c008d53ceb0490df55c099e68844b2819f0c02fc50db26cee0,16.019458770751953,0.33306515099234835,0.5736491680145264,0.09312176704406738,0.25810152292251587,19.162094116210938
test/C/haze + motion blur + low resolution/065,C,haze+motion blur+low resolution,/root/autodl-tmp/aaa/graphrestore/artifacts/formal_mio100/graphrestore_v7_1_stage4_step040000/methods/graphrestore_v7_1_stage4_step040000/d3/haze+motion blur+low resolution/065.png,903e08edf7b3a2c42cbedb1992d3e3030d2e6dc41a229d2ed0b1d303e818f52c,/root/autodl-tmp/graph/data/graphrestore/raw/agenticir/extracted/HQ/065.png,f0770ae16bf79be3b5d94a7868da009f5ce1bbf54bfe5c879e352a4df590ef63,11.500968933105469,0.4073129495627458,0.6409692168235779,0.09733130782842636,0.2515435516834259,29.095170974731445
test/C/haze + motion blur + low resolution/066,C,haze+motion blur+low resolution,/root/autodl-tmp/aaa/graphrestore/artifacts/formal_mio100/graphrestore_v7_1_stage4_step040000/methods/graphrestore_v7_1_stage4_step040000/d3/haze+motion blur+low resolution/066.png,8d1ee3fbf121a868bc7136c8cde8a1fbe272d9e360123d8bec28bfbef2604861,/root/autodl-tmp/graph/data/graphrestore/raw/agenticir/extracted/HQ/066.png,a19230b326bd2fb5c26ae283f65bf0b85f39f90421056a47c7ecd6d683379aff,15.052167892456055,0.4705485610016966,0.5611501336097717,0.09703613817691803,0.30560848116874695,31.34957504272461
test/C/haze + motion blur + low resolution/067,C,haze+motion blur+low resolution,/root/autodl-tmp/aaa/graphrestore/artifacts/formal_mio100/graphrestore_v7_1_stage4_step040000/methods/graphrestore_v7_1_stage4_step040000/d3/haze+motion blur+low resolution/067.png,b38c9a3a42f04e1c3807f6880bdb2b3a1622dee1b1bd14f3aee07f8e0b65a62d,/root/autodl-tmp/graph/data/graphrestore/raw/agenticir/extracted/HQ/067.png,91cd9f021a6902b7f3220c6a373cba11f3bfbe4e4984c1d6fc4be0c76acb67a0,14.865178108215332,0.5349290340865676,0.44975391030311584,0.11392703652381897,0.23826013505458832,43.362083435058594
test/C/haze + motion blur + low resolution/068,C,haze+motion blur+low resolution,/root/autodl-tmp/aaa/graphrestore/artifacts/formal_mio100/graphrestore_v7_1_stage4_step040000/methods/graphrestore_v7_1_stage4_step040000/d3/haze+motion blur+low resolution/068.png,5fb6a1c9b83f764cae9cda4d5c5c83572aef98185298279554490222db93efce,/root/autodl-tmp/graph/data/graphrestore/raw/agenticir/extracted/HQ/068.png,b8187d79db16002364f6017df807e6cac41e7ee9a68413a384b1bd69eddaa638,17.014787673950195,0.4921065569531748,0.4504457712173462,0.1232341080904007,0.28319138288497925,33.837467193603516
test/C/haze + motion blur + low resolution/069,C,haze+motion blur+low resolution,/root/autodl-tmp/aaa/graphrestore/artifacts/formal_mio100/graphrestore_v7_1_stage4_step040000/methods/graphrestore_v7_1_stage4_step040000/d3/haze+motion blur+low resolution/069.png,8103edd61e816484d21e129f9e3f3c613573490b717ca5a50821b64f677d208c,/root/autodl-tmp/graph/data/graphrestore/raw/agenticir/extracted/HQ/069.png,abb08be58f50075e5e6b1de44ddfe61c30ebb34882e9d72681edd73a5cdbb156,12.67796516418457,0.3862698159883844,0.6977789402008057,0.19875727593898773,0.3432847559452057,36.10419845581055
test/C/haze + motion blur + low resolution/070,C,haze+motion blur+low resolution,/root/autodl-tmp/aaa/graphrestore/artifacts/formal_mio100/graphrestore_v7_1_stage4_step040000/methods/graphrestore_v7_1_stage4_step040000/d3/haze+motion blur+low resolution/070.png,b70b338b95437b5e5dd896b78f7f4a5a27ff0d24ab984df719abcbedc6c9af70,/root/autodl-tmp/graph/data/graphrestore/raw/agenticir/extracted/HQ/070.png,718ae2570e431003fb32f2a40e19f813545164ace18230ac03f9ec96b2747f85,13.575101852416992,0.6531295924074089,0.33748650550842285,0.12489861994981766,0.20353753864765167,32.8798942565918
test/C/haze + motion blur + low resolution/071,C,haze+motion blur+low resolution,/root/autodl-tmp/aaa/graphrestore/artifacts/formal_mio100/graphrestore_v7_1_stage4_step040000/methods/graphrestore_v7_1_stage4_step040000/d3/haze+motion blur+low resolution/071.png,94a9b3ca842d8c03e95a0a6264ba0efd160dd27e0ba92caf4a9208a43ba12416,/root/autodl-tmp/graph/data/graphrestore/raw/agenticir/extracted/HQ/071.png,e8bc40490eabb437e225b0acde6b8dc1d8942f2b9657e042051c166804b07b15,16.646596908569336,0.7223862851259216,0.3107996881008148,0.09337654709815979,0.2800215184688568,23.348651885986328
test/C/haze + motion blur + low resolution/072,C,haze+motion blur+low resolution,/root/autodl-tmp/aaa/graphrestore/artifacts/formal_mio100/graphrestore_v7_1_stage4_step040000/methods/graphrestore_v7_1_stage4_step040000/d3/haze+motion blur+low resolution/072.png,72fb95ed82da707c114e9f4b9dd3cfcfd8d91fc27ca22f6f99eb6633174c115a,/root/autodl-tmp/graph/data/graphrestore/raw/agenticir/extracted/HQ/072.png,6b887c3fd578dc80ca3b15a823f1b43d80db2d30abc07d144e03f7228acb8144,15.263683319091797,0.662022397097761,0.4452531337738037,0.1811096966266632,0.247645303606987,19.757644653320312
test/C/haze + motion blur + low resolution/073,C,haze+motion blur+low resolution,/root/autodl-tmp/aaa/graphrestore/artifacts/formal_mio100/graphrestore_v7_1_stage4_step040000/methods/graphrestore_v7_1_stage4_step040000/d3/haze+motion blur+low resolution/073.png,0fbcb259720938b4398c3dde5ce50ab6108a4be7020c5a3ac1327c8af33c395d,/root/autodl-tmp/graph/data/graphrestore/raw/agenticir/extracted/HQ/073.png,e4a8516954bfb4b79f2fc6194b6b4a8ed63250e14fe7ce0b6f6d77c922f84730,18.124496459960938,0.6784257908949273,0.3517480194568634,0.09829945117235184,0.25109416246414185,35.37978744506836
test/C/haze + motion blur + low resolution/074,C,haze+motion blur+low resolution,/root/autodl-tmp/aaa/graphrestore/artifacts/formal_mio100/graphrestore_v7_1_stage4_step040000/methods/graphrestore_v7_1_stage4_step040000/d3/haze+motion blur+low resolution/074.png,3fce5e31aba906ccf41bbbe12c10cb85ad2be3d7acea63c1b5465a80fdd67485,/root/autodl-tmp/graph/data/graphrestore/raw/agenticir/extracted/HQ/074.png,cfa80e9825a34173ab0d1810b1b63bf645aa1b6b743966a77d7d03463319fd8e,13.605633735656738,0.4724530296689972,0.44679397344589233,0.0987793505191803,0.2270527333021164,23.60010528564453
test/C/haze + motion blur + low resolution/075,C,haze+motion blur+low resolution,/root/autodl-tmp/aaa/graphrestore/artifacts/formal_mio100/graphrestore_v7_1_stage4_step040000/methods/graphrestore_v7_1_stage4_step040000/d3/haze+motion blur+low resolution/075.png,f17bdc380598ecc417a97fe3cb1183d35fea8b76b85674f3b8969787e6cd3577,/root/autodl-tmp/graph/data/graphrestore/raw/agenticir/extracted/HQ/075.png,637e76a0398c825f3214d13b10485f7c180dc359b838ade377382c22c8f6b788,15.15063190460205,0.3975598145185627,0.6497034430503845,0.10556425154209137,0.17277219891548157,17.15888023376465
test/C/haze + motion blur + low resolution/076,C,haze+motion blur+low resolution,/root/autodl-tmp/aaa/graphrestore/artifacts/formal_mio100/graphrestore_v7_1_stage4_step040000/methods/graphrestore_v7_1_stage4_step040000/d3/haze+motion blur+low resolution/076.png,d670b85be80a9c28c061ca1e356c47f874994bcf461dab1f6c37dfc1384e68d4,/root/autodl-tmp/graph/data/graphrestore/raw/agenticir/extracted/HQ/076.png,28f7193b83d2979c14a7c73e95657ce02a2cc902196495bea289e190f48cecae,18.750991821289062,0.6252872350698659,0.4962092638015747,0.0615304559469223,0.2260473072528839,21.812896728515625
test/C/haze + motion blur + low resolution/077,C,haze+motion blur+low resolution,/root/autodl-tmp/aaa/graphrestore/artifacts/formal_mio100/graphrestore_v7_1_stage4_step040000/methods/graphrestore_v7_1_stage4_step040000/d3/haze+motion blur+low resolution/077.png,368784bdfd4eca8c134eb65ad209f2b62f2727c647f8f25ea992b98d26e49aa9,/root/autodl-tmp/graph/data/graphrestore/raw/agenticir/extracted/HQ/077.png,6d0b3c0c4255ee2de7c3c275c114eb531248c06fce157913f4e69dacd492cc91,17.011821746826172,0.633552244030029,0.4010736346244812,0.08060619980096817,0.26715630292892456,17.979305267333984
test/C/haze + motion blur + low resolution/078,C,haze+motion blur+low resolution,/root/autodl-tmp/aaa/graphrestore/artifacts/formal_mio100/graphrestore_v7_1_stage4_step040000/methods/graphrestore_v7_1_stage4_step040000/d3/haze+motion blur+low resolution/078.png,a829e0afac8bee44adcc65c9d102c15419974d41d302f5fed1cd06ed00e9c688,/root/autodl-tmp/graph/data/graphrestore/raw/agenticir/extracted/HQ/078.png,ae84b8b3592a0f623d5bd2c5791b049e6fd87155614fbbad37f1ac00a2cfa870,17.773273468017578,0.5083474250398987,0.44927939772605896,0.08165813982486725,0.2146422415971756,36.78102111816406
test/C/haze + motion blur + low resolution/079,C,haze+motion blur+low resolution,/root/autodl-tmp/aaa/graphrestore/artifacts/formal_mio100/graphrestore_v7_1_stage4_step040000/methods/graphrestore_v7_1_stage4_step040000/d3/haze+motion blur+low resolution/079.png,14c69fb10878557ad37d6e649b13903ebff1d89437a4921b228a92fa2c5a8af4,/root/autodl-tmp/graph/data/graphrestore/raw/agenticir/extracted/HQ/079.png,166cde30b17743be2ca3fb2c29004e0b38b126bfa1d8d5f41013c23eb248aad5,16.22993278503418,0.5210870638996487,0.5126935243606567,0.1768578737974167,0.30797648429870605,33.17177200317383
test/C/haze + motion blur + low resolution/080,C,haze+motion blur+low resolution,/root/autodl-tmp/aaa/graphrestore/artifacts/formal_mio100/graphrestore_v7_1_stage4_step040000/methods/graphrestore_v7_1_stage4_step040000/d3/haze+motion blur+low resolution/080.png,3ad08e5015eea8704eb667ff38a1cf9c2a13f1afb8e430a65296eaa6470745df,/root/autodl-tmp/graph/data/graphrestore/raw/agenticir/extracted/HQ/080.png,b208599722bce230536ae4db62272e883a7714d4bfca7d73e1361da3b2ca9225,13.087808609008789,0.6702518178862131,0.3595655560493469,0.13555099070072174,0.2627454400062561,29.69644546508789
test/C/haze + motion blur + low resolution/081,C,haze+motion blur+low resolution,/root/autodl-tmp/aaa/graphrestore/artifacts/formal_mio100/graphrestore_v7_1_stage4_step040000/methods/graphrestore_v7_1_stage4_step040000/d3/haze+motion blur+low resolution/081.png,7c4211503bae612227c92e884a47e16f01afd3e7a35cd7041b92577d37757149,/root/autodl-tmp/graph/data/graphrestore/raw/agenticir/extracted/HQ/081.png,f86df1e220755af6ab50844f797e3fb45165c5dde9ac8ee1750544154cfd1ad7,14.365983963012695,0.5414894256789089,0.46272096037864685,0.08065074682235718,0.18666145205497742,25.99834442138672
test/C/haze + motion blur + low resolution/082,C,haze+motion blur+low resolution,/root/autodl-tmp/aaa/graphrestore/artifacts/formal_mio100/graphrestore_v7_1_stage4_step040000/methods/graphrestore_v7_1_stage4_step040000/d3/haze+motion blur+low resolution/082.png,4ebe1114bf56f725e7680b535d0b826c0494129a0da70a0e195fe98957130791,/root/autodl-tmp/graph/data/graphrestore/raw/agenticir/extracted/HQ/082.png,698a641215db75e2471381c00fc2a84208122a4a0115beeb5679de746977682e,19.350482940673828,0.3506361818410142,0.2326805740594864,0.22365601360797882,0.3354179561138153,47.99382019042969
test/C/haze + motion blur + low resolution/083,C,haze+motion blur+low resolution,/root/autodl-tmp/aaa/graphrestore/artifacts/formal_mio100/graphrestore_v7_1_stage4_step040000/methods/graphrestore_v7_1_stage4_step040000/d3/haze+motion blur+low resolution/083.png,aa68581d1e9effd28c09963327ca2429cd5afc703a352f50e1dd14e562a86ee3,/root/autodl-tmp/graph/data/graphrestore/raw/agenticir/extracted/HQ/083.png,4772b8d475dfc90626760cea35452db0ee8dfdd89f7cd8def57f8b4d74ecef44,17.251140594482422,0.5194840168099959,0.544594407081604,0.1383829265832901,0.2618328630924225,22.271299362182617
test/C/haze + motion blur + low resolution/084,C,haze+motion blur+low resolution,/root/autodl-tmp/aaa/graphrestore/artifacts/formal_mio100/graphrestore_v7_1_stage4_step040000/methods/graphrestore_v7_1_stage4_step040000/d3/haze+motion blur+low resolution/084.png,ee9d06fe2c224052b00dfccc9faaf8c2cfa3068808f2984fdbdc5271655382ce,/root/autodl-tmp/graph/data/graphrestore/raw/agenticir/extracted/HQ/084.png,1bc34c4607ba66d84248fe8e7d5e30546ae13841542d8b1cb9146f2a2485df64,23.093929290771484,0.8577890260423676,0.2894546389579773,0.232382670044899,0.35235366225242615,27.75615692138672
test/C/haze + motion blur + low resolution/085,C,haze+motion blur+low resolution,/root/autodl-tmp/aaa/graphrestore/artifacts/formal_mio100/graphrestore_v7_1_stage4_step040000/methods/graphrestore_v7_1_stage4_step040000/d3/haze+motion blur+low resolution/085.png,ace9275ee009e39eadcffb6b3de72f7047727db69eeb48fd50b1c5a908a839e4,/root/autodl-tmp/graph/data/graphrestore/raw/agenticir/extracted/HQ/085.png,6174b7cb004afd2a578ec1950d92b99c41115b5a6bf70a511f19156c62bd5274,16.51140022277832,0.6668558348643071,0.3270663619041443,0.11003929376602173,0.22832219302654266,23.78236961364746
test/C/haze + motion blur + low resolution/086,C,haze+motion blur+low resolution,/root/autodl-tmp/aaa/graphrestore/artifacts/formal_mio100/graphrestore_v7_1_stage4_step040000/methods/graphrestore_v7_1_stage4_step040000/d3/haze+motion blur+low resolution/086.png,8782fad6b4a9eb73a096cd7f45e0b262918239b0e59488278c5455149fbad27c,/root/autodl-tmp/graph/data/graphrestore/raw/agenticir/extracted/HQ/086.png,68a629299aaf0e4d70065c504c9b3e397721fa17a25c2585446914aa5c7bafb5,17.337360382080078,0.5578950572140737,0.5385780930519104,0.19293174147605896,0.28995758295059204,22.54507827758789
test/C/haze + motion blur + low resolution/087,C,haze+motion blur+low resolution,/root/autodl-tmp/aaa/graphrestore/artifacts/formal_mio100/graphrestore_v7_1_stage4_step040000/methods/graphrestore_v7_1_stage4_step040000/d3/haze+motion blur+low resolution/087.png,a536301e7a95c372c219ff037dcd229c962818bc3ad24e0d66d9b805898e22ed,/root/autodl-tmp/graph/data/graphrestore/raw/agenticir/extracted/HQ/087.png,059a862de1498fc3b783bcfcce8fad399573aa912bb6638bbd3d43d23b88cdc6,14.942378997802734,0.5132115764610468,0.5953725576400757,0.10270044952630997,0.26136907935142517,30.08304214477539
test/C/haze + motion blur + low resolution/088,C,haze+motion blur+low resolution,/root/autodl-tmp/aaa/graphrestore/artifacts/formal_mio100/graphrestore_v7_1_stage4_step040000/methods/graphrestore_v7_1_stage4_step040000/d3/haze+motion blur+low resolution/088.png,b6f4c51a757f903333892a56712c10c6550ed75dbbaea15591e78b00911cecf3,/root/autodl-tmp/graph/data/graphrestore/raw/agenticir/extracted/HQ/088.png,e76841066e027bd2a2fa101a4598c597d4891a7c535e3cc3195b7afcc249d7ae,13.366825103759766,0.6336732936997937,0.28869494795799255,0.16516327857971191,0.2566116750240326,25.743974685668945
test/C/haze + motion blur + low resolution/089,C,haze+motion blur+low resolution,/root/autodl-tmp/aaa/graphrestore/artifacts/formal_mio100/graphrestore_v7_1_stage4_step040000/methods/graphrestore_v7_1_stage4_step040000/d3/haze+motion blur+low resolution/089.png,475d9705748f09ad13e5221ae3ccf5f78c330842dbf8b0b3469cabb2db657bca,/root/autodl-tmp/graph/data/graphrestore/raw/agenticir/extracted/HQ/089.png,046e493440ea7499fe07cec3853e6e170225ce6cdc903aac14730fa6b9bf36ab,16.666580200195312,0.6094516471761174,0.39742523431777954,0.11832641065120697,0.2765834927558899,34.80553436279297
test/C/haze + motion blur + low resolution/090,C,haze+motion blur+low resolution,/root/autodl-tmp/aaa/graphrestore/artifacts/formal_mio100/graphrestore_v7_1_stage4_step040000/methods/graphrestore_v7_1_stage4_step040000/d3/haze+motion blur+low resolution/090.png,841c9201115dfc2c972377082b193f1d15d678762a6b2b0f6f7ffdd9394ae5ef,/root/autodl-tmp/graph/data/graphrestore/raw/agenticir/extracted/HQ/090.png,830f74b8389bfef595e56e910efc49cf4246f6f7bd552ea8c45d071a0113053c,13.350112915039062,0.4508506660824847,0.6274749040603638,0.1839129477739334,0.2549740970134735,21.501178741455078
test/C/haze + motion blur + low resolution/091,C,haze+motion blur+low resolution,/root/autodl-tmp/aaa/graphrestore/artifacts/formal_mio100/graphrestore_v7_1_stage4_step040000/methods/graphrestore_v7_1_stage4_step040000/d3/haze+motion blur+low resolution/091.png,4b6fba54ce172b72ccd51c121bc2762af131213a1596b1bd5aae6ca6dccba6cc,/root/autodl-tmp/graph/data/graphrestore/raw/agenticir/extracted/HQ/091.png,5e553db9d41f0f077260ca811d0fc988002511f536fd217035e5495bab201d6c,12.11518669128418,0.5097397721306185,0.371599406003952,0.2520606219768524,0.24825452268123627,51.37928009033203
test/C/haze + motion blur + low resolution/092,C,haze+motion blur+low resolution,/root/autodl-tmp/aaa/graphrestore/artifacts/formal_mio100/graphrestore_v7_1_stage4_step040000/methods/graphrestore_v7_1_stage4_step040000/d3/haze+motion blur+low resolution/092.png,54ebd5f27c9713b2e15a747e6962aaff82110c07138f1bf0182b65ff00986ce8,/root/autodl-tmp/graph/data/graphrestore/raw/agenticir/extracted/HQ/092.png,d2fdbb69f6828c6707d3f41abfcb56dcb6e0d8e75181ac8d0c55eea107f20d48,12.855815887451172,0.3809203937066808,0.6224092841148376,0.21558722853660583,0.24688474833965302,36.33269500732422
test/C/haze + motion blur + low resolution/093,C,haze+motion blur+low resolution,/root/autodl-tmp/aaa/graphrestore/artifacts/formal_mio100/graphrestore_v7_1_stage4_step040000/methods/graphrestore_v7_1_stage4_step040000/d3/haze+motion blur+low resolution/093.png,a35290a780437bc6d6020fbc6c5ac9ae8ce8380d5ba6ce95e9bb814a6aed390e,/root/autodl-tmp/graph/data/graphrestore/raw/agenticir/extracted/HQ/093.png,b9ef1df7a3be70176f064c2568ea12d8cd9c9c54b3e8fd72bca53d170eaf06f2,12.423295974731445,0.6034724067711122,0.3231402039527893,0.27994632720947266,0.24947798252105713,50.107757568359375
test/C/haze + motion blur + low resolution/094,C,haze+motion blur+low resolution,/root/autodl-tmp/aaa/graphrestore/artifacts/formal_mio100/graphrestore_v7_1_stage4_step040000/methods/graphrestore_v7_1_stage4_step040000/d3/haze+motion blur+low resolution/094.png,3361ca11dfec1bdfb66006ba71889d421eb3e3c96f94d19d1eedbfd6ef0c6e7b,/root/autodl-tmp/graph/data/graphrestore/raw/agenticir/extracted/HQ/094.png,45dab31fa407b6793844322a5e147cdfedc3bfa449cd28fc9605f41dba80966d,13.971433639526367,0.5041823449786852,0.5381362438201904,0.19219523668289185,0.23173271119594574,39.07193374633789
test/C/haze + motion blur + low resolution/095,C,haze+motion blur+low resolution,/root/autodl-tmp/aaa/graphrestore/artifacts/formal_mio100/graphrestore_v7_1_stage4_step040000/methods/graphrestore_v7_1_stage4_step040000/d3/haze+motion blur+low resolution/095.png,0355cc8c6a613e9ea96efc420d6b7b4c7983b357142f497416150a62f324d8d6,/root/autodl-tmp/graph/data/graphrestore/raw/agenticir/extracted/HQ/095.png,2f04f8c811593049180a1c6bdcf5d723d3c2f6443ba518c407e4976d7a6b2637,10.622991561889648,0.2916575632385876,0.4452570378780365,0.2760950028896332,0.20397178828716278,48.56129837036133
test/C/haze + motion blur + low resolution/096,C,haze+motion blur+low resolution,/root/autodl-tmp/aaa/graphrestore/artifacts/formal_mio100/graphrestore_v7_1_stage4_step040000/methods/graphrestore_v7_1_stage4_step040000/d3/haze+motion blur+low resolution/096.png,283cebeca533000c29f11badfee1a8d3cbf24d5a560d4673214a03f9eb7d2533,/root/autodl-tmp/graph/data/graphrestore/raw/agenticir/extracted/HQ/096.png,3ac9dbd626f9e294ae10a8ab11a34f6c0132ed355627d25ce3f8790f701fae29,14.592107772827148,0.6038233876753646,0.4796214699745178,0.19946926832199097,0.29404279589653015,31.490921020507812
test/C/haze + motion blur + low resolution/097,C,haze+motion blur+low resolution,/root/autodl-tmp/aaa/graphrestore/artifacts/formal_mio100/graphrestore_v7_1_stage4_step040000/methods/graphrestore_v7_1_stage4_step040000/d3/haze+motion blur+low resolution/097.png,1b3465c269519c7b735f24ac068051ca79be5f9155b73e25b70133a24da7d8a5,/root/autodl-tmp/graph/data/graphrestore/raw/agenticir/extracted/HQ/097.png,9b6c3c0d294f54e89b51656b0163aa8d0715dd7904848721ea76c07ccf737d2e,15.1222505569458,0.6072327557757117,0.31532132625579834,0.3002481758594513,0.34372395277023315,55.70613479614258
test/C/haze + motion blur + low resolution/098,C,haze+motion blur+low resolution,/root/autodl-tmp/aaa/graphrestore/artifacts/formal_mio100/graphrestore_v7_1_stage4_step040000/methods/graphrestore_v7_1_stage4_step040000/d3/haze+motion blur+low resolution/098.png,9d7627fa73b28a825d535a2ff9ee9552b95dc67fa74cb2d571a512627db555bc,/root/autodl-tmp/graph/data/graphrestore/raw/agenticir/extracted/HQ/098.png,f0574e5262ab9942e66006e0df3aab8738de997489badc302e131ae74299181f,12.165764808654785,0.35788844111578194,0.5676190853118896,0.23150014877319336,0.2846303880214691,30.814273834228516
test/C/haze + motion blur + low resolution/099,C,haze+motion blur+low resolution,/root/autodl-tmp/aaa/graphrestore/artifacts/formal_mio100/graphrestore_v7_1_stage4_step040000/methods/graphrestore_v7_1_stage4_step040000/d3/haze+motion blur+low resolution/099.png,d2d2a8cf10f344e1b8b4f99524d4e04c4f66f72445b9082a5281b6baf68580ff,/root/autodl-tmp/graph/data/graphrestore/raw/agenticir/extracted/HQ/099.png,15ddff6cab9869d7fe8a7cb6fd328b436bbfa9b089e6adcbba7a5048e4c97f8b,11.32525634765625,0.397268486330107,0.594868540763855,0.2069627344608307,0.28236666321754456,26.02590560913086
test/C/haze + motion blur + low resolution/100,C,haze+motion blur+low resolution,/root/autodl-tmp/aaa/graphrestore/artifacts/formal_mio100/graphrestore_v7_1_stage4_step040000/methods/graphrestore_v7_1_stage4_step040000/d3/haze+motion blur+low resolution/100.png,7f1d6beb4b9372a4ab92c6c8661d0f9418dac8d28d1f2e322d951cc3736667a5,/root/autodl-tmp/graph/data/graphrestore/raw/agenticir/extracted/HQ/100.png,b7f5d60dbb3e7047b9c62efc7d61db97052a2cde687d3fae367a14a6793a0c40,12.873088836669922,0.46850890716782784,0.4162421226501465,0.24923647940158844,0.21867386996746063,44.77679443359375
test/C/rain + noise + low resolution/001,C,rain+noise+low resolution,/root/autodl-tmp/aaa/graphrestore/artifacts/formal_mio100/graphrestore_v7_1_stage4_step040000/methods/graphrestore_v7_1_stage4_step040000/d3/rain+noise+low resolution/001.png,f56c8160881a3f440b0fa9535ce5de316f0bfa3712b9fb68fdc938ba01f6c9c3,/root/autodl-tmp/graph/data/graphrestore/raw/agenticir/extracted/HQ/001.png,501f9b012a3f9c95787db8151eddf07dcae5e163688c011649d3ff3f00372cae,27.124841690063477,0.8105760004002379,0.403606116771698,0.2096574455499649,0.23977410793304443,55.26319122314453
test/C/rain + noise + low resolution/002,C,rain+noise+low resolution,/root/autodl-tmp/aaa/graphrestore/artifacts/formal_mio100/graphrestore_v7_1_stage4_step040000/methods/graphrestore_v7_1_stage4_step040000/d3/rain+noise+low resolution/002.png,929afff80539e9cc460133196330c758117b3162f0cf9bda348eebe5a31ae5ce,/root/autodl-tmp/graph/data/graphrestore/raw/agenticir/extracted/HQ/002.png,e65fb0b7adb1176b47486303c8cc4f49a0173f91e00d28e0c3a4d3eccae286b4,27.525535583496094,0.86694192034353,0.31826186180114746,0.3076992332935333,0.29494526982307434,67.40034484863281
test/C/rain + noise + low resolution/003,C,rain+noise+low resolution,/root/autodl-tmp/aaa/graphrestore/artifacts/formal_mio100/graphrestore_v7_1_stage4_step040000/methods/graphrestore_v7_1_stage4_step040000/d3/rain+noise+low resolution/003.png,c3dfa3223e052b2c102317ff759a429995a1be018ea913435d96c4693b4eeb1b,/root/autodl-tmp/graph/data/graphrestore/raw/agenticir/extracted/HQ/003.png,c2a2513992db412a7160dfa2f82535dccaa188db91df80ee6ed5b0dd5c5d2d1a,24.819412231445312,0.6785034850378105,0.3715001344680786,0.32196152210235596,0.3220144510269165,60.12357711791992
test/C/rain + noise + low resolution/004,C,rain+noise+low resolution,/root/autodl-tmp/aaa/graphrestore/artifacts/formal_mio100/graphrestore_v7_1_stage4_step040000/methods/graphrestore_v7_1_stage4_step040000/d3/rain+noise+low resolution/004.png,0bfb8ad43db3d1479712e237f56737927fe48106988ddf0492b1f3c15164c6ff,/root/autodl-tmp/graph/data/graphrestore/raw/agenticir/extracted/HQ/004.png,f1ad3f60cd8e680739263535ab1620a2490f3bc0c65a9355a965c7dff9be1fed,24.793594360351562,0.6394172987287433,0.5648744106292725,0.23978367447853088,0.34404897689819336,55.96820068359375
test/C/rain + noise + low resolution/005,C,rain+noise+low resolution,/root/autodl-tmp/aaa/graphrestore/artifacts/formal_mio100/graphrestore_v7_1_stage4_step040000/methods/graphrestore_v7_1_stage4_step040000/d3/rain+noise+low resolution/005.png,fdd98d0869f3ff04ad508f461655f8c1c078721d4bb1f1842b4728f2e6c23ef1,/root/autodl-tmp/graph/data/graphrestore/raw/agenticir/extracted/HQ/005.png,1d8eb1ef9c1817c087956135efa85be686e7169ef11eb532c768d32d7267a0ff,20.995704650878906,0.62867479626493,0.28798529505729675,0.31431862711906433,0.4268541932106018,62.39940643310547
test/C/rain + noise + low resolution/006,C,rain+noise+low resolution,/root/autodl-tmp/aaa/graphrestore/artifacts/formal_mio100/graphrestore_v7_1_stage4_step040000/methods/graphrestore_v7_1_stage4_step040000/d3/rain+noise+low resolution/006.png,ac198ac57004f5087a33d0069c837e46d818d16ef3e68bee5bb3f3c8ac5c135e,/root/autodl-tmp/graph/data/graphrestore/raw/agenticir/extracted/HQ/006.png,f62feddd2f379d039dd1effe18b6368c79a6fe31fb8177f797c9f230eb8e1211,26.596811294555664,0.6868038131100809,0.6311963796615601,0.203074112534523,0.2874850332736969,46.75867462158203
test/C/rain + noise + low resolution/007,C,rain+noise+low resolution,/root/autodl-tmp/aaa/graphrestore/artifacts/formal_mio100/graphrestore_v7_1_stage4_step040000/methods/graphrestore_v7_1_stage4_step040000/d3/rain+noise+low resolution/007.png,c39f3c91ecfb35c8e036d060fe005a5523697d21498d1660f1ec4aad6063a035,/root/autodl-tmp/graph/data/graphrestore/raw/agenticir/extracted/HQ/007.png,b876f087d5f42a9350f28383ff2df22156b6bbba702809d134b7713d9430881c,22.922277450561523,0.5876895259815266,0.6126078367233276,0.241191104054451,0.335571825504303,53.67234802246094
test/C/rain + noise + low resolution/008,C,rain+noise+low resolution,/root/autodl-tmp/aaa/graphrestore/artifacts/formal_mio100/graphrestore_v7_1_stage4_step040000/methods/graphrestore_v7_1_stage4_step040000/d3/rain+noise+low resolution/008.png,8f39640c129418877b144249c9ac3c2c6d4fd2021494c08b12463ed0aa4e236a,/root/autodl-tmp/graph/data/graphrestore/raw/agenticir/extracted/HQ/008.png,4efb8dbbd2ba5090b7b951a456ec5ed27a5d61360ab95cb1c5a9366f2868cb94,26.64539337158203,0.7397372204244067,0.3938247561454773,0.2306966781616211,0.3550078570842743,52.41282272338867
test/C/rain + noise + low resolution/009,C,rain+noise+low resolution,/root/autodl-tmp/aaa/graphrestore/artifacts/formal_mio100/graphrestore_v7_1_stage4_step040000/methods/graphrestore_v7_1_stage4_step040000/d3/rain+noise+low resolution/009.png,7d54a9c6e91c7ce3044e20268fc734bfc8ef096d5aca12acca16db710cac6e38,/root/autodl-tmp/graph/data/graphrestore/raw/agenticir/extracted/HQ/009.png,5b779ac0fbe5d1e4d4126fd2864493dcc2ecdbde374ede7e29a054b2a9cb4f21,26.965715408325195,0.7141597719360371,0.8108330965042114,0.11743182688951492,0.3508206903934479,26.110626220703125
test/C/rain + noise + low resolution/010,C,rain+noise+low resolution,/root/autodl-tmp/aaa/graphrestore/artifacts/formal_mio100/graphrestore_v7_1_stage4_step040000/methods/graphrestore_v7_1_stage4_step040000/d3/rain+noise+low resolution/010.png,5bdc3f46cf72845e819d251410fb759f65ba792522440579630da8eda4a54f01,/root/autodl-tmp/graph/data/graphrestore/raw/agenticir/extracted/HQ/010.png,327492996d853f5c8873b435f98a91afd07db64567545baa61c9f4f64f717a0d,21.056917190551758,0.6229031393967411,0.6114346981048584,0.28164222836494446,0.4908628463745117,58.09862518310547
test/C/rain + noise + low resolution/011,C,rain+noise+low resolution,/root/autodl-tmp/aaa/graphrestore/artifacts/formal_mio100/graphrestore_v7_1_stage4_step040000/methods/graphrestore_v7_1_stage4_step040000/d3/rain+noise+low resolution/011.png,83c01e8cb4662235d060b1f291b683dbd792ef2652630bd365e8e9b9c092cf29,/root/autodl-tmp/graph/data/graphrestore/raw/agenticir/extracted/HQ/011.png,dcafe4ee2b43e667674ccc874b42e160ea37427b7c935297734ba69ece6b6f35,19.03947639465332,0.4665932534819616,0.572623610496521,0.3209016025066376,0.3228362500667572,50.13361740112305
test/C/rain + noise + low resolution/012,C,rain+noise+low resolution,/root/autodl-tmp/aaa/graphrestore/artifacts/formal_mio100/graphrestore_v7_1_stage4_step040000/methods/graphrestore_v7_1_stage4_step040000/d3/rain+noise+low resolution/012.png,a3a45a74ea37c7530b185767c2aed237d38cc1955db8214c147ff1fcbf81066a,/root/autodl-tmp/graph/data/graphrestore/raw/agenticir/extracted/HQ/012.png,0884a3dabb3fa30cde26a4dfbf003a133139f708c65c3f8b02c24a87a6d073c3,23.248249053955078,0.6699744440464441,0.4157716631889343,0.22136284410953522,0.2254469394683838,45.20703125
test/C/rain + noise + low resolution/013,C,rain+noise+low resolution,/root/autodl-tmp/aaa/graphrestore/artifacts/formal_mio100/graphrestore_v7_1_stage4_step040000/methods/graphrestore_v7_1_stage4_step040000/d3/rain+noise+low resolution/013.png,49bf0ef808e0d83d1fa00f06647b3529fa5cccc6806560b825f330f110bf3b5a,/root/autodl-tmp/graph/data/graphrestore/raw/agenticir/extracted/HQ/013.png,afe18305499bd0b8318392e8f34ede33aafb5a0df2371075fe9f30a1c81a75eb,19.645858764648438,0.4593914145163478,0.546954333782196,0.41045433282852173,0.3960501551628113,47.839927673339844
test/C/rain + noise + low resolution/014,C,rain+noise+low resolution,/root/autodl-tmp/aaa/graphrestore/artifacts/formal_mio100/graphrestore_v7_1_stage4_step040000/methods/graphrestore_v7_1_stage4_step040000/d3/rain+noise+low resolution/014.png,62add679c56bbca24216548456d42557f75e72a8e97431dc2649db541891a121,/root/autodl-tmp/graph/data/graphrestore/raw/agenticir/extracted/HQ/014.png,2d569d9b923a96b1542c0b845dce0c7657794eba9f6f22ae5d02f335ef1bc4a0,25.92654037475586,0.835162621523022,0.17421719431877136,0.3101658821105957,0.4619081914424896,54.25244140625
test/C/rain + noise + low resolution/015,C,rain+noise+low resolution,/root/autodl-tmp/aaa/graphrestore/artifacts/formal_mio100/graphrestore_v7_1_stage4_step040000/methods/graphrestore_v7_1_stage4_step040000/d3/rain+noise+low resolution/015.png,b0011a852584add8ee557c22999d0115561806a40805669239c424d5b3dcfcf6,/root/autodl-tmp/graph/data/graphrestore/raw/agenticir/extracted/HQ/015.png,286adb5a1c45ee88f14e1b16e3af420910584bf5ebdd72c40cf75317559c731f,19.820093154907227,0.5898627554061778,0.3171815276145935,0.39514994621276855,0.44370031356811523,47.872802734375
test/C/rain + noise + low resolution/016,C,rain+noise+low resolution,/root/autodl-tmp/aaa/graphrestore/artifacts/formal_mio100/graphrestore_v7_1_stage4_step040000/methods/graphrestore_v7_1_stage4_step040000/d3/rain+noise+low resolution/016.png,2a6f1df8e0300a6d08fbcaf4759e26678c3620c2fe386bcdf95d226381f2e368,/root/autodl-tmp/graph/data/graphrestore/raw/agenticir/extracted/HQ/016.png,ddc71b4b9bd2a57cabf985c7743b8ff7083a0d9205008603edb440ba27da9313,18.273290634155273,0.45828288755294305,0.6340206861495972,0.21075017750263214,0.30950358510017395,47.59974670410156
test/C/rain + noise + low resolution/017,C,rain+noise+low resolution,/root/autodl-tmp/aaa/graphrestore/artifacts/formal_mio100/graphrestore_v7_1_stage4_step040000/methods/graphrestore_v7_1_stage4_step040000/d3/rain+noise+low resolution/017.png,c3cd3bc75769fccc91adb3266ae8afd3551a4d93b7e318191868875042176c3b,/root/autodl-tmp/graph/data/graphrestore/raw/agenticir/extracted/HQ/017.png,ab3ab0c03c2d8c9c0befbcad219fae23c9795fdf99d664630f4f4febbd02c519,21.586238861083984,0.6420600581109417,0.3159622251987457,0.33340397477149963,0.351527601480484,48.462066650390625
test/C/rain + noise + low resolution/018,C,rain+noise+low resolution,/root/autodl-tmp/aaa/graphrestore/artifacts/formal_mio100/graphrestore_v7_1_stage4_step040000/methods/graphrestore_v7_1_stage4_step040000/d3/rain+noise+low resolution/018.png,d4996ce9dfea1f790fa2f1bb7f2af8802e387239cc871c347eb2dd1e7bac8fe6,/root/autodl-tmp/graph/data/graphrestore/raw/agenticir/extracted/HQ/018.png,66db8e4aeb78f506ae4415572eb910726c3f16ede70138093ab4eced187b8df1,18.45071029663086,0.4252053676156481,0.6694709062576294,0.28706222772598267,0.309551864862442,43.48334503173828
test/C/rain + noise + low resolution/019,C,rain+noise+low resolution,/root/autodl-tmp/aaa/graphrestore/artifacts/formal_mio100/graphrestore_v7_1_stage4_step040000/methods/graphrestore_v7_1_stage4_step040000/d3/rain+noise+low resolution/019.png,85a7fc4666d640109ad554a967ae2f7534456e00895e036c62f10c79cc4667c7,/root/autodl-tmp/graph/data/graphrestore/raw/agenticir/extracted/HQ/019.png,fb026cef85a4f7e64ad7c5f064ed15de1f04a7a7b6bde70b28ee78a55db21aeb,19.31464385986328,0.5556474484895855,0.49261486530303955,0.31045520305633545,0.2366448938846588,45.66156768798828
test/C/rain + noise + low resolution/020,C,rain+noise+low resolution,/root/autodl-tmp/aaa/graphrestore/artifacts/formal_mio100/graphrestore_v7_1_stage4_step040000/methods/graphrestore_v7_1_stage4_step040000/d3/rain+noise+low resolution/020.png,4aee602051bd402135d36fba2a04cb7ac040fb7de7aba6992c7821167665bbfe,/root/autodl-tmp/graph/data/graphrestore/raw/agenticir/extracted/HQ/020.png,daa15d9f51eab9eca70197a7f05df7873e3eab75e432b0a81fe9488be552f37a,17.294952392578125,0.4965850890776016,0.6228009462356567,0.2864128649234772,0.2532918453216553,48.942901611328125
test/C/rain + noise + low resolution/021,C,rain+noise+low resolution,/root/autodl-tmp/aaa/graphrestore/artifacts/formal_mio100/graphrestore_v7_1_stage4_step040000/methods/graphrestore_v7_1_stage4_step040000/d3/rain+noise+low resolution/021.png,c55d3546b91b98044d9a5a7b5c8bb86bd6c3063639682f0fcb04143e20f8d2e6,/root/autodl-tmp/graph/data/graphrestore/raw/agenticir/extracted/HQ/021.png,9fcc8dda4bbbe5e54e419f5cbb07e7b4310dd291ad1f1cd3cd65a90f9809baa8,22.378185272216797,0.5241787907067492,0.7837721109390259,0.23406438529491425,0.22681966423988342,34.829002380371094
test/C/rain + noise + low resolution/022,C,rain+noise+low resolution,/root/autodl-tmp/aaa/graphrestore/artifacts/formal_mio100/graphrestore_v7_1_stage4_step040000/methods/graphrestore_v7_1_stage4_step040000/d3/rain+noise+low resolution/022.png,7d24640b7a333afe0f3df441231ae93014f4d7b9833de0c6ae53e481090eaf51,/root/autodl-tmp/graph/data/graphrestore/raw/agenticir/extracted/HQ/022.png,70c41dc6f249472324664323044853cb85a1256f39b4a31853ddbd89fcc1e191,22.693178176879883,0.6229894993971591,0.6125335693359375,0.2358793318271637,0.23732100427150726,39.509307861328125
test/C/rain + noise + low resolution/023,C,rain+noise+low resolution,/root/autodl-tmp/aaa/graphrestore/artifacts/formal_mio100/graphrestore_v7_1_stage4_step040000/methods/graphrestore_v7_1_stage4_step040000/d3/rain+noise+low resolution/023.png,3cb1aaf480d4236f3967b7e9e1fe7e1c5227e409ff31dc1a5c86c6da4c07942d,/root/autodl-tmp/graph/data/graphrestore/raw/agenticir/extracted/HQ/023.png,befde78eca5789c87200ca1e2ac905ba8ad5706b50af86454bd30bc857c90e02,20.599246978759766,0.5726841783479886,0.7265099883079529,0.23873108625411987,0.16583800315856934,44.00716018676758
test/C/rain + noise + low resolution/024,C,rain+noise+low resolution,/root/autodl-tmp/aaa/graphrestore/artifacts/formal_mio100/graphrestore_v7_1_stage4_step040000/methods/graphrestore_v7_1_stage4_step040000/d3/rain+noise+low resolution/024.png,978266ffb50c90a4bdcf5af44012f3bdbe583f3f69375e07c22157c2ed7b1fc9,/root/autodl-tmp/graph/data/graphrestore/raw/agenticir/extracted/HQ/024.png,e51441e174dd8dc0c47872ccb4221ab3f054b716588ee0f42d58a56098bd9538,21.996557235717773,0.6774820758514873,0.47460228204727173,0.2465411275625229,0.21531985700130463,53.27716064453125
test/C/rain + noise + low resolution/025,C,rain+noise+low resolution,/root/autodl-tmp/aaa/graphrestore/artifacts/formal_mio100/graphrestore_v7_1_stage4_step040000/methods/graphrestore_v7_1_stage4_step040000/d3/rain+noise+low resolution/025.png,408b83b89df78f3531d5beec5ecc32b8e6662d159659bfa805324e539f19ecda,/root/autodl-tmp/graph/data/graphrestore/raw/agenticir/extracted/HQ/025.png,f384d4a9bc3c31bc29038378f849002dc4ff2db373d852b732f5cfc24ebed244,24.641036987304688,0.6144437205356531,0.5413036346435547,0.2308311015367508,0.2223229706287384,51.26889419555664
test/C/rain + noise + low resolution/026,C,rain+noise+low resolution,/root/autodl-tmp/aaa/graphrestore/artifacts/formal_mio100/graphrestore_v7_1_stage4_step040000/methods/graphrestore_v7_1_stage4_step040000/d3/rain+noise+low resolution/026.png,71b5806f2132569d49e3c58a16c267e20fdcd0c527761c1fb1eaf31f39ed0c9b,/root/autodl-tmp/graph/data/graphrestore/raw/agenticir/extracted/HQ/026.png,cfce1d4c02a00f28988a64f63cd538c4147c3a72c147a6549d71f1105d671224,27.364402770996094,0.777406422205284,0.5470893383026123,0.15024171769618988,0.28400659561157227,40.86635208129883
test/C/rain + noise + low resolution/027,C,rain+noise+low resolution,/root/autodl-tmp/aaa/graphrestore/artifacts/formal_mio100/graphrestore_v7_1_stage4_step040000/methods/graphrestore_v7_1_stage4_step040000/d3/rain+noise+low resolution/027.png,5d2a6f3528c43c4837d515b59eec06432c419bb859d6943e42220b9649af0589,/root/autodl-tmp/graph/data/graphrestore/raw/agenticir/extracted/HQ/027.png,d69be3d26f3d3c95ffd9de3bd8d565120e0f09fb4aa84c72ae18d8fc4f871aae,25.15191078186035,0.7177836229814231,0.4518437385559082,0.21743424236774445,0.19301533699035645,53.12639617919922
test/C/rain + noise + low resolution/028,C,rain+noise+low resolution,/root/autodl-tmp/aaa/graphrestore/artifacts/formal_mio100/graphrestore_v7_1_stage4_step040000/methods/graphrestore_v7_1_stage4_step040000/d3/rain+noise+low resolution/028.png,7bb092b34f3a1685225deb52b3978e31a8556cbf11659187628ceef489a53f65,/root/autodl-tmp/graph/data/graphrestore/raw/agenticir/extracted/HQ/028.png,181f97da79059de1a93d1a0d30f6851393282c6af8b607d83ce29ab8c9dbf771,27.16808319091797,0.7301847370076828,0.5972131490707397,0.1906699389219284,0.3238840103149414,42.851417541503906
test/C/rain + noise + low resolution/029,C,rain+noise+low resolution,/root/autodl-tmp/aaa/graphrestore/artifacts/formal_mio100/graphrestore_v7_1_stage4_step040000/methods/graphrestore_v7_1_stage4_step040000/d3/rain+noise+low resolution/029.png,bbe9a9e5651c1ceffd17683a7508e28918165ba4342573a4931de322fb964015,/root/autodl-tmp/graph/data/graphrestore/raw/agenticir/extracted/HQ/029.png,3c7f43d0544ada8d7b64d7bb197621349fa1dcdf8400fb6128afaf8787814556,21.102920532226562,0.5125922613956859,0.6616554260253906,0.21263855695724487,0.24395690858364105,41.82048416137695
test/C/rain + noise + low resolution/030,C,rain+noise+low resolution,/root/autodl-tmp/aaa/graphrestore/artifacts/formal_mio100/graphrestore_v7_1_stage4_step040000/methods/graphrestore_v7_1_stage4_step040000/d3/rain+noise+low resolution/030.png,7be806d1c05ffc470a00ed4f6f3aea0fc01f5944d3e5510552ada3daffce14a1,/root/autodl-tmp/graph/data/graphrestore/raw/agenticir/extracted/HQ/030.png,576b0158cf5a541dd6aaf522902400e8ba3175aacca36d9df22951f52acf3f2f,22.132423400878906,0.6467720513747738,0.5850778222084045,0.25364431738853455,0.2488522082567215,50.43448257446289
test/C/rain + noise + low resolution/031,C,rain+noise+low resolution,/root/autodl-tmp/aaa/graphrestore/artifacts/formal_mio100/graphrestore_v7_1_stage4_step040000/methods/graphrestore_v7_1_stage4_step040000/d3/rain+noise+low resolution/031.png,566b8b7520831887fa112471351a6436112fbdac6766d3f462ad430b90cc7185,/root/autodl-tmp/graph/data/graphrestore/raw/agenticir/extracted/HQ/031.png,ee314f8cd1954636c1817c95d1cb0db5aa871e179961c3463869d5dc2100d422,21.63694190979004,0.5225377743038678,0.7817915678024292,0.2028122991323471,0.18400008976459503,31.98263168334961
test/C/rain + noise + low resolution/032,C,rain+noise+low resolution,/root/autodl-tmp/aaa/graphrestore/artifacts/formal_mio100/graphrestore_v7_1_stage4_step040000/methods/graphrestore_v7_1_stage4_step040000/d3/rain+noise+low resolution/032.png,fa983b305ec5c2a1068d8996d7a215aeb0f59572c2ca0cf5b820ec92604c6dd2,/root/autodl-tmp/graph/data/graphrestore/raw/agenticir/extracted/HQ/032.png,e9749385ec471240dd782d677482b0d949b80ccb7472dc409fa260d1748ed9b9,25.231515884399414,0.6597752873968383,0.5154014229774475,0.25910812616348267,0.289188951253891,42.36941909790039
test/C/rain + noise + low resolution/033,C,rain+noise+low resolution,/root/autodl-tmp/aaa/graphrestore/artifacts/formal_mio100/graphrestore_v7_1_stage4_step040000/methods/graphrestore_v7_1_stage4_step040000/d3/rain+noise+low resolution/033.png,fba079cd25842b34652860dc5f130a865863903fb5c7f6abf2ac10df04a86f56,/root/autodl-tmp/graph/data/graphrestore/raw/agenticir/extracted/HQ/033.png,9590f1419e378254c01f330c248e12e8a62792b04a27b72daf2c0afd6c41c758,20.587949752807617,0.4974970312806151,0.6167649626731873,0.2144378125667572,0.1840539425611496,37.061683654785156
test/C/rain + noise + low resolution/034,C,rain+noise+low resolution,/root/autodl-tmp/aaa/graphrestore/artifacts/formal_mio100/graphrestore_v7_1_stage4_step040000/methods/graphrestore_v7_1_stage4_step040000/d3/rain+noise+low resolution/034.png,59ea3161d035c6c2fb2a272863251114637db569ba87373be3b214d843a0184c,/root/autodl-tmp/graph/data/graphrestore/raw/agenticir/extracted/HQ/034.png,0575cc2334f8f50fcbd3d9f58173645db8764f938ee55e8899084ca2b66fd018,25.263328552246094,0.4970268489914445,0.9198459982872009,0.1922364979982376,0.2932202219963074,38.46029281616211
test/C/rain + noise + low resolution/035,C,rain+noise+low resolution,/root/autodl-tmp/aaa/graphrestore/artifacts/formal_mio100/graphrestore_v7_1_stage4_step040000/methods/graphrestore_v7_1_stage4_step040000/d3/rain+noise+low resolution/035.png,db0fecfa9f36faddd5ce15877b1fa3fabca9c1a77c420baa46c87ad5edfe8f22,/root/autodl-tmp/graph/data/graphrestore/raw/agenticir/extracted/HQ/035.png,4e230744a9cb7c3ebe976ae7267155312b876fb355283b4938b34b758aef7ff9,24.45682716369629,0.6505944464922017,0.5513656735420227,0.27576300501823425,0.4389098584651947,48.37405776977539
test/C/rain + noise + low resolution/036,C,rain+noise+low resolution,/root/autodl-tmp/aaa/graphrestore/artifacts/formal_mio100/graphrestore_v7_1_stage4_step040000/methods/graphrestore_v7_1_stage4_step040000/d3/rain+noise+low resolution/036.png,7034fedde0401b854bc8e4e084ff13ce82aad306c2e01a072c32e8273115d255,/root/autodl-tmp/graph/data/graphrestore/raw/agenticir/extracted/HQ/036.png,409fbd0ad51be33e9e2711cb7b22cb39999eaac6e278ca1621c20300be446d76,22.380807876586914,0.6050941214581425,0.4344610571861267,0.2525146007537842,0.401981920003891,35.001251220703125
test/C/rain + noise + low resolution/037,C,rain+noise+low resolution,/root/autodl-tmp/aaa/graphrestore/artifacts/formal_mio100/graphrestore_v7_1_stage4_step040000/methods/graphrestore_v7_1_stage4_step040000/d3/rain+noise+low resolution/037.png,b7e418355664b53adb55fe2c297a682f3d464db8834fbc6a5cc3a5206a4a7a6f,/root/autodl-tmp/graph/data/graphrestore/raw/agenticir/extracted/HQ/037.png,8f31abe11ce5d5377f131fdc788024ffb8d5cfdda501c06a64ca1fc80fab0d07,25.24778175354004,0.7344132537334901,0.5711179375648499,0.2117944210767746,0.2729203402996063,43.51091003417969
test/C/rain + noise + low resolution/038,C,rain+noise+low resolution,/root/autodl-tmp/aaa/graphrestore/artifacts/formal_mio100/graphrestore_v7_1_stage4_step040000/methods/graphrestore_v7_1_stage4_step040000/d3/rain+noise+low resolution/038.png,2bb56aca83c9d042ea329687c428cb6bc037580fd006edff1975e948222bf0f2,/root/autodl-tmp/graph/data/graphrestore/raw/agenticir/extracted/HQ/038.png,fe7df2186482ca2cc105baed74cb1da9667b3b03e1629055880b6012db131aa1,24.94807243347168,0.6469498657573071,0.4955664873123169,0.23611897230148315,0.26705726981163025,40.993019104003906
test/C/rain + noise + low resolution/039,C,rain+noise+low resolution,/root/autodl-tmp/aaa/graphrestore/artifacts/formal_mio100/graphrestore_v7_1_stage4_step040000/methods/graphrestore_v7_1_stage4_step040000/d3/rain+noise+low resolution/039.png,e905fc707ea3b3ac886d22a804710f88b8113159538238c29a63a1181f6fc62d,/root/autodl-tmp/graph/data/graphrestore/raw/agenticir/extracted/HQ/039.png,a2038f7610363fb1916197e0557fa84b50b610d86885a2d6409f9e3aa75fbbcd,25.292774200439453,0.7406676851816484,0.605409562587738,0.2405155897140503,0.32428571581840515,43.57684326171875
test/C/rain + noise + low resolution/040,C,rain+noise+low resolution,/root/autodl-tmp/aaa/graphrestore/artifacts/formal_mio100/graphrestore_v7_1_stage4_step040000/methods/graphrestore_v7_1_stage4_step040000/d3/rain+noise+low resolution/040.png,d74481e34067211c60513fd88ba00089c817b457cf22ecb41b56f04e99b55d0b,/root/autodl-tmp/graph/data/graphrestore/raw/agenticir/extracted/HQ/040.png,c5a9e4bb9d84a6734bdc04c272c48c1b17b150a1e346afab2338eb0ba41f1464,25.000041961669922,0.6988729250245304,0.5403693318367004,0.19074967503547668,0.238549143075943,31.209625244140625
test/C/rain + noise + low resolution/041,C,rain+noise+low resolution,/root/autodl-tmp/aaa/graphrestore/artifacts/formal_mio100/graphrestore_v7_1_stage4_step040000/methods/graphrestore_v7_1_stage4_step040000/d3/rain+noise+low resolution/041.png,6ad5eab98305a1025a8f09d2ce4ee5c8b4ebab61e759a522155a94982d13488f,/root/autodl-tmp/graph/data/graphrestore/raw/agenticir/extracted/HQ/041.png,8d928c89de2952ccb40028ba7ecd3f9fee3f3907c9a371fbbcb7fdaf683bc27e,19.499248504638672,0.48626128816528086,0.6331121325492859,0.2699422240257263,0.20323987305164337,56.78076171875
test/C/rain + noise + low resolution/042,C,rain+noise+low resolution,/root/autodl-tmp/aaa/graphrestore/artifacts/formal_mio100/graphrestore_v7_1_stage4_step040000/methods/graphrestore_v7_1_stage4_step040000/d3/rain+noise+low resolution/042.png,fa3398c0b705dd577030994537a8af624accb5cd3437e6838220ca6cda1a007d,/root/autodl-tmp/graph/data/graphrestore/raw/agenticir/extracted/HQ/042.png,9ae42a00babed185468a76384204ff947b6baab53a82ca9b3cff6ef951f461bf,26.37172508239746,0.5738370461887575,0.8210201859474182,0.20748890936374664,0.31433364748954773,30.653411865234375
test/C/rain + noise + low resolution/043,C,rain+noise+low resolution,/root/autodl-tmp/aaa/graphrestore/artifacts/formal_mio100/graphrestore_v7_1_stage4_step040000/methods/graphrestore_v7_1_stage4_step040000/d3/rain+noise+low resolution/043.png,ef5418814f575e540c6a777677200e100fe58be1172ce6a5816e4ad1340cf152,/root/autodl-tmp/graph/data/graphrestore/raw/agenticir/extracted/HQ/043.png,15880c27b3101797c4e5896dee7349ad832ac1c49fcd0c559b357f4e28296b4d,20.54377555847168,0.4874631599869941,0.6373598575592041,0.31279081106185913,0.1963057816028595,48.29289245605469
test/C/rain + noise + low resolution/044,C,rain+noise+low resolution,/root/autodl-tmp/aaa/graphrestore/artifacts/formal_mio100/graphrestore_v7_1_stage4_step040000/methods/graphrestore_v7_1_stage4_step040000/d3/rain+noise+low resolution/044.png,b7c4959e6f6dc9f5fc4dafaf57030b3529872b57365b9dc7d3e64aa693196900,/root/autodl-tmp/graph/data/graphrestore/raw/agenticir/extracted/HQ/044.png,0645011c1dc3777ab263df617d1747b902c2d321de6f939549cfbe43eabc9245,27.03185272216797,0.7136560374331724,0.5466669201850891,0.3119666576385498,0.36838409304618835,48.32894515991211
test/C/rain + noise + low resolution/045,C,rain+noise+low resolution,/root/autodl-tmp/aaa/graphrestore/artifacts/formal_mio100/graphrestore_v7_1_stage4_step040000/methods/graphrestore_v7_1_stage4_step040000/d3/rain+noise+low resolution/045.png,7874e5e3c62741db100cc631964ea3133650d1ab81494d207d8dd0bd646f1467,/root/autodl-tmp/graph/data/graphrestore/raw/agenticir/extracted/HQ/045.png,d3e352c98c1fe9df1181c1e362bb9c3ba3a1d077456198796083821dab20d1fc,20.259078979492188,0.44949955498462063,0.8891844749450684,0.31493380665779114,0.18497353792190552,43.30686950683594
test/C/rain + noise + low resolution/046,C,rain+noise+low resolution,/root/autodl-tmp/aaa/graphrestore/artifacts/formal_mio100/graphrestore_v7_1_stage4_step040000/methods/graphrestore_v7_1_stage4_step040000/d3/rain+noise+low resolution/046.png,5d526ed0b255f1d8ce922544ca475d998e31f362503d97a9c82745b764fb7abf,/root/autodl-tmp/graph/data/graphrestore/raw/agenticir/extracted/HQ/046.png,af4b21bf96515f2ff4f97a4990856b43ae02a1d8f39909428228a2612b5f936f,20.48956871032715,0.4570841264443635,0.593468427658081,0.368172824382782,0.4417038559913635,49.362186431884766
test/C/rain + noise + low resolution/047,C,rain+noise+low resolution,/root/autodl-tmp/aaa/graphrestore/artifacts/formal_mio100/graphrestore_v7_1_stage4_step040000/methods/graphrestore_v7_1_stage4_step040000/d3/rain+noise+low resolution/047.png,6b58bdc0ba195ca8392195604bae3c1eedc7fb9f43885603f38e2cf0c99290eb,/root/autodl-tmp/graph/data/graphrestore/raw/agenticir/extracted/HQ/047.png,8ecf454f7d68ca4ebf19b2b4a22275d3bb344666e4e483fda2c8cb84d5ff94db,24.71278190612793,0.6677251718954019,0.3672291040420532,0.3238845765590668,0.3237092196941376,52.544281005859375
test/C/rain + noise + low resolution/048,C,rain+noise+low resolution,/root/autodl-tmp/aaa/graphrestore/artifacts/formal_mio100/graphrestore_v7_1_stage4_step040000/methods/graphrestore_v7_1_stage4_step040000/d3/rain+noise+low resolution/048.png,a479e6fcb6e2199590179a552e97492bf8cf2221037a251a37ab74cadd850dd2,/root/autodl-tmp/graph/data/graphrestore/raw/agenticir/extracted/HQ/048.png,b74e449ab10a96799f5e791f68de34dcfaf90a4befdb242cee372f6743841606,20.3468017578125,0.4636666236468402,0.6911801099777222,0.3690086007118225,0.2580457627773285,47.44287109375
test/C/rain + noise + low resolution/049,C,rain+noise+low resolution,/root/autodl-tmp/aaa/graphrestore/artifacts/formal_mio100/graphrestore_v7_1_stage4_step040000/methods/graphrestore_v7_1_stage4_step040000/d3/rain+noise+low resolution/049.png,cf28e9fca7a783242854988c62327de3aaa149535d81ce923292f278b664803f,/root/autodl-tmp/graph/data/graphrestore/raw/agenticir/extracted/HQ/049.png,bdd8f4cec02d5659a12541bb32718429d397d6be195679045764e31574c4f226,20.320283889770508,0.504587782198059,0.7402225732803345,0.3681402802467346,0.34579816460609436,45.59659957885742
test/C/rain + noise + low resolution/050,C,rain+noise+low resolution,/root/autodl-tmp/aaa/graphrestore/artifacts/formal_mio100/graphrestore_v7_1_stage4_step040000/methods/graphrestore_v7_1_stage4_step040000/d3/rain+noise+low resolution/050.png,69a5f30d62987f423410826ff1dc7c419fe04ed5e398fab32f90a134f17d4970,/root/autodl-tmp/graph/data/graphrestore/raw/agenticir/extracted/HQ/050.png,c4cfbc77b28b145af37ea26b0b501d69633ebdedd3ce9a90d5760063ee95f492,20.876117706298828,0.5419396136783908,0.47266823053359985,0.33779749274253845,0.44429928064346313,56.30406188964844
test/C/rain + noise + low resolution/051,C,rain+noise+low resolution,/root/autodl-tmp/aaa/graphrestore/artifacts/formal_mio100/graphrestore_v7_1_stage4_step040000/methods/graphrestore_v7_1_stage4_step040000/d3/rain+noise+low resolution/051.png,5d4da60f459b2c47d009ebf5c59b64534efe91df2258fd3de587ae2d012b6ea4,/root/autodl-tmp/graph/data/graphrestore/raw/agenticir/extracted/HQ/051.png,433269b5d76ea42b944162d49085d86b82a4eab52705e69d4dfa7c8a0ccbe187,24.854143142700195,0.7817218467021172,0.3153514862060547,0.1943914145231247,0.3010445833206177,54.973899841308594
test/C/rain + noise + low resolution/052,C,rain+noise+low resolution,/root/autodl-tmp/aaa/graphrestore/artifacts/formal_mio100/graphrestore_v7_1_stage4_step040000/methods/graphrestore_v7_1_stage4_step040000/d3/rain+noise+low resolution/052.png,1e9497512234b8e86a1613d9fce7c059dde8c5e89da0f25bd51e353c2b3f72cc,/root/autodl-tmp/graph/data/graphrestore/raw/agenticir/extracted/HQ/052.png,b0fe4f61cfdf3e31caa56791dcd8d50f729c75652d7970a654be64494341ada3,24.965290069580078,0.6302590009729235,0.4381597340106964,0.23471279442310333,0.296069473028183,41.31119918823242
test/C/rain + noise + low resolution/053,C,rain+noise+low resolution,/root/autodl-tmp/aaa/graphrestore/artifacts/formal_mio100/graphrestore_v7_1_stage4_step040000/methods/graphrestore_v7_1_stage4_step040000/d3/rain+noise+low resolution/053.png,2dffe65497c9bd982a4e8fe0a52fcf290e8146688137fd060b1017bccd82dbb2,/root/autodl-tmp/graph/data/graphrestore/raw/agenticir/extracted/HQ/053.png,6b1f2208c72adcd28d96a15d538bbfbe27cb5a21be416b6f30fa836b12ac867d,30.507898330688477,0.8408145602389616,0.48803621530532837,0.2147783488035202,0.3123447597026825,54.02517318725586
test/C/rain + noise + low resolution/054,C,rain+noise+low resolution,/root/autodl-tmp/aaa/graphrestore/artifacts/formal_mio100/graphrestore_v7_1_stage4_step040000/methods/graphrestore_v7_1_stage4_step040000/d3/rain+noise+low resolution/054.png,17691aa8919630e7c95e5f2d429c97fe22a5b9f11c364632d25b22ccc5dcbd91,/root/autodl-tmp/graph/data/graphrestore/raw/agenticir/extracted/HQ/054.png,699ffde2d8d110e52811d39e5b9d745965d4211dd2312f453ce367f1bc0e66f5,23.241098403930664,0.6030105088849047,0.7974079847335815,0.1816195696592331,0.39672502875328064,39.9662971496582
test/C/rain + noise + low resolution/055,C,rain+noise+low resolution,/root/autodl-tmp/aaa/graphrestore/artifacts/formal_mio100/graphrestore_v7_1_stage4_step040000/methods/graphrestore_v7_1_stage4_step040000/d3/rain+noise+low resolution/055.png,87b2cd7a6326d7aba6b26f2fb53f4d363c5d2c9c489cec1f77aed64ba2d021b1,/root/autodl-tmp/graph/data/graphrestore/raw/agenticir/extracted/HQ/055.png,5a59c6f9051a70f1c3ad8e9550b2a21322ef8ad71bd70085fb2330f6f6da3948,28.59390640258789,0.7383191039851874,0.6721230745315552,0.21117663383483887,0.40512749552726746,46.906700134277344
test/C/rain + noise + low resolution/056,C,rain+noise+low resolution,/root/autodl-tmp/aaa/graphrestore/artifacts/formal_mio100/graphrestore_v7_1_stage4_step040000/methods/graphrestore_v7_1_stage4_step040000/d3/rain+noise+low resolution/056.png,85efb41bbf3164deee4cc230ff3d5c734821d1168c0d6017d179abe0061cfe81,/root/autodl-tmp/graph/data/graphrestore/raw/agenticir/extracted/HQ/056.png,c5f28866f72e2d370875385eb6575124b0735f8f927fae1c07ff7151e200c956,26.81502342224121,0.743776901458994,0.555316150188446,0.22101740539073944,0.39440473914146423,54.13561248779297
test/C/rain + noise + low resolution/057,C,rain+noise+low resolution,/root/autodl-tmp/aaa/graphrestore/artifacts/formal_mio100/graphrestore_v7_1_stage4_step040000/methods/graphrestore_v7_1_stage4_step040000/d3/rain+noise+low resolution/057.png,e04a9bf2cd491dd8f054e85582dab1a7975cfd0158abe3b48bce96107d910dd3,/root/autodl-tmp/graph/data/graphrestore/raw/agenticir/extracted/HQ/057.png,42353ae75793843947c257055d87e0568db28ed51b9a5d87cc0d6a0dafb242af,29.10179328918457,0.8459567958799962,0.36355260014533997,0.2221047431230545,0.299453467130661,60.59739303588867
test/C/rain + noise + low resolution/058,C,rain+noise+low resolution,/root/autodl-tmp/aaa/graphrestore/artifacts/formal_mio100/graphrestore_v7_1_stage4_step040000/methods/graphrestore_v7_1_stage4_step040000/d3/rain+noise+low resolution/058.png,1d500d06686eac44e32db9c1b8d596461985c4c184b20d2ee01af0e49ffad0f8,/root/autodl-tmp/graph/data/graphrestore/raw/agenticir/extracted/HQ/058.png,e50e67dc4e57dc18d552546044c5ca169fdb26de4d5d81650d00d4b0f3ab7e76,27.48392105102539,0.8303065046786064,0.35088279843330383,0.2159799188375473,0.31976816058158875,52.7950325012207
test/C/rain + noise + low resolution/059,C,rain+noise+low resolution,/root/autodl-tmp/aaa/graphrestore/artifacts/formal_mio100/graphrestore_v7_1_stage4_step040000/methods/graphrestore_v7_1_stage4_step040000/d3/rain+noise+low resolution/059.png,6976e3b41847d38fcc8c7d6b959b40820240b4a31cdfd4d8267eeb93aa194bc1,/root/autodl-tmp/graph/data/graphrestore/raw/agenticir/extracted/HQ/059.png,e60c8277194566df02c7cefc895d1390756059f7a29ac67206ec202f1b897add,30.591632843017578,0.8616163918978393,0.40478190779685974,0.17154036462306976,0.2119080275297165,49.60401153564453
test/C/rain + noise + low resolution/060,C,rain+noise+low resolution,/root/autodl-tmp/aaa/graphrestore/artifacts/formal_mio100/graphrestore_v7_1_stage4_step040000/methods/graphrestore_v7_1_stage4_step040000/d3/rain+noise+low resolution/060.png,e56cf141112fa337c95c26136849efae0dc58ea4bdc7abb811632f0b46793dc3,/root/autodl-tmp/graph/data/graphrestore/raw/agenticir/extracted/HQ/060.png,d173273231bf0b68767ae3e287f4f34baa71e7d986a98c43a41fa9668fd8a0d4,20.245798110961914,0.48325688118884125,0.7054585814476013,0.19902290403842926,0.2780248522758484,37.10771942138672
test/C/rain + noise + low resolution/061,C,rain+noise+low resolution,/root/autodl-tmp/aaa/graphrestore/artifacts/formal_mio100/graphrestore_v7_1_stage4_step040000/methods/graphrestore_v7_1_stage4_step040000/d3/rain+noise+low resolution/061.png,bf7b9659790ce5e709e56a75ceee50888dfd0c260dc9c1ebc26a1aa55450be4f,/root/autodl-tmp/graph/data/graphrestore/raw/agenticir/extracted/HQ/061.png,a7818ddc00c398726bcd4724e9a51456bf18e4eb573f2f68b79ea2dedf0e699c,24.456886291503906,0.7704161843385396,0.26186761260032654,0.27876830101013184,0.24745707213878632,56.810211181640625
test/C/rain + noise + low resolution/062,C,rain+noise+low resolution,/root/autodl-tmp/aaa/graphrestore/artifacts/formal_mio100/graphrestore_v7_1_stage4_step040000/methods/graphrestore_v7_1_stage4_step040000/d3/rain+noise+low resolution/062.png,a217a01f1205c208d1005caa1a55d75a577a3ee9137486fe3bb48de9f40eb9d7,/root/autodl-tmp/graph/data/graphrestore/raw/agenticir/extracted/HQ/062.png,7829e8bf6fee7705051b0e4486c3abb2cdf412c83ac15b9f5ed9d9036c296d40,22.52090835571289,0.6508364172766402,0.47565847635269165,0.1930781751871109,0.17377570271492004,50.90611267089844
test/C/rain + noise + low resolution/063,C,rain+noise+low resolution,/root/autodl-tmp/aaa/graphrestore/artifacts/formal_mio100/graphrestore_v7_1_stage4_step040000/methods/graphrestore_v7_1_stage4_step040000/d3/rain+noise+low resolution/063.png,d5e0673232e5e6aaa39472194188082854cd418168289fd5bb52fbe7de6cc400,/root/autodl-tmp/graph/data/graphrestore/raw/agenticir/extracted/HQ/063.png,f7ccce7c58be38c16fb08060b8b379825cb0417a04e6813c72985768a480929c,21.842575073242188,0.5714780943310676,0.4179978370666504,0.2953053414821625,0.18291087448596954,54.474510192871094
test/C/rain + noise + low resolution/064,C,rain+noise+low resolution,/root/autodl-tmp/aaa/graphrestore/artifacts/formal_mio100/graphrestore_v7_1_stage4_step040000/methods/graphrestore_v7_1_stage4_step040000/d3/rain+noise+low resolution/064.png,14fa864fb74b5d96a43af036883dbac892105f25a518099d1078f85a4500ebb1,/root/autodl-tmp/graph/data/graphrestore/raw/agenticir/extracted/HQ/064.png,b34caae8d574b2c008d53ceb0490df55c099e68844b2819f0c02fc50db26cee0,23.93191146850586,0.6862411687480263,0.36080801486968994,0.24647074937820435,0.2770375907421112,51.22241973876953
test/C/rain + noise + low resolution/065,C,rain+noise+low resolution,/root/autodl-tmp/aaa/graphrestore/artifacts/formal_mio100/graphrestore_v7_1_stage4_step040000/methods/graphrestore_v7_1_stage4_step040000/d3/rain+noise+low resolution/065.png,5e68d4614a51d2d1081644ee47d5f7b713cee23d6dd1e8720d3d4200a8774fde,/root/autodl-tmp/graph/data/graphrestore/raw/agenticir/extracted/HQ/065.png,f0770ae16bf79be3b5d94a7868da009f5ce1bbf54bfe5c879e352a4df590ef63,24.711217880249023,0.6668100242144412,0.4660056531429291,0.2573716938495636,0.19199004769325256,55.98701477050781
test/C/rain + noise + low resolution/066,C,rain+noise+low resolution,/root/autodl-tmp/aaa/graphrestore/artifacts/formal_mio100/graphrestore_v7_1_stage4_step040000/methods/graphrestore_v7_1_stage4_step040000/d3/rain+noise+low resolution/066.png,4768d3c125d958bfa07ada763336db41921e38051ce4c566f29548777c626015,/root/autodl-tmp/graph/data/graphrestore/raw/agenticir/extracted/HQ/066.png,a19230b326bd2fb5c26ae283f65bf0b85f39f90421056a47c7ecd6d683379aff,23.060192108154297,0.6924488294998378,0.39718958735466003,0.2577728033065796,0.21697531640529633,61.68779373168945
test/C/rain + noise + low resolution/067,C,rain+noise+low resolution,/root/autodl-tmp/aaa/graphrestore/artifacts/formal_mio100/graphrestore_v7_1_stage4_step040000/methods/graphrestore_v7_1_stage4_step040000/d3/rain+noise+low resolution/067.png,13dfecf73949953e255b008df9b62a6d5512026b5f91cf81590261c325572768,/root/autodl-tmp/graph/data/graphrestore/raw/agenticir/extracted/HQ/067.png,91cd9f021a6902b7f3220c6a373cba11f3bfbe4e4984c1d6fc4be0c76acb67a0,22.400991439819336,0.6814589387070678,0.3351127505302429,0.2372766137123108,0.19531603157520294,59.22011947631836
test/C/rain + noise + low resolution/068,C,rain+noise+low resolution,/root/autodl-tmp/aaa/graphrestore/artifacts/formal_mio100/graphrestore_v7_1_stage4_step040000/methods/graphrestore_v7_1_stage4_step040000/d3/rain+noise+low resolution/068.png,73851c6417219bef1b18ca0b25fa00cb0c9b34f2194c849230f8eed7ac124bd9,/root/autodl-tmp/graph/data/graphrestore/raw/agenticir/extracted/HQ/068.png,b8187d79db16002364f6017df807e6cac41e7ee9a68413a384b1bd69eddaa638,23.034255981445312,0.6755640449240332,0.3467766046524048,0.2550453245639801,0.19398410618305206,59.12939453125
test/C/rain + noise + low resolution/069,C,rain+noise+low resolution,/root/autodl-tmp/aaa/graphrestore/artifacts/formal_mio100/graphrestore_v7_1_stage4_step040000/methods/graphrestore_v7_1_stage4_step040000/d3/rain+noise+low resolution/069.png,0e271b41c7a1a5eff9c1561dacd8f1451b7bd8e07e191f9570af522cd404d238,/root/autodl-tmp/graph/data/graphrestore/raw/agenticir/extracted/HQ/069.png,abb08be58f50075e5e6b1de44ddfe61c30ebb34882e9d72681edd73a5cdbb156,24.226110458374023,0.617910126254845,0.5924312472343445,0.22604408860206604,0.24007003009319305,59.38394546508789
test/C/rain + noise + low resolution/070,C,rain+noise+low resolution,/root/autodl-tmp/aaa/graphrestore/artifacts/formal_mio100/graphrestore_v7_1_stage4_step040000/methods/graphrestore_v7_1_stage4_step040000/d3/rain+noise+low resolution/070.png,7f40bc8d973addc288038dd5baac6027755336305e328dd5a5143aabde55364d,/root/autodl-tmp/graph/data/graphrestore/raw/agenticir/extracted/HQ/070.png,718ae2570e431003fb32f2a40e19f813545164ace18230ac03f9ec96b2747f85,23.864505767822266,0.7135373018361664,0.5021320581436157,0.11389297246932983,0.23435764014720917,35.82652282714844
test/C/rain + noise + low resolution/071,C,rain+noise+low resolution,/root/autodl-tmp/aaa/graphrestore/artifacts/formal_mio100/graphrestore_v7_1_stage4_step040000/methods/graphrestore_v7_1_stage4_step040000/d3/rain+noise+low resolution/071.png,40878aa1d18e3ea533ea55651956b534b93c4b7ba4f2445fa64b586d1d588566,/root/autodl-tmp/graph/data/graphrestore/raw/agenticir/extracted/HQ/071.png,e8bc40490eabb437e225b0acde6b8dc1d8942f2b9657e042051c166804b07b15,28.5134334564209,0.7909706647129288,0.4351842999458313,0.1953301876783371,0.27128735184669495,47.38783264160156
test/C/rain + noise + low resolution/072,C,rain+noise+low resolution,/root/autodl-tmp/aaa/graphrestore/artifacts/formal_mio100/graphrestore_v7_1_stage4_step040000/methods/graphrestore_v7_1_stage4_step040000/d3/rain+noise+low resolution/072.png,a2fdd29c6fdff6f536aa54908fcc306442db82518fa80a9fdc9d7003bc50a75d,/root/autodl-tmp/graph/data/graphrestore/raw/agenticir/extracted/HQ/072.png,6b887c3fd578dc80ca3b15a823f1b43d80db2d30abc07d144e03f7228acb8144,24.189138412475586,0.6352309849220189,0.6897619962692261,0.1916174292564392,0.19578321278095245,40.180641174316406
test/C/rain + noise + low resolution/073,C,rain+noise+low resolution,/root/autodl-tmp/aaa/graphrestore/artifacts/formal_mio100/graphrestore_v7_1_stage4_step040000/methods/graphrestore_v7_1_stage4_step040000/d3/rain+noise+low resolution/073.png,376675d315694b4ee44508015fa14b13ebd4033784d651fe06e68d5c75ab3cbc,/root/autodl-tmp/graph/data/graphrestore/raw/agenticir/extracted/HQ/073.png,e4a8516954bfb4b79f2fc6194b6b4a8ed63250e14fe7ce0b6f6d77c922f84730,22.793970108032227,0.6625305574789226,0.5624004602432251,0.20454321801662445,0.2552175521850586,51.694114685058594
test/C/rain + noise + low resolution/074,C,rain+noise+low resolution,/root/autodl-tmp/aaa/graphrestore/artifacts/formal_mio100/graphrestore_v7_1_stage4_step040000/methods/graphrestore_v7_1_stage4_step040000/d3/rain+noise+low resolution/074.png,f6468b91afbde4f96f685a50c6126a8acfe538b57b92b3dff2234dc026d30a36,/root/autodl-tmp/graph/data/graphrestore/raw/agenticir/extracted/HQ/074.png,cfa80e9825a34173ab0d1810b1b63bf645aa1b6b743966a77d7d03463319fd8e,23.11370086669922,0.6083597615510112,0.5074020624160767,0.20185478031635284,0.22044430673122406,33.17417907714844
test/C/rain + noise + low resolution/075,C,rain+noise+low resolution,/root/autodl-tmp/aaa/graphrestore/artifacts/formal_mio100/graphrestore_v7_1_stage4_step040000/methods/graphrestore_v7_1_stage4_step040000/d3/rain+noise+low resolution/075.png,983815073639cb8b39c71cff9ec65c106009de82bb8e195dcc15e3e17056e7b7,/root/autodl-tmp/graph/data/graphrestore/raw/agenticir/extracted/HQ/075.png,637e76a0398c825f3214d13b10485f7c180dc359b838ade377382c22c8f6b788,22.16628646850586,0.5964664776941384,0.46943333745002747,0.22387582063674927,0.17402826249599457,50.74360275268555
test/C/rain + noise + low resolution/076,C,rain+noise+low resolution,/root/autodl-tmp/aaa/graphrestore/artifacts/formal_mio100/graphrestore_v7_1_stage4_step040000/methods/graphrestore_v7_1_stage4_step040000/d3/rain+noise+low resolution/076.png,339e6ae84d349113673f08e8070f0a5dd5ec1f90bd5e061b513170d0540366e2,/root/autodl-tmp/graph/data/graphrestore/raw/agenticir/extracted/HQ/076.png,28f7193b83d2979c14a7c73e95657ce02a2cc902196495bea289e190f48cecae,25.811452865600586,0.7408427971507044,0.47145944833755493,0.16003361344337463,0.12421901524066925,38.270606994628906
test/C/rain + noise + low resolution/077,C,rain+noise+low resolution,/root/autodl-tmp/aaa/graphrestore/artifacts/formal_mio100/graphrestore_v7_1_stage4_step040000/methods/graphrestore_v7_1_stage4_step040000/d3/rain+noise+low resolution/077.png,ced740a23b40eaf324c628cba3b26814425d640af9e86de60e0a351b643c9355,/root/autodl-tmp/graph/data/graphrestore/raw/agenticir/extracted/HQ/077.png,6d0b3c0c4255ee2de7c3c275c114eb531248c06fce157913f4e69dacd492cc91,25.06606674194336,0.7939247311196724,0.2688925564289093,0.2186092734336853,0.15670879185199738,43.21158981323242
test/C/rain + noise + low resolution/078,C,rain+noise+low resolution,/root/autodl-tmp/aaa/graphrestore/artifacts/formal_mio100/graphrestore_v7_1_stage4_step040000/methods/graphrestore_v7_1_stage4_step040000/d3/rain+noise+low resolution/078.png,bc0da93a1239a5ccb91da211062ae49802d528c61f5337c846502e41917de988,/root/autodl-tmp/graph/data/graphrestore/raw/agenticir/extracted/HQ/078.png,ae84b8b3592a0f623d5bd2c5791b049e6fd87155614fbbad37f1ac00a2cfa870,23.40143394470215,0.605615583086902,0.5408720970153809,0.190363347530365,0.1537649929523468,51.16160583496094
test/C/rain + noise + low resolution/079,C,rain+noise+low resolution,/root/autodl-tmp/aaa/graphrestore/artifacts/formal_mio100/graphrestore_v7_1_stage4_step040000/methods/graphrestore_v7_1_stage4_step040000/d3/rain+noise+low resolution/079.png,2a1be3b6ad4c949174b4df571d9831d33753ee5e01035c002b006d3a4d1d0e10,/root/autodl-tmp/graph/data/graphrestore/raw/agenticir/extracted/HQ/079.png,166cde30b17743be2ca3fb2c29004e0b38b126bfa1d8d5f41013c23eb248aad5,26.161306381225586,0.7041257757218962,0.3838302493095398,0.22578714787960052,0.21182279288768768,51.66084289550781
test/C/rain + noise + low resolution/080,C,rain+noise+low resolution,/root/autodl-tmp/aaa/graphrestore/artifacts/formal_mio100/graphrestore_v7_1_stage4_step040000/methods/graphrestore_v7_1_stage4_step040000/d3/rain+noise+low resolution/080.png,2412fdbd98417fa54189d025a30bb623c30c5699d470876dd1b0d8cf8a911329,/root/autodl-tmp/graph/data/graphrestore/raw/agenticir/extracted/HQ/080.png,b208599722bce230536ae4db62272e883a7714d4bfca7d73e1361da3b2ca9225,29.562108993530273,0.8956767191480668,0.19955694675445557,0.17854087054729462,0.20580501854419708,51.68489074707031
test/C/rain + noise + low resolution/081,C,rain+noise+low resolution,/root/autodl-tmp/aaa/graphrestore/artifacts/formal_mio100/graphrestore_v7_1_stage4_step040000/methods/graphrestore_v7_1_stage4_step040000/d3/rain+noise+low resolution/081.png,fabc3e5ff65a323d1b306dba2d660db0c97fdc0d3326c50660bd5187ca6381f4,/root/autodl-tmp/graph/data/graphrestore/raw/agenticir/extracted/HQ/081.png,f86df1e220755af6ab50844f797e3fb45165c5dde9ac8ee1750544154cfd1ad7,22.54063606262207,0.6222119659270414,0.4762694537639618,0.14415030181407928,0.14778690040111542,36.257728576660156
test/C/rain + noise + low resolution/082,C,rain+noise+low resolution,/root/autodl-tmp/aaa/graphrestore/artifacts/formal_mio100/graphrestore_v7_1_stage4_step040000/methods/graphrestore_v7_1_stage4_step040000/d3/rain+noise+low resolution/082.png,dbf58e4b0c7c3374563f6040ce8b8772bfb7a9e08081b89b1ece459a8fe763a8,/root/autodl-tmp/graph/data/graphrestore/raw/agenticir/extracted/HQ/082.png,698a641215db75e2471381c00fc2a84208122a4a0115beeb5679de746977682e,20.540800094604492,0.39308751732901887,0.4520581364631653,0.3410364091396332,0.3599846363067627,52.80351638793945
test/C/rain + noise + low resolution/083,C,rain+noise+low resolution,/root/autodl-tmp/aaa/graphrestore/artifacts/formal_mio100/graphrestore_v7_1_stage4_step040000/methods/graphrestore_v7_1_stage4_step040000/d3/rain+noise+low resolution/083.png,72355104a5e56c7cd54ebf5fd93ff10abf2ffa65d61d7f90d462234a3ab1a3d3,/root/autodl-tmp/graph/data/graphrestore/raw/agenticir/extracted/HQ/083.png,4772b8d475dfc90626760cea35452db0ee8dfdd89f7cd8def57f8b4d74ecef44,22.283361434936523,0.6692162207786695,0.48839253187179565,0.24165894091129303,0.2423373907804489,45.19744873046875
test/C/rain + noise + low resolution/084,C,rain+noise+low resolution,/root/autodl-tmp/aaa/graphrestore/artifacts/formal_mio100/graphrestore_v7_1_stage4_step040000/methods/graphrestore_v7_1_stage4_step040000/d3/rain+noise+low resolution/084.png,aeb71818e271006318eab42fb72a25eb37763cca731c483a467dc0388b181f22,/root/autodl-tmp/graph/data/graphrestore/raw/agenticir/extracted/HQ/084.png,1bc34c4607ba66d84248fe8e7d5e30546ae13841542d8b1cb9146f2a2485df64,29.223386764526367,0.8494662151903818,0.37540996074676514,0.19484709203243256,0.2850942015647888,41.055240631103516
test/C/rain + noise + low resolution/085,C,rain+noise+low resolution,/root/autodl-tmp/aaa/graphrestore/artifacts/formal_mio100/graphrestore_v7_1_stage4_step040000/methods/graphrestore_v7_1_stage4_step040000/d3/rain+noise+low resolution/085.png,0e19b37d6727c9ab2f09753b3e2212cf097530a392ca00698f2e9fc75d8af172,/root/autodl-tmp/graph/data/graphrestore/raw/agenticir/extracted/HQ/085.png,6174b7cb004afd2a578ec1950d92b99c41115b5a6bf70a511f19156c62bd5274,30.95413589477539,0.9299884954828194,0.13499918580055237,0.13697314262390137,0.2187831848859787,40.57891082763672
test/C/rain + noise + low resolution/086,C,rain+noise+low resolution,/root/autodl-tmp/aaa/graphrestore/artifacts/formal_mio100/graphrestore_v7_1_stage4_step040000/methods/graphrestore_v7_1_stage4_step040000/d3/rain+noise+low resolution/086.png,b4537ebf9415040447d7d57312cf74e3e7e0bc300d0921e730c9905c7f062b8c,/root/autodl-tmp/graph/data/graphrestore/raw/agenticir/extracted/HQ/086.png,68a629299aaf0e4d70065c504c9b3e397721fa17a25c2585446914aa5c7bafb5,21.13816261291504,0.6547244391220324,0.5813778042793274,0.23344235122203827,0.23159733414649963,40.98168182373047
test/C/rain + noise + low resolution/087,C,rain+noise+low resolution,/root/autodl-tmp/aaa/graphrestore/artifacts/formal_mio100/graphrestore_v7_1_stage4_step040000/methods/graphrestore_v7_1_stage4_step040000/d3/rain+noise+low resolution/087.png,1b9571d789597fceaf589a22a1111b0b77848ee18782c33dafc7974266eed575,/root/autodl-tmp/graph/data/graphrestore/raw/agenticir/extracted/HQ/087.png,059a862de1498fc3b783bcfcce8fad399573aa912bb6638bbd3d43d23b88cdc6,22.393123626708984,0.6535671453976697,0.5109180212020874,0.1934092491865158,0.2602550983428955,43.20201110839844
test/C/rain + noise + low resolution/088,C,rain+noise+low resolution,/root/autodl-tmp/aaa/graphrestore/artifacts/formal_mio100/graphrestore_v7_1_stage4_step040000/methods/graphrestore_v7_1_stage4_step040000/d3/rain+noise+low resolution/088.png,b91c326fe03735fccd8e59d721359bd0f5cf446d9aee6a387297f52cba286c28,/root/autodl-tmp/graph/data/graphrestore/raw/agenticir/extracted/HQ/088.png,e76841066e027bd2a2fa101a4598c597d4891a7c535e3cc3195b7afcc249d7ae,24.340824127197266,0.6808470995306344,0.5073689222335815,0.2121984362602234,0.3132753372192383,27.188066482543945
test/C/rain + noise + low resolution/089,C,rain+noise+low resolution,/root/autodl-tmp/aaa/graphrestore/artifacts/formal_mio100/graphrestore_v7_1_stage4_step040000/methods/graphrestore_v7_1_stage4_step040000/d3/rain+noise+low resolution/089.png,82515aa8166eba7820b6575954a2c3e2b211dc46b7a16c5dd4fda9f166a2bd54,/root/autodl-tmp/graph/data/graphrestore/raw/agenticir/extracted/HQ/089.png,046e493440ea7499fe07cec3853e6e170225ce6cdc903aac14730fa6b9bf36ab,25.01653289794922,0.7783507900201858,0.21604710817337036,0.2515339255332947,0.34705230593681335,53.622554779052734
test/C/rain + noise + low resolution/090,C,rain+noise+low resolution,/root/autodl-tmp/aaa/graphrestore/artifacts/formal_mio100/graphrestore_v7_1_stage4_step040000/methods/graphrestore_v7_1_stage4_step040000/d3/rain+noise+low resolution/090.png,930e693bf11fcf89f2e7b64d4e4675766385068b6c68e4f975b016ea6a7a32b1,/root/autodl-tmp/graph/data/graphrestore/raw/agenticir/extracted/HQ/090.png,830f74b8389bfef595e56e910efc49cf4246f6f7bd552ea8c45d071a0113053c,21.951641082763672,0.6806841958255111,0.4733275771141052,0.25431811809539795,0.23919740319252014,36.167442321777344
test/C/rain + noise + low resolution/091,C,rain+noise+low resolution,/root/autodl-tmp/aaa/graphrestore/artifacts/formal_mio100/graphrestore_v7_1_stage4_step040000/methods/graphrestore_v7_1_stage4_step040000/d3/rain+noise+low resolution/091.png,df89b8273e8479a74493a43f9cac27f16227a5926225afb2adb4ce9727d7100b,/root/autodl-tmp/graph/data/graphrestore/raw/agenticir/extracted/HQ/091.png,5e553db9d41f0f077260ca811d0fc988002511f536fd217035e5495bab201d6c,22.741567611694336,0.757695585100325,0.2429315447807312,0.28251954913139343,0.24835644662380219,64.0069808959961
test/C/rain + noise + low resolution/092,C,rain+noise+low resolution,/root/autodl-tmp/aaa/graphrestore/artifacts/formal_mio100/graphrestore_v7_1_stage4_step040000/methods/graphrestore_v7_1_stage4_step040000/d3/rain+noise+low resolution/092.png,1cd137052186413e2eaa2f014ac285015f42cfc927fa5d050c751fa99b1bd685,/root/autodl-tmp/graph/data/graphrestore/raw/agenticir/extracted/HQ/092.png,d2fdbb69f6828c6707d3f41abfcb56dcb6e0d8e75181ac8d0c55eea107f20d48,19.460073471069336,0.5308745044640492,0.6449986696243286,0.2935671806335449,0.08586501330137253,47.511199951171875
test/C/rain + noise + low resolution/093,C,rain+noise+low resolution,/root/autodl-tmp/aaa/graphrestore/artifacts/formal_mio100/graphrestore_v7_1_stage4_step040000/methods/graphrestore_v7_1_stage4_step040000/d3/rain+noise+low resolution/093.png,df675d787f9691caebf490a896d3d6a40abaacd206250b8ded35598cf17f1842,/root/autodl-tmp/graph/data/graphrestore/raw/agenticir/extracted/HQ/093.png,b9ef1df7a3be70176f064c2568ea12d8cd9c9c54b3e8fd72bca53d170eaf06f2,22.458843231201172,0.7671101146845861,0.3761974573135376,0.2843188941478729,0.355138897895813,49.778804779052734
test/C/rain + noise + low resolution/094,C,rain+noise+low resolution,/root/autodl-tmp/aaa/graphrestore/artifacts/formal_mio100/graphrestore_v7_1_stage4_step040000/methods/graphrestore_v7_1_stage4_step040000/d3/rain+noise+low resolution/094.png,7184b4aa01a5d227539dfe5aea1277aea61f4b2441a1eba00e8e15e29d2fd88e,/root/autodl-tmp/graph/data/graphrestore/raw/agenticir/extracted/HQ/094.png,45dab31fa407b6793844322a5e147cdfedc3bfa449cd28fc9605f41dba80966d,22.494110107421875,0.6903000717892958,0.4104231595993042,0.2977250814437866,0.20455704629421234,51.68324661254883
test/C/rain + noise + low resolution/095,C,rain+noise+low resolution,/root/autodl-tmp/aaa/graphrestore/artifacts/formal_mio100/graphrestore_v7_1_stage4_step040000/methods/graphrestore_v7_1_stage4_step040000/d3/rain+noise+low resolution/095.png,ecdea9320b4f515d89a973e20cd5588012fd52e0a4ec1897a6692c440baf4eb2,/root/autodl-tmp/graph/data/graphrestore/raw/agenticir/extracted/HQ/095.png,2f04f8c811593049180a1c6bdcf5d723d3c2f6443ba518c407e4976d7a6b2637,16.82960319519043,0.6393899273539699,0.347682923078537,0.3589353561401367,0.18959097564220428,54.223785400390625
test/C/rain + noise + low resolution/096,C,rain+noise+low resolution,/root/autodl-tmp/aaa/graphrestore/artifacts/formal_mio100/graphrestore_v7_1_stage4_step040000/methods/graphrestore_v7_1_stage4_step040000/d3/rain+noise+low resolution/096.png,871eb99efc2c1696721fd007ae642a1e759eafb01419cd863e5632feba2ea06f,/root/autodl-tmp/graph/data/graphrestore/raw/agenticir/extracted/HQ/096.png,3ac9dbd626f9e294ae10a8ab11a34f6c0132ed355627d25ce3f8790f701fae29,21.965625762939453,0.6146062305230595,0.6118003129959106,0.23890183866024017,0.25379785895347595,38.17839050292969
test/C/rain + noise + low resolution/097,C,rain+noise+low resolution,/root/autodl-tmp/aaa/graphrestore/artifacts/formal_mio100/graphrestore_v7_1_stage4_step040000/methods/graphrestore_v7_1_stage4_step040000/d3/rain+noise+low resolution/097.png,7f18b724262f36c81fcb20d5e3723c91afdb04dc416687951c55d81e6e051154,/root/autodl-tmp/graph/data/graphrestore/raw/agenticir/extracted/HQ/097.png,9b6c3c0d294f54e89b51656b0163aa8d0715dd7904848721ea76c07ccf737d2e,22.797195434570312,0.733608836066079,0.3597739338874817,0.3385219871997833,0.44181886315345764,58.559654235839844
test/C/rain + noise + low resolution/098,C,rain+noise+low resolution,/root/autodl-tmp/aaa/graphrestore/artifacts/formal_mio100/graphrestore_v7_1_stage4_step040000/methods/graphrestore_v7_1_stage4_step040000/d3/rain+noise+low resolution/098.png,dc04f983907857092d046546cc063811cff226263a4c72febe433f2f0fa1f260,/root/autodl-tmp/graph/data/graphrestore/raw/agenticir/extracted/HQ/098.png,f0574e5262ab9942e66006e0df3aab8738de997489badc302e131ae74299181f,20.84033966064453,0.6202816350892055,0.453706294298172,0.3323631286621094,0.2405962496995926,54.275421142578125
test/C/rain + noise + low resolution/099,C,rain+noise+low resolution,/root/autodl-tmp/aaa/graphrestore/artifacts/formal_mio100/graphrestore_v7_1_stage4_step040000/methods/graphrestore_v7_1_stage4_step040000/d3/rain+noise+low resolution/099.png,cb1e973724cc3462a250b5493fa23aa5ebee46b12072f2f61d35470aa2172bb9,/root/autodl-tmp/graph/data/graphrestore/raw/agenticir/extracted/HQ/099.png,15ddff6cab9869d7fe8a7cb6fd328b436bbfa9b089e6adcbba7a5048e4c97f8b,22.56747055053711,0.6491912298804632,0.5034877061843872,0.2861036956310272,0.16291223466396332,47.3945198059082
test/C/rain + noise + low resolution/100,C,rain+noise+low resolution,/root/autodl-tmp/aaa/graphrestore/artifacts/formal_mio100/graphrestore_v7_1_stage4_step040000/methods/graphrestore_v7_1_stage4_step040000/d3/rain+noise+low resolution/100.png,64f3e2490de86b6135db9f6d7487cccdd5e4e46c775dcf99592cf9fe24040c1a,/root/autodl-tmp/graph/data/graphrestore/raw/agenticir/extracted/HQ/100.png,b7f5d60dbb3e7047b9c62efc7d61db97052a2cde687d3fae367a14a6793a0c40,20.02712059020996,0.6353650296836311,0.5012593865394592,0.2822231948375702,0.2332262545824051,50.65423583984375
test/C/dark + defocus blur + jpeg compression artifact/001,C,dark+defocus blur+jpeg compression artifact,/root/autodl-tmp/aaa/graphrestore/artifacts/formal_mio100/graphrestore_v7_1_stage4_step040000/methods/graphrestore_v7_1_stage4_step040000/d3/dark+defocus blur+jpeg compression artifact/001.png,341384b94a3fe32e4e33a4415895107d0be0ad7316084ed2bc1d2880c610532c,/root/autodl-tmp/graph/data/graphrestore/raw/agenticir/extracted/HQ/001.png,501f9b012a3f9c95787db8151eddf07dcae5e163688c011649d3ff3f00372cae,14.530695915222168,0.6601696255358862,0.38093772530555725,0.1606966257095337,0.21737003326416016,39.02198028564453
test/C/dark + defocus blur + jpeg compression artifact/002,C,dark+defocus blur+jpeg compression artifact,/root/autodl-tmp/aaa/graphrestore/artifacts/formal_mio100/graphrestore_v7_1_stage4_step040000/methods/graphrestore_v7_1_stage4_step040000/d3/dark+defocus blur+jpeg compression artifact/002.png,ed24271ed2252c1ea7f2d6f27f27e2ec8e992cd924e456801caf58407331156a,/root/autodl-tmp/graph/data/graphrestore/raw/agenticir/extracted/HQ/002.png,e65fb0b7adb1176b47486303c8cc4f49a0173f91e00d28e0c3a4d3eccae286b4,16.648433685302734,0.530098609509731,0.34041860699653625,0.1841665357351303,0.20551705360412598,57.2323112487793
test/C/dark + defocus blur + jpeg compression artifact/003,C,dark+defocus blur+jpeg compression artifact,/root/autodl-tmp/aaa/graphrestore/artifacts/formal_mio100/graphrestore_v7_1_stage4_step040000/methods/graphrestore_v7_1_stage4_step040000/d3/dark+defocus blur+jpeg compression artifact/003.png,f42df4949c18de8a6f25ed3fb7ef113ba0d740b242b811df2a6bb87027ed6d96,/root/autodl-tmp/graph/data/graphrestore/raw/agenticir/extracted/HQ/003.png,c2a2513992db412a7160dfa2f82535dccaa188db91df80ee6ed5b0dd5c5d2d1a,16.877002716064453,0.5966593594936894,0.43124064803123474,0.26958006620407104,0.2906463146209717,54.940696716308594
test/C/dark + defocus blur + jpeg compression artifact/004,C,dark+defocus blur+jpeg compression artifact,/root/autodl-tmp/aaa/graphrestore/artifacts/formal_mio100/graphrestore_v7_1_stage4_step040000/methods/graphrestore_v7_1_stage4_step040000/d3/dark+defocus blur+jpeg compression artifact/004.png,e4b998342785bb332f960d7cff7f81249e94349489c9f33ca4ac6c589ebfb55e,/root/autodl-tmp/graph/data/graphrestore/raw/agenticir/extracted/HQ/004.png,f1ad3f60cd8e680739263535ab1620a2490f3bc0c65a9355a965c7dff9be1fed,10.416681289672852,0.5435956116050832,0.548884928226471,0.15354332327842712,0.20141708850860596,51.4113655090332
test/C/dark + defocus blur + jpeg compression artifact/005,C,dark+defocus blur+jpeg compression artifact,/root/autodl-tmp/aaa/graphrestore/artifacts/formal_mio100/graphrestore_v7_1_stage4_step040000/methods/graphrestore_v7_1_stage4_step040000/d3/dark+defocus blur+jpeg compression artifact/005.png,cbea48b4909b4081c7d4955bcf29bfe6aa2a5cb77f54fea28c13621183b44e33,/root/autodl-tmp/graph/data/graphrestore/raw/agenticir/extracted/HQ/005.png,1d8eb1ef9c1817c087956135efa85be686e7169ef11eb532c768d32d7267a0ff,16.69182586669922,0.5399141521039248,0.2514846622943878,0.29334041476249695,0.5560788512229919,63.147613525390625
test/C/dark + defocus blur + jpeg compression artifact/006,C,dark+defocus blur+jpeg compression artifact,/root/autodl-tmp/aaa/graphrestore/artifacts/formal_mio100/graphrestore_v7_1_stage4_step040000/methods/graphrestore_v7_1_stage4_step040000/d3/dark+defocus blur+jpeg compression artifact/006.png,9d4fb998e54316a2049ea7dcda3d6cb07c7deac3c984c0909313a38a2acb0e84,/root/autodl-tmp/graph/data/graphrestore/raw/agenticir/extracted/HQ/006.png,f62feddd2f379d039dd1effe18b6368c79a6fe31fb8177f797c9f230eb8e1211,14.145956039428711,0.6211989097165104,0.5106213092803955,0.19407521188259125,0.2719150483608246,42.637046813964844
test/C/dark + defocus blur + jpeg compression artifact/007,C,dark+defocus blur+jpeg compression artifact,/root/autodl-tmp/aaa/graphrestore/artifacts/formal_mio100/graphrestore_v7_1_stage4_step040000/methods/graphrestore_v7_1_stage4_step040000/d3/dark+defocus blur+jpeg compression artifact/007.png,cd9734c4f852602e211b16d2778dd02c94868f8dd88fd5d1486212458d5d0644,/root/autodl-tmp/graph/data/graphrestore/raw/agenticir/extracted/HQ/007.png,b876f087d5f42a9350f28383ff2df22156b6bbba702809d134b7713d9430881c,12.936641693115234,0.5109233101701172,0.5991458892822266,0.20575031638145447,0.24170458316802979,38.58069610595703
test/C/dark + defocus blur + jpeg compression artifact/008,C,dark+defocus blur+jpeg compression artifact,/root/autodl-tmp/aaa/graphrestore/artifacts/formal_mio100/graphrestore_v7_1_stage4_step040000/methods/graphrestore_v7_1_stage4_step040000/d3/dark+defocus blur+jpeg compression artifact/008.png,6ae0d0e1016afb4fa7766ea2692b8afe714d0b238c38eb55dc764244be21e030,/root/autodl-tmp/graph/data/graphrestore/raw/agenticir/extracted/HQ/008.png,4efb8dbbd2ba5090b7b951a456ec5ed27a5d61360ab95cb1c5a9366f2868cb94,19.65995979309082,0.7201041867415547,0.32766228914260864,0.2371877282857895,0.4248691201210022,54.44283676147461
test/C/dark + defocus blur + jpeg compression artifact/009,C,dark+defocus blur+jpeg compression artifact,/root/autodl-tmp/aaa/graphrestore/artifacts/formal_mio100/graphrestore_v7_1_stage4_step040000/methods/graphrestore_v7_1_stage4_step040000/d3/dark+defocus blur+jpeg compression artifact/009.png,4d8682fa160417cd71aa3afdfc61988dc177094456cabf8de740cf70886a1e74,/root/autodl-tmp/graph/data/graphrestore/raw/agenticir/extracted/HQ/009.png,5b779ac0fbe5d1e4d4126fd2864493dcc2ecdbde374ede7e29a054b2a9cb4f21,15.146523475646973,0.7520541572304013,0.30807703733444214,0.22530436515808105,0.24949577450752258,44.72380828857422
test/C/dark + defocus blur + jpeg compression artifact/010,C,dark+defocus blur+jpeg compression artifact,/root/autodl-tmp/aaa/graphrestore/artifacts/formal_mio100/graphrestore_v7_1_stage4_step040000/methods/graphrestore_v7_1_stage4_step040000/d3/dark+defocus blur+jpeg compression artifact/010.png,2649ff672481d1cf6a4976b1f3d1ea29b0aaf821a2737cfe883fad0256d1c91f,/root/autodl-tmp/graph/data/graphrestore/raw/agenticir/extracted/HQ/010.png,327492996d853f5c8873b435f98a91afd07db64567545baa61c9f4f64f717a0d,11.202932357788086,0.5102335337508355,0.5921446681022644,0.24826394021511078,0.33677440881729126,55.34490966796875
test/C/dark + defocus blur + jpeg compression artifact/011,C,dark+defocus blur+jpeg compression artifact,/root/autodl-tmp/aaa/graphrestore/artifacts/formal_mio100/graphrestore_v7_1_stage4_step040000/methods/graphrestore_v7_1_stage4_step040000/d3/dark+defocus blur+jpeg compression artifact/011.png,ca1389904d72fbafe27de446b155b1d933ac31cee6a11e25d40951eeedec5ddf,/root/autodl-tmp/graph/data/graphrestore/raw/agenticir/extracted/HQ/011.png,dcafe4ee2b43e667674ccc874b42e160ea37427b7c935297734ba69ece6b6f35,16.190933227539062,0.302396319825861,0.5435948371887207,0.2766702473163605,0.2399628609418869,51.89646911621094
test/C/dark + defocus blur + jpeg compression artifact/012,C,dark+defocus blur+jpeg compression artifact,/root/autodl-tmp/aaa/graphrestore/artifacts/formal_mio100/graphrestore_v7_1_stage4_step040000/methods/graphrestore_v7_1_stage4_step040000/d3/dark+defocus blur+jpeg compression artifact/012.png,339b96894a6c2ed54c332c73e502229c118913dfe408a624280f17b0f1b97762,/root/autodl-tmp/graph/data/graphrestore/raw/agenticir/extracted/HQ/012.png,0884a3dabb3fa30cde26a4dfbf003a133139f708c65c3f8b02c24a87a6d073c3,17.008024215698242,0.5663653274203618,0.30708807706832886,0.1866903007030487,0.22472353279590607,49.30953598022461
test/C/dark + defocus blur + jpeg compression artifact/013,C,dark+defocus blur+jpeg compression artifact,/root/autodl-tmp/aaa/graphrestore/artifacts/formal_mio100/graphrestore_v7_1_stage4_step040000/methods/graphrestore_v7_1_stage4_step040000/d3/dark+defocus blur+jpeg compression artifact/013.png,3e9c9cb8afeadb7a26bd25990df207e61a40fcbbcb0dcb52b00f560f243e0523,/root/autodl-tmp/graph/data/graphrestore/raw/agenticir/extracted/HQ/013.png,afe18305499bd0b8318392e8f34ede33aafb5a0df2371075fe9f30a1c81a75eb,10.66307544708252,0.1575519288866977,0.8081384897232056,0.24691426753997803,0.23473377525806427,31.332122802734375
test/C/dark + defocus blur + jpeg compression artifact/014,C,dark+defocus blur+jpeg compression artifact,/root/autodl-tmp/aaa/graphrestore/artifacts/formal_mio100/graphrestore_v7_1_stage4_step040000/methods/graphrestore_v7_1_stage4_step040000/d3/dark+defocus blur+jpeg compression artifact/014.png,ad6fc3321a6ce7ec8a5b62cac26e4ad2e3dae3a6b1254a5534d106b1fd0425eb,/root/autodl-tmp/graph/data/graphrestore/raw/agenticir/extracted/HQ/014.png,2d569d9b923a96b1542c0b845dce0c7657794eba9f6f22ae5d02f335ef1bc4a0,10.385250091552734,0.6103789470691942,0.3714117109775543,0.27814728021621704,0.3770579397678375,46.896583557128906
test/C/dark + defocus blur + jpeg compression artifact/015,C,dark+defocus blur+jpeg compression artifact,/root/autodl-tmp/aaa/graphrestore/artifacts/formal_mio100/graphrestore_v7_1_stage4_step040000/methods/graphrestore_v7_1_stage4_step040000/d3/dark+defocus blur+jpeg compression artifact/015.png,653c7a51c9e3b6069ed60fcf4fc3e48c52fecf283659a0e83faafe0decff81f9,/root/autodl-tmp/graph/data/graphrestore/raw/agenticir/extracted/HQ/015.png,286adb5a1c45ee88f14e1b16e3af420910584bf5ebdd72c40cf75317559c731f,17.43010711669922,0.48407069571429917,0.36937689781188965,0.3219381272792816,0.4070800840854645,46.470333099365234
test/C/dark + defocus blur + jpeg compression artifact/016,C,dark+defocus blur+jpeg compression artifact,/root/autodl-tmp/aaa/graphrestore/artifacts/formal_mio100/graphrestore_v7_1_stage4_step040000/methods/graphrestore_v7_1_stage4_step040000/d3/dark+defocus blur+jpeg compression artifact/016.png,c3536dd3484c23742c57b58d313e966e6a1beb2f2d570c8c9755d05b7ebe5625,/root/autodl-tmp/graph/data/graphrestore/raw/agenticir/extracted/HQ/016.png,ddc71b4b9bd2a57cabf985c7743b8ff7083a0d9205008603edb440ba27da9313,16.50942039489746,0.4194859647173858,0.48060184717178345,0.19627945125102997,0.2708908021450043,48.13185119628906
test/C/dark + defocus blur + jpeg compression artifact/017,C,dark+defocus blur+jpeg compression artifact,/root/autodl-tmp/aaa/graphrestore/artifacts/formal_mio100/graphrestore_v7_1_stage4_step040000/methods/graphrestore_v7_1_stage4_step040000/d3/dark+defocus blur+jpeg compression artifact/017.png,234352b81cf3448dffc562f273dc7f231c5e24e56caed32f5c86f1e44f0bc671,/root/autodl-tmp/graph/data/graphrestore/raw/agenticir/extracted/HQ/017.png,ab3ab0c03c2d8c9c0befbcad219fae23c9795fdf99d664630f4f4febbd02c519,13.24923038482666,0.5185775124889433,0.3592955768108368,0.2983753979206085,0.34992390871047974,49.38368225097656
test/C/dark + defocus blur + jpeg compression artifact/018,C,dark+defocus blur+jpeg compression artifact,/root/autodl-tmp/aaa/graphrestore/artifacts/formal_mio100/graphrestore_v7_1_stage4_step040000/methods/graphrestore_v7_1_stage4_step040000/d3/dark+defocus blur+jpeg compression artifact/018.png,3d2cbf4f9a51635177bd0bcd368f668eb563233caa33cc0b44a23cc71131a515,/root/autodl-tmp/graph/data/graphrestore/raw/agenticir/extracted/HQ/018.png,66db8e4aeb78f506ae4415572eb910726c3f16ede70138093ab4eced187b8df1,15.570005416870117,0.41593089660010385,0.5638386011123657,0.23708070814609528,0.3162059783935547,46.092872619628906
test/C/dark + defocus blur + jpeg compression artifact/019,C,dark+defocus blur+jpeg compression artifact,/root/autodl-tmp/aaa/graphrestore/artifacts/formal_mio100/graphrestore_v7_1_stage4_step040000/methods/graphrestore_v7_1_stage4_step040000/d3/dark+defocus blur+jpeg compression artifact/019.png,617583167c92621450adc782207ab2993392426eb12d50a80cc78ee360b725c2,/root/autodl-tmp/graph/data/graphrestore/raw/agenticir/extracted/HQ/019.png,fb026cef85a4f7e64ad7c5f064ed15de1f04a7a7b6bde70b28ee78a55db21aeb,16.50144386291504,0.4407350394311418,0.5118283629417419,0.18487145006656647,0.21317048370838165,42.209983825683594
test/C/dark + defocus blur + jpeg compression artifact/020,C,dark+defocus blur+jpeg compression artifact,/root/autodl-tmp/aaa/graphrestore/artifacts/formal_mio100/graphrestore_v7_1_stage4_step040000/methods/graphrestore_v7_1_stage4_step040000/d3/dark+defocus blur+jpeg compression artifact/020.png,02126bf789f0bd7c556cec91c28a5b82b524e8c02e094916b4d698e428520cdc,/root/autodl-tmp/graph/data/graphrestore/raw/agenticir/extracted/HQ/020.png,daa15d9f51eab9eca70197a7f05df7873e3eab75e432b0a81fe9488be552f37a,14.841593742370605,0.39630822792152537,0.5316802263259888,0.20596370100975037,0.1811472624540329,27.645477294921875
test/C/dark + defocus blur + jpeg compression artifact/021,C,dark+defocus blur+jpeg compression artifact,/root/autodl-tmp/aaa/graphrestore/artifacts/formal_mio100/graphrestore_v7_1_stage4_step040000/methods/graphrestore_v7_1_stage4_step040000/d3/dark+defocus blur+jpeg compression artifact/021.png,6ddd0a837bb74f44fd8c2c7740ec6393112a5e3009af5f5f15455e4e9cb79ad2,/root/autodl-tmp/graph/data/graphrestore/raw/agenticir/extracted/HQ/021.png,9fcc8dda4bbbe5e54e419f5cbb07e7b4310dd291ad1f1cd3cd65a90f9809baa8,14.758292198181152,0.41975813708079096,0.6048476099967957,0.19945773482322693,0.21044878661632538,39.170005798339844
test/C/dark + defocus blur + jpeg compression artifact/022,C,dark+defocus blur+jpeg compression artifact,/root/autodl-tmp/aaa/graphrestore/artifacts/formal_mio100/graphrestore_v7_1_stage4_step040000/methods/graphrestore_v7_1_stage4_step040000/d3/dark+defocus blur+jpeg compression artifact/022.png,e2a443852a0a57e896998a95555b95dda999e5cf91930feb99fa8b668df1408e,/root/autodl-tmp/graph/data/graphrestore/raw/agenticir/extracted/HQ/022.png,70c41dc6f249472324664323044853cb85a1256f39b4a31853ddbd89fcc1e191,15.473182678222656,0.5840689347113045,0.4091236889362335,0.20340383052825928,0.24972529709339142,37.26506423950195
test/C/dark + defocus blur + jpeg compression artifact/023,C,dark+defocus blur+jpeg compression artifact,/root/autodl-tmp/aaa/graphrestore/artifacts/formal_mio100/graphrestore_v7_1_stage4_step040000/methods/graphrestore_v7_1_stage4_step040000/d3/dark+defocus blur+jpeg compression artifact/023.png,f0434c6801b4711971cbb76f940de5da8133cb02f9639ddd892d0ad0523d1618,/root/autodl-tmp/graph/data/graphrestore/raw/agenticir/extracted/HQ/023.png,befde78eca5789c87200ca1e2ac905ba8ad5706b50af86454bd30bc857c90e02,10.503302574157715,0.38850135396229707,0.6633774042129517,0.16799890995025635,0.13773541152477264,29.82139778137207
test/C/dark + defocus blur + jpeg compression artifact/024,C,dark+defocus blur+jpeg compression artifact,/root/autodl-tmp/aaa/graphrestore/artifacts/formal_mio100/graphrestore_v7_1_stage4_step040000/methods/graphrestore_v7_1_stage4_step040000/d3/dark+defocus blur+jpeg compression artifact/024.png,f35413bee4933bf60ab147c21715fe6277bd3813ce2efcfc8c0fe44d1688465e,/root/autodl-tmp/graph/data/graphrestore/raw/agenticir/extracted/HQ/024.png,e51441e174dd8dc0c47872ccb4221ab3f054b716588ee0f42d58a56098bd9538,17.130645751953125,0.496780717708776,0.37443482875823975,0.24226661026477814,0.23640696704387665,49.90072250366211
test/C/dark + defocus blur + jpeg compression artifact/025,C,dark+defocus blur+jpeg compression artifact,/root/autodl-tmp/aaa/graphrestore/artifacts/formal_mio100/graphrestore_v7_1_stage4_step040000/methods/graphrestore_v7_1_stage4_step040000/d3/dark+defocus blur+jpeg compression artifact/025.png,358cb16544959cd79e0d23da80c00fd7c48278e325c45b19a071bf1ff4e35094,/root/autodl-tmp/graph/data/graphrestore/raw/agenticir/extracted/HQ/025.png,f384d4a9bc3c31bc29038378f849002dc4ff2db373d852b732f5cfc24ebed244,17.024948120117188,0.4824143990999309,0.6314488649368286,0.14997412264347076,0.193898543715477,38.42033386230469
test/C/dark + defocus blur + jpeg compression artifact/026,C,dark+defocus blur+jpeg compression artifact,/root/autodl-tmp/aaa/graphrestore/artifacts/formal_mio100/graphrestore_v7_1_stage4_step040000/methods/graphrestore_v7_1_stage4_step040000/d3/dark+defocus blur+jpeg compression artifact/026.png,8aa867a6bc9e9bf97de23472ca089374e561aba2403c4a0147d808948bdd1ef9,/root/autodl-tmp/graph/data/graphrestore/raw/agenticir/extracted/HQ/026.png,cfce1d4c02a00f28988a64f63cd538c4147c3a72c147a6549d71f1105d671224,15.7767972946167,0.4196461886410974,0.4619502127170563,0.1697126030921936,0.20980916917324066,36.73967742919922
test/C/dark + defocus blur + jpeg compression artifact/027,C,dark+defocus blur+jpeg compression artifact,/root/autodl-tmp/aaa/graphrestore/artifacts/formal_mio100/graphrestore_v7_1_stage4_step040000/methods/graphrestore_v7_1_stage4_step040000/d3/dark+defocus blur+jpeg compression artifact/027.png,41d3e12a94de0c5758b47673dac31d9f29b15ba2a368c92a29bcb5cf28526669,/root/autodl-tmp/graph/data/graphrestore/raw/agenticir/extracted/HQ/027.png,d69be3d26f3d3c95ffd9de3bd8d565120e0f09fb4aa84c72ae18d8fc4f871aae,14.403156280517578,0.49053536926934377,0.5072168111801147,0.16373829543590546,0.20186010003089905,43.62480163574219
test/C/dark + defocus blur + jpeg compression artifact/028,C,dark+defocus blur+jpeg compression artifact,/root/autodl-tmp/aaa/graphrestore/artifacts/formal_mio100/graphrestore_v7_1_stage4_step040000/methods/graphrestore_v7_1_stage4_step040000/d3/dark+defocus blur+jpeg compression artifact/028.png,3f6d57be64ae82d20e24d9d7f1494114691809b74d2e9121c2a69112ce4863b2,/root/autodl-tmp/graph/data/graphrestore/raw/agenticir/extracted/HQ/028.png,181f97da79059de1a93d1a0d30f6851393282c6af8b607d83ce29ab8c9dbf771,23.931007385253906,0.8717836484796072,0.294758141040802,0.23683775961399078,0.40092965960502625,47.98448181152344
test/C/dark + defocus blur + jpeg compression artifact/029,C,dark+defocus blur+jpeg compression artifact,/root/autodl-tmp/aaa/graphrestore/artifacts/formal_mio100/graphrestore_v7_1_stage4_step040000/methods/graphrestore_v7_1_stage4_step040000/d3/dark+defocus blur+jpeg compression artifact/029.png,d5e158220eaf2b7e5eb13c03288d7a7425365b18edff7b09af3aa57f210b4b72,/root/autodl-tmp/graph/data/graphrestore/raw/agenticir/extracted/HQ/029.png,3c7f43d0544ada8d7b64d7bb197621349fa1dcdf8400fb6128afaf8787814556,19.960203170776367,0.3300897350198614,0.5023289918899536,0.17596426606178284,0.19668380916118622,33.902313232421875
test/C/dark + defocus blur + jpeg compression artifact/030,C,dark+defocus blur+jpeg compression artifact,/root/autodl-tmp/aaa/graphrestore/artifacts/formal_mio100/graphrestore_v7_1_stage4_step040000/methods/graphrestore_v7_1_stage4_step040000/d3/dark+defocus blur+jpeg compression artifact/030.png,68a4f3b8fdc577368b8ee308a4b78a280e648ce0f01ade1c9ded79964438cf6c,/root/autodl-tmp/graph/data/graphrestore/raw/agenticir/extracted/HQ/030.png,576b0158cf5a541dd6aaf522902400e8ba3175aacca36d9df22951f52acf3f2f,14.261311531066895,0.4514192039280556,0.4984564781188965,0.2016134411096573,0.13696491718292236,45.22508239746094
test/C/dark + defocus blur + jpeg compression artifact/031,C,dark+defocus blur+jpeg compression artifact,/root/autodl-tmp/aaa/graphrestore/artifacts/formal_mio100/graphrestore_v7_1_stage4_step040000/methods/graphrestore_v7_1_stage4_step040000/d3/dark+defocus blur+jpeg compression artifact/031.png,2083bd53c806f6712d857abcb423cbe9403abfbcc51b86f04b47eec79faefb1b,/root/autodl-tmp/graph/data/graphrestore/raw/agenticir/extracted/HQ/031.png,ee314f8cd1954636c1817c95d1cb0db5aa871e179961c3463869d5dc2100d422,11.13051986694336,0.4250825017363005,0.6243956685066223,0.19960933923721313,0.28955209255218506,44.13677978515625
test/C/dark + defocus blur + jpeg compression artifact/032,C,dark+defocus blur+jpeg compression artifact,/root/autodl-tmp/aaa/graphrestore/artifacts/formal_mio100/graphrestore_v7_1_stage4_step040000/methods/graphrestore_v7_1_stage4_step040000/d3/dark+defocus blur+jpeg compression artifact/032.png,46ce91010a77d6a5be29b5ac3e1fb7fbecc13f402b07d95b1235328835c0d318,/root/autodl-tmp/graph/data/graphrestore/raw/agenticir/extracted/HQ/032.png,e9749385ec471240dd782d677482b0d949b80ccb7472dc409fa260d1748ed9b9,20.305889129638672,0.5960338689591723,0.46993353962898254,0.20968474447727203,0.2664300203323364,43.39197540283203
test/C/dark + defocus blur + jpeg compression artifact/033,C,dark+defocus blur+jpeg compression artifact,/root/autodl-tmp/aaa/graphrestore/artifacts/formal_mio100/graphrestore_v7_1_stage4_step040000/methods/graphrestore_v7_1_stage4_step040000/d3/dark+defocus blur+jpeg compression artifact/033.png,f7129bff3fa5f2cbdd53638cc842183ede8c62a1207419876cd3360ad87c2c16,/root/autodl-tmp/graph/data/graphrestore/raw/agenticir/extracted/HQ/033.png,9590f1419e378254c01f330c248e12e8a62792b04a27b72daf2c0afd6c41c758,17.487390518188477,0.44994988839526123,0.5778010487556458,0.15769651532173157,0.23803482949733734,38.86292266845703
test/C/dark + defocus blur + jpeg compression artifact/034,C,dark+defocus blur+jpeg compression artifact,/root/autodl-tmp/aaa/graphrestore/artifacts/formal_mio100/graphrestore_v7_1_stage4_step040000/methods/graphrestore_v7_1_stage4_step040000/d3/dark+defocus blur+jpeg compression artifact/034.png,8bfc033afe35454642261acdc1d7835e05064d49cb486d7b33b667473a7802df,/root/autodl-tmp/graph/data/graphrestore/raw/agenticir/extracted/HQ/034.png,0575cc2334f8f50fcbd3d9f58173645db8764f938ee55e8899084ca2b66fd018,17.011272430419922,0.38096004900213,0.9036765098571777,0.22759035229682922,0.27152296900749207,31.809053421020508
test/C/dark + defocus blur + jpeg compression artifact/035,C,dark+defocus blur+jpeg compression artifact,/root/autodl-tmp/aaa/graphrestore/artifacts/formal_mio100/graphrestore_v7_1_stage4_step040000/methods/graphrestore_v7_1_stage4_step040000/d3/dark+defocus blur+jpeg compression artifact/035.png,79c87ee55689891d8e437b75c0658c1c23795f354771c8bfcb4cbec59884ed70,/root/autodl-tmp/graph/data/graphrestore/raw/agenticir/extracted/HQ/035.png,4e230744a9cb7c3ebe976ae7267155312b876fb355283b4938b34b758aef7ff9,12.599286079406738,0.5376328485154234,0.40082651376724243,0.25008460879325867,0.34581515192985535,45.806312561035156
test/C/dark + defocus blur + jpeg compression artifact/036,C,dark+defocus blur+jpeg compression artifact,/root/autodl-tmp/aaa/graphrestore/artifacts/formal_mio100/graphrestore_v7_1_stage4_step040000/methods/graphrestore_v7_1_stage4_step040000/d3/dark+defocus blur+jpeg compression artifact/036.png,0f37308b18e926e7fba73b35bababdfd02bd6e441f2318a09140a96b2f0bf8ad,/root/autodl-tmp/graph/data/graphrestore/raw/agenticir/extracted/HQ/036.png,409fbd0ad51be33e9e2711cb7b22cb39999eaac6e278ca1621c20300be446d76,17.970643997192383,0.3979209549597671,0.5634503364562988,0.1710526943206787,0.21747465431690216,30.39141082763672
test/C/dark + defocus blur + jpeg compression artifact/037,C,dark+defocus blur+jpeg compression artifact,/root/autodl-tmp/aaa/graphrestore/artifacts/formal_mio100/graphrestore_v7_1_stage4_step040000/methods/graphrestore_v7_1_stage4_step040000/d3/dark+defocus blur+jpeg compression artifact/037.png,0edd3747f8d1f29d4373ef62aaf947c0bec22337fb586966a2eb9b133fadbe1c,/root/autodl-tmp/graph/data/graphrestore/raw/agenticir/extracted/HQ/037.png,8f31abe11ce5d5377f131fdc788024ffb8d5cfdda501c06a64ca1fc80fab0d07,17.735504150390625,0.6742989424691422,0.34165871143341064,0.2682376801967621,0.40017399191856384,52.185455322265625
test/C/dark + defocus blur + jpeg compression artifact/038,C,dark+defocus blur+jpeg compression artifact,/root/autodl-tmp/aaa/graphrestore/artifacts/formal_mio100/graphrestore_v7_1_stage4_step040000/methods/graphrestore_v7_1_stage4_step040000/d3/dark+defocus blur+jpeg compression artifact/038.png,ca52072bf1160f5d9788cb90c99380a244284bab29fefa7551d33a3bf4b81c9a,/root/autodl-tmp/graph/data/graphrestore/raw/agenticir/extracted/HQ/038.png,fe7df2186482ca2cc105baed74cb1da9667b3b03e1629055880b6012db131aa1,13.941312789916992,0.41331367459313306,0.7407203912734985,0.15022999048233032,0.18792368471622467,25.767330169677734
test/C/dark + defocus blur + jpeg compression artifact/039,C,dark+defocus blur+jpeg compression artifact,/root/autodl-tmp/aaa/graphrestore/artifacts/formal_mio100/graphrestore_v7_1_stage4_step040000/methods/graphrestore_v7_1_stage4_step040000/d3/dark+defocus blur+jpeg compression artifact/039.png,0a8aa5fdfd49a0029ea501391e53c0f8189dc642b9dfd42c3795bbd1c84e0cce,/root/autodl-tmp/graph/data/graphrestore/raw/agenticir/extracted/HQ/039.png,a2038f7610363fb1916197e0557fa84b50b610d86885a2d6409f9e3aa75fbbcd,15.232393264770508,0.6512020563368406,0.4934070110321045,0.21410229802131653,0.14473868906497955,27.55144500732422
test/C/dark + defocus blur + jpeg compression artifact/040,C,dark+defocus blur+jpeg compression artifact,/root/autodl-tmp/aaa/graphrestore/artifacts/formal_mio100/graphrestore_v7_1_stage4_step040000/methods/graphrestore_v7_1_stage4_step040000/d3/dark+defocus blur+jpeg compression artifact/040.png,eef735c0bb9116b6c4f529682587acb0018afe006ca06f447eb2f80be3f626c6,/root/autodl-tmp/graph/data/graphrestore/raw/agenticir/extracted/HQ/040.png,c5a9e4bb9d84a6734bdc04c272c48c1b17b150a1e346afab2338eb0ba41f1464,14.198460578918457,0.44609391073361937,0.6118610501289368,0.15942862629890442,0.27955761551856995,31.696645736694336
test/C/dark + defocus blur + jpeg compression artifact/041,C,dark+defocus blur+jpeg compression artifact,/root/autodl-tmp/aaa/graphrestore/artifacts/formal_mio100/graphrestore_v7_1_stage4_step040000/methods/graphrestore_v7_1_stage4_step040000/d3/dark+defocus blur+jpeg compression artifact/041.png,095f6eafae4ecae7106d3955af2c403acabbc75899424d25e2664ec8ea2cb2c0,/root/autodl-tmp/graph/data/graphrestore/raw/agenticir/extracted/HQ/041.png,8d928c89de2952ccb40028ba7ecd3f9fee3f3907c9a371fbbcb7fdaf683bc27e,10.029211044311523,0.19941112300069697,0.7774402499198914,0.17692159116268158,0.17520590126514435,39.8675422668457
test/C/dark + defocus blur + jpeg compression artifact/042,C,dark+defocus blur+jpeg compression artifact,/root/autodl-tmp/aaa/graphrestore/artifacts/formal_mio100/graphrestore_v7_1_stage4_step040000/methods/graphrestore_v7_1_stage4_step040000/d3/dark+defocus blur+jpeg compression artifact/042.png,d5ca9e2776c63624970bdee33cab225c49f0ca08160dc0ac07f1dfbd3d28e22c,/root/autodl-tmp/graph/data/graphrestore/raw/agenticir/extracted/HQ/042.png,9ae42a00babed185468a76384204ff947b6baab53a82ca9b3cff6ef951f461bf,18.03763198852539,0.5243742283957264,0.7194682359695435,0.20420849323272705,0.10157759487628937,32.525909423828125
test/C/dark + defocus blur + jpeg compression artifact/043,C,dark+defocus blur+jpeg compression artifact,/root/autodl-tmp/aaa/graphrestore/artifacts/formal_mio100/graphrestore_v7_1_stage4_step040000/methods/graphrestore_v7_1_stage4_step040000/d3/dark+defocus blur+jpeg compression artifact/043.png,1d4c89bfee8d2bf7d17bdb0cd9e41f24bc42ae81f65bec25ec99f9d47b265517,/root/autodl-tmp/graph/data/graphrestore/raw/agenticir/extracted/HQ/043.png,15880c27b3101797c4e5896dee7349ad832ac1c49fcd0c559b357f4e28296b4d,16.137882232666016,0.3075698214299103,0.5848609805107117,0.23255668580532074,0.17742449045181274,44.23314666748047
test/C/dark + defocus blur + jpeg compression artifact/044,C,dark+defocus blur+jpeg compression artifact,/root/autodl-tmp/aaa/graphrestore/artifacts/formal_mio100/graphrestore_v7_1_stage4_step040000/methods/graphrestore_v7_1_stage4_step040000/d3/dark+defocus blur+jpeg compression artifact/044.png,c25540ef11f71259e92810bbd13e184b9002cbac17cd7349649642794651c7bb,/root/autodl-tmp/graph/data/graphrestore/raw/agenticir/extracted/HQ/044.png,0645011c1dc3777ab263df617d1747b902c2d321de6f939549cfbe43eabc9245,15.050931930541992,0.43418046967765744,0.5790379047393799,0.22174988687038422,0.2578524053096771,36.4396858215332
test/C/dark + defocus blur + jpeg compression artifact/045,C,dark+defocus blur+jpeg compression artifact,/root/autodl-tmp/aaa/graphrestore/artifacts/formal_mio100/graphrestore_v7_1_stage4_step040000/methods/graphrestore_v7_1_stage4_step040000/d3/dark+defocus blur+jpeg compression artifact/045.png,a78039209076594268d5a4b124f9f6b6e533e95e052d7f58fffd560956488550,/root/autodl-tmp/graph/data/graphrestore/raw/agenticir/extracted/HQ/045.png,d3e352c98c1fe9df1181c1e362bb9c3ba3a1d077456198796083821dab20d1fc,17.3098201751709,0.4933639754651671,0.689369797706604,0.3248758912086487,0.1062270924448967,45.3857536315918
test/C/dark + defocus blur + jpeg compression artifact/046,C,dark+defocus blur+jpeg compression artifact,/root/autodl-tmp/aaa/graphrestore/artifacts/formal_mio100/graphrestore_v7_1_stage4_step040000/methods/graphrestore_v7_1_stage4_step040000/d3/dark+defocus blur+jpeg compression artifact/046.png,a299a7ee07bb10e91dd8041a75c6d2582e9aee2ef9574eba3ed4c1c2ea5f4448,/root/autodl-tmp/graph/data/graphrestore/raw/agenticir/extracted/HQ/046.png,af4b21bf96515f2ff4f97a4990856b43ae02a1d8f39909428228a2612b5f936f,16.67471694946289,0.3742809741530179,0.6785544157028198,0.2724989056587219,0.2503320574760437,45.81395721435547
test/C/dark + defocus blur + jpeg compression artifact/047,C,dark+defocus blur+jpeg compression artifact,/root/autodl-tmp/aaa/graphrestore/artifacts/formal_mio100/graphrestore_v7_1_stage4_step040000/methods/graphrestore_v7_1_stage4_step040000/d3/dark+defocus blur+jpeg compression artifact/047.png,4d93282dacace76d584744ae4ec07b58dddf5d02b83272eb60396ade13838fda,/root/autodl-tmp/graph/data/graphrestore/raw/agenticir/extracted/HQ/047.png,8ecf454f7d68ca4ebf19b2b4a22275d3bb344666e4e483fda2c8cb84d5ff94db,19.691043853759766,0.6080238438776271,0.38289111852645874,0.2612515985965729,0.24610376358032227,48.21753692626953
test/C/dark + defocus blur + jpeg compression artifact/048,C,dark+defocus blur+jpeg compression artifact,/root/autodl-tmp/aaa/graphrestore/artifacts/formal_mio100/graphrestore_v7_1_stage4_step040000/methods/graphrestore_v7_1_stage4_step040000/d3/dark+defocus blur+jpeg compression artifact/048.png,2255230a4097ed859742e05cf9f3493029abdbe6311150352527626a87014854,/root/autodl-tmp/graph/data/graphrestore/raw/agenticir/extracted/HQ/048.png,b74e449ab10a96799f5e791f68de34dcfaf90a4befdb242cee372f6743841606,14.683390617370605,0.23370774423973853,0.7574100494384766,0.24980857968330383,0.2648722231388092,35.220375061035156
test/C/dark + defocus blur + jpeg compression artifact/049,C,dark+defocus blur+jpeg compression artifact,/root/autodl-tmp/aaa/graphrestore/artifacts/formal_mio100/graphrestore_v7_1_stage4_step040000/methods/graphrestore_v7_1_stage4_step040000/d3/dark+defocus blur+jpeg compression artifact/049.png,20bab83945ee5b362501b07830894e7eb9dbba11fbd3cfe249855da623a13f78,/root/autodl-tmp/graph/data/graphrestore/raw/agenticir/extracted/HQ/049.png,bdd8f4cec02d5659a12541bb32718429d397d6be195679045764e31574c4f226,13.502378463745117,0.4947514284093827,0.5788507461547852,0.3515627086162567,0.4663322865962982,47.747291564941406
test/C/dark + defocus blur + jpeg compression artifact/050,C,dark+defocus blur+jpeg compression artifact,/root/autodl-tmp/aaa/graphrestore/artifacts/formal_mio100/graphrestore_v7_1_stage4_step040000/methods/graphrestore_v7_1_stage4_step040000/d3/dark+defocus blur+jpeg compression artifact/050.png,64a9a760810757c8ac85d2d645a3083cffebf52232f9de54e4b6c9f23a4230bd,/root/autodl-tmp/graph/data/graphrestore/raw/agenticir/extracted/HQ/050.png,c4cfbc77b28b145af37ea26b0b501d69633ebdedd3ce9a90d5760063ee95f492,16.75993537902832,0.37824434233303583,0.5312845706939697,0.2440066933631897,0.2896265685558319,43.654788970947266
test/C/dark + defocus blur + jpeg compression artifact/051,C,dark+defocus blur+jpeg compression artifact,/root/autodl-tmp/aaa/graphrestore/artifacts/formal_mio100/graphrestore_v7_1_stage4_step040000/methods/graphrestore_v7_1_stage4_step040000/d3/dark+defocus blur+jpeg compression artifact/051.png,f633f184565a6bed293e061e84412132efe493761a70e2ce84d84a00c2eac5a9,/root/autodl-tmp/graph/data/graphrestore/raw/agenticir/extracted/HQ/051.png,433269b5d76ea42b944162d49085d86b82a4eab52705e69d4dfa7c8a0ccbe187,11.47188663482666,0.2738851733941878,0.46605581045150757,0.16330932080745697,0.1835927665233612,48.50257110595703
test/C/dark + defocus blur + jpeg compression artifact/052,C,dark+defocus blur+jpeg compression artifact,/root/autodl-tmp/aaa/graphrestore/artifacts/formal_mio100/graphrestore_v7_1_stage4_step040000/methods/graphrestore_v7_1_stage4_step040000/d3/dark+defocus blur+jpeg compression artifact/052.png,1e577ce1fe7c3b2a1fa8a6ec226f2570f4a9af60f0d7a665f6b39a6d9c2459c4,/root/autodl-tmp/graph/data/graphrestore/raw/agenticir/extracted/HQ/052.png,b0fe4f61cfdf3e31caa56791dcd8d50f729c75652d7970a654be64494341ada3,11.735946655273438,0.3804998994323744,0.6382391452789307,0.14872780442237854,0.2510536015033722,29.878868103027344
test/C/dark + defocus blur + jpeg compression artifact/053,C,dark+defocus blur+jpeg compression artifact,/root/autodl-tmp/aaa/graphrestore/artifacts/formal_mio100/graphrestore_v7_1_stage4_step040000/methods/graphrestore_v7_1_stage4_step040000/d3/dark+defocus blur+jpeg compression artifact/053.png,21a24018e27a0fef402a7719e64ae6b07debd51d84b5b2707da71b9c41ef303f,/root/autodl-tmp/graph/data/graphrestore/raw/agenticir/extracted/HQ/053.png,6b1f2208c72adcd28d96a15d538bbfbe27cb5a21be416b6f30fa836b12ac867d,19.158124923706055,0.5629365105153753,0.36892491579055786,0.12032604217529297,0.22807025909423828,36.890811920166016
test/C/dark + defocus blur + jpeg compression artifact/054,C,dark+defocus blur+jpeg compression artifact,/root/autodl-tmp/aaa/graphrestore/artifacts/formal_mio100/graphrestore_v7_1_stage4_step040000/methods/graphrestore_v7_1_stage4_step040000/d3/dark+defocus blur+jpeg compression artifact/054.png,0dfb67aad4855db708a53e92fc67ba70294efaa71a74dcf33c609e101d90dcc6,/root/autodl-tmp/graph/data/graphrestore/raw/agenticir/extracted/HQ/054.png,699ffde2d8d110e52811d39e5b9d745965d4211dd2312f453ce367f1bc0e66f5,14.446868896484375,0.5139659139974149,0.487479567527771,0.17148788273334503,0.26948320865631104,41.670494079589844
test/C/dark + defocus blur + jpeg compression artifact/055,C,dark+defocus blur+jpeg compression artifact,/root/autodl-tmp/aaa/graphrestore/artifacts/formal_mio100/graphrestore_v7_1_stage4_step040000/methods/graphrestore_v7_1_stage4_step040000/d3/dark+defocus blur+jpeg compression artifact/055.png,7a13572c1fbdfc1a90ae3a943712dbbd8e4130c085cf4a5afc653d91d0f5ce12,/root/autodl-tmp/graph/data/graphrestore/raw/agenticir/extracted/HQ/055.png,5a59c6f9051a70f1c3ad8e9550b2a21322ef8ad71bd70085fb2330f6f6da3948,13.268779754638672,0.7319303561957105,0.3887248933315277,0.24188850820064545,0.31054767966270447,46.3099479675293
test/C/dark + defocus blur + jpeg compression artifact/056,C,dark+defocus blur+jpeg compression artifact,/root/autodl-tmp/aaa/graphrestore/artifacts/formal_mio100/graphrestore_v7_1_stage4_step040000/methods/graphrestore_v7_1_stage4_step040000/d3/dark+defocus blur+jpeg compression artifact/056.png,8c4555b87d9fdf6b9d05e25fa3f7c14ddcd342cdd65be6f2da5978c188fa7f1b,/root/autodl-tmp/graph/data/graphrestore/raw/agenticir/extracted/HQ/056.png,c5f28866f72e2d370875385eb6575124b0735f8f927fae1c07ff7151e200c956,10.239295959472656,0.4823205193167087,0.4961479902267456,0.21022750437259674,0.34515976905822754,47.399505615234375
test/C/dark + defocus blur + jpeg compression artifact/057,C,dark+defocus blur+jpeg compression artifact,/root/autodl-tmp/aaa/graphrestore/artifacts/formal_mio100/graphrestore_v7_1_stage4_step040000/methods/graphrestore_v7_1_stage4_step040000/d3/dark+defocus blur+jpeg compression artifact/057.png,0666f80b7688486b2cb00037221c14f0a4c818711f8d89453662ca11f327b392,/root/autodl-tmp/graph/data/graphrestore/raw/agenticir/extracted/HQ/057.png,42353ae75793843947c257055d87e0568db28ed51b9a5d87cc0d6a0dafb242af,16.19950294494629,0.6858183524910383,0.3158387243747711,0.23411574959754944,0.31042128801345825,55.709373474121094
test/C/dark + defocus blur + jpeg compression artifact/058,C,dark+defocus blur+jpeg compression artifact,/root/autodl-tmp/aaa/graphrestore/artifacts/formal_mio100/graphrestore_v7_1_stage4_step040000/methods/graphrestore_v7_1_stage4_step040000/d3/dark+defocus blur+jpeg compression artifact/058.png,1eb7b3c3c8dc15deb4ebd4b4d7a3f1b40569a240dfb9b36e879e2f0149b25781,/root/autodl-tmp/graph/data/graphrestore/raw/agenticir/extracted/HQ/058.png,e50e67dc4e57dc18d552546044c5ca169fdb26de4d5d81650d00d4b0f3ab7e76,10.95903491973877,0.5696686145709532,0.48145076632499695,0.11135708540678024,0.16508398950099945,24.366514205932617
test/C/dark + defocus blur + jpeg compression artifact/059,C,dark+defocus blur+jpeg compression artifact,/root/autodl-tmp/aaa/graphrestore/artifacts/formal_mio100/graphrestore_v7_1_stage4_step040000/methods/graphrestore_v7_1_stage4_step040000/d3/dark+defocus blur+jpeg compression artifact/059.png,7ade65f39f829d278aedf41fcd82003db172bfc0f485798d9489dd2f018acedd,/root/autodl-tmp/graph/data/graphrestore/raw/agenticir/extracted/HQ/059.png,e60c8277194566df02c7cefc895d1390756059f7a29ac67206ec202f1b897add,17.831523895263672,0.42631275463359436,0.3898465931415558,0.14815039932727814,0.20339523255825043,44.52257537841797
test/C/dark + defocus blur + jpeg compression artifact/060,C,dark+defocus blur+jpeg compression artifact,/root/autodl-tmp/aaa/graphrestore/artifacts/formal_mio100/graphrestore_v7_1_stage4_step040000/methods/graphrestore_v7_1_stage4_step040000/d3/dark+defocus blur+jpeg compression artifact/060.png,7bf418384b453eb96942bc3e1af4c178ca49f7cdfe8da7bbe2c13c8968a20095,/root/autodl-tmp/graph/data/graphrestore/raw/agenticir/extracted/HQ/060.png,d173273231bf0b68767ae3e287f4f34baa71e7d986a98c43a41fa9668fd8a0d4,17.586557388305664,0.3460472322156276,0.504863977432251,0.12892448902130127,0.20617644488811493,29.806989669799805
test/C/dark + defocus blur + jpeg compression artifact/061,C,dark+defocus blur+jpeg compression artifact,/root/autodl-tmp/aaa/graphrestore/artifacts/formal_mio100/graphrestore_v7_1_stage4_step040000/methods/graphrestore_v7_1_stage4_step040000/d3/dark+defocus blur+jpeg compression artifact/061.png,58093f4e04ef05ff35247fda6d29edcd7cf1cf523015274d8e6fbbb008c6b880,/root/autodl-tmp/graph/data/graphrestore/raw/agenticir/extracted/HQ/061.png,a7818ddc00c398726bcd4724e9a51456bf18e4eb573f2f68b79ea2dedf0e699c,17.098299026489258,0.6461144144823355,0.40897759795188904,0.15603360533714294,0.22994163632392883,38.80158233642578
test/C/dark + defocus blur + jpeg compression artifact/062,C,dark+defocus blur+jpeg compression artifact,/root/autodl-tmp/aaa/graphrestore/artifacts/formal_mio100/graphrestore_v7_1_stage4_step040000/methods/graphrestore_v7_1_stage4_step040000/d3/dark+defocus blur+jpeg compression artifact/062.png,e4de721123cf58ffde34b5be96726f5ec912ad8085ffbf778a264dc48e813a57,/root/autodl-tmp/graph/data/graphrestore/raw/agenticir/extracted/HQ/062.png,7829e8bf6fee7705051b0e4486c3abb2cdf412c83ac15b9f5ed9d9036c296d40,16.239696502685547,0.550158136764172,0.29150620102882385,0.23591119050979614,0.29378223419189453,59.972923278808594
test/C/dark + defocus blur + jpeg compression artifact/063,C,dark+defocus blur+jpeg compression artifact,/root/autodl-tmp/aaa/graphrestore/artifacts/formal_mio100/graphrestore_v7_1_stage4_step040000/methods/graphrestore_v7_1_stage4_step040000/d3/dark+defocus blur+jpeg compression artifact/063.png,f6e01c4c225249eb56ac4927e9c26e3b7be2d7358bb736029e332772fe5baf98,/root/autodl-tmp/graph/data/graphrestore/raw/agenticir/extracted/HQ/063.png,f7ccce7c58be38c16fb08060b8b379825cb0417a04e6813c72985768a480929c,14.834720611572266,0.704978652775918,0.2864081859588623,0.2654096782207489,0.28338003158569336,54.60422134399414
test/C/dark + defocus blur + jpeg compression artifact/064,C,dark+defocus blur+jpeg compression artifact,/root/autodl-tmp/aaa/graphrestore/artifacts/formal_mio100/graphrestore_v7_1_stage4_step040000/methods/graphrestore_v7_1_stage4_step040000/d3/dark+defocus blur+jpeg compression artifact/064.png,2a86d0fc18b2b2896870377a2090e6664284d704cb2682d60df9bb687765a22e,/root/autodl-tmp/graph/data/graphrestore/raw/agenticir/extracted/HQ/064.png,b34caae8d574b2c008d53ceb0490df55c099e68844b2819f0c02fc50db26cee0,13.417482376098633,0.4707554469130367,0.471964955329895,0.20293818414211273,0.19002318382263184,40.72357177734375
test/C/dark + defocus blur + jpeg compression artifact/065,C,dark+defocus blur+jpeg compression artifact,/root/autodl-tmp/aaa/graphrestore/artifacts/formal_mio100/graphrestore_v7_1_stage4_step040000/methods/graphrestore_v7_1_stage4_step040000/d3/dark+defocus blur+jpeg compression artifact/065.png,f4e0c796e7da14d70a2c4315d361f79d936882500fc0deb5a0115a213318345f,/root/autodl-tmp/graph/data/graphrestore/raw/agenticir/extracted/HQ/065.png,f0770ae16bf79be3b5d94a7868da009f5ce1bbf54bfe5c879e352a4df590ef63,16.00278663635254,0.5586842554367795,0.41854599118232727,0.2384156882762909,0.22164516150951385,51.40209197998047
test/C/dark + defocus blur + jpeg compression artifact/066,C,dark+defocus blur+jpeg compression artifact,/root/autodl-tmp/aaa/graphrestore/artifacts/formal_mio100/graphrestore_v7_1_stage4_step040000/methods/graphrestore_v7_1_stage4_step040000/d3/dark+defocus blur+jpeg compression artifact/066.png,441ce3ab83bd0e693475859f9445f658a71dc62e13f660bd829990d41af84c8d,/root/autodl-tmp/graph/data/graphrestore/raw/agenticir/extracted/HQ/066.png,a19230b326bd2fb5c26ae283f65bf0b85f39f90421056a47c7ecd6d683379aff,15.896993637084961,0.6127692884053736,0.42227423191070557,0.17281661927700043,0.19105498492717743,53.668434143066406
test/C/dark + defocus blur + jpeg compression artifact/067,C,dark+defocus blur+jpeg compression artifact,/root/autodl-tmp/aaa/graphrestore/artifacts/formal_mio100/graphrestore_v7_1_stage4_step040000/methods/graphrestore_v7_1_stage4_step040000/d3/dark+defocus blur+jpeg compression artifact/067.png,e8e44eb526cdac3bde4f384946a66bc5223fa0f7eda1e9a5bc0a7731bcf612e4,/root/autodl-tmp/graph/data/graphrestore/raw/agenticir/extracted/HQ/067.png,91cd9f021a6902b7f3220c6a373cba11f3bfbe4e4984c1d6fc4be0c76acb67a0,19.94382667541504,0.7084964694563697,0.30495336651802063,0.21642127633094788,0.1907373070716858,59.42485046386719
test/C/dark + defocus blur + jpeg compression artifact/068,C,dark+defocus blur+jpeg compression artifact,/root/autodl-tmp/aaa/graphrestore/artifacts/formal_mio100/graphrestore_v7_1_stage4_step040000/methods/graphrestore_v7_1_stage4_step040000/d3/dark+defocus blur+jpeg compression artifact/068.png,dfb8afd605aab33aba2634e106cd9c580afeefb508bd0893e52fdaa75dd16d31,/root/autodl-tmp/graph/data/graphrestore/raw/agenticir/extracted/HQ/068.png,b8187d79db16002364f6017df807e6cac41e7ee9a68413a384b1bd69eddaa638,16.108129501342773,0.49780745499523227,0.4163551926612854,0.1888614296913147,0.252240389585495,47.91340637207031
test/C/dark + defocus blur + jpeg compression artifact/069,C,dark+defocus blur+jpeg compression artifact,/root/autodl-tmp/aaa/graphrestore/artifacts/formal_mio100/graphrestore_v7_1_stage4_step040000/methods/graphrestore_v7_1_stage4_step040000/d3/dark+defocus blur+jpeg compression artifact/069.png,68c23107c30faef8eb955ef1ba59fe3d6bffe98a9d9080c126c83fed7f7aba21,/root/autodl-tmp/graph/data/graphrestore/raw/agenticir/extracted/HQ/069.png,abb08be58f50075e5e6b1de44ddfe61c30ebb34882e9d72681edd73a5cdbb156,14.845273971557617,0.4555867508445105,0.49550819396972656,0.2286989837884903,0.2673627436161041,58.49574279785156
test/C/dark + defocus blur + jpeg compression artifact/070,C,dark+defocus blur+jpeg compression artifact,/root/autodl-tmp/aaa/graphrestore/artifacts/formal_mio100/graphrestore_v7_1_stage4_step040000/methods/graphrestore_v7_1_stage4_step040000/d3/dark+defocus blur+jpeg compression artifact/070.png,05deb043a9ae05379545f646cfa5443024cb1a775f4cb582ae0ce0ec84e314b3,/root/autodl-tmp/graph/data/graphrestore/raw/agenticir/extracted/HQ/070.png,718ae2570e431003fb32f2a40e19f813545164ace18230ac03f9ec96b2747f85,18.122337341308594,0.5300217531819272,0.3462273180484772,0.07047026604413986,0.15050458908081055,32.63650894165039
test/C/dark + defocus blur + jpeg compression artifact/071,C,dark+defocus blur+jpeg compression artifact,/root/autodl-tmp/aaa/graphrestore/artifacts/formal_mio100/graphrestore_v7_1_stage4_step040000/methods/graphrestore_v7_1_stage4_step040000/d3/dark+defocus blur+jpeg compression artifact/071.png,37d69d887399679ecbad102364a1007c1e29879c99a6a0e3a19089ef39dff52b,/root/autodl-tmp/graph/data/graphrestore/raw/agenticir/extracted/HQ/071.png,e8bc40490eabb437e225b0acde6b8dc1d8942f2b9657e042051c166804b07b15,18.382410049438477,0.808043722068946,0.2173202782869339,0.2091646045446396,0.2551083266735077,43.765411376953125
test/C/dark + defocus blur + jpeg compression artifact/072,C,dark+defocus blur+jpeg compression artifact,/root/autodl-tmp/aaa/graphrestore/artifacts/formal_mio100/graphrestore_v7_1_stage4_step040000/methods/graphrestore_v7_1_stage4_step040000/d3/dark+defocus blur+jpeg compression artifact/072.png,5b4560de45d69daffb228d6d683aa0bb819f307fd27375b9ba9ac5f9038627a8,/root/autodl-tmp/graph/data/graphrestore/raw/agenticir/extracted/HQ/072.png,6b887c3fd578dc80ca3b15a823f1b43d80db2d30abc07d144e03f7228acb8144,16.211742401123047,0.6907577049465194,0.33523982763290405,0.22130921483039856,0.24695038795471191,42.98253631591797
test/C/dark + defocus blur + jpeg compression artifact/073,C,dark+defocus blur+jpeg compression artifact,/root/autodl-tmp/aaa/graphrestore/artifacts/formal_mio100/graphrestore_v7_1_stage4_step040000/methods/graphrestore_v7_1_stage4_step040000/d3/dark+defocus blur+jpeg compression artifact/073.png,8960d6068ff50cc4b424fcf84280fc69ec4d03e1da4e7d69f1b934f8933e84d6,/root/autodl-tmp/graph/data/graphrestore/raw/agenticir/extracted/HQ/073.png,e4a8516954bfb4b79f2fc6194b6b4a8ed63250e14fe7ce0b6f6d77c922f84730,17.94916534423828,0.5449840520893218,0.2752188742160797,0.15630556643009186,0.23130197823047638,53.62361145019531
test/C/dark + defocus blur + jpeg compression artifact/074,C,dark+defocus blur+jpeg compression artifact,/root/autodl-tmp/aaa/graphrestore/artifacts/formal_mio100/graphrestore_v7_1_stage4_step040000/methods/graphrestore_v7_1_stage4_step040000/d3/dark+defocus blur+jpeg compression artifact/074.png,cb76c710076d8770a54402b6401ca3100c6ba147a2171eeeeb282622f9a3d36c,/root/autodl-tmp/graph/data/graphrestore/raw/agenticir/extracted/HQ/074.png,cfa80e9825a34173ab0d1810b1b63bf645aa1b6b743966a77d7d03463319fd8e,18.985240936279297,0.47653875431934184,0.3954327702522278,0.0961649939417839,0.15410318970680237,31.930950164794922
test/C/dark + defocus blur + jpeg compression artifact/075,C,dark+defocus blur+jpeg compression artifact,/root/autodl-tmp/aaa/graphrestore/artifacts/formal_mio100/graphrestore_v7_1_stage4_step040000/methods/graphrestore_v7_1_stage4_step040000/d3/dark+defocus blur+jpeg compression artifact/075.png,9480007513b600b3093055b74d4fa690a22a04ebca6c9b7a614fc5147fbf5526,/root/autodl-tmp/graph/data/graphrestore/raw/agenticir/extracted/HQ/075.png,637e76a0398c825f3214d13b10485f7c180dc359b838ade377382c22c8f6b788,16.270875930786133,0.5925361486279593,0.3965902328491211,0.23479798436164856,0.19225811958312988,49.15461730957031
test/C/dark + defocus blur + jpeg compression artifact/076,C,dark+defocus blur+jpeg compression artifact,/root/autodl-tmp/aaa/graphrestore/artifacts/formal_mio100/graphrestore_v7_1_stage4_step040000/methods/graphrestore_v7_1_stage4_step040000/d3/dark+defocus blur+jpeg compression artifact/076.png,c2301d71e389ff852dbe95ed34f200ea1bf9302854a32d5661ab1af8d9d9ee7c,/root/autodl-tmp/graph/data/graphrestore/raw/agenticir/extracted/HQ/076.png,28f7193b83d2979c14a7c73e95657ce02a2cc902196495bea289e190f48cecae,13.22252082824707,0.33132819677609665,0.42827707529067993,0.18943728506565094,0.14421239495277405,33.52239990234375
test/C/dark + defocus blur + jpeg compression artifact/077,C,dark+defocus blur+jpeg compression artifact,/root/autodl-tmp/aaa/graphrestore/artifacts/formal_mio100/graphrestore_v7_1_stage4_step040000/methods/graphrestore_v7_1_stage4_step040000/d3/dark+defocus blur+jpeg compression artifact/077.png,6f6c91a9324cbbf8c48a85ce1c20ac02e9b0e3fb0155c887078f69dc48c925d2,/root/autodl-tmp/graph/data/graphrestore/raw/agenticir/extracted/HQ/077.png,6d0b3c0c4255ee2de7c3c275c114eb531248c06fce157913f4e69dacd492cc91,15.665984153747559,0.7812367169565877,0.2629058063030243,0.24614033102989197,0.18350787460803986,53.030128479003906
test/C/dark + defocus blur + jpeg compression artifact/078,C,dark+defocus blur+jpeg compression artifact,/root/autodl-tmp/aaa/graphrestore/artifacts/formal_mio100/graphrestore_v7_1_stage4_step040000/methods/graphrestore_v7_1_stage4_step040000/d3/dark+defocus blur+jpeg compression artifact/078.png,20692428723c0b78ab4796294af678c4f67773198575d2677f6aa7ce77188011,/root/autodl-tmp/graph/data/graphrestore/raw/agenticir/extracted/HQ/078.png,ae84b8b3592a0f623d5bd2c5791b049e6fd87155614fbbad37f1ac00a2cfa870,17.818973541259766,0.5879399371303115,0.3757062554359436,0.21866385638713837,0.20333026349544525,59.240631103515625
test/C/dark + defocus blur + jpeg compression artifact/079,C,dark+defocus blur+jpeg compression artifact,/root/autodl-tmp/aaa/graphrestore/artifacts/formal_mio100/graphrestore_v7_1_stage4_step040000/methods/graphrestore_v7_1_stage4_step040000/d3/dark+defocus blur+jpeg compression artifact/079.png,62e971434d137dc3da6ceddb6e1e1ed94a8edc4b6b1fa347b1194e582f8c4c37,/root/autodl-tmp/graph/data/graphrestore/raw/agenticir/extracted/HQ/079.png,166cde30b17743be2ca3fb2c29004e0b38b126bfa1d8d5f41013c23eb248aad5,16.22085189819336,0.32713956337385813,0.5686138868331909,0.16542842984199524,0.18480026721954346,32.62769317626953
test/C/dark + defocus blur + jpeg compression artifact/080,C,dark+defocus blur+jpeg compression artifact,/root/autodl-tmp/aaa/graphrestore/artifacts/formal_mio100/graphrestore_v7_1_stage4_step040000/methods/graphrestore_v7_1_stage4_step040000/d3/dark+defocus blur+jpeg compression artifact/080.png,6e57198e43bbed872091fc2411e147099bca8cde489ff42154b2a50a4265ceae,/root/autodl-tmp/graph/data/graphrestore/raw/agenticir/extracted/HQ/080.png,b208599722bce230536ae4db62272e883a7714d4bfca7d73e1361da3b2ca9225,18.749635696411133,0.7195641973443275,0.21359966695308685,0.2390478402376175,0.29680126905441284,53.342140197753906
test/C/dark + defocus blur + jpeg compression artifact/081,C,dark+defocus blur+jpeg compression artifact,/root/autodl-tmp/aaa/graphrestore/artifacts/formal_mio100/graphrestore_v7_1_stage4_step040000/methods/graphrestore_v7_1_stage4_step040000/d3/dark+defocus blur+jpeg compression artifact/081.png,a98e0f946769e25bbdaef5b6bab5dcedc249ecfa0c2923f260cce5ab63a4e37e,/root/autodl-tmp/graph/data/graphrestore/raw/agenticir/extracted/HQ/081.png,f86df1e220755af6ab50844f797e3fb45165c5dde9ac8ee1750544154cfd1ad7,10.025467872619629,0.3728146864374849,0.6863555312156677,0.11035104095935822,0.11726143211126328,26.301193237304688
test/C/dark + defocus blur + jpeg compression artifact/082,C,dark+defocus blur+jpeg compression artifact,/root/autodl-tmp/aaa/graphrestore/artifacts/formal_mio100/graphrestore_v7_1_stage4_step040000/methods/graphrestore_v7_1_stage4_step040000/d3/dark+defocus blur+jpeg compression artifact/082.png,d72b6c87005a902959ef3b97395d1611335c69647cf70847c9b4feb06db382bc,/root/autodl-tmp/graph/data/graphrestore/raw/agenticir/extracted/HQ/082.png,698a641215db75e2471381c00fc2a84208122a4a0115beeb5679de746977682e,22.58053207397461,0.7815281469300716,0.15920895338058472,0.3162063956260681,0.534068763256073,55.53514862060547
test/C/dark + defocus blur + jpeg compression artifact/083,C,dark+defocus blur+jpeg compression artifact,/root/autodl-tmp/aaa/graphrestore/artifacts/formal_mio100/graphrestore_v7_1_stage4_step040000/methods/graphrestore_v7_1_stage4_step040000/d3/dark+defocus blur+jpeg compression artifact/083.png,5d52eb67c083a6344f07168b74c9f42e30c6d6db69a98d46831ad93b4947b56a,/root/autodl-tmp/graph/data/graphrestore/raw/agenticir/extracted/HQ/083.png,4772b8d475dfc90626760cea35452db0ee8dfdd89f7cd8def57f8b4d74ecef44,17.49596405029297,0.5436615570734287,0.5434035062789917,0.1305156946182251,0.17112231254577637,31.819673538208008
test/C/dark + defocus blur + jpeg compression artifact/084,C,dark+defocus blur+jpeg compression artifact,/root/autodl-tmp/aaa/graphrestore/artifacts/formal_mio100/graphrestore_v7_1_stage4_step040000/methods/graphrestore_v7_1_stage4_step040000/d3/dark+defocus blur+jpeg compression artifact/084.png,e1d26186997604c6136e6f6c32a44161732e86543713dcdbd6789587f87914ad,/root/autodl-tmp/graph/data/graphrestore/raw/agenticir/extracted/HQ/084.png,1bc34c4607ba66d84248fe8e7d5e30546ae13841542d8b1cb9146f2a2485df64,23.668745040893555,0.8525053315699264,0.3228178322315216,0.14644502103328705,0.21067190170288086,26.89851188659668
test/C/dark + defocus blur + jpeg compression artifact/085,C,dark+defocus blur+jpeg compression artifact,/root/autodl-tmp/aaa/graphrestore/artifacts/formal_mio100/graphrestore_v7_1_stage4_step040000/methods/graphrestore_v7_1_stage4_step040000/d3/dark+defocus blur+jpeg compression artifact/085.png,329f15a300269fe8c52efe484ffe4f62b2df2efca31602e4c2874153968b0b95,/root/autodl-tmp/graph/data/graphrestore/raw/agenticir/extracted/HQ/085.png,6174b7cb004afd2a578ec1950d92b99c41115b5a6bf70a511f19156c62bd5274,13.63023853302002,0.740211531359889,0.37437835335731506,0.09622495621442795,0.18651555478572845,23.917160034179688
test/C/dark + defocus blur + jpeg compression artifact/086,C,dark+defocus blur+jpeg compression artifact,/root/autodl-tmp/aaa/graphrestore/artifacts/formal_mio100/graphrestore_v7_1_stage4_step040000/methods/graphrestore_v7_1_stage4_step040000/d3/dark+defocus blur+jpeg compression artifact/086.png,332d97c05e739d1c9c7dcc7dc6c9cde1dfd615cbf8422abb58a740fe67be8270,/root/autodl-tmp/graph/data/graphrestore/raw/agenticir/extracted/HQ/086.png,68a629299aaf0e4d70065c504c9b3e397721fa17a25c2585446914aa5c7bafb5,9.673578262329102,0.47540858017752535,0.6405482292175293,0.16758307814598083,0.19932596385478973,35.15130615234375
test/C/dark + defocus blur + jpeg compression artifact/087,C,dark+defocus blur+jpeg compression artifact,/root/autodl-tmp/aaa/graphrestore/artifacts/formal_mio100/graphrestore_v7_1_stage4_step040000/methods/graphrestore_v7_1_stage4_step040000/d3/dark+defocus blur+jpeg compression artifact/087.png,bcab0958ccf5fe91136fd9700fca1e8c71eef4499d6a87b9212e817c44d8f673,/root/autodl-tmp/graph/data/graphrestore/raw/agenticir/extracted/HQ/087.png,059a862de1498fc3b783bcfcce8fad399573aa912bb6638bbd3d43d23b88cdc6,18.58719253540039,0.598874081048628,0.47640514373779297,0.18291907012462616,0.25029289722442627,44.68228530883789
test/C/dark + defocus blur + jpeg compression artifact/088,C,dark+defocus blur+jpeg compression artifact,/root/autodl-tmp/aaa/graphrestore/artifacts/formal_mio100/graphrestore_v7_1_stage4_step040000/methods/graphrestore_v7_1_stage4_step040000/d3/dark+defocus blur+jpeg compression artifact/088.png,a7a30cbb6201b233e5deb54914cda36129085b139121521491968cdaa03bf0ce,/root/autodl-tmp/graph/data/graphrestore/raw/agenticir/extracted/HQ/088.png,e76841066e027bd2a2fa101a4598c597d4891a7c535e3cc3195b7afcc249d7ae,17.641700744628906,0.5086181954368981,0.35761791467666626,0.16326186060905457,0.1836860626935959,33.30382537841797
test/C/dark + defocus blur + jpeg compression artifact/089,C,dark+defocus blur+jpeg compression artifact,/root/autodl-tmp/aaa/graphrestore/artifacts/formal_mio100/graphrestore_v7_1_stage4_step040000/methods/graphrestore_v7_1_stage4_step040000/d3/dark+defocus blur+jpeg compression artifact/089.png,639cb28c5826cbbe1219f8c3529aa850f3268ca6c9470bd41eae685b6c84cb69,/root/autodl-tmp/graph/data/graphrestore/raw/agenticir/extracted/HQ/089.png,046e493440ea7499fe07cec3853e6e170225ce6cdc903aac14730fa6b9bf36ab,15.601249694824219,0.7021876425096798,0.32955729961395264,0.20250460505485535,0.22199158370494843,51.73094177246094
test/C/dark + defocus blur + jpeg compression artifact/090,C,dark+defocus blur+jpeg compression artifact,/root/autodl-tmp/aaa/graphrestore/artifacts/formal_mio100/graphrestore_v7_1_stage4_step040000/methods/graphrestore_v7_1_stage4_step040000/d3/dark+defocus blur+jpeg compression artifact/090.png,46dcd24a6a2f4c522a2efa7da8f79b6a70d804619ad26cca8e0c933bef5a221e,/root/autodl-tmp/graph/data/graphrestore/raw/agenticir/extracted/HQ/090.png,830f74b8389bfef595e56e910efc49cf4246f6f7bd552ea8c45d071a0113053c,9.985240936279297,0.43213419749119486,0.6381328105926514,0.1899510622024536,0.1286739856004715,27.34651756286621
test/C/dark + defocus blur + jpeg compression artifact/091,C,dark+defocus blur+jpeg compression artifact,/root/autodl-tmp/aaa/graphrestore/artifacts/formal_mio100/graphrestore_v7_1_stage4_step040000/methods/graphrestore_v7_1_stage4_step040000/d3/dark+defocus blur+jpeg compression artifact/091.png,42f20c41f3280cf36ef7ec5b37c47ac2e151abd0f253e1c497149c5f2435d1ce,/root/autodl-tmp/graph/data/graphrestore/raw/agenticir/extracted/HQ/091.png,5e553db9d41f0f077260ca811d0fc988002511f536fd217035e5495bab201d6c,15.497380256652832,0.5400860998511695,0.25805944204330444,0.28424909710884094,0.26283761858940125,62.31831741333008
test/C/dark + defocus blur + jpeg compression artifact/092,C,dark+defocus blur+jpeg compression artifact,/root/autodl-tmp/aaa/graphrestore/artifacts/formal_mio100/graphrestore_v7_1_stage4_step040000/methods/graphrestore_v7_1_stage4_step040000/d3/dark+defocus blur+jpeg compression artifact/092.png,cc891d1e3004d7ed70b41669b704d413f48cfd9077e5b598268f19c7583d9ecf,/root/autodl-tmp/graph/data/graphrestore/raw/agenticir/extracted/HQ/092.png,d2fdbb69f6828c6707d3f41abfcb56dcb6e0d8e75181ac8d0c55eea107f20d48,15.455855369567871,0.5785939101184664,0.4384061098098755,0.2585311233997345,0.20130906999111176,49.098880767822266
test/C/dark + defocus blur + jpeg compression artifact/093,C,dark+defocus blur+jpeg compression artifact,/root/autodl-tmp/aaa/graphrestore/artifacts/formal_mio100/graphrestore_v7_1_stage4_step040000/methods/graphrestore_v7_1_stage4_step040000/d3/dark+defocus blur+jpeg compression artifact/093.png,5a13f5d8a93000f761ef1ea342cd192d9f1bcf2a12deea141bcc9c5cadb09648,/root/autodl-tmp/graph/data/graphrestore/raw/agenticir/extracted/HQ/093.png,b9ef1df7a3be70176f064c2568ea12d8cd9c9c54b3e8fd72bca53d170eaf06f2,19.700471878051758,0.6935905604910118,0.3150867223739624,0.26502373814582825,0.3258180618286133,49.603599548339844
test/C/dark + defocus blur + jpeg compression artifact/094,C,dark+defocus blur+jpeg compression artifact,/root/autodl-tmp/aaa/graphrestore/artifacts/formal_mio100/graphrestore_v7_1_stage4_step040000/methods/graphrestore_v7_1_stage4_step040000/d3/dark+defocus blur+jpeg compression artifact/094.png,8ec47e4325696d13d40d52807d17bda59310bc32b7c07d5966da2d026e58fef4,/root/autodl-tmp/graph/data/graphrestore/raw/agenticir/extracted/HQ/094.png,45dab31fa407b6793844322a5e147cdfedc3bfa449cd28fc9605f41dba80966d,18.73309326171875,0.6953864179107342,0.2707340121269226,0.3402528762817383,0.28538599610328674,58.12177276611328
test/C/dark + defocus blur + jpeg compression artifact/095,C,dark+defocus blur+jpeg compression artifact,/root/autodl-tmp/aaa/graphrestore/artifacts/formal_mio100/graphrestore_v7_1_stage4_step040000/methods/graphrestore_v7_1_stage4_step040000/d3/dark+defocus blur+jpeg compression artifact/095.png,d24daa9888dd59505c51084540603d6051f19a3615ad0731e727361146a370e1,/root/autodl-tmp/graph/data/graphrestore/raw/agenticir/extracted/HQ/095.png,2f04f8c811593049180a1c6bdcf5d723d3c2f6443ba518c407e4976d7a6b2637,13.411721229553223,0.4807577621858834,0.29120415449142456,0.36052951216697693,0.23630785942077637,54.33482360839844
test/C/dark + defocus blur + jpeg compression artifact/096,C,dark+defocus blur+jpeg compression artifact,/root/autodl-tmp/aaa/graphrestore/artifacts/formal_mio100/graphrestore_v7_1_stage4_step040000/methods/graphrestore_v7_1_stage4_step040000/d3/dark+defocus blur+jpeg compression artifact/096.png,2183e370603f33478a0ff88d62cd0155547700a24890d68f3a696e80bd4fba2e,/root/autodl-tmp/graph/data/graphrestore/raw/agenticir/extracted/HQ/096.png,3ac9dbd626f9e294ae10a8ab11a34f6c0132ed355627d25ce3f8790f701fae29,16.343536376953125,0.6154280243477847,0.4658033847808838,0.16123448312282562,0.2463267296552658,42.72437286376953
test/C/dark + defocus blur + jpeg compression artifact/097,C,dark+defocus blur+jpeg compression artifact,/root/autodl-tmp/aaa/graphrestore/artifacts/formal_mio100/graphrestore_v7_1_stage4_step040000/methods/graphrestore_v7_1_stage4_step040000/d3/dark+defocus blur+jpeg compression artifact/097.png,0d20a9ec298622a1192449f444cc04ec8ecb4c115b270642b5df2c6ec82c34bf,/root/autodl-tmp/graph/data/graphrestore/raw/agenticir/extracted/HQ/097.png,9b6c3c0d294f54e89b51656b0163aa8d0715dd7904848721ea76c07ccf737d2e,12.363604545593262,0.5981222817119638,0.3945960998535156,0.27256056666374207,0.29740050435066223,54.70675277709961
test/C/dark + defocus blur + jpeg compression artifact/098,C,dark+defocus blur+jpeg compression artifact,/root/autodl-tmp/aaa/graphrestore/artifacts/formal_mio100/graphrestore_v7_1_stage4_step040000/methods/graphrestore_v7_1_stage4_step040000/d3/dark+defocus blur+jpeg compression artifact/098.png,08df65ca2b840c9e83360eb31660680fdf6ef0d82a286255595b15e7e40cd407,/root/autodl-tmp/graph/data/graphrestore/raw/agenticir/extracted/HQ/098.png,f0574e5262ab9942e66006e0df3aab8738de997489badc302e131ae74299181f,16.130088806152344,0.3927734146103439,0.5281721949577332,0.24836042523384094,0.16620217263698578,42.07392883300781
test/C/dark + defocus blur + jpeg compression artifact/099,C,dark+defocus blur+jpeg compression artifact,/root/autodl-tmp/aaa/graphrestore/artifacts/formal_mio100/graphrestore_v7_1_stage4_step040000/methods/graphrestore_v7_1_stage4_step040000/d3/dark+defocus blur+jpeg compression artifact/099.png,13172decd64c764e4315fd244dd9c6204f073c472a4e898ff12666b4d5387aae,/root/autodl-tmp/graph/data/graphrestore/raw/agenticir/extracted/HQ/099.png,15ddff6cab9869d7fe8a7cb6fd328b436bbfa9b089e6adcbba7a5048e4c97f8b,17.340686798095703,0.4561984779139142,0.5130870342254639,0.19667665660381317,0.20093555748462677,34.401485443115234
test/C/dark + defocus blur + jpeg compression artifact/100,C,dark+defocus blur+jpeg compression artifact,/root/autodl-tmp/aaa/graphrestore/artifacts/formal_mio100/graphrestore_v7_1_stage4_step040000/methods/graphrestore_v7_1_stage4_step040000/d3/dark+defocus blur+jpeg compression artifact/100.png,cd832f42ec639b114c31feec1b681ca7d99b887a6d5aef54928d793294519612,/root/autodl-tmp/graph/data/graphrestore/raw/agenticir/extracted/HQ/100.png,b7f5d60dbb3e7047b9c62efc7d61db97052a2cde687d3fae367a14a6793a0c40,15.903377532958984,0.373966053718408,0.38249388337135315,0.2633642256259918,0.24463482201099396,48.883827209472656
test/C/motion blur + defocus blur + noise/001,C,motion blur+defocus blur+noise,/root/autodl-tmp/aaa/graphrestore/artifacts/formal_mio100/graphrestore_v7_1_stage4_step040000/methods/graphrestore_v7_1_stage4_step040000/d3/motion blur+defocus blur+noise/001.png,8dcd7436efeb3c35503bf3d6a14353c670860539c7811c4274828ad2a87ab338,/root/autodl-tmp/graph/data/graphrestore/raw/agenticir/extracted/HQ/001.png,501f9b012a3f9c95787db8151eddf07dcae5e163688c011649d3ff3f00372cae,19.116357803344727,0.731758546291706,0.34038978815078735,0.14756415784358978,0.28687095642089844,32.57633590698242
test/C/motion blur + defocus blur + noise/002,C,motion blur+defocus blur+noise,/root/autodl-tmp/aaa/graphrestore/artifacts/formal_mio100/graphrestore_v7_1_stage4_step040000/methods/graphrestore_v7_1_stage4_step040000/d3/motion blur+defocus blur+noise/002.png,d3e70a5ce8723caabb5158ae24764f1b522506b60d958402e7568bb14b58d32e,/root/autodl-tmp/graph/data/graphrestore/raw/agenticir/extracted/HQ/002.png,e65fb0b7adb1176b47486303c8cc4f49a0173f91e00d28e0c3a4d3eccae286b4,21.63159942626953,0.8011394506441027,0.22820469737052917,0.26558560132980347,0.4621376097202301,59.51890563964844
test/C/motion blur + defocus blur + noise/003,C,motion blur+defocus blur+noise,/root/autodl-tmp/aaa/graphrestore/artifacts/formal_mio100/graphrestore_v7_1_stage4_step040000/methods/graphrestore_v7_1_stage4_step040000/d3/motion blur+defocus blur+noise/003.png,3f9f04c816cfd025ad6f8f8891e1c67af98234ab9d7b0da4285e757345b01d25,/root/autodl-tmp/graph/data/graphrestore/raw/agenticir/extracted/HQ/003.png,c2a2513992db412a7160dfa2f82535dccaa188db91df80ee6ed5b0dd5c5d2d1a,22.711315155029297,0.5970803472329903,0.4629879891872406,0.1912805289030075,0.283713161945343,45.09064483642578
test/C/motion blur + defocus blur + noise/004,C,motion blur+defocus blur+noise,/root/autodl-tmp/aaa/graphrestore/artifacts/formal_mio100/graphrestore_v7_1_stage4_step040000/methods/graphrestore_v7_1_stage4_step040000/d3/motion blur+defocus blur+noise/004.png,f9662f04ad68d574bdc9e2f59b074673e3356463b2dfa3fda28d730917fe24d9,/root/autodl-tmp/graph/data/graphrestore/raw/agenticir/extracted/HQ/004.png,f1ad3f60cd8e680739263535ab1620a2490f3bc0c65a9355a965c7dff9be1fed,21.216724395751953,0.6617948554370748,0.46002423763275146,0.11436395347118378,0.3132830262184143,30.888195037841797
test/C/motion blur + defocus blur + noise/005,C,motion blur+defocus blur+noise,/root/autodl-tmp/aaa/graphrestore/artifacts/formal_mio100/graphrestore_v7_1_stage4_step040000/methods/graphrestore_v7_1_stage4_step040000/d3/motion blur+defocus blur+noise/005.png,68569bfdd19027c5cfb290853fb13fbd56ea82bf626df7e7511b35868fc369ac,/root/autodl-tmp/graph/data/graphrestore/raw/agenticir/extracted/HQ/005.png,1d8eb1ef9c1817c087956135efa85be686e7169ef11eb532c768d32d7267a0ff,16.52944564819336,0.30944724883793334,0.6330137848854065,0.10843399167060852,0.22219876945018768,47.13095474243164
test/C/motion blur + defocus blur + noise/006,C,motion blur+defocus blur+noise,/root/autodl-tmp/aaa/graphrestore/artifacts/formal_mio100/graphrestore_v7_1_stage4_step040000/methods/graphrestore_v7_1_stage4_step040000/d3/motion blur+defocus blur+noise/006.png,cf4c1df21768d967d5d35fb5d10533b125e5690ade92013c138fbde000a9f7f4,/root/autodl-tmp/graph/data/graphrestore/raw/agenticir/extracted/HQ/006.png,f62feddd2f379d039dd1effe18b6368c79a6fe31fb8177f797c9f230eb8e1211,18.23331642150879,0.5856424846139444,0.5192450881004333,0.1778077334165573,0.3116619288921356,29.701618194580078
test/C/motion blur + defocus blur + noise/007,C,motion blur+defocus blur+noise,/root/autodl-tmp/aaa/graphrestore/artifacts/formal_mio100/graphrestore_v7_1_stage4_step040000/methods/graphrestore_v7_1_stage4_step040000/d3/motion blur+defocus blur+noise/007.png,15a494a998d222ad1d65db8752a2e1b90e5929a038cf2f091838e8eff04db70f,/root/autodl-tmp/graph/data/graphrestore/raw/agenticir/extracted/HQ/007.png,b876f087d5f42a9350f28383ff2df22156b6bbba702809d134b7713d9430881c,23.05923080444336,0.5691975025736112,0.5345273017883301,0.14887076616287231,0.27990201115608215,29.25143814086914
test/C/motion blur + defocus blur + noise/008,C,motion blur+defocus blur+noise,/root/autodl-tmp/aaa/graphrestore/artifacts/formal_mio100/graphrestore_v7_1_stage4_step040000/methods/graphrestore_v7_1_stage4_step040000/d3/motion blur+defocus blur+noise/008.png,7fe6857d4ba1afe56587aa6644d6d88c4cadecb242fc93ad30a1e84a7229dd93,/root/autodl-tmp/graph/data/graphrestore/raw/agenticir/extracted/HQ/008.png,4efb8dbbd2ba5090b7b951a456ec5ed27a5d61360ab95cb1c5a9366f2868cb94,24.94121551513672,0.6507458777532148,0.4987061619758606,0.17462681233882904,0.30517393350601196,25.343284606933594
test/C/motion blur + defocus blur + noise/009,C,motion blur+defocus blur+noise,/root/autodl-tmp/aaa/graphrestore/artifacts/formal_mio100/graphrestore_v7_1_stage4_step040000/methods/graphrestore_v7_1_stage4_step040000/d3/motion blur+defocus blur+noise/009.png,a8d3314d3b2f05e794d7455217eba860e02f06f95ebcdd0eb60e8ca40294d175,/root/autodl-tmp/graph/data/graphrestore/raw/agenticir/extracted/HQ/009.png,5b779ac0fbe5d1e4d4126fd2864493dcc2ecdbde374ede7e29a054b2a9cb4f21,21.80158805847168,0.9000311978033938,0.20033162832260132,0.17047473788261414,0.33469799160957336,26.740278244018555
test/C/motion blur + defocus blur + noise/010,C,motion blur+defocus blur+noise,/root/autodl-tmp/aaa/graphrestore/artifacts/formal_mio100/graphrestore_v7_1_stage4_step040000/methods/graphrestore_v7_1_stage4_step040000/d3/motion blur+defocus blur+noise/010.png,534fc50884bedf4cf0e3cd161fa31ee799b64b8a71f1399158276ebf3bc62b1a,/root/autodl-tmp/graph/data/graphrestore/raw/agenticir/extracted/HQ/010.png,327492996d853f5c8873b435f98a91afd07db64567545baa61c9f4f64f717a0d,19.03045082092285,0.5186341814092031,0.5138335227966309,0.10557951033115387,0.46673712134361267,37.930381774902344
test/C/motion blur + defocus blur + noise/011,C,motion blur+defocus blur+noise,/root/autodl-tmp/aaa/graphrestore/artifacts/formal_mio100/graphrestore_v7_1_stage4_step040000/methods/graphrestore_v7_1_stage4_step040000/d3/motion blur+defocus blur+noise/011.png,455108e21f2bd2cfc2200452c278968e3e2a6d5ce07b3a17abf696ac3603b5a8,/root/autodl-tmp/graph/data/graphrestore/raw/agenticir/extracted/HQ/011.png,dcafe4ee2b43e667674ccc874b42e160ea37427b7c935297734ba69ece6b6f35,16.222049713134766,0.2659536588014917,0.7062587141990662,0.14245392382144928,0.28273749351501465,38.060020446777344
test/C/motion blur + defocus blur + noise/012,C,motion blur+defocus blur+noise,/root/autodl-tmp/aaa/graphrestore/artifacts/formal_mio100/graphrestore_v7_1_stage4_step040000/methods/graphrestore_v7_1_stage4_step040000/d3/motion blur+defocus blur+noise/012.png,a8ecffea935428de48b63d4592b5e338b48a82f8f02df8d6c508677ecd203adc,/root/autodl-tmp/graph/data/graphrestore/raw/agenticir/extracted/HQ/012.png,0884a3dabb3fa30cde26a4dfbf003a133139f708c65c3f8b02c24a87a6d073c3,19.861129760742188,0.6524038042827115,0.4304102063179016,0.144377201795578,0.2865939736366272,19.97776222229004
test/C/motion blur + defocus blur + noise/013,C,motion blur+defocus blur+noise,/root/autodl-tmp/aaa/graphrestore/artifacts/formal_mio100/graphrestore_v7_1_stage4_step040000/methods/graphrestore_v7_1_stage4_step040000/d3/motion blur+defocus blur+noise/013.png,a6ab5c952659840549734c1abf373de75d27969ab5c3141a6da77d04f8350607,/root/autodl-tmp/graph/data/graphrestore/raw/agenticir/extracted/HQ/013.png,afe18305499bd0b8318392e8f34ede33aafb5a0df2371075fe9f30a1c81a75eb,17.848712921142578,0.25478633491945396,0.5655114650726318,0.16351741552352905,0.3259298503398895,36.00537109375
test/C/motion blur + defocus blur + noise/014,C,motion blur+defocus blur+noise,/root/autodl-tmp/aaa/graphrestore/artifacts/formal_mio100/graphrestore_v7_1_stage4_step040000/methods/graphrestore_v7_1_stage4_step040000/d3/motion blur+defocus blur+noise/014.png,1a481d46d373753b9556211c58187777c7d5ee712a484b5c4d41a5d1a8c8b282,/root/autodl-tmp/graph/data/graphrestore/raw/agenticir/extracted/HQ/014.png,2d569d9b923a96b1542c0b845dce0c7657794eba9f6f22ae5d02f335ef1bc4a0,19.90676498413086,0.6169634963570644,0.4138774275779724,0.1314484179019928,0.2717311978340149,18.634729385375977
test/C/motion blur + defocus blur + noise/015,C,motion blur+defocus blur+noise,/root/autodl-tmp/aaa/graphrestore/artifacts/formal_mio100/graphrestore_v7_1_stage4_step040000/methods/graphrestore_v7_1_stage4_step040000/d3/motion blur+defocus blur+noise/015.png,02c0757697994bcf396a14e2c42fb8833ca5b9e146b16ded867b11d7c059cc8c,/root/autodl-tmp/graph/data/graphrestore/raw/agenticir/extracted/HQ/015.png,286adb5a1c45ee88f14e1b16e3af420910584bf5ebdd72c40cf75317559c731f,16.294984817504883,0.30719712416638695,0.6176876425743103,0.17532800137996674,0.3232543170452118,26.812973022460938
test/C/motion blur + defocus blur + noise/016,C,motion blur+defocus blur+noise,/root/autodl-tmp/aaa/graphrestore/artifacts/formal_mio100/graphrestore_v7_1_stage4_step040000/methods/graphrestore_v7_1_stage4_step040000/d3/motion blur+defocus blur+noise/016.png,08cc006e69600019d6694e5f5aa351de0ffa7ddf67648bed6a401f7439243a54,/root/autodl-tmp/graph/data/graphrestore/raw/agenticir/extracted/HQ/016.png,ddc71b4b9bd2a57cabf985c7743b8ff7083a0d9205008603edb440ba27da9313,15.231255531311035,0.29840421099207765,0.8074920177459717,0.12304748594760895,0.2652400732040405,17.060483932495117
test/C/motion blur + defocus blur + noise/017,C,motion blur+defocus blur+noise,/root/autodl-tmp/aaa/graphrestore/artifacts/formal_mio100/graphrestore_v7_1_stage4_step040000/methods/graphrestore_v7_1_stage4_step040000/d3/motion blur+defocus blur+noise/017.png,dcca7c372b8c331b49e0adbeaec8a38ef13256cef387e8432c772f3a15b8f2cc,/root/autodl-tmp/graph/data/graphrestore/raw/agenticir/extracted/HQ/017.png,ab3ab0c03c2d8c9c0befbcad219fae23c9795fdf99d664630f4f4febbd02c519,18.916824340820312,0.5614491307980153,0.4795294404029846,0.15395481884479523,0.3044684827327728,33.74762725830078
test/C/motion blur + defocus blur + noise/018,C,motion blur+defocus blur+noise,/root/autodl-tmp/aaa/graphrestore/artifacts/formal_mio100/graphrestore_v7_1_stage4_step040000/methods/graphrestore_v7_1_stage4_step040000/d3/motion blur+defocus blur+noise/018.png,56fb859074f558047bb0c452546508478696b4ac5ad215ed497583884d708103,/root/autodl-tmp/graph/data/graphrestore/raw/agenticir/extracted/HQ/018.png,66db8e4aeb78f506ae4415572eb910726c3f16ede70138093ab4eced187b8df1,15.9692964553833,0.24306357790532745,0.8862813711166382,0.12028725445270538,0.276606023311615,22.170814514160156
test/C/motion blur + defocus blur + noise/019,C,motion blur+defocus blur+noise,/root/autodl-tmp/aaa/graphrestore/artifacts/formal_mio100/graphrestore_v7_1_stage4_step040000/methods/graphrestore_v7_1_stage4_step040000/d3/motion blur+defocus blur+noise/019.png,e9d76260e5e38aadc7e9b803a8be037ede1e94f0eb8f54e357873d87e995a38f,/root/autodl-tmp/graph/data/graphrestore/raw/agenticir/extracted/HQ/019.png,fb026cef85a4f7e64ad7c5f064ed15de1f04a7a7b6bde70b28ee78a55db21aeb,15.447460174560547,0.28979732009355963,0.7144379019737244,0.11953660845756531,0.18910667300224304,20.007938385009766
test/C/motion blur + defocus blur + noise/020,C,motion blur+defocus blur+noise,/root/autodl-tmp/aaa/graphrestore/artifacts/formal_mio100/graphrestore_v7_1_stage4_step040000/methods/graphrestore_v7_1_stage4_step040000/d3/motion blur+defocus blur+noise/020.png,563bbf4eeddf20af4a7aa5cecac5906a53dc2dc699178fe4379e883e6ca4c94c,/root/autodl-tmp/graph/data/graphrestore/raw/agenticir/extracted/HQ/020.png,daa15d9f51eab9eca70197a7f05df7873e3eab75e432b0a81fe9488be552f37a,14.774208068847656,0.24699588914628193,0.7409862279891968,0.13842736184597015,0.26058411598205566,24.787214279174805
test/C/motion blur + defocus blur + noise/021,C,motion blur+defocus blur+noise,/root/autodl-tmp/aaa/graphrestore/artifacts/formal_mio100/graphrestore_v7_1_stage4_step040000/methods/graphrestore_v7_1_stage4_step040000/d3/motion blur+defocus blur+noise/021.png,f4676ba722146e461bae1410706fac29e8e705084774993ffd0c506174f5faba,/root/autodl-tmp/graph/data/graphrestore/raw/agenticir/extracted/HQ/021.png,9fcc8dda4bbbe5e54e419f5cbb07e7b4310dd291ad1f1cd3cd65a90f9809baa8,20.15381622314453,0.35142041521063805,0.8332327008247375,0.18543724715709686,0.2999034523963928,15.93307876586914
test/C/motion blur + defocus blur + noise/022,C,motion blur+defocus blur+noise,/root/autodl-tmp/aaa/graphrestore/artifacts/formal_mio100/graphrestore_v7_1_stage4_step040000/methods/graphrestore_v7_1_stage4_step040000/d3/motion blur+defocus blur+noise/022.png,1b642c34fa8f5be50f09507895b02166e8a42826e96e62bd0bd582a3b223bce3,/root/autodl-tmp/graph/data/graphrestore/raw/agenticir/extracted/HQ/022.png,70c41dc6f249472324664323044853cb85a1256f39b4a31853ddbd89fcc1e191,19.00113868713379,0.5700012914449447,0.5329869985580444,0.24678170680999756,0.3537103235721588,18.806652069091797
test/C/motion blur + defocus blur + noise/023,C,motion blur+defocus blur+noise,/root/autodl-tmp/aaa/graphrestore/artifacts/formal_mio100/graphrestore_v7_1_stage4_step040000/methods/graphrestore_v7_1_stage4_step040000/d3/motion blur+defocus blur+noise/023.png,b851c0b7151759d25d69dba33a351bf801192d9a8e470bdb9814cf15523415f4,/root/autodl-tmp/graph/data/graphrestore/raw/agenticir/extracted/HQ/023.png,befde78eca5789c87200ca1e2ac905ba8ad5706b50af86454bd30bc857c90e02,18.373992919921875,0.46138384878936645,0.6006507873535156,0.13548235595226288,0.2990671694278717,21.332618713378906
test/C/motion blur + defocus blur + noise/024,C,motion blur+defocus blur+noise,/root/autodl-tmp/aaa/graphrestore/artifacts/formal_mio100/graphrestore_v7_1_stage4_step040000/methods/graphrestore_v7_1_stage4_step040000/d3/motion blur+defocus blur+noise/024.png,13c0ce4c59c9acf6d0dd72f7a7be9a5b1e8d88a937e53b4adb290d3c1724dd2a,/root/autodl-tmp/graph/data/graphrestore/raw/agenticir/extracted/HQ/024.png,e51441e174dd8dc0c47872ccb4221ab3f054b716588ee0f42d58a56098bd9538,17.07554817199707,0.4683055451201678,0.5918612480163574,0.11215843260288239,0.27309462428092957,34.55363464355469
test/C/motion blur + defocus blur + noise/025,C,motion blur+defocus blur+noise,/root/autodl-tmp/aaa/graphrestore/artifacts/formal_mio100/graphrestore_v7_1_stage4_step040000/methods/graphrestore_v7_1_stage4_step040000/d3/motion blur+defocus blur+noise/025.png,4ec12fcdd1f1569a639e614871f1c16c637a4535c8fdc5c8b880e84040611602,/root/autodl-tmp/graph/data/graphrestore/raw/agenticir/extracted/HQ/025.png,f384d4a9bc3c31bc29038378f849002dc4ff2db373d852b732f5cfc24ebed244,23.973960876464844,0.5418657327118271,0.584065318107605,0.12585052847862244,0.27390119433403015,28.435089111328125
test/C/motion blur + defocus blur + noise/026,C,motion blur+defocus blur+noise,/root/autodl-tmp/aaa/graphrestore/artifacts/formal_mio100/graphrestore_v7_1_stage4_step040000/methods/graphrestore_v7_1_stage4_step040000/d3/motion blur+defocus blur+noise/026.png,4c5c435d7127032efeea87ed56011ecc39cad0d224780e7efc583fede9e841cd,/root/autodl-tmp/graph/data/graphrestore/raw/agenticir/extracted/HQ/026.png,cfce1d4c02a00f28988a64f63cd538c4147c3a72c147a6549d71f1105d671224,17.99237060546875,0.630999998641549,0.594430685043335,0.18288835883140564,0.2721455693244934,16.923206329345703
test/C/motion blur + defocus blur + noise/027,C,motion blur+defocus blur+noise,/root/autodl-tmp/aaa/graphrestore/artifacts/formal_mio100/graphrestore_v7_1_stage4_step040000/methods/graphrestore_v7_1_stage4_step040000/d3/motion blur+defocus blur+noise/027.png,62353309ff5109ab0e3c97402989dbcdd4f176a9fb5299c26a1f18bde9f12235,/root/autodl-tmp/graph/data/graphrestore/raw/agenticir/extracted/HQ/027.png,d69be3d26f3d3c95ffd9de3bd8d565120e0f09fb4aa84c72ae18d8fc4f871aae,18.930509567260742,0.513003443478994,0.5749997496604919,0.1338425874710083,0.24906086921691895,28.51262664794922
test/C/motion blur + defocus blur + noise/028,C,motion blur+defocus blur+noise,/root/autodl-tmp/aaa/graphrestore/artifacts/formal_mio100/graphrestore_v7_1_stage4_step040000/methods/graphrestore_v7_1_stage4_step040000/d3/motion blur+defocus blur+noise/028.png,399095ac56329ff142c673725c3e74184b2a1a8f70a8e1774d2a1bdf898625da,/root/autodl-tmp/graph/data/graphrestore/raw/agenticir/extracted/HQ/028.png,181f97da79059de1a93d1a0d30f6851393282c6af8b607d83ce29ab8c9dbf771,27.91670799255371,0.8034243520682645,0.38230860233306885,0.18031704425811768,0.4870370030403137,22.369983673095703
test/C/motion blur + defocus blur + noise/029,C,motion blur+defocus blur+noise,/root/autodl-tmp/aaa/graphrestore/artifacts/formal_mio100/graphrestore_v7_1_stage4_step040000/methods/graphrestore_v7_1_stage4_step040000/d3/motion blur+defocus blur+noise/029.png,25d29dc64d9948f21fdc08074f73c9a3d86fad9f6161380463282790b433eadd,/root/autodl-tmp/graph/data/graphrestore/raw/agenticir/extracted/HQ/029.png,3c7f43d0544ada8d7b64d7bb197621349fa1dcdf8400fb6128afaf8787814556,18.40477752685547,0.45715218394326984,0.6743969917297363,0.12319386005401611,0.22034060955047607,20.802762985229492
test/C/motion blur + defocus blur + noise/030,C,motion blur+defocus blur+noise,/root/autodl-tmp/aaa/graphrestore/artifacts/formal_mio100/graphrestore_v7_1_stage4_step040000/methods/graphrestore_v7_1_stage4_step040000/d3/motion blur+defocus blur+noise/030.png,5bfb36a2d15439494d9b37dbb07e972d7e7a9747b190dea20f1f36cd3b44d405,/root/autodl-tmp/graph/data/graphrestore/raw/agenticir/extracted/HQ/030.png,576b0158cf5a541dd6aaf522902400e8ba3175aacca36d9df22951f52acf3f2f,15.471506118774414,0.4605572389570426,0.6297417283058167,0.1561087667942047,0.30019769072532654,34.37709426879883
test/C/motion blur + defocus blur + noise/031,C,motion blur+defocus blur+noise,/root/autodl-tmp/aaa/graphrestore/artifacts/formal_mio100/graphrestore_v7_1_stage4_step040000/methods/graphrestore_v7_1_stage4_step040000/d3/motion blur+defocus blur+noise/031.png,19feffc1b5c5a1e09bcc8f9ba9e06ec3196d964f0cb1a17d263613d92e4fe791,/root/autodl-tmp/graph/data/graphrestore/raw/agenticir/extracted/HQ/031.png,ee314f8cd1954636c1817c95d1cb0db5aa871e179961c3463869d5dc2100d422,19.81410026550293,0.42911357713991505,0.7679109573364258,0.145048588514328,0.2568829357624054,16.700374603271484
test/C/motion blur + defocus blur + noise/032,C,motion blur+defocus blur+noise,/root/autodl-tmp/aaa/graphrestore/artifacts/formal_mio100/graphrestore_v7_1_stage4_step040000/methods/graphrestore_v7_1_stage4_step040000/d3/motion blur+defocus blur+noise/032.png,66df40df35d59184a0e9e37df57298d98266b9ec5085877362d271d48f93867b,/root/autodl-tmp/graph/data/graphrestore/raw/agenticir/extracted/HQ/032.png,e9749385ec471240dd782d677482b0d949b80ccb7472dc409fa260d1748ed9b9,24.077957153320312,0.5860011726001413,0.5705329179763794,0.20461881160736084,0.30541884899139404,22.78878402709961
test/C/motion blur + defocus blur + noise/033,C,motion blur+defocus blur+noise,/root/autodl-tmp/aaa/graphrestore/artifacts/formal_mio100/graphrestore_v7_1_stage4_step040000/methods/graphrestore_v7_1_stage4_step040000/d3/motion blur+defocus blur+noise/033.png,973393a4dc11ddd70f24d089413843837339f3f799dcc4eac51cec92163b81b2,/root/autodl-tmp/graph/data/graphrestore/raw/agenticir/extracted/HQ/033.png,9590f1419e378254c01f330c248e12e8a62792b04a27b72daf2c0afd6c41c758,18.125951766967773,0.32301960146238134,0.7335886359214783,0.10759974271059036,0.28737542033195496,24.466833114624023
test/C/motion blur + defocus blur + noise/034,C,motion blur+defocus blur+noise,/root/autodl-tmp/aaa/graphrestore/artifacts/formal_mio100/graphrestore_v7_1_stage4_step040000/methods/graphrestore_v7_1_stage4_step040000/d3/motion blur+defocus blur+noise/034.png,65450bad4fddd257b6c701693dda066652c6fd416641af8e7e18a57eebf75239,/root/autodl-tmp/graph/data/graphrestore/raw/agenticir/extracted/HQ/034.png,0575cc2334f8f50fcbd3d9f58173645db8764f938ee55e8899084ca2b66fd018,20.659542083740234,0.4267005829841279,0.8596294522285461,0.216241255402565,0.3412940800189972,24.65582275390625
test/C/motion blur + defocus blur + noise/035,C,motion blur+defocus blur+noise,/root/autodl-tmp/aaa/graphrestore/artifacts/formal_mio100/graphrestore_v7_1_stage4_step040000/methods/graphrestore_v7_1_stage4_step040000/d3/motion blur+defocus blur+noise/035.png,989e2bff348c54f8d59321a77a4be0889f34e2aead326f0342a680df7ac1806a,/root/autodl-tmp/graph/data/graphrestore/raw/agenticir/extracted/HQ/035.png,4e230744a9cb7c3ebe976ae7267155312b876fb355283b4938b34b758aef7ff9,21.18279266357422,0.5903210951984486,0.5258208513259888,0.19935454428195953,0.427694708108902,26.456403732299805
test/C/motion blur + defocus blur + noise/036,C,motion blur+defocus blur+noise,/root/autodl-tmp/aaa/graphrestore/artifacts/formal_mio100/graphrestore_v7_1_stage4_step040000/methods/graphrestore_v7_1_stage4_step040000/d3/motion blur+defocus blur+noise/036.png,a7a2bb6efc9352870126fcd494df4f0e7432ae0c8f4a198eca1b07b366891353,/root/autodl-tmp/graph/data/graphrestore/raw/agenticir/extracted/HQ/036.png,409fbd0ad51be33e9e2711cb7b22cb39999eaac6e278ca1621c20300be446d76,16.74011993408203,0.24519226196937682,0.7713189721107483,0.1295396089553833,0.2625192403793335,17.55902862548828
test/C/motion blur + defocus blur + noise/037,C,motion blur+defocus blur+noise,/root/autodl-tmp/aaa/graphrestore/artifacts/formal_mio100/graphrestore_v7_1_stage4_step040000/methods/graphrestore_v7_1_stage4_step040000/d3/motion blur+defocus blur+noise/037.png,f4c6a52e1c0cfaf53a188fb0f8a8d95b4c55871fef6374e7f5f1d416dc932c3c,/root/autodl-tmp/graph/data/graphrestore/raw/agenticir/extracted/HQ/037.png,8f31abe11ce5d5377f131fdc788024ffb8d5cfdda501c06a64ca1fc80fab0d07,19.72647476196289,0.6774820646398446,0.4037264585494995,0.16760721802711487,0.35018929839134216,24.1732177734375
test/C/motion blur + defocus blur + noise/038,C,motion blur+defocus blur+noise,/root/autodl-tmp/aaa/graphrestore/artifacts/formal_mio100/graphrestore_v7_1_stage4_step040000/methods/graphrestore_v7_1_stage4_step040000/d3/motion blur+defocus blur+noise/038.png,42f4c55ea95e91f822e41c773a03eeb5fde443a73a36973423f033721168cdcf,/root/autodl-tmp/graph/data/graphrestore/raw/agenticir/extracted/HQ/038.png,fe7df2186482ca2cc105baed74cb1da9667b3b03e1629055880b6012db131aa1,22.420276641845703,0.4413065546347491,0.6278170347213745,0.10518770664930344,0.36213597655296326,15.270294189453125
test/C/motion blur + defocus blur + noise/039,C,motion blur+defocus blur+noise,/root/autodl-tmp/aaa/graphrestore/artifacts/formal_mio100/graphrestore_v7_1_stage4_step040000/methods/graphrestore_v7_1_stage4_step040000/d3/motion blur+defocus blur+noise/039.png,1835993a0029285aef159c71939db47e984671ed690008e51a16d2012ab1a9c4,/root/autodl-tmp/graph/data/graphrestore/raw/agenticir/extracted/HQ/039.png,a2038f7610363fb1916197e0557fa84b50b610d86885a2d6409f9e3aa75fbbcd,17.28218650817871,0.7222348790643821,0.44149836897850037,0.18275654315948486,0.2583029866218567,26.638729095458984
test/C/motion blur + defocus blur + noise/040,C,motion blur+defocus blur+noise,/root/autodl-tmp/aaa/graphrestore/artifacts/formal_mio100/graphrestore_v7_1_stage4_step040000/methods/graphrestore_v7_1_stage4_step040000/d3/motion blur+defocus blur+noise/040.png,d08d4c4a9eb5575e804368dea0224b3315495ee0811c1dea1c35c4951c5ad0ad,/root/autodl-tmp/graph/data/graphrestore/raw/agenticir/extracted/HQ/040.png,c5a9e4bb9d84a6734bdc04c272c48c1b17b150a1e346afab2338eb0ba41f1464,18.236906051635742,0.5870693927609298,0.5945537090301514,0.09288346022367477,0.24334947764873505,31.427106857299805
test/C/motion blur + defocus blur + noise/041,C,motion blur+defocus blur+noise,/root/autodl-tmp/aaa/graphrestore/artifacts/formal_mio100/graphrestore_v7_1_stage4_step040000/methods/graphrestore_v7_1_stage4_step040000/d3/motion blur+defocus blur+noise/041.png,f9f382e3392cfc1c0399da8cea9b0ec32357ab43a48860f06ad427cb216ea413,/root/autodl-tmp/graph/data/graphrestore/raw/agenticir/extracted/HQ/041.png,8d928c89de2952ccb40028ba7ecd3f9fee3f3907c9a371fbbcb7fdaf683bc27e,17.629316329956055,0.3186297869865169,0.7227845191955566,0.13255606591701508,0.25643640756607056,28.97419548034668
test/C/motion blur + defocus blur + noise/042,C,motion blur+defocus blur+noise,/root/autodl-tmp/aaa/graphrestore/artifacts/formal_mio100/graphrestore_v7_1_stage4_step040000/methods/graphrestore_v7_1_stage4_step040000/d3/motion blur+defocus blur+noise/042.png,5a62070375b5a67e6af0c1e10624bc287fd3de8cbc7d033c424cc8c6948dc19b,/root/autodl-tmp/graph/data/graphrestore/raw/agenticir/extracted/HQ/042.png,9ae42a00babed185468a76384204ff947b6baab53a82ca9b3cff6ef951f461bf,22.27842140197754,0.5114894625514349,0.6806724071502686,0.19305479526519775,0.2762479782104492,28.840091705322266
test/C/motion blur + defocus blur + noise/043,C,motion blur+defocus blur+noise,/root/autodl-tmp/aaa/graphrestore/artifacts/formal_mio100/graphrestore_v7_1_stage4_step040000/methods/graphrestore_v7_1_stage4_step040000/d3/motion blur+defocus blur+noise/043.png,4adafdcac3cfc5313afa80d183f304dd4ce8921a219f4c4f7baaec41e10cea24,/root/autodl-tmp/graph/data/graphrestore/raw/agenticir/extracted/HQ/043.png,15880c27b3101797c4e5896dee7349ad832ac1c49fcd0c559b357f4e28296b4d,21.228334426879883,0.4432472934536657,0.5906498432159424,0.1875234693288803,0.1872616857290268,42.48627471923828
test/C/motion blur + defocus blur + noise/044,C,motion blur+defocus blur+noise,/root/autodl-tmp/aaa/graphrestore/artifacts/formal_mio100/graphrestore_v7_1_stage4_step040000/methods/graphrestore_v7_1_stage4_step040000/d3/motion blur+defocus blur+noise/044.png,ec39241c21f8fa98126d603b9ee8d915ce0899949065ab29ac0797ddeae05aff,/root/autodl-tmp/graph/data/graphrestore/raw/agenticir/extracted/HQ/044.png,0645011c1dc3777ab263df617d1747b902c2d321de6f939549cfbe43eabc9245,18.834503173828125,0.48056511458921286,0.6733399629592896,0.2853405475616455,0.3860454261302948,33.2099494934082
test/C/motion blur + defocus blur + noise/045,C,motion blur+defocus blur+noise,/root/autodl-tmp/aaa/graphrestore/artifacts/formal_mio100/graphrestore_v7_1_stage4_step040000/methods/graphrestore_v7_1_stage4_step040000/d3/motion blur+defocus blur+noise/045.png,51df4ebdd9a4663408142c327cf4c369b03cd0bcb0af9d3168c53313f0c21250,/root/autodl-tmp/graph/data/graphrestore/raw/agenticir/extracted/HQ/045.png,d3e352c98c1fe9df1181c1e362bb9c3ba3a1d077456198796083821dab20d1fc,18.178264617919922,0.3254902032399139,0.852095901966095,0.2507954239845276,0.30190393328666687,23.838924407958984
test/C/motion blur + defocus blur + noise/046,C,motion blur+defocus blur+noise,/root/autodl-tmp/aaa/graphrestore/artifacts/formal_mio100/graphrestore_v7_1_stage4_step040000/methods/graphrestore_v7_1_stage4_step040000/d3/motion blur+defocus blur+noise/046.png,4ca1cf1876201a4818e08607fe2d85d56a9a856f4d37f7aa35da92b94907883f,/root/autodl-tmp/graph/data/graphrestore/raw/agenticir/extracted/HQ/046.png,af4b21bf96515f2ff4f97a4990856b43ae02a1d8f39909428228a2612b5f936f,18.786123275756836,0.2354667851698181,0.8051126003265381,0.22794990241527557,0.3349771797657013,35.997962951660156
test/C/motion blur + defocus blur + noise/047,C,motion blur+defocus blur+noise,/root/autodl-tmp/aaa/graphrestore/artifacts/formal_mio100/graphrestore_v7_1_stage4_step040000/methods/graphrestore_v7_1_stage4_step040000/d3/motion blur+defocus blur+noise/047.png,0b1ee4e9a2d9e234cb948b2bee4fa2767a42c34b06f7bd0b23ae30300a994cf9,/root/autodl-tmp/graph/data/graphrestore/raw/agenticir/extracted/HQ/047.png,8ecf454f7d68ca4ebf19b2b4a22275d3bb344666e4e483fda2c8cb84d5ff94db,19.433439254760742,0.4460640953533956,0.5696284770965576,0.16784077882766724,0.20350269973278046,37.762359619140625
test/C/motion blur + defocus blur + noise/048,C,motion blur+defocus blur+noise,/root/autodl-tmp/aaa/graphrestore/artifacts/formal_mio100/graphrestore_v7_1_stage4_step040000/methods/graphrestore_v7_1_stage4_step040000/d3/motion blur+defocus blur+noise/048.png,abf4a9404c9a165afe03a438b510a684dea50c5d9d7d82cd7c75231ae3d4752c,/root/autodl-tmp/graph/data/graphrestore/raw/agenticir/extracted/HQ/048.png,b74e449ab10a96799f5e791f68de34dcfaf90a4befdb242cee372f6743841606,18.67478370666504,0.18396331011768924,0.8510783910751343,0.2825806736946106,0.37587305903434753,21.858192443847656
test/C/motion blur + defocus blur + noise/049,C,motion blur+defocus blur+noise,/root/autodl-tmp/aaa/graphrestore/artifacts/formal_mio100/graphrestore_v7_1_stage4_step040000/methods/graphrestore_v7_1_stage4_step040000/d3/motion blur+defocus blur+noise/049.png,88dfd7477e7a0b75f1f756ee0db6651158344760bbc4d8f71aa67c7237e855aa,/root/autodl-tmp/graph/data/graphrestore/raw/agenticir/extracted/HQ/049.png,bdd8f4cec02d5659a12541bb32718429d397d6be195679045764e31574c4f226,14.890718460083008,0.21612584122783682,0.828523576259613,0.3450143039226532,0.3613695800304413,28.151742935180664
test/C/motion blur + defocus blur + noise/050,C,motion blur+defocus blur+noise,/root/autodl-tmp/aaa/graphrestore/artifacts/formal_mio100/graphrestore_v7_1_stage4_step040000/methods/graphrestore_v7_1_stage4_step040000/d3/motion blur+defocus blur+noise/050.png,13adae3878ad632581a4a8dcd2f19b2f6885594f24621e2cc48445cc74a2f0ae,/root/autodl-tmp/graph/data/graphrestore/raw/agenticir/extracted/HQ/050.png,c4cfbc77b28b145af37ea26b0b501d69633ebdedd3ce9a90d5760063ee95f492,17.345027923583984,0.280181577432303,0.7307546138763428,0.17839007079601288,0.2566131353378296,26.408647537231445
test/C/motion blur + defocus blur + noise/051,C,motion blur+defocus blur+noise,/root/autodl-tmp/aaa/graphrestore/artifacts/formal_mio100/graphrestore_v7_1_stage4_step040000/methods/graphrestore_v7_1_stage4_step040000/d3/motion blur+defocus blur+noise/051.png,d4811d2a0669e40db6d59c3bb3b99414c12fddc577c428914f00d2de64230c44,/root/autodl-tmp/graph/data/graphrestore/raw/agenticir/extracted/HQ/051.png,433269b5d76ea42b944162d49085d86b82a4eab52705e69d4dfa7c8a0ccbe187,21.001789093017578,0.6791191715073005,0.4290539026260376,0.06481121480464935,0.24380162358283997,37.42738723754883
test/C/motion blur + defocus blur + noise/052,C,motion blur+defocus blur+noise,/root/autodl-tmp/aaa/graphrestore/artifacts/formal_mio100/graphrestore_v7_1_stage4_step040000/methods/graphrestore_v7_1_stage4_step040000/d3/motion blur+defocus blur+noise/052.png,de194ba761d622229ad84bedecb2982091462d6390486b9fb49cd0ffb4e20c85,/root/autodl-tmp/graph/data/graphrestore/raw/agenticir/extracted/HQ/052.png,b0fe4f61cfdf3e31caa56791dcd8d50f729c75652d7970a654be64494341ada3,20.7355899810791,0.5149936892148329,0.5675911903381348,0.14703640341758728,0.27613046765327454,27.771915435791016
test/C/motion blur + defocus blur + noise/053,C,motion blur+defocus blur+noise,/root/autodl-tmp/aaa/graphrestore/artifacts/formal_mio100/graphrestore_v7_1_stage4_step040000/methods/graphrestore_v7_1_stage4_step040000/d3/motion blur+defocus blur+noise/053.png,2f2ea82db8196dd6395fad4f6c8e50fcc6a41ae488add3019ee45ecb094d994d,/root/autodl-tmp/graph/data/graphrestore/raw/agenticir/extracted/HQ/053.png,6b1f2208c72adcd28d96a15d538bbfbe27cb5a21be416b6f30fa836b12ac867d,21.82163429260254,0.8098885649980815,0.3061928451061249,0.1441311538219452,0.35344991087913513,29.665325164794922
test/C/motion blur + defocus blur + noise/054,C,motion blur+defocus blur+noise,/root/autodl-tmp/aaa/graphrestore/artifacts/formal_mio100/graphrestore_v7_1_stage4_step040000/methods/graphrestore_v7_1_stage4_step040000/d3/motion blur+defocus blur+noise/054.png,a1d6ae8d8a7556cd39a467bbb8cfadf26d39bb28251a891e329d1cd6fa0fd650,/root/autodl-tmp/graph/data/graphrestore/raw/agenticir/extracted/HQ/054.png,699ffde2d8d110e52811d39e5b9d745965d4211dd2312f453ce367f1bc0e66f5,27.509662628173828,0.8167704940462898,0.39510872960090637,0.1719672977924347,0.34806007146835327,19.664016723632812
test/C/motion blur + defocus blur + noise/055,C,motion blur+defocus blur+noise,/root/autodl-tmp/aaa/graphrestore/artifacts/formal_mio100/graphrestore_v7_1_stage4_step040000/methods/graphrestore_v7_1_stage4_step040000/d3/motion blur+defocus blur+noise/055.png,c7de37ee5e3d73e663a2c28e7ca621ed63cb90b91eeb591c856a76e1d2f7ea42,/root/autodl-tmp/graph/data/graphrestore/raw/agenticir/extracted/HQ/055.png,5a59c6f9051a70f1c3ad8e9550b2a21322ef8ad71bd70085fb2330f6f6da3948,22.861175537109375,0.8278081542129944,0.37924522161483765,0.18538126349449158,0.354445219039917,34.49403381347656
test/C/motion blur + defocus blur + noise/056,C,motion blur+defocus blur+noise,/root/autodl-tmp/aaa/graphrestore/artifacts/formal_mio100/graphrestore_v7_1_stage4_step040000/methods/graphrestore_v7_1_stage4_step040000/d3/motion blur+defocus blur+noise/056.png,5237606bf4130709c2069863a76a75e22de9e7025838797d6fe5adb6184f4c3d,/root/autodl-tmp/graph/data/graphrestore/raw/agenticir/extracted/HQ/056.png,c5f28866f72e2d370875385eb6575124b0735f8f927fae1c07ff7151e200c956,27.70282745361328,0.8080130101208833,0.316378116607666,0.20172028243541718,0.3683546483516693,36.185546875
test/C/motion blur + defocus blur + noise/057,C,motion blur+defocus blur+noise,/root/autodl-tmp/aaa/graphrestore/artifacts/formal_mio100/graphrestore_v7_1_stage4_step040000/methods/graphrestore_v7_1_stage4_step040000/d3/motion blur+defocus blur+noise/057.png,2a89c98d621a748b1afe8759aa0342f9f406e4de2f3a63ee758743e7087ced2b,/root/autodl-tmp/graph/data/graphrestore/raw/agenticir/extracted/HQ/057.png,42353ae75793843947c257055d87e0568db28ed51b9a5d87cc0d6a0dafb242af,20.997133255004883,0.7770533340358102,0.3433034121990204,0.08141845464706421,0.33005163073539734,22.65169334411621
test/C/motion blur + defocus blur + noise/058,C,motion blur+defocus blur+noise,/root/autodl-tmp/aaa/graphrestore/artifacts/formal_mio100/graphrestore_v7_1_stage4_step040000/methods/graphrestore_v7_1_stage4_step040000/d3/motion blur+defocus blur+noise/058.png,4e3c07e73855793930a8fb6226816571c2c8e03fd0b522d6b45aad6de2bdcc59,/root/autodl-tmp/graph/data/graphrestore/raw/agenticir/extracted/HQ/058.png,e50e67dc4e57dc18d552546044c5ca169fdb26de4d5d81650d00d4b0f3ab7e76,20.256940841674805,0.7675937349481494,0.32729843258857727,0.1043570265173912,0.2903047502040863,20.30825424194336
test/C/motion blur + defocus blur + noise/059,C,motion blur+defocus blur+noise,/root/autodl-tmp/aaa/graphrestore/artifacts/formal_mio100/graphrestore_v7_1_stage4_step040000/methods/graphrestore_v7_1_stage4_step040000/d3/motion blur+defocus blur+noise/059.png,b56f564f16c4e13be5f94b4d146fecc18d0386088152c0f7b62d96e332fc7c9c,/root/autodl-tmp/graph/data/graphrestore/raw/agenticir/extracted/HQ/059.png,e60c8277194566df02c7cefc895d1390756059f7a29ac67206ec202f1b897add,18.633686065673828,0.7020917373868685,0.45377904176712036,0.12273876368999481,0.2357751876115799,22.81740951538086
test/C/motion blur + defocus blur + noise/060,C,motion blur+defocus blur+noise,/root/autodl-tmp/aaa/graphrestore/artifacts/formal_mio100/graphrestore_v7_1_stage4_step040000/methods/graphrestore_v7_1_stage4_step040000/d3/motion blur+defocus blur+noise/060.png,203233dd2c59179b6498b614acdf6cb8aed12dd9385cc6d66c3c5504fae8f609,/root/autodl-tmp/graph/data/graphrestore/raw/agenticir/extracted/HQ/060.png,d173273231bf0b68767ae3e287f4f34baa71e7d986a98c43a41fa9668fd8a0d4,19.437803268432617,0.6624036693415614,0.47457006573677063,0.18997369706630707,0.29090121388435364,26.106595993041992
test/C/motion blur + defocus blur + noise/061,C,motion blur+defocus blur+noise,/root/autodl-tmp/aaa/graphrestore/artifacts/formal_mio100/graphrestore_v7_1_stage4_step040000/methods/graphrestore_v7_1_stage4_step040000/d3/motion blur+defocus blur+noise/061.png,4ec09374518146ec9794c14f546c6b21783066366870e8ebc1af52205b6f8818,/root/autodl-tmp/graph/data/graphrestore/raw/agenticir/extracted/HQ/061.png,a7818ddc00c398726bcd4724e9a51456bf18e4eb573f2f68b79ea2dedf0e699c,20.788726806640625,0.6475861069304915,0.41631653904914856,0.1084858775138855,0.2575191557407379,34.26799392700195
test/C/motion blur + defocus blur + noise/062,C,motion blur+defocus blur+noise,/root/autodl-tmp/aaa/graphrestore/artifacts/formal_mio100/graphrestore_v7_1_stage4_step040000/methods/graphrestore_v7_1_stage4_step040000/d3/motion blur+defocus blur+noise/062.png,8363eb10a12e77bcdf7d35854fca85c1177098cef7ec4246655af77c141538dd,/root/autodl-tmp/graph/data/graphrestore/raw/agenticir/extracted/HQ/062.png,7829e8bf6fee7705051b0e4486c3abb2cdf412c83ac15b9f5ed9d9036c296d40,19.860788345336914,0.6157022021829951,0.5014504790306091,0.06828803569078445,0.23818372189998627,29.766761779785156
test/C/motion blur + defocus blur + noise/063,C,motion blur+defocus blur+noise,/root/autodl-tmp/aaa/graphrestore/artifacts/formal_mio100/graphrestore_v7_1_stage4_step040000/methods/graphrestore_v7_1_stage4_step040000/d3/motion blur+defocus blur+noise/063.png,9712c4a6c6b90319146113679c3e3266fb50c7f12f8ff02603f398ddfb23e97f,/root/autodl-tmp/graph/data/graphrestore/raw/agenticir/extracted/HQ/063.png,f7ccce7c58be38c16fb08060b8b379825cb0417a04e6813c72985768a480929c,17.44650650024414,0.449268128429496,0.4761926531791687,0.15851949155330658,0.23296844959259033,30.15339469909668
test/C/motion blur + defocus blur + noise/064,C,motion blur+defocus blur+noise,/root/autodl-tmp/aaa/graphrestore/artifacts/formal_mio100/graphrestore_v7_1_stage4_step040000/methods/graphrestore_v7_1_stage4_step040000/d3/motion blur+defocus blur+noise/064.png,ba75ccd4757cd6eddfcb73be45c9c99fa463da0dd17b73d1ed51fcb73e877e8a,/root/autodl-tmp/graph/data/graphrestore/raw/agenticir/extracted/HQ/064.png,b34caae8d574b2c008d53ceb0490df55c099e68844b2819f0c02fc50db26cee0,16.62578582763672,0.3528293808453712,0.6062910556793213,0.06669174879789352,0.2474977970123291,20.92035675048828
test/C/motion blur + defocus blur + noise/065,C,motion blur+defocus blur+noise,/root/autodl-tmp/aaa/graphrestore/artifacts/formal_mio100/graphrestore_v7_1_stage4_step040000/methods/graphrestore_v7_1_stage4_step040000/d3/motion blur+defocus blur+noise/065.png,ffb8c7e70def8138e74a02d022d78266f93d4d2a1dcad1dbfb13d54c81186bb8,/root/autodl-tmp/graph/data/graphrestore/raw/agenticir/extracted/HQ/065.png,f0770ae16bf79be3b5d94a7868da009f5ce1bbf54bfe5c879e352a4df590ef63,17.21120262145996,0.4340068375846431,0.7015385031700134,0.12505429983139038,0.21391406655311584,25.007749557495117
test/C/motion blur + defocus blur + noise/066,C,motion blur+defocus blur+noise,/root/autodl-tmp/aaa/graphrestore/artifacts/formal_mio100/graphrestore_v7_1_stage4_step040000/methods/graphrestore_v7_1_stage4_step040000/d3/motion blur+defocus blur+noise/066.png,6adb225b332452c0994aa8590763b399d70f74cb99a5764fe9302623a1703b8e,/root/autodl-tmp/graph/data/graphrestore/raw/agenticir/extracted/HQ/066.png,a19230b326bd2fb5c26ae283f65bf0b85f39f90421056a47c7ecd6d683379aff,17.911314010620117,0.47670263380262207,0.5776727199554443,0.06247812137007713,0.266215056180954,32.61408996582031
test/C/motion blur + defocus blur + noise/067,C,motion blur+defocus blur+noise,/root/autodl-tmp/aaa/graphrestore/artifacts/formal_mio100/graphrestore_v7_1_stage4_step040000/methods/graphrestore_v7_1_stage4_step040000/d3/motion blur+defocus blur+noise/067.png,38e0893a7b335b6bf34c7c3c9867504942513a9e312b4b599833b4e71fff8fe3,/root/autodl-tmp/graph/data/graphrestore/raw/agenticir/extracted/HQ/067.png,91cd9f021a6902b7f3220c6a373cba11f3bfbe4e4984c1d6fc4be0c76acb67a0,18.96941375732422,0.5387771833421352,0.47216227650642395,0.0801161378622055,0.17722392082214355,35.45751953125
test/C/motion blur + defocus blur + noise/068,C,motion blur+defocus blur+noise,/root/autodl-tmp/aaa/graphrestore/artifacts/formal_mio100/graphrestore_v7_1_stage4_step040000/methods/graphrestore_v7_1_stage4_step040000/d3/motion blur+defocus blur+noise/068.png,cc7d0c8c331678b0aac470be3ae7466b0def6dde34eaa549154b6f44c3942d9f,/root/autodl-tmp/graph/data/graphrestore/raw/agenticir/extracted/HQ/068.png,b8187d79db16002364f6017df807e6cac41e7ee9a68413a384b1bd69eddaa638,17.039278030395508,0.43130575316580383,0.584333062171936,0.06402891129255295,0.22611336410045624,28.2786865234375
test/C/motion blur + defocus blur + noise/069,C,motion blur+defocus blur+noise,/root/autodl-tmp/aaa/graphrestore/artifacts/formal_mio100/graphrestore_v7_1_stage4_step040000/methods/graphrestore_v7_1_stage4_step040000/d3/motion blur+defocus blur+noise/069.png,b019e3ebcbd713c456c941baf273a35f32b2b75fe81a4b30e1d708b0dcf854cc,/root/autodl-tmp/graph/data/graphrestore/raw/agenticir/extracted/HQ/069.png,abb08be58f50075e5e6b1de44ddfe61c30ebb34882e9d72681edd73a5cdbb156,17.895160675048828,0.3843324755178041,0.7264834642410278,0.1236051470041275,0.29793596267700195,28.201444625854492
test/C/motion blur + defocus blur + noise/070,C,motion blur+defocus blur+noise,/root/autodl-tmp/aaa/graphrestore/artifacts/formal_mio100/graphrestore_v7_1_stage4_step040000/methods/graphrestore_v7_1_stage4_step040000/d3/motion blur+defocus blur+noise/070.png,611da8f85c3be1df4e94bb588fdf2a7b1ee6032c4537910fdf1d7a56b2d25fc3,/root/autodl-tmp/graph/data/graphrestore/raw/agenticir/extracted/HQ/070.png,718ae2570e431003fb32f2a40e19f813545164ace18230ac03f9ec96b2747f85,20.11585235595703,0.7396213768665815,0.2732420265674591,0.08083266019821167,0.24018917977809906,25.984031677246094
test/C/motion blur + defocus blur + noise/071,C,motion blur+defocus blur+noise,/root/autodl-tmp/aaa/graphrestore/artifacts/formal_mio100/graphrestore_v7_1_stage4_step040000/methods/graphrestore_v7_1_stage4_step040000/d3/motion blur+defocus blur+noise/071.png,f0de5147259d7fb559876690e6bc5c79783f97814019c3ac5d704a7857a5b900,/root/autodl-tmp/graph/data/graphrestore/raw/agenticir/extracted/HQ/071.png,e8bc40490eabb437e225b0acde6b8dc1d8942f2b9657e042051c166804b07b15,17.143831253051758,0.7520992851661392,0.3207033574581146,0.05853702872991562,0.2534092664718628,20.666671752929688
test/C/motion blur + defocus blur + noise/072,C,motion blur+defocus blur+noise,/root/autodl-tmp/aaa/graphrestore/artifacts/formal_mio100/graphrestore_v7_1_stage4_step040000/methods/graphrestore_v7_1_stage4_step040000/d3/motion blur+defocus blur+noise/072.png,da6e6aa0fdbd2187ab6cb534df9b321f1af276b49d3837d1e645ef02dce9717b,/root/autodl-tmp/graph/data/graphrestore/raw/agenticir/extracted/HQ/072.png,6b887c3fd578dc80ca3b15a823f1b43d80db2d30abc07d144e03f7228acb8144,18.880388259887695,0.6845272320474748,0.43934327363967896,0.1516515165567398,0.28847527503967285,18.789331436157227
test/C/motion blur + defocus blur + noise/073,C,motion blur+defocus blur+noise,/root/autodl-tmp/aaa/graphrestore/artifacts/formal_mio100/graphrestore_v7_1_stage4_step040000/methods/graphrestore_v7_1_stage4_step040000/d3/motion blur+defocus blur+noise/073.png,cca32960064c8906c54eaa95809372d5e3aa25dfa29ba5cd798b3e7b34892306,/root/autodl-tmp/graph/data/graphrestore/raw/agenticir/extracted/HQ/073.png,e4a8516954bfb4b79f2fc6194b6b4a8ed63250e14fe7ce0b6f6d77c922f84730,23.778419494628906,0.8176257813535802,0.2841144800186157,0.10827086120843887,0.3037213385105133,38.56947326660156
test/C/motion blur + defocus blur + noise/074,C,motion blur+defocus blur+noise,/root/autodl-tmp/aaa/graphrestore/artifacts/formal_mio100/graphrestore_v7_1_stage4_step040000/methods/graphrestore_v7_1_stage4_step040000/d3/motion blur+defocus blur+noise/074.png,b2dde57fb204c3175392d0b7276723f44654f66c5618d8900b79ab5f8d5d7b60,/root/autodl-tmp/graph/data/graphrestore/raw/agenticir/extracted/HQ/074.png,cfa80e9825a34173ab0d1810b1b63bf645aa1b6b743966a77d7d03463319fd8e,22.190155029296875,0.7378700085749722,0.352194219827652,0.08161097764968872,0.23409704864025116,22.11691665649414
test/C/motion blur + defocus blur + noise/075,C,motion blur+defocus blur+noise,/root/autodl-tmp/aaa/graphrestore/artifacts/formal_mio100/graphrestore_v7_1_stage4_step040000/methods/graphrestore_v7_1_stage4_step040000/d3/motion blur+defocus blur+noise/075.png,5b033fc1b5378500581057d9266568088d98993f808f353cca97a82d84422cf0,/root/autodl-tmp/graph/data/graphrestore/raw/agenticir/extracted/HQ/075.png,637e76a0398c825f3214d13b10485f7c180dc359b838ade377382c22c8f6b788,17.530906677246094,0.4205769748373788,0.6699079275131226,0.10485966503620148,0.15017637610435486,19.96086883544922
test/C/motion blur + defocus blur + noise/076,C,motion blur+defocus blur+noise,/root/autodl-tmp/aaa/graphrestore/artifacts/formal_mio100/graphrestore_v7_1_stage4_step040000/methods/graphrestore_v7_1_stage4_step040000/d3/motion blur+defocus blur+noise/076.png,be340f8ffa51c003d65f3a5f4b91df74939199fd213efc4cddadeb582603a592,/root/autodl-tmp/graph/data/graphrestore/raw/agenticir/extracted/HQ/076.png,28f7193b83d2979c14a7c73e95657ce02a2cc902196495bea289e190f48cecae,22.600669860839844,0.6518332059061814,0.5899033546447754,0.06466620415449142,0.18368887901306152,18.42159652709961
test/C/motion blur + defocus blur + noise/077,C,motion blur+defocus blur+noise,/root/autodl-tmp/aaa/graphrestore/artifacts/formal_mio100/graphrestore_v7_1_stage4_step040000/methods/graphrestore_v7_1_stage4_step040000/d3/motion blur+defocus blur+noise/077.png,a27898a75c3f07f1ca0efbd6115090c75037fd1b12a1342cbfb0be266ee7b582,/root/autodl-tmp/graph/data/graphrestore/raw/agenticir/extracted/HQ/077.png,6d0b3c0c4255ee2de7c3c275c114eb531248c06fce157913f4e69dacd492cc91,21.786636352539062,0.6981661040085155,0.3600623607635498,0.08722256869077682,0.19895480573177338,21.249435424804688
test/C/motion blur + defocus blur + noise/078,C,motion blur+defocus blur+noise,/root/autodl-tmp/aaa/graphrestore/artifacts/formal_mio100/graphrestore_v7_1_stage4_step040000/methods/graphrestore_v7_1_stage4_step040000/d3/motion blur+defocus blur+noise/078.png,34b207d513a9ada7ba121a9ee08e6d015e0dde3b204d1224bcd21ff1504dc904,/root/autodl-tmp/graph/data/graphrestore/raw/agenticir/extracted/HQ/078.png,ae84b8b3592a0f623d5bd2c5791b049e6fd87155614fbbad37f1ac00a2cfa870,17.134599685668945,0.465148005310368,0.5853772163391113,0.052127569913864136,0.17599762976169586,29.995403289794922
test/C/motion blur + defocus blur + noise/079,C,motion blur+defocus blur+noise,/root/autodl-tmp/aaa/graphrestore/artifacts/formal_mio100/graphrestore_v7_1_stage4_step040000/methods/graphrestore_v7_1_stage4_step040000/d3/motion blur+defocus blur+noise/079.png,be1499e4a52fd3e923c765983c3139cf117395407142415c3c88f5e8d1cc9ba7,/root/autodl-tmp/graph/data/graphrestore/raw/agenticir/extracted/HQ/079.png,166cde30b17743be2ca3fb2c29004e0b38b126bfa1d8d5f41013c23eb248aad5,23.715621948242188,0.6116319707404542,0.47940701246261597,0.13962483406066895,0.25245654582977295,24.786014556884766
test/C/motion blur + defocus blur + noise/080,C,motion blur+defocus blur+noise,/root/autodl-tmp/aaa/graphrestore/artifacts/formal_mio100/graphrestore_v7_1_stage4_step040000/methods/graphrestore_v7_1_stage4_step040000/d3/motion blur+defocus blur+noise/080.png,c99024cae3ec67b17fbbff0bf4f397ab7c82e4ef1c6cf28e9a7b17518e98fa5e,/root/autodl-tmp/graph/data/graphrestore/raw/agenticir/extracted/HQ/080.png,b208599722bce230536ae4db62272e883a7714d4bfca7d73e1361da3b2ca9225,17.324132919311523,0.6822703138524931,0.43306204676628113,0.0694558247923851,0.25371772050857544,14.715458869934082
test/C/motion blur + defocus blur + noise/081,C,motion blur+defocus blur+noise,/root/autodl-tmp/aaa/graphrestore/artifacts/formal_mio100/graphrestore_v7_1_stage4_step040000/methods/graphrestore_v7_1_stage4_step040000/d3/motion blur+defocus blur+noise/081.png,503b9e74736efc6b542fd8f83c9173e0a9b4382814b3ccd30c606383dca542ab,/root/autodl-tmp/graph/data/graphrestore/raw/agenticir/extracted/HQ/081.png,f86df1e220755af6ab50844f797e3fb45165c5dde9ac8ee1750544154cfd1ad7,19.762794494628906,0.509105271853256,0.6049404740333557,0.03770013526082039,0.20047810673713684,21.051483154296875
test/C/motion blur + defocus blur + noise/082,C,motion blur+defocus blur+noise,/root/autodl-tmp/aaa/graphrestore/artifacts/formal_mio100/graphrestore_v7_1_stage4_step040000/methods/graphrestore_v7_1_stage4_step040000/d3/motion blur+defocus blur+noise/082.png,a4b0a1fc19e41a96f1eeb73276f2f4b3a9d2574ed957e8c3b14e96e54bb72d32,/root/autodl-tmp/graph/data/graphrestore/raw/agenticir/extracted/HQ/082.png,698a641215db75e2471381c00fc2a84208122a4a0115beeb5679de746977682e,17.87298011779785,0.25500725707667377,0.44416630268096924,0.12664851546287537,0.22136588394641876,23.362478256225586
test/C/motion blur + defocus blur + noise/083,C,motion blur+defocus blur+noise,/root/autodl-tmp/aaa/graphrestore/artifacts/formal_mio100/graphrestore_v7_1_stage4_step040000/methods/graphrestore_v7_1_stage4_step040000/d3/motion blur+defocus blur+noise/083.png,4763e2de6f36bb7706ddaea2737488bdbbbaa1e1b9937f169c1910958460de79,/root/autodl-tmp/graph/data/graphrestore/raw/agenticir/extracted/HQ/083.png,4772b8d475dfc90626760cea35452db0ee8dfdd89f7cd8def57f8b4d74ecef44,17.45671844482422,0.5095181977752735,0.5992772579193115,0.07102537900209427,0.28735658526420593,22.327964782714844
test/C/motion blur + defocus blur + noise/084,C,motion blur+defocus blur+noise,/root/autodl-tmp/aaa/graphrestore/artifacts/formal_mio100/graphrestore_v7_1_stage4_step040000/methods/graphrestore_v7_1_stage4_step040000/d3/motion blur+defocus blur+noise/084.png,9e591df53c3aca6f883f3ddbb2f39a4ac330619d260df2b1df7f6c7d947a854f,/root/autodl-tmp/graph/data/graphrestore/raw/agenticir/extracted/HQ/084.png,1bc34c4607ba66d84248fe8e7d5e30546ae13841542d8b1cb9146f2a2485df64,23.264102935791016,0.7669987041196076,0.4113732874393463,0.15984541177749634,0.426199734210968,21.14331817626953
test/C/motion blur + defocus blur + noise/085,C,motion blur+defocus blur+noise,/root/autodl-tmp/aaa/graphrestore/artifacts/formal_mio100/graphrestore_v7_1_stage4_step040000/methods/graphrestore_v7_1_stage4_step040000/d3/motion blur+defocus blur+noise/085.png,4246243e2066bfd4a465d0cba64745233064daad8ad972183f0a8f254fb43dd0,/root/autodl-tmp/graph/data/graphrestore/raw/agenticir/extracted/HQ/085.png,6174b7cb004afd2a578ec1950d92b99c41115b5a6bf70a511f19156c62bd5274,22.17913055419922,0.7957429219319289,0.36729443073272705,0.07046054303646088,0.2437857687473297,16.010229110717773
test/C/motion blur + defocus blur + noise/086,C,motion blur+defocus blur+noise,/root/autodl-tmp/aaa/graphrestore/artifacts/formal_mio100/graphrestore_v7_1_stage4_step040000/methods/graphrestore_v7_1_stage4_step040000/d3/motion blur+defocus blur+noise/086.png,ec20f63366082447e656cd973f05ae36ef5eae171d8f2ae254f97bd59bb1f80c,/root/autodl-tmp/graph/data/graphrestore/raw/agenticir/extracted/HQ/086.png,68a629299aaf0e4d70065c504c9b3e397721fa17a25c2585446914aa5c7bafb5,17.507091522216797,0.5021458668015495,0.6347220540046692,0.16835398972034454,0.3152614235877991,18.317481994628906
test/C/motion blur + defocus blur + noise/087,C,motion blur+defocus blur+noise,/root/autodl-tmp/aaa/graphrestore/artifacts/formal_mio100/graphrestore_v7_1_stage4_step040000/methods/graphrestore_v7_1_stage4_step040000/d3/motion blur+defocus blur+noise/087.png,35f196326886bea46cbe28faaa58361d20055474497a191e1ebd4f3fef98b5f9,/root/autodl-tmp/graph/data/graphrestore/raw/agenticir/extracted/HQ/087.png,059a862de1498fc3b783bcfcce8fad399573aa912bb6638bbd3d43d23b88cdc6,18.73360824584961,0.5482315114522387,0.5933895707130432,0.058035410940647125,0.2667749226093292,22.969694137573242
test/C/motion blur + defocus blur + noise/088,C,motion blur+defocus blur+noise,/root/autodl-tmp/aaa/graphrestore/artifacts/formal_mio100/graphrestore_v7_1_stage4_step040000/methods/graphrestore_v7_1_stage4_step040000/d3/motion blur+defocus blur+noise/088.png,dbb8ef34a9c56e2bbf56ebd5823d15acb45a4886a40c3d23680e949c8682c4f4,/root/autodl-tmp/graph/data/graphrestore/raw/agenticir/extracted/HQ/088.png,e76841066e027bd2a2fa101a4598c597d4891a7c535e3cc3195b7afcc249d7ae,27.891023635864258,0.8717930933689517,0.2768256962299347,0.10156333446502686,0.2247680276632309,21.62122344970703
test/C/motion blur + defocus blur + noise/089,C,motion blur+defocus blur+noise,/root/autodl-tmp/aaa/graphrestore/artifacts/formal_mio100/graphrestore_v7_1_stage4_step040000/methods/graphrestore_v7_1_stage4_step040000/d3/motion blur+defocus blur+noise/089.png,fe07879d9c8bb02c40e46c4829fa537c1689d697c3d928b08a6d1f4678829c4c,/root/autodl-tmp/graph/data/graphrestore/raw/agenticir/extracted/HQ/089.png,046e493440ea7499fe07cec3853e6e170225ce6cdc903aac14730fa6b9bf36ab,17.995220184326172,0.5587899950533539,0.5138453245162964,0.056938089430332184,0.2865563631057739,26.815139770507812
test/C/motion blur + defocus blur + noise/090,C,motion blur+defocus blur+noise,/root/autodl-tmp/aaa/graphrestore/artifacts/formal_mio100/graphrestore_v7_1_stage4_step040000/methods/graphrestore_v7_1_stage4_step040000/d3/motion blur+defocus blur+noise/090.png,0098cd62042401b573ec049116aae96f23ef129a056abf068990a5c8e5df04f9,/root/autodl-tmp/graph/data/graphrestore/raw/agenticir/extracted/HQ/090.png,830f74b8389bfef595e56e910efc49cf4246f6f7bd552ea8c45d071a0113053c,17.392314910888672,0.41436822080797786,0.7673569321632385,0.1062827929854393,0.2217414677143097,15.434844970703125
test/C/motion blur + defocus blur + noise/091,C,motion blur+defocus blur+noise,/root/autodl-tmp/aaa/graphrestore/artifacts/formal_mio100/graphrestore_v7_1_stage4_step040000/methods/graphrestore_v7_1_stage4_step040000/d3/motion blur+defocus blur+noise/091.png,e9e0b4625572c255ba595f790eb36cd9fc7de315a204e8f4f21bcacea85252b9,/root/autodl-tmp/graph/data/graphrestore/raw/agenticir/extracted/HQ/091.png,5e553db9d41f0f077260ca811d0fc988002511f536fd217035e5495bab201d6c,19.128684997558594,0.6046518748046974,0.4838967025279999,0.18932493031024933,0.19802452623844147,38.15912628173828
test/C/motion blur + defocus blur + noise/092,C,motion blur+defocus blur+noise,/root/autodl-tmp/aaa/graphrestore/artifacts/formal_mio100/graphrestore_v7_1_stage4_step040000/methods/graphrestore_v7_1_stage4_step040000/d3/motion blur+defocus blur+noise/092.png,14b4562f1ddd83b8a2abb03e48879a6669342f5661a6e1013d7dba420586b6dc,/root/autodl-tmp/graph/data/graphrestore/raw/agenticir/extracted/HQ/092.png,d2fdbb69f6828c6707d3f41abfcb56dcb6e0d8e75181ac8d0c55eea107f20d48,17.387733459472656,0.31761662952141473,0.8362199664115906,0.20550812780857086,0.17592744529247284,24.54330062866211
test/C/motion blur + defocus blur + noise/093,C,motion blur+defocus blur+noise,/root/autodl-tmp/aaa/graphrestore/artifacts/formal_mio100/graphrestore_v7_1_stage4_step040000/methods/graphrestore_v7_1_stage4_step040000/d3/motion blur+defocus blur+noise/093.png,043b11b1ad2b562d1f90a108add43ca63a2dcc1e04fa6df003e87d5bdd44c49a,/root/autodl-tmp/graph/data/graphrestore/raw/agenticir/extracted/HQ/093.png,b9ef1df7a3be70176f064c2568ea12d8cd9c9c54b3e8fd72bca53d170eaf06f2,15.457286834716797,0.5381669842595777,0.5738127827644348,0.21730226278305054,0.33438220620155334,24.744552612304688
test/C/motion blur + defocus blur + noise/094,C,motion blur+defocus blur+noise,/root/autodl-tmp/aaa/graphrestore/artifacts/formal_mio100/graphrestore_v7_1_stage4_step040000/methods/graphrestore_v7_1_stage4_step040000/d3/motion blur+defocus blur+noise/094.png,8cbc10d30eb63edf969e46cc0ed57262beb3f3a52c99bb562b398f4520e59b20,/root/autodl-tmp/graph/data/graphrestore/raw/agenticir/extracted/HQ/094.png,45dab31fa407b6793844322a5e147cdfedc3bfa449cd28fc9605f41dba80966d,15.980996131896973,0.5169529498312113,0.6672638654708862,0.1964043527841568,0.197824627161026,25.44556427001953
test/C/motion blur + defocus blur + noise/095,C,motion blur+defocus blur+noise,/root/autodl-tmp/aaa/graphrestore/artifacts/formal_mio100/graphrestore_v7_1_stage4_step040000/methods/graphrestore_v7_1_stage4_step040000/d3/motion blur+defocus blur+noise/095.png,66457de45ca253d8abb939b98928ab8cd2d8a9b11a7add9f69d8435736c42e09,/root/autodl-tmp/graph/data/graphrestore/raw/agenticir/extracted/HQ/095.png,2f04f8c811593049180a1c6bdcf5d723d3c2f6443ba518c407e4976d7a6b2637,12.086539268493652,0.28589593798196444,0.7065712809562683,0.25175318121910095,0.1660185158252716,30.50722885131836
test/C/motion blur + defocus blur + noise/096,C,motion blur+defocus blur+noise,/root/autodl-tmp/aaa/graphrestore/artifacts/formal_mio100/graphrestore_v7_1_stage4_step040000/methods/graphrestore_v7_1_stage4_step040000/d3/motion blur+defocus blur+noise/096.png,80096788ba37484bcf85d8134832d1161ef055c669fd6d3ca82edb1467242fc6,/root/autodl-tmp/graph/data/graphrestore/raw/agenticir/extracted/HQ/096.png,3ac9dbd626f9e294ae10a8ab11a34f6c0132ed355627d25ce3f8790f701fae29,19.27521514892578,0.6059724417647213,0.5204132199287415,0.1324092298746109,0.2949918806552887,29.33291244506836
test/C/motion blur + defocus blur + noise/097,C,motion blur+defocus blur+noise,/root/autodl-tmp/aaa/graphrestore/artifacts/formal_mio100/graphrestore_v7_1_stage4_step040000/methods/graphrestore_v7_1_stage4_step040000/d3/motion blur+defocus blur+noise/097.png,2a75b72a60ebcb0bbe0b05e08bd0cd86ec0f3a72dcdd8618189a4e105c41324e,/root/autodl-tmp/graph/data/graphrestore/raw/agenticir/extracted/HQ/097.png,9b6c3c0d294f54e89b51656b0163aa8d0715dd7904848721ea76c07ccf737d2e,18.021263122558594,0.6277095186425184,0.386685848236084,0.24754156172275543,0.35178378224372864,54.50396728515625
test/C/motion blur + defocus blur + noise/098,C,motion blur+defocus blur+noise,/root/autodl-tmp/aaa/graphrestore/artifacts/formal_mio100/graphrestore_v7_1_stage4_step040000/methods/graphrestore_v7_1_stage4_step040000/d3/motion blur+defocus blur+noise/098.png,e8099929bc567319000d1962c1e5fbe43f834a490e7192acac55a85c62c0e97d,/root/autodl-tmp/graph/data/graphrestore/raw/agenticir/extracted/HQ/098.png,f0574e5262ab9942e66006e0df3aab8738de997489badc302e131ae74299181f,16.601911544799805,0.4488541455073449,0.6141763925552368,0.2190360724925995,0.23612593114376068,30.099533081054688
test/C/motion blur + defocus blur + noise/099,C,motion blur+defocus blur+noise,/root/autodl-tmp/aaa/graphrestore/artifacts/formal_mio100/graphrestore_v7_1_stage4_step040000/methods/graphrestore_v7_1_stage4_step040000/d3/motion blur+defocus blur+noise/099.png,6e6de1abbe011396583bb87076a3b1324a8c04a5f5245a4df3294944808d60e3,/root/autodl-tmp/graph/data/graphrestore/raw/agenticir/extracted/HQ/099.png,15ddff6cab9869d7fe8a7cb6fd328b436bbfa9b089e6adcbba7a5048e4c97f8b,19.939685821533203,0.5257194075111782,0.5663039088249207,0.13180120289325714,0.238141730427742,24.512527465820312
test/C/motion blur + defocus blur + noise/100,C,motion blur+defocus blur+noise,/root/autodl-tmp/aaa/graphrestore/artifacts/formal_mio100/graphrestore_v7_1_stage4_step040000/methods/graphrestore_v7_1_stage4_step040000/d3/motion blur+defocus blur+noise/100.png,f18e21b4cc5e577c6b2c97fc57a5e099df20d484e350d5c409a7cd48ca0aaa69,/root/autodl-tmp/graph/data/graphrestore/raw/agenticir/extracted/HQ/100.png,b7f5d60dbb3e7047b9c62efc7d61db97052a2cde687d3fae367a14a6793a0c40,16.375057220458984,0.49527007738399337,0.5703206658363342,0.1916147768497467,0.2295229285955429,36.9124755859375
