sample_id,group,combination,clean_id,prediction_png,prediction_sha256,target_png,target_sha256,psnr,ssim,latency_ms,program_levels,parallel_levels,active_skill_calls,reentry_requests,unexpected_activations,precycle_graphs,dropped_edges,peak_reserved_fraction
test/A/dark + noise/003,A,dark+noise,003,/root/autodl-tmp/aaa/graphrestore/artifacts/formal_mio100/graphrestore_v7_1_stage4_step040000/methods/graphrestore_v7_1_stage4_step040000/d2/dark+noise/003.png,61daef4631409f1c84cefa034c0fc84790f4fb1483d6b3761f79899237dc6bf4,/root/autodl-tmp/graph/data/graphrestore/raw/agenticir/extracted/HQ/003.png,c2a2513992db412a7160dfa2f82535dccaa188db91df80ee6ed5b0dd5c5d2d1a,26.819034576416016,0.808720542557891,2774.6047526597977,2,0,2,1,0,0,0,0.09372478720727218
test/A/dark + noise/004,A,dark+noise,004,/root/autodl-tmp/aaa/graphrestore/artifacts/formal_mio100/graphrestore_v7_1_stage4_step040000/methods/graphrestore_v7_1_stage4_step040000/d2/dark+noise/004.png,7218ff585e3d54ff231f2b397f4117ddf5a210027eb9923ecf17d9d9128829ae,/root/autodl-tmp/graph/data/graphrestore/raw/agenticir/extracted/HQ/004.png,f1ad3f60cd8e680739263535ab1620a2490f3bc0c65a9355a965c7dff9be1fed,27.190082550048828,0.857981180711955,1543.6629503965378,2,0,2,1,0,0,0,0.1028565202389816
test/A/dark + noise/005,A,dark+noise,005,/root/autodl-tmp/aaa/graphrestore/artifacts/formal_mio100/graphrestore_v7_1_stage4_step040000/methods/graphrestore_v7_1_stage4_step040000/d2/dark+noise/005.png,86e30027a6dfc976fd6fcfe7a7687494d3cf83166a4920cc87785e627cb25419,/root/autodl-tmp/graph/data/graphrestore/raw/agenticir/extracted/HQ/005.png,1d8eb1ef9c1817c087956135efa85be686e7169ef11eb532c768d32d7267a0ff,27.40971565246582,0.901414280749558,1452.934853732586,2,0,2,1,0,0,0,0.1028565202389816
test/A/dark + noise/006,A,dark+noise,006,/root/autodl-tmp/aaa/graphrestore/artifacts/formal_mio100/graphrestore_v7_1_stage4_step040000/methods/graphrestore_v7_1_stage4_step040000/d2/dark+noise/006.png,babcabb8c555168a07b14288b266c02d723a53cb3320ca0dfc73c232790979f4,/root/autodl-tmp/graph/data/graphrestore/raw/agenticir/extracted/HQ/006.png,f62feddd2f379d039dd1effe18b6368c79a6fe31fb8177f797c9f230eb8e1211,29.034231185913086,0.8985423455877178,1263.1763219833374,2,0,2,1,0,0,0,0.1028565202389816
test/A/dark + noise/007,A,dark+noise,007,/root/autodl-tmp/aaa/graphrestore/artifacts/formal_mio100/graphrestore_v7_1_stage4_step040000/methods/graphrestore_v7_1_stage4_step040000/d2/dark+noise/007.png,9b03fb4a56fab634d1dcb5408281e315fef34741220b4e2039eef93a0ef84c8f,/root/autodl-tmp/graph/data/graphrestore/raw/agenticir/extracted/HQ/007.png,b876f087d5f42a9350f28383ff2df22156b6bbba702809d134b7713d9430881c,26.452951431274414,0.8203258525315021,1231.9490686058998,2,0,2,0,0,0,0,0.1028565202389816
test/A/dark + noise/008,A,dark+noise,008,/root/autodl-tmp/aaa/graphrestore/artifacts/formal_mio100/graphrestore_v7_1_stage4_step040000/methods/graphrestore_v7_1_stage4_step040000/d2/dark+noise/008.png,2b3cc8d724be3da20b3708a0f01783a7266926b8278ed5fe8fef0292f620f2f9,/root/autodl-tmp/graph/data/graphrestore/raw/agenticir/extracted/HQ/008.png,4efb8dbbd2ba5090b7b951a456ec5ed27a5d61360ab95cb1c5a9366f2868cb94,29.93198013305664,0.8984482552733833,1653.027929365635,2,0,2,0,0,0,0,0.10709032373550142
test/A/dark + noise/009,A,dark+noise,009,/root/autodl-tmp/aaa/graphrestore/artifacts/formal_mio100/graphrestore_v7_1_stage4_step040000/methods/graphrestore_v7_1_stage4_step040000/d2/dark+noise/009.png,3dbd4b43c08a17f0521101d3230bbf2ad55df6b1140d1a3903434b7fe6bd808b,/root/autodl-tmp/graph/data/graphrestore/raw/agenticir/extracted/HQ/009.png,5b779ac0fbe5d1e4d4126fd2864493dcc2ecdbde374ede7e29a054b2a9cb4f21,31.786832809448242,0.9359706188677742,1759.090632200241,2,0,2,1,0,0,0,0.11041095392885031
test/A/dark + noise/010,A,dark+noise,010,/root/autodl-tmp/aaa/graphrestore/artifacts/formal_mio100/graphrestore_v7_1_stage4_step040000/methods/graphrestore_v7_1_stage4_step040000/d2/dark+noise/010.png,8d5f1b143030bd9b34aecf64f3571f174eb80efb2fa025d52545243713015bb1,/root/autodl-tmp/graph/data/graphrestore/raw/agenticir/extracted/HQ/010.png,327492996d853f5c8873b435f98a91afd07db64567545baa61c9f4f64f717a0d,25.390596389770508,0.9279042721981964,1807.8107684850693,2,0,2,0,0,0,0,0.11705221431554808
test/A/dark + noise/013,A,dark+noise,013,/root/autodl-tmp/aaa/graphrestore/artifacts/formal_mio100/graphrestore_v7_1_stage4_step040000/methods/graphrestore_v7_1_stage4_step040000/d2/dark+noise/013.png,70e6df608a8f4f3454a73f8fcfde68b325a0cfd2770dbfd889fe038b3ccefded,/root/autodl-tmp/graph/data/graphrestore/raw/agenticir/extracted/HQ/013.png,afe18305499bd0b8318392e8f34ede33aafb5a0df2371075fe9f30a1c81a75eb,23.07248306274414,0.7432428299594672,568.70286911726,2,0,2,0,0,0,0,0.11705221431554808
test/A/dark + noise/014,A,dark+noise,014,/root/autodl-tmp/aaa/graphrestore/artifacts/formal_mio100/graphrestore_v7_1_stage4_step040000/methods/graphrestore_v7_1_stage4_step040000/d2/dark+noise/014.png,f1480bc6ffa2fa00fb3fca0b11000309c163d6242f1225bd34f1e05a1f7b1407,/root/autodl-tmp/graph/data/graphrestore/raw/agenticir/extracted/HQ/014.png,2d569d9b923a96b1542c0b845dce0c7657794eba9f6f22ae5d02f335ef1bc4a0,20.370880126953125,0.8245648182485116,564.0633553266525,2,0,2,1,0,0,0,0.11705221431554808
test/A/dark + noise/015,A,dark+noise,015,/root/autodl-tmp/aaa/graphrestore/artifacts/formal_mio100/graphrestore_v7_1_stage4_step040000/methods/graphrestore_v7_1_stage4_step040000/d2/dark+noise/015.png,f373c61c3ad4bd0c2bedddfc0d994d1c9fdb67b5f39952a5df985a82f2998291,/root/autodl-tmp/graph/data/graphrestore/raw/agenticir/extracted/HQ/015.png,286adb5a1c45ee88f14e1b16e3af420910584bf5ebdd72c40cf75317559c731f,24.566253662109375,0.9107468994059061,464.193731546402,2,0,2,1,0,0,0,0.11705221431554808
test/A/dark + noise/016,A,dark+noise,016,/root/autodl-tmp/aaa/graphrestore/artifacts/formal_mio100/graphrestore_v7_1_stage4_step040000/methods/graphrestore_v7_1_stage4_step040000/d2/dark+noise/016.png,f0464f68ca0dd418ac7f4b3dffb30a821ec6d4d95a6555d479eb9967df713364,/root/autodl-tmp/graph/data/graphrestore/raw/agenticir/extracted/HQ/016.png,ddc71b4b9bd2a57cabf985c7743b8ff7083a0d9205008603edb440ba27da9313,28.055131912231445,0.9077441086488268,1549.8999953269958,2,0,2,0,0,0,0,0.11705221431554808
test/A/dark + noise/017,A,dark+noise,017,/root/autodl-tmp/aaa/graphrestore/artifacts/formal_mio100/graphrestore_v7_1_stage4_step040000/methods/graphrestore_v7_1_stage4_step040000/d2/dark+noise/017.png,b0c66b4909e8233b238c835fc9301f9cb19a094006fed2dfd02328e33b5d3f13,/root/autodl-tmp/graph/data/graphrestore/raw/agenticir/extracted/HQ/017.png,ab3ab0c03c2d8c9c0befbcad219fae23c9795fdf99d664630f4f4febbd02c519,27.585561752319336,0.8899380536683242,464.5996391773224,2,0,2,1,0,0,0,0.11705221431554808
test/A/dark + noise/018,A,dark+noise,018,/root/autodl-tmp/aaa/graphrestore/artifacts/formal_mio100/graphrestore_v7_1_stage4_step040000/methods/graphrestore_v7_1_stage4_step040000/d2/dark+noise/018.png,c1513fbfab9d13371726a24f731bb2b7ad604ad1a827b52c51e3c41b13806d68,/root/autodl-tmp/graph/data/graphrestore/raw/agenticir/extracted/HQ/018.png,66db8e4aeb78f506ae4415572eb910726c3f16ede70138093ab4eced187b8df1,22.221832275390625,0.6941411711534242,564.9735927581787,2,0,2,0,0,0,0,0.11705221431554808
test/A/dark + noise/019,A,dark+noise,019,/root/autodl-tmp/aaa/graphrestore/artifacts/formal_mio100/graphrestore_v7_1_stage4_step040000/methods/graphrestore_v7_1_stage4_step040000/d2/dark+noise/019.png,81a2ec0b3744be90b9ddb9702917ee882eba42ece8cc5b40ec94d3b911abdd37,/root/autodl-tmp/graph/data/graphrestore/raw/agenticir/extracted/HQ/019.png,fb026cef85a4f7e64ad7c5f064ed15de1f04a7a7b6bde70b28ee78a55db21aeb,27.28725814819336,0.9366300703055931,462.85465359687805,2,0,2,0,0,0,0,0.11705221431554808
test/A/dark + noise/020,A,dark+noise,020,/root/autodl-tmp/aaa/graphrestore/artifacts/formal_mio100/graphrestore_v7_1_stage4_step040000/methods/graphrestore_v7_1_stage4_step040000/d2/dark+noise/020.png,96d1e0046525d67dde364a4db174d05332068ab5e3fee237704bb143a5bfbfa9,/root/autodl-tmp/graph/data/graphrestore/raw/agenticir/extracted/HQ/020.png,daa15d9f51eab9eca70197a7f05df7873e3eab75e432b0a81fe9488be552f37a,24.424625396728516,0.8700980925381318,564.5745098590851,2,0,2,1,0,0,0,0.11705221431554808
test/A/dark + noise/023,A,dark+noise,023,/root/autodl-tmp/aaa/graphrestore/artifacts/formal_mio100/graphrestore_v7_1_stage4_step040000/methods/graphrestore_v7_1_stage4_step040000/d2/dark+noise/023.png,5165b350f86a00abb7c19f2a805c2e09923c9f4c024cfe2d64ad846c579d66eb,/root/autodl-tmp/graph/data/graphrestore/raw/agenticir/extracted/HQ/023.png,befde78eca5789c87200ca1e2ac905ba8ad5706b50af86454bd30bc857c90e02,26.376962661743164,0.9209016656857049,463.35405111312866,2,0,2,0,0,0,0,0.11705221431554808
test/A/dark + noise/024,A,dark+noise,024,/root/autodl-tmp/aaa/graphrestore/artifacts/formal_mio100/graphrestore_v7_1_stage4_step040000/methods/graphrestore_v7_1_stage4_step040000/d2/dark+noise/024.png,d103f065905967a8a4f700dace4d85fd435f2108afc82fc59ec71b9c6e35a68d,/root/autodl-tmp/graph/data/graphrestore/raw/agenticir/extracted/HQ/024.png,e51441e174dd8dc0c47872ccb4221ab3f054b716588ee0f42d58a56098bd9538,19.85425567626953,0.867336490425179,468.25677901506424,2,0,2,1,0,0,0,0.11705221431554808
test/A/dark + noise/025,A,dark+noise,025,/root/autodl-tmp/aaa/graphrestore/artifacts/formal_mio100/graphrestore_v7_1_stage4_step040000/methods/graphrestore_v7_1_stage4_step040000/d2/dark+noise/025.png,49177146619d05ea456ea5a2a29dd81f617acb5e3df4a12873c3b1679b4d2c13,/root/autodl-tmp/graph/data/graphrestore/raw/agenticir/extracted/HQ/025.png,f384d4a9bc3c31bc29038378f849002dc4ff2db373d852b732f5cfc24ebed244,27.311256408691406,0.7713278432559505,465.98269045352936,2,0,2,0,0,0,0,0.11705221431554808
test/A/dark + noise/026,A,dark+noise,026,/root/autodl-tmp/aaa/graphrestore/artifacts/formal_mio100/graphrestore_v7_1_stage4_step040000/methods/graphrestore_v7_1_stage4_step040000/d2/dark+noise/026.png,faf50910dd8085b2616d7f4aec7043171c63fa6622ed98a492593c6b0404c314,/root/autodl-tmp/graph/data/graphrestore/raw/agenticir/extracted/HQ/026.png,cfce1d4c02a00f28988a64f63cd538c4147c3a72c147a6549d71f1105d671224,28.106399536132812,0.8528949673972651,571.1174383759499,2,0,2,1,0,0,0,0.11705221431554808
test/A/dark + noise/027,A,dark+noise,027,/root/autodl-tmp/aaa/graphrestore/artifacts/formal_mio100/graphrestore_v7_1_stage4_step040000/methods/graphrestore_v7_1_stage4_step040000/d2/dark+noise/027.png,5cfe0e135344cd09ab354cd6ed865fb73febc136ada8cf88a3ddb7b328e31f4e,/root/autodl-tmp/graph/data/graphrestore/raw/agenticir/extracted/HQ/027.png,d69be3d26f3d3c95ffd9de3bd8d565120e0f09fb4aa84c72ae18d8fc4f871aae,28.611492156982422,0.8533779744844657,566.6538774967194,2,0,2,1,0,0,0,0.11705221431554808
test/A/dark + noise/028,A,dark+noise,028,/root/autodl-tmp/aaa/graphrestore/artifacts/formal_mio100/graphrestore_v7_1_stage4_step040000/methods/graphrestore_v7_1_stage4_step040000/d2/dark+noise/028.png,50830d10ee4796f1b0d477447d4a9af026894190f0cb668c1bb267bb1fc2077c,/root/autodl-tmp/graph/data/graphrestore/raw/agenticir/extracted/HQ/028.png,181f97da79059de1a93d1a0d30f6851393282c6af8b607d83ce29ab8c9dbf771,30.197420120239258,0.9038867508225683,463.1836339831352,2,0,2,1,0,0,0,0.11705221431554808
test/A/dark + noise/029,A,dark+noise,029,/root/autodl-tmp/aaa/graphrestore/artifacts/formal_mio100/graphrestore_v7_1_stage4_step040000/methods/graphrestore_v7_1_stage4_step040000/d2/dark+noise/029.png,008ff0f973336f345317880ef601e5e24fb52f3ec188d25b3ca9575009bd7290,/root/autodl-tmp/graph/data/graphrestore/raw/agenticir/extracted/HQ/029.png,3c7f43d0544ada8d7b64d7bb197621349fa1dcdf8400fb6128afaf8787814556,25.488422393798828,0.6886591672168588,463.6683762073517,2,0,2,1,0,0,0,0.11705221431554808
test/A/dark + noise/030,A,dark+noise,030,/root/autodl-tmp/aaa/graphrestore/artifacts/formal_mio100/graphrestore_v7_1_stage4_step040000/methods/graphrestore_v7_1_stage4_step040000/d2/dark+noise/030.png,a6118f6cf103b220f6135a7ff47f73ef3d3a2cb56a37df3c2f168b6394264310,/root/autodl-tmp/graph/data/graphrestore/raw/agenticir/extracted/HQ/030.png,576b0158cf5a541dd6aaf522902400e8ba3175aacca36d9df22951f52acf3f2f,28.767906188964844,0.9091329394531891,1161.6348177194595,2,0,2,0,0,0,0,0.11705221431554808
test/A/dark + noise/033,A,dark+noise,033,/root/autodl-tmp/aaa/graphrestore/artifacts/formal_mio100/graphrestore_v7_1_stage4_step040000/methods/graphrestore_v7_1_stage4_step040000/d2/dark+noise/033.png,a8d195a3a185b2b05b06f9c5c2f4b4d53af1dc814d8b5dafa846d1e219fbe29b,/root/autodl-tmp/graph/data/graphrestore/raw/agenticir/extracted/HQ/033.png,9590f1419e378254c01f330c248e12e8a62792b04a27b72daf2c0afd6c41c758,22.667491912841797,0.7009889311692339,1060.9247162938118,2,0,2,0,0,0,0,0.11705221431554808
test/A/dark + noise/034,A,dark+noise,034,/root/autodl-tmp/aaa/graphrestore/artifacts/formal_mio100/graphrestore_v7_1_stage4_step040000/methods/graphrestore_v7_1_stage4_step040000/d2/dark+noise/034.png,9dfa370d6e6f1817c4a249e1e37dcb860ca1fc544aa5998a9094b89dfaaf1db3,/root/autodl-tmp/graph/data/graphrestore/raw/agenticir/extracted/HQ/034.png,0575cc2334f8f50fcbd3d9f58173645db8764f938ee55e8899084ca2b66fd018,26.62116050720215,0.6408479553094176,1889.929473400116,2,0,2,1,0,0,0,0.11705221431554808
test/A/dark + noise/035,A,dark+noise,035,/root/autodl-tmp/aaa/graphrestore/artifacts/formal_mio100/graphrestore_v7_1_stage4_step040000/methods/graphrestore_v7_1_stage4_step040000/d2/dark+noise/035.png,c3304334d83fe275ddedcb0e174b51251fd5f881ce38785cf6c6ba18ec7b63a1,/root/autodl-tmp/graph/data/graphrestore/raw/agenticir/extracted/HQ/035.png,4e230744a9cb7c3ebe976ae7267155312b876fb355283b4938b34b758aef7ff9,25.955158233642578,0.8862290785116863,563.4839236736298,2,0,2,1,0,0,0,0.11705221431554808
test/A/dark + noise/036,A,dark+noise,036,/root/autodl-tmp/aaa/graphrestore/artifacts/formal_mio100/graphrestore_v7_1_stage4_step040000/methods/graphrestore_v7_1_stage4_step040000/d2/dark+noise/036.png,df30ccbdf211505991f676ea5440792efb561f53042862ff3b3fa5328246fd16,/root/autodl-tmp/graph/data/graphrestore/raw/agenticir/extracted/HQ/036.png,409fbd0ad51be33e9e2711cb7b22cb39999eaac6e278ca1621c20300be446d76,24.524736404418945,0.5835974177756932,463.84644508361816,2,0,2,0,0,0,0,0.11705221431554808
test/A/dark + noise/037,A,dark+noise,037,/root/autodl-tmp/aaa/graphrestore/artifacts/formal_mio100/graphrestore_v7_1_stage4_step040000/methods/graphrestore_v7_1_stage4_step040000/d2/dark+noise/037.png,5b6e89960e79a0e91e16378ae195e09360fdba9ccff171387fbaee88e2ddd8f3,/root/autodl-tmp/graph/data/graphrestore/raw/agenticir/extracted/HQ/037.png,8f31abe11ce5d5377f131fdc788024ffb8d5cfdda501c06a64ca1fc80fab0d07,30.718420028686523,0.9242347144573161,462.83042430877686,2,0,2,1,0,0,0,0.11705221431554808
test/A/dark + noise/038,A,dark+noise,038,/root/autodl-tmp/aaa/graphrestore/artifacts/formal_mio100/graphrestore_v7_1_stage4_step040000/methods/graphrestore_v7_1_stage4_step040000/d2/dark+noise/038.png,17fd3c49b77776735f8597aa42e5d0158c34fd85d06c86dd06225a7d2258840d,/root/autodl-tmp/graph/data/graphrestore/raw/agenticir/extracted/HQ/038.png,fe7df2186482ca2cc105baed74cb1da9667b3b03e1629055880b6012db131aa1,28.22588348388672,0.8559908610427481,1058.9580535888672,2,0,2,0,0,0,0,0.11705221431554808
test/A/dark + noise/039,A,dark+noise,039,/root/autodl-tmp/aaa/graphrestore/artifacts/formal_mio100/graphrestore_v7_1_stage4_step040000/methods/graphrestore_v7_1_stage4_step040000/d2/dark+noise/039.png,f969de0fce3899f5a22c72a6d4c9cf4d9ac4f64a16231ade98c8f5bd1586c58b,/root/autodl-tmp/graph/data/graphrestore/raw/agenticir/extracted/HQ/039.png,a2038f7610363fb1916197e0557fa84b50b610d86885a2d6409f9e3aa75fbbcd,22.511917114257812,0.8865281229045481,463.8015031814575,2,0,2,1,0,0,0,0.11705221431554808
test/A/dark + noise/040,A,dark+noise,040,/root/autodl-tmp/aaa/graphrestore/artifacts/formal_mio100/graphrestore_v7_1_stage4_step040000/methods/graphrestore_v7_1_stage4_step040000/d2/dark+noise/040.png,06c8ed01a93c1ac67a7c6988c3dddbe0cd2f239c8b5b2412886d1b96212468cd,/root/autodl-tmp/graph/data/graphrestore/raw/agenticir/extracted/HQ/040.png,c5a9e4bb9d84a6734bdc04c272c48c1b17b150a1e346afab2338eb0ba41f1464,21.573928833007812,0.6804702276083423,1311.7565661668777,2,0,2,1,0,0,0,0.11705221431554808
test/A/dark + noise/043,A,dark+noise,043,/root/autodl-tmp/aaa/graphrestore/artifacts/formal_mio100/graphrestore_v7_1_stage4_step040000/methods/graphrestore_v7_1_stage4_step040000/d2/dark+noise/043.png,79f07dd55f4dbfa63be45410252b2a90eccd6d63fe2a07a2cdd7602333d6bacc,/root/autodl-tmp/graph/data/graphrestore/raw/agenticir/extracted/HQ/043.png,15880c27b3101797c4e5896dee7349ad832ac1c49fcd0c559b357f4e28296b4d,31.114364624023438,0.9488721811601218,469.8817953467369,2,0,2,0,0,0,0,0.11705221431554808
test/A/dark + noise/044,A,dark+noise,044,/root/autodl-tmp/aaa/graphrestore/artifacts/formal_mio100/graphrestore_v7_1_stage4_step040000/methods/graphrestore_v7_1_stage4_step040000/d2/dark+noise/044.png,c1f48c31ef26d2c766580a6b805f0f15f66e1aaa666ca65c71e914855036ae2a,/root/autodl-tmp/graph/data/graphrestore/raw/agenticir/extracted/HQ/044.png,0645011c1dc3777ab263df617d1747b902c2d321de6f939549cfbe43eabc9245,29.345979690551758,0.8867042420361811,464.0001207590103,2,0,2,0,0,0,0,0.11705221431554808
test/A/dark + noise/045,A,dark+noise,045,/root/autodl-tmp/aaa/graphrestore/artifacts/formal_mio100/graphrestore_v7_1_stage4_step040000/methods/graphrestore_v7_1_stage4_step040000/d2/dark+noise/045.png,52412f7886b80f1e76ace6f67e97b1e6eb91158b83a45c8ce52b551ea825e586,/root/autodl-tmp/graph/data/graphrestore/raw/agenticir/extracted/HQ/045.png,d3e352c98c1fe9df1181c1e362bb9c3ba3a1d077456198796083821dab20d1fc,24.059703826904297,0.732951686589093,463.33547681570053,2,0,2,1,0,0,0,0.11705221431554808
test/A/dark + noise/046,A,dark+noise,046,/root/autodl-tmp/aaa/graphrestore/artifacts/formal_mio100/graphrestore_v7_1_stage4_step040000/methods/graphrestore_v7_1_stage4_step040000/d2/dark+noise/046.png,ea572bb84d2a427003b5fe1909e5af2c0f27d7a8c75ae92e4ea52ed556591313,/root/autodl-tmp/graph/data/graphrestore/raw/agenticir/extracted/HQ/046.png,af4b21bf96515f2ff4f97a4990856b43ae02a1d8f39909428228a2612b5f936f,27.48224449157715,0.9549993586108892,463.9407843351364,2,0,2,1,0,0,0,0.11705221431554808
test/A/dark + noise/047,A,dark+noise,047,/root/autodl-tmp/aaa/graphrestore/artifacts/formal_mio100/graphrestore_v7_1_stage4_step040000/methods/graphrestore_v7_1_stage4_step040000/d2/dark+noise/047.png,fe29ec3ab077e3808a229ea38eaabe229ce0b069e281a5d31153f6bbb8859609,/root/autodl-tmp/graph/data/graphrestore/raw/agenticir/extracted/HQ/047.png,8ecf454f7d68ca4ebf19b2b4a22275d3bb344666e4e483fda2c8cb84d5ff94db,26.754751205444336,0.7668429785311774,564.7879168391228,2,0,2,0,0,0,0,0.11705221431554808
test/A/dark + noise/048,A,dark+noise,048,/root/autodl-tmp/aaa/graphrestore/artifacts/formal_mio100/graphrestore_v7_1_stage4_step040000/methods/graphrestore_v7_1_stage4_step040000/d2/dark+noise/048.png,7dd9f35e1ee21ac0d29d09967b1c62f01369d0f480129e9bfd27901d37cf3641,/root/autodl-tmp/graph/data/graphrestore/raw/agenticir/extracted/HQ/048.png,b74e449ab10a96799f5e791f68de34dcfaf90a4befdb242cee372f6743841606,24.745685577392578,0.8828318006039486,464.2367288470268,2,0,2,1,0,0,0,0.11705221431554808
test/A/dark + noise/049,A,dark+noise,049,/root/autodl-tmp/aaa/graphrestore/artifacts/formal_mio100/graphrestore_v7_1_stage4_step040000/methods/graphrestore_v7_1_stage4_step040000/d2/dark+noise/049.png,791c3c36c347cbdbed85967f34793efb341a746a9c85d095d3046a115ae8dc24,/root/autodl-tmp/graph/data/graphrestore/raw/agenticir/extracted/HQ/049.png,bdd8f4cec02d5659a12541bb32718429d397d6be195679045764e31574c4f226,24.92180633544922,0.8913878673566348,471.15056961774826,2,0,2,1,0,0,0,0.11705221431554808
test/A/dark + noise/050,A,dark+noise,050,/root/autodl-tmp/aaa/graphrestore/artifacts/formal_mio100/graphrestore_v7_1_stage4_step040000/methods/graphrestore_v7_1_stage4_step040000/d2/dark+noise/050.png,0abc1408be7c42895706585d6359acfc0c1d357dcb5ddc81ebdbb9b162f1e26d,/root/autodl-tmp/graph/data/graphrestore/raw/agenticir/extracted/HQ/050.png,c4cfbc77b28b145af37ea26b0b501d69633ebdedd3ce9a90d5760063ee95f492,23.033321380615234,0.7315743632836348,565.0748014450073,2,0,2,0,0,0,0,0.11705221431554808
test/A/dark + noise/053,A,dark+noise,053,/root/autodl-tmp/aaa/graphrestore/artifacts/formal_mio100/graphrestore_v7_1_stage4_step040000/methods/graphrestore_v7_1_stage4_step040000/d2/dark+noise/053.png,d3a01ace2368e3bf595b4062271c1b499d62ec988f817fb83b7d3166bad2ef33,/root/autodl-tmp/graph/data/graphrestore/raw/agenticir/extracted/HQ/053.png,6b1f2208c72adcd28d96a15d538bbfbe27cb5a21be416b6f30fa836b12ac867d,33.75093078613281,0.9324589110960055,465.2380272746086,2,0,2,1,0,0,0,0.11705221431554808
test/A/dark + noise/054,A,dark+noise,054,/root/autodl-tmp/aaa/graphrestore/artifacts/formal_mio100/graphrestore_v7_1_stage4_step040000/methods/graphrestore_v7_1_stage4_step040000/d2/dark+noise/054.png,b42b5a7dc829670aef09674f9d3fddef6158c7324dc0f4a46ac757f0404ec047,/root/autodl-tmp/graph/data/graphrestore/raw/agenticir/extracted/HQ/054.png,699ffde2d8d110e52811d39e5b9d745965d4211dd2312f453ce367f1bc0e66f5,22.271934509277344,0.8181850658517295,462.7467542886734,2,0,2,1,0,0,0,0.11705221431554808
test/A/dark + noise/055,A,dark+noise,055,/root/autodl-tmp/aaa/graphrestore/artifacts/formal_mio100/graphrestore_v7_1_stage4_step040000/methods/graphrestore_v7_1_stage4_step040000/d2/dark+noise/055.png,289f69f15257fdf2a0f5a99ad4749f8ec28972bfc6c0a9c9d30bc76441247a45,/root/autodl-tmp/graph/data/graphrestore/raw/agenticir/extracted/HQ/055.png,5a59c6f9051a70f1c3ad8e9550b2a21322ef8ad71bd70085fb2330f6f6da3948,26.574844360351562,0.8647891867536399,565.1171952486038,2,0,2,1,0,0,0,0.11705221431554808
test/A/dark + noise/056,A,dark+noise,056,/root/autodl-tmp/aaa/graphrestore/artifacts/formal_mio100/graphrestore_v7_1_stage4_step040000/methods/graphrestore_v7_1_stage4_step040000/d2/dark+noise/056.png,574878c094b90097b0953e78a6dbd7b7e3d536ce8a0f009653eca0f9214fd912,/root/autodl-tmp/graph/data/graphrestore/raw/agenticir/extracted/HQ/056.png,c5f28866f72e2d370875385eb6575124b0735f8f927fae1c07ff7151e200c956,27.581003189086914,0.9069366647111018,414.53881561756134,2,0,2,0,0,0,0,0.11705221431554808
test/A/dark + noise/057,A,dark+noise,057,/root/autodl-tmp/aaa/graphrestore/artifacts/formal_mio100/graphrestore_v7_1_stage4_step040000/methods/graphrestore_v7_1_stage4_step040000/d2/dark+noise/057.png,1c605b3537fbaac01bf4872d05b1771f97cfa11abaf307e3c4937e9ec35471ad,/root/autodl-tmp/graph/data/graphrestore/raw/agenticir/extracted/HQ/057.png,42353ae75793843947c257055d87e0568db28ed51b9a5d87cc0d6a0dafb242af,31.076324462890625,0.9082107798466007,463.28043192625046,2,0,2,1,0,0,0,0.11705221431554808
test/A/dark + noise/058,A,dark+noise,058,/root/autodl-tmp/aaa/graphrestore/artifacts/formal_mio100/graphrestore_v7_1_stage4_step040000/methods/graphrestore_v7_1_stage4_step040000/d2/dark+noise/058.png,4bda9f4d5d06c601bd29d7c12017d30304d107ef20ebb089a11f9ea64ba9876a,/root/autodl-tmp/graph/data/graphrestore/raw/agenticir/extracted/HQ/058.png,e50e67dc4e57dc18d552546044c5ca169fdb26de4d5d81650d00d4b0f3ab7e76,31.07940673828125,0.9359586213794763,463.967427611351,2,0,2,1,0,0,0,0.11705221431554808
test/A/dark + noise/059,A,dark+noise,059,/root/autodl-tmp/aaa/graphrestore/artifacts/formal_mio100/graphrestore_v7_1_stage4_step040000/methods/graphrestore_v7_1_stage4_step040000/d2/dark+noise/059.png,f47cd2d88ac427ec4d3d9a20cff704288ae889efbf6971d574696f4fe9e9a8fd,/root/autodl-tmp/graph/data/graphrestore/raw/agenticir/extracted/HQ/059.png,e60c8277194566df02c7cefc895d1390756059f7a29ac67206ec202f1b897add,28.950368881225586,0.8944393460284165,512.9760801792145,2,0,2,1,0,0,0,0.11705221431554808
test/A/dark + noise/060,A,dark+noise,060,/root/autodl-tmp/aaa/graphrestore/artifacts/formal_mio100/graphrestore_v7_1_stage4_step040000/methods/graphrestore_v7_1_stage4_step040000/d2/dark+noise/060.png,33bd6ecf5c35af35fe51e16bfa58e3954e135e3b684f183a8ce1ebf71fef3bf5,/root/autodl-tmp/graph/data/graphrestore/raw/agenticir/extracted/HQ/060.png,d173273231bf0b68767ae3e287f4f34baa71e7d986a98c43a41fa9668fd8a0d4,27.47372055053711,0.8921981306037382,463.87604624032974,2,0,2,1,0,0,0,0.11705221431554808
test/A/dark + noise/063,A,dark+noise,063,/root/autodl-tmp/aaa/graphrestore/artifacts/formal_mio100/graphrestore_v7_1_stage4_step040000/methods/graphrestore_v7_1_stage4_step040000/d2/dark+noise/063.png,c0013b1d9caeb4a2a53e0a026dd9107f58c4d1021bfcc804ee4eaa14fe012b73,/root/autodl-tmp/graph/data/graphrestore/raw/agenticir/extracted/HQ/063.png,f7ccce7c58be38c16fb08060b8b379825cb0417a04e6813c72985768a480929c,23.65150260925293,0.694735605168519,464.558407664299,2,0,2,1,0,0,0,0.11705221431554808
test/A/dark + noise/064,A,dark+noise,064,/root/autodl-tmp/aaa/graphrestore/artifacts/formal_mio100/graphrestore_v7_1_stage4_step040000/methods/graphrestore_v7_1_stage4_step040000/d2/dark+noise/064.png,ef87247d62852f4f71dfa6153e9e5d1c9289f370b8fc7581c2e3c85cfc1d0110,/root/autodl-tmp/graph/data/graphrestore/raw/agenticir/extracted/HQ/064.png,b34caae8d574b2c008d53ceb0490df55c099e68844b2819f0c02fc50db26cee0,24.40890884399414,0.781009289994875,511.5029588341713,2,0,2,1,0,0,0,0.11705221431554808
test/A/dark + noise/065,A,dark+noise,065,/root/autodl-tmp/aaa/graphrestore/artifacts/formal_mio100/graphrestore_v7_1_stage4_step040000/methods/graphrestore_v7_1_stage4_step040000/d2/dark+noise/065.png,92f16d13cbc0b41a0ce7c798f1f8e39c61bd3fedfabce78dd02e91aa90022439,/root/autodl-tmp/graph/data/graphrestore/raw/agenticir/extracted/HQ/065.png,f0770ae16bf79be3b5d94a7868da009f5ce1bbf54bfe5c879e352a4df590ef63,25.412586212158203,0.7194339418917747,564.049668610096,2,0,2,1,0,0,0,0.11705221431554808
test/A/dark + noise/066,A,dark+noise,066,/root/autodl-tmp/aaa/graphrestore/artifacts/formal_mio100/graphrestore_v7_1_stage4_step040000/methods/graphrestore_v7_1_stage4_step040000/d2/dark+noise/066.png,7e355b7971a082364ed4c3a72fc48004000966db3e6a91f0a690647f750ecab9,/root/autodl-tmp/graph/data/graphrestore/raw/agenticir/extracted/HQ/066.png,a19230b326bd2fb5c26ae283f65bf0b85f39f90421056a47c7ecd6d683379aff,24.17177963256836,0.8889330049552138,575.038455426693,2,0,2,0,0,0,0,0.11705221431554808
test/A/dark + noise/067,A,dark+noise,067,/root/autodl-tmp/aaa/graphrestore/artifacts/formal_mio100/graphrestore_v7_1_stage4_step040000/methods/graphrestore_v7_1_stage4_step040000/d2/dark+noise/067.png,2dfbe9192c41f9741e2ac6e1b7f3a72f0d3e8edf0cba77866df22966531cd083,/root/autodl-tmp/graph/data/graphrestore/raw/agenticir/extracted/HQ/067.png,91cd9f021a6902b7f3220c6a373cba11f3bfbe4e4984c1d6fc4be0c76acb67a0,27.681655883789062,0.8810856276627844,464.0178680419922,2,0,2,1,0,0,0,0.11705221431554808
test/A/dark + noise/068,A,dark+noise,068,/root/autodl-tmp/aaa/graphrestore/artifacts/formal_mio100/graphrestore_v7_1_stage4_step040000/methods/graphrestore_v7_1_stage4_step040000/d2/dark+noise/068.png,d9e52d47fe0672d5208bc05cbcd06a770a8da4705dd2c7e836f6dcaac0c682cb,/root/autodl-tmp/graph/data/graphrestore/raw/agenticir/extracted/HQ/068.png,b8187d79db16002364f6017df807e6cac41e7ee9a68413a384b1bd69eddaa638,31.38260269165039,0.9524985027434699,464.9078994989395,2,0,2,1,0,0,0,0.11705221431554808
test/A/dark + noise/069,A,dark+noise,069,/root/autodl-tmp/aaa/graphrestore/artifacts/formal_mio100/graphrestore_v7_1_stage4_step040000/methods/graphrestore_v7_1_stage4_step040000/d2/dark+noise/069.png,cbb8740d7b5c656c57fe4126e0739a949f4cfaea3161c202e7a1630e9aeb9ac4,/root/autodl-tmp/graph/data/graphrestore/raw/agenticir/extracted/HQ/069.png,abb08be58f50075e5e6b1de44ddfe61c30ebb34882e9d72681edd73a5cdbb156,27.57757568359375,0.787518665555234,563.9978423714638,2,0,2,0,0,0,0,0.11705221431554808
test/A/dark + noise/070,A,dark+noise,070,/root/autodl-tmp/aaa/graphrestore/artifacts/formal_mio100/graphrestore_v7_1_stage4_step040000/methods/graphrestore_v7_1_stage4_step040000/d2/dark+noise/070.png,68f9d7f9cc88e880e45e1058fc42ebdf723f32688bed24ef717f045ed237f248,/root/autodl-tmp/graph/data/graphrestore/raw/agenticir/extracted/HQ/070.png,718ae2570e431003fb32f2a40e19f813545164ace18230ac03f9ec96b2747f85,29.112140655517578,0.9010145391926812,466.38133376836777,2,0,2,1,0,0,0,0.11705221431554808
test/A/dark + noise/073,A,dark+noise,073,/root/autodl-tmp/aaa/graphrestore/artifacts/formal_mio100/graphrestore_v7_1_stage4_step040000/methods/graphrestore_v7_1_stage4_step040000/d2/dark+noise/073.png,91f77f3af5cec3584d0fae6056838de5ea2c1a862d20da4d176ec8c5e54e7eac,/root/autodl-tmp/graph/data/graphrestore/raw/agenticir/extracted/HQ/073.png,e4a8516954bfb4b79f2fc6194b6b4a8ed63250e14fe7ce0b6f6d77c922f84730,20.82352638244629,0.8128290186475665,564.7303313016891,2,0,2,1,0,0,0,0.11705221431554808
test/A/dark + noise/074,A,dark+noise,074,/root/autodl-tmp/aaa/graphrestore/artifacts/formal_mio100/graphrestore_v7_1_stage4_step040000/methods/graphrestore_v7_1_stage4_step040000/d2/dark+noise/074.png,a4b3b56a83e1692c22027ece3bf130a6f343220063d50d54ac2c971feb2c97e4,/root/autodl-tmp/graph/data/graphrestore/raw/agenticir/extracted/HQ/074.png,cfa80e9825a34173ab0d1810b1b63bf645aa1b6b743966a77d7d03463319fd8e,24.167640686035156,0.8556772889918535,464.61308747529984,2,0,2,1,0,0,0,0.11705221431554808
test/A/dark + noise/075,A,dark+noise,075,/root/autodl-tmp/aaa/graphrestore/artifacts/formal_mio100/graphrestore_v7_1_stage4_step040000/methods/graphrestore_v7_1_stage4_step040000/d2/dark+noise/075.png,37fe01fb3b15f36f40c99df3b0dfec3eb3827cbc658928d74765884ce76fb41a,/root/autodl-tmp/graph/data/graphrestore/raw/agenticir/extracted/HQ/075.png,637e76a0398c825f3214d13b10485f7c180dc359b838ade377382c22c8f6b788,27.63246726989746,0.8783473186069951,464.87025171518326,2,0,2,1,0,0,0,0.11705221431554808
test/A/dark + noise/076,A,dark+noise,076,/root/autodl-tmp/aaa/graphrestore/artifacts/formal_mio100/graphrestore_v7_1_stage4_step040000/methods/graphrestore_v7_1_stage4_step040000/d2/dark+noise/076.png,ed335c7765ee0b17cea6bbbac5e97c614ef9c3ef420bb4c8137354adec7cb8f8,/root/autodl-tmp/graph/data/graphrestore/raw/agenticir/extracted/HQ/076.png,28f7193b83d2979c14a7c73e95657ce02a2cc902196495bea289e190f48cecae,16.636064529418945,0.6416884150188499,463.59270066022873,2,0,2,1,0,0,0,0.11705221431554808
test/A/dark + noise/077,A,dark+noise,077,/root/autodl-tmp/aaa/graphrestore/artifacts/formal_mio100/graphrestore_v7_1_stage4_step040000/methods/graphrestore_v7_1_stage4_step040000/d2/dark+noise/077.png,bdb0cc77f57d1ffc2ae07fb95b5672cd0292c8ee9a3d033938f615856d1c47b7,/root/autodl-tmp/graph/data/graphrestore/raw/agenticir/extracted/HQ/077.png,6d0b3c0c4255ee2de7c3c275c114eb531248c06fce157913f4e69dacd492cc91,29.891372680664062,0.9192148160639102,463.9317914843559,2,0,2,1,0,0,0,0.11705221431554808
test/A/dark + noise/078,A,dark+noise,078,/root/autodl-tmp/aaa/graphrestore/artifacts/formal_mio100/graphrestore_v7_1_stage4_step040000/methods/graphrestore_v7_1_stage4_step040000/d2/dark+noise/078.png,34cb2cccd6e11c3b993fe8ecfc4ab236fb532015f330369582b0f869bd0c6a20,/root/autodl-tmp/graph/data/graphrestore/raw/agenticir/extracted/HQ/078.png,ae84b8b3592a0f623d5bd2c5791b049e6fd87155614fbbad37f1ac00a2cfa870,28.676666259765625,0.8297472760165052,564.2577484250069,2,0,2,1,0,0,0,0.11705221431554808
test/A/dark + noise/079,A,dark+noise,079,/root/autodl-tmp/aaa/graphrestore/artifacts/formal_mio100/graphrestore_v7_1_stage4_step040000/methods/graphrestore_v7_1_stage4_step040000/d2/dark+noise/079.png,ff228fcd25d7466f2ee04a11f78a16ce7e8c82608e10880e6b878788236829cb,/root/autodl-tmp/graph/data/graphrestore/raw/agenticir/extracted/HQ/079.png,166cde30b17743be2ca3fb2c29004e0b38b126bfa1d8d5f41013c23eb248aad5,29.28170394897461,0.887736068840979,513.8468071818352,2,0,2,0,0,0,0,0.11705221431554808
test/A/dark + noise/080,A,dark+noise,080,/root/autodl-tmp/aaa/graphrestore/artifacts/formal_mio100/graphrestore_v7_1_stage4_step040000/methods/graphrestore_v7_1_stage4_step040000/d2/dark+noise/080.png,c4fadf3eab7bc3a414709b46551e903f8c38737f185ef97f717352aaa633463f,/root/autodl-tmp/graph/data/graphrestore/raw/agenticir/extracted/HQ/080.png,b208599722bce230536ae4db62272e883a7714d4bfca7d73e1361da3b2ca9225,29.565248489379883,0.874086901158618,464.112788438797,2,0,2,1,0,0,0,0.11705221431554808
test/A/dark + noise/083,A,dark+noise,083,/root/autodl-tmp/aaa/graphrestore/artifacts/formal_mio100/graphrestore_v7_1_stage4_step040000/methods/graphrestore_v7_1_stage4_step040000/d2/dark+noise/083.png,b668c0b8675a1b4cfbe342eeffd752251e6647c8599a0d3c5155e8544e51a35e,/root/autodl-tmp/graph/data/graphrestore/raw/agenticir/extracted/HQ/083.png,4772b8d475dfc90626760cea35452db0ee8dfdd89f7cd8def57f8b4d74ecef44,22.472640991210938,0.7543348506173524,514.1543000936508,2,0,2,0,0,0,0,0.11705221431554808
test/A/dark + noise/084,A,dark+noise,084,/root/autodl-tmp/aaa/graphrestore/artifacts/formal_mio100/graphrestore_v7_1_stage4_step040000/methods/graphrestore_v7_1_stage4_step040000/d2/dark+noise/084.png,b8a667882ef639c7c61f763722adff87852a830b1cee6d4a44ebea16acea893d,/root/autodl-tmp/graph/data/graphrestore/raw/agenticir/extracted/HQ/084.png,1bc34c4607ba66d84248fe8e7d5e30546ae13841542d8b1cb9146f2a2485df64,24.914100646972656,0.9150729729579683,463.7247994542122,2,0,2,0,0,0,0,0.11705221431554808
test/A/dark + noise/085,A,dark+noise,085,/root/autodl-tmp/aaa/graphrestore/artifacts/formal_mio100/graphrestore_v7_1_stage4_step040000/methods/graphrestore_v7_1_stage4_step040000/d2/dark+noise/085.png,33cf5ccbff84f807f0aa7018c4c34e96a2dc51f6240ae2d38c509872a54f764f,/root/autodl-tmp/graph/data/graphrestore/raw/agenticir/extracted/HQ/085.png,6174b7cb004afd2a578ec1950d92b99c41115b5a6bf70a511f19156c62bd5274,27.126216888427734,0.907132105792933,463.7293890118599,2,0,2,1,0,0,0,0.11705221431554808
test/A/dark + noise/086,A,dark+noise,086,/root/autodl-tmp/aaa/graphrestore/artifacts/formal_mio100/graphrestore_v7_1_stage4_step040000/methods/graphrestore_v7_1_stage4_step040000/d2/dark+noise/086.png,3a998182aa3d6b3091d6d1d4021a4d9099ee15c60122ca1e341107dab0aa85ea,/root/autodl-tmp/graph/data/graphrestore/raw/agenticir/extracted/HQ/086.png,68a629299aaf0e4d70065c504c9b3e397721fa17a25c2585446914aa5c7bafb5,27.323713302612305,0.9206844833575326,463.2485881447792,2,0,2,0,0,0,0,0.11705221431554808
test/A/dark + noise/087,A,dark+noise,087,/root/autodl-tmp/aaa/graphrestore/artifacts/formal_mio100/graphrestore_v7_1_stage4_step040000/methods/graphrestore_v7_1_stage4_step040000/d2/dark+noise/087.png,c06c15c6a7825ed93cfb0986953968baea8fb99178d1c619f545d42b6a4fe552,/root/autodl-tmp/graph/data/graphrestore/raw/agenticir/extracted/HQ/087.png,059a862de1498fc3b783bcfcce8fad399573aa912bb6638bbd3d43d23b88cdc6,22.44478416442871,0.8493079094058115,464.1818627715111,2,0,2,1,0,0,0,0.11705221431554808
test/A/dark + noise/088,A,dark+noise,088,/root/autodl-tmp/aaa/graphrestore/artifacts/formal_mio100/graphrestore_v7_1_stage4_step040000/methods/graphrestore_v7_1_stage4_step040000/d2/dark+noise/088.png,f72f38b69798579b0980568bcd6b121e358fee7eae95dfa858ef6064f1b81915,/root/autodl-tmp/graph/data/graphrestore/raw/agenticir/extracted/HQ/088.png,e76841066e027bd2a2fa101a4598c597d4891a7c535e3cc3195b7afcc249d7ae,22.11104393005371,0.8451476230780571,563.5339245200157,2,0,2,0,0,0,0,0.11705221431554808
test/A/dark + noise/089,A,dark+noise,089,/root/autodl-tmp/aaa/graphrestore/artifacts/formal_mio100/graphrestore_v7_1_stage4_step040000/methods/graphrestore_v7_1_stage4_step040000/d2/dark+noise/089.png,8aac5e88840963f0fc6da0cd4b73e6bda6b388a0b53ea15d50d09df5087015b5,/root/autodl-tmp/graph/data/graphrestore/raw/agenticir/extracted/HQ/089.png,046e493440ea7499fe07cec3853e6e170225ce6cdc903aac14730fa6b9bf36ab,26.16278839111328,0.8468764419187875,465.1975631713867,2,0,2,1,0,0,0,0.11705221431554808
test/A/dark + noise/090,A,dark+noise,090,/root/autodl-tmp/aaa/graphrestore/artifacts/formal_mio100/graphrestore_v7_1_stage4_step040000/methods/graphrestore_v7_1_stage4_step040000/d2/dark+noise/090.png,dc28a1e14dd0532f63081908802e1dfc205c9adaa663fbb9f9a2479811561366,/root/autodl-tmp/graph/data/graphrestore/raw/agenticir/extracted/HQ/090.png,830f74b8389bfef595e56e910efc49cf4246f6f7bd552ea8c45d071a0113053c,24.430339813232422,0.885558341360789,526.8479660153389,2,0,2,1,0,0,0,0.11705221431554808
test/A/dark + noise/093,A,dark+noise,093,/root/autodl-tmp/aaa/graphrestore/artifacts/formal_mio100/graphrestore_v7_1_stage4_step040000/methods/graphrestore_v7_1_stage4_step040000/d2/dark+noise/093.png,19b2bdd9adb321c8dd21a195c507fb5a996c21af3cd954532b62ab5e1cb54607,/root/autodl-tmp/graph/data/graphrestore/raw/agenticir/extracted/HQ/093.png,b9ef1df7a3be70176f064c2568ea12d8cd9c9c54b3e8fd72bca53d170eaf06f2,27.63064956665039,0.9407799040838195,775.0303819775581,2,0,2,1,0,0,0,0.1178823718638853
test/A/dark + noise/094,A,dark+noise,094,/root/autodl-tmp/aaa/graphrestore/artifacts/formal_mio100/graphrestore_v7_1_stage4_step040000/methods/graphrestore_v7_1_stage4_step040000/d2/dark+noise/094.png,401d49f558ec1cd93e6274ae6adb0341792be8c2a2895c9870b67a920b59d298,/root/autodl-tmp/graph/data/graphrestore/raw/agenticir/extracted/HQ/094.png,45dab31fa407b6793844322a5e147cdfedc3bfa449cd28fc9605f41dba80966d,19.512754440307617,0.8641100321736188,476.62733495235443,2,0,2,1,0,0,0,0.1178823718638853
test/A/dark + noise/095,A,dark+noise,095,/root/autodl-tmp/aaa/graphrestore/artifacts/formal_mio100/graphrestore_v7_1_stage4_step040000/methods/graphrestore_v7_1_stage4_step040000/d2/dark+noise/095.png,4293b085fe75b1ff37aa467736f0e5712c7d9abd9e886d8e65060e33938951fe,/root/autodl-tmp/graph/data/graphrestore/raw/agenticir/extracted/HQ/095.png,2f04f8c811593049180a1c6bdcf5d723d3c2f6443ba518c407e4976d7a6b2637,27.633769989013672,0.9398562986669495,1162.8389731049538,2,0,2,1,0,0,0,0.1178823718638853
test/A/dark + noise/096,A,dark+noise,096,/root/autodl-tmp/aaa/graphrestore/artifacts/formal_mio100/graphrestore_v7_1_stage4_step040000/methods/graphrestore_v7_1_stage4_step040000/d2/dark+noise/096.png,41387308de802b9b5b96cffae145795659c596b927f83e7f18d2ff27b964f14a,/root/autodl-tmp/graph/data/graphrestore/raw/agenticir/extracted/HQ/096.png,3ac9dbd626f9e294ae10a8ab11a34f6c0132ed355627d25ce3f8790f701fae29,25.841381072998047,0.9087387031746293,468.9131826162338,2,0,2,1,0,0,0,0.1178823718638853
test/A/dark + noise/097,A,dark+noise,097,/root/autodl-tmp/aaa/graphrestore/artifacts/formal_mio100/graphrestore_v7_1_stage4_step040000/methods/graphrestore_v7_1_stage4_step040000/d2/dark+noise/097.png,cffe4eabc36d8267d355549292a89393f1b34381569f3e0a835bde6be39a19ca,/root/autodl-tmp/graph/data/graphrestore/raw/agenticir/extracted/HQ/097.png,9b6c3c0d294f54e89b51656b0163aa8d0715dd7904848721ea76c07ccf737d2e,25.28522491455078,0.8924133879686799,467.43030846118927,2,0,2,1,0,0,0,0.1178823718638853
test/A/dark + noise/098,A,dark+noise,098,/root/autodl-tmp/aaa/graphrestore/artifacts/formal_mio100/graphrestore_v7_1_stage4_step040000/methods/graphrestore_v7_1_stage4_step040000/d2/dark+noise/098.png,88bdff07dfc739e23da4933da373755c061a984af0d525117a77f61601323edc,/root/autodl-tmp/graph/data/graphrestore/raw/agenticir/extracted/HQ/098.png,f0574e5262ab9942e66006e0df3aab8738de997489badc302e131ae74299181f,30.29560089111328,0.943063160975415,567.1347752213478,2,0,2,0,0,0,0,0.1178823718638853
test/A/dark + noise/099,A,dark+noise,099,/root/autodl-tmp/aaa/graphrestore/artifacts/formal_mio100/graphrestore_v7_1_stage4_step040000/methods/graphrestore_v7_1_stage4_step040000/d2/dark+noise/099.png,d3d4a18cef2b75b8421c671b5ff9f31620986bd3b57c6a7a436fa9fe75a55a15,/root/autodl-tmp/graph/data/graphrestore/raw/agenticir/extracted/HQ/099.png,15ddff6cab9869d7fe8a7cb6fd328b436bbfa9b089e6adcbba7a5048e4c97f8b,28.060815811157227,0.897409654517617,469.15245056152344,2,0,2,0,0,0,0,0.1178823718638853
test/A/dark + noise/100,A,dark+noise,100,/root/autodl-tmp/aaa/graphrestore/artifacts/formal_mio100/graphrestore_v7_1_stage4_step040000/methods/graphrestore_v7_1_stage4_step040000/d2/dark+noise/100.png,323be1d9c33dd399e9bba49950de69a14c9e656087c72b8fdd49710fa78e5320,/root/autodl-tmp/graph/data/graphrestore/raw/agenticir/extracted/HQ/100.png,b7f5d60dbb3e7047b9c62efc7d61db97052a2cde687d3fae367a14a6793a0c40,26.047765731811523,0.8431958934308347,467.1148285269737,2,0,2,0,0,0,0,0.1178823718638853
test/A/defocus blur + haze/003,A,defocus blur+haze,003,/root/autodl-tmp/aaa/graphrestore/artifacts/formal_mio100/graphrestore_v7_1_stage4_step040000/methods/graphrestore_v7_1_stage4_step040000/d2/defocus blur+haze/003.png,0d1602be8166da7abf12ec67e7d9f8852b4971c8388e641c83c183923fe83ba7,/root/autodl-tmp/graph/data/graphrestore/raw/agenticir/extracted/HQ/003.png,c2a2513992db412a7160dfa2f82535dccaa188db91df80ee6ed5b0dd5c5d2d1a,24.183748245239258,0.8137178131142623,317.00918823480606,1,1,2,0,0,0,0,0.1178823718638853
test/A/defocus blur + haze/004,A,defocus blur+haze,004,/root/autodl-tmp/aaa/graphrestore/artifacts/formal_mio100/graphrestore_v7_1_stage4_step040000/methods/graphrestore_v7_1_stage4_step040000/d2/defocus blur+haze/004.png,8081595422e4b2307208734cb1d47c5517769db32f1dd17b02598443bbf3b303,/root/autodl-tmp/graph/data/graphrestore/raw/agenticir/extracted/HQ/004.png,f1ad3f60cd8e680739263535ab1620a2490f3bc0c65a9355a965c7dff9be1fed,25.07146453857422,0.8375786705078689,344.19309347867966,1,1,2,0,0,0,0,0.1178823718638853
test/A/defocus blur + haze/005,A,defocus blur+haze,005,/root/autodl-tmp/aaa/graphrestore/artifacts/formal_mio100/graphrestore_v7_1_stage4_step040000/methods/graphrestore_v7_1_stage4_step040000/d2/defocus blur+haze/005.png,565c69ee1a9b794d31a5496e57b34ff948601d3c011d193565aa5e6ceb0f9f1e,/root/autodl-tmp/graph/data/graphrestore/raw/agenticir/extracted/HQ/005.png,1d8eb1ef9c1817c087956135efa85be686e7169ef11eb532c768d32d7267a0ff,24.05508041381836,0.7884106364597525,314.8414418101311,1,1,2,0,0,0,0,0.1178823718638853
test/A/defocus blur + haze/006,A,defocus blur+haze,006,/root/autodl-tmp/aaa/graphrestore/artifacts/formal_mio100/graphrestore_v7_1_stage4_step040000/methods/graphrestore_v7_1_stage4_step040000/d2/defocus blur+haze/006.png,77f84286521c0d1c817cbe5ba94f11601f73c09641b83f99b3458dbe7708143c,/root/autodl-tmp/graph/data/graphrestore/raw/agenticir/extracted/HQ/006.png,f62feddd2f379d039dd1effe18b6368c79a6fe31fb8177f797c9f230eb8e1211,14.669013977050781,0.7442635097663609,262.8840431571007,1,1,2,0,0,0,0,0.1178823718638853
test/A/defocus blur + haze/007,A,defocus blur+haze,007,/root/autodl-tmp/aaa/graphrestore/artifacts/formal_mio100/graphrestore_v7_1_stage4_step040000/methods/graphrestore_v7_1_stage4_step040000/d2/defocus blur+haze/007.png,bd59c1f3a8f930fdb4987652b08c309465254a66d04a77237c2f6d3af772fc36,/root/autodl-tmp/graph/data/graphrestore/raw/agenticir/extracted/HQ/007.png,b876f087d5f42a9350f28383ff2df22156b6bbba702809d134b7713d9430881c,16.3911075592041,0.7538183371748839,262.4620422720909,1,1,2,0,0,0,0,0.1178823718638853
test/A/defocus blur + haze/008,A,defocus blur+haze,008,/root/autodl-tmp/aaa/graphrestore/artifacts/formal_mio100/graphrestore_v7_1_stage4_step040000/methods/graphrestore_v7_1_stage4_step040000/d2/defocus blur+haze/008.png,703809c73f9dc6d3901e9d2a534f35bf976d81d7c5cdd7a73b88e7805c161ce6,/root/autodl-tmp/graph/data/graphrestore/raw/agenticir/extracted/HQ/008.png,4efb8dbbd2ba5090b7b951a456ec5ed27a5d61360ab95cb1c5a9366f2868cb94,22.848112106323242,0.8889119849720737,370.9663152694702,1,1,2,0,0,0,0,0.1178823718638853
test/A/defocus blur + haze/009,A,defocus blur+haze,009,/root/autodl-tmp/aaa/graphrestore/artifacts/formal_mio100/graphrestore_v7_1_stage4_step040000/methods/graphrestore_v7_1_stage4_step040000/d2/defocus blur+haze/009.png,e004ae08d7650ddff4de89b2be55bc7841dfe263a72cfe6999fb04bb3a977fec,/root/autodl-tmp/graph/data/graphrestore/raw/agenticir/extracted/HQ/009.png,5b779ac0fbe5d1e4d4126fd2864493dcc2ecdbde374ede7e29a054b2a9cb4f21,28.144533157348633,0.9563632219562864,407.2781056165695,1,1,2,0,0,0,0,0.1178823718638853
test/A/defocus blur + haze/010,A,defocus blur+haze,010,/root/autodl-tmp/aaa/graphrestore/artifacts/formal_mio100/graphrestore_v7_1_stage4_step040000/methods/graphrestore_v7_1_stage4_step040000/d2/defocus blur+haze/010.png,039d0f7ad628aa082a89cc6482c20dcc5a4268199f8203d4317b18d0180c88d5,/root/autodl-tmp/graph/data/graphrestore/raw/agenticir/extracted/HQ/010.png,327492996d853f5c8873b435f98a91afd07db64567545baa61c9f4f64f717a0d,22.668745040893555,0.8412726797080265,427.1700456738472,1,1,2,0,0,0,0,0.1178823718638853
test/A/defocus blur + haze/013,A,defocus blur+haze,013,/root/autodl-tmp/aaa/graphrestore/artifacts/formal_mio100/graphrestore_v7_1_stage4_step040000/methods/graphrestore_v7_1_stage4_step040000/d2/defocus blur+haze/013.png,703b333e5bffdb903f5731aaaedfa9ba509cf42de3cc5c723a0ec8f2202f0348,/root/autodl-tmp/graph/data/graphrestore/raw/agenticir/extracted/HQ/013.png,afe18305499bd0b8318392e8f34ede33aafb5a0df2371075fe9f30a1c81a75eb,19.012231826782227,0.5221398258369725,321.96732610464096,1,1,2,0,0,0,0,0.1178823718638853
test/A/defocus blur + haze/014,A,defocus blur+haze,014,/root/autodl-tmp/aaa/graphrestore/artifacts/formal_mio100/graphrestore_v7_1_stage4_step040000/methods/graphrestore_v7_1_stage4_step040000/d2/defocus blur+haze/014.png,184ed1dfb5d2debaa5b5d436bcaf7e112d981c2cf25478d6e238fb837f2984f8,/root/autodl-tmp/graph/data/graphrestore/raw/agenticir/extracted/HQ/014.png,2d569d9b923a96b1542c0b845dce0c7657794eba9f6f22ae5d02f335ef1bc4a0,28.207653045654297,0.9291328550959659,325.7187306880951,1,1,2,0,0,0,0,0.1178823718638853
test/A/defocus blur + haze/015,A,defocus blur+haze,015,/root/autodl-tmp/aaa/graphrestore/artifacts/formal_mio100/graphrestore_v7_1_stage4_step040000/methods/graphrestore_v7_1_stage4_step040000/d2/defocus blur+haze/015.png,93824232322477664038237478da8222d74854f31184738008bbd4bf56d4bff7,/root/autodl-tmp/graph/data/graphrestore/raw/agenticir/extracted/HQ/015.png,286adb5a1c45ee88f14e1b16e3af420910584bf5ebdd72c40cf75317559c731f,22.248010635375977,0.794796955429474,260.4297623038292,1,1,2,0,0,0,0,0.1178823718638853
test/A/defocus blur + haze/016,A,defocus blur+haze,016,/root/autodl-tmp/aaa/graphrestore/artifacts/formal_mio100/graphrestore_v7_1_stage4_step040000/methods/graphrestore_v7_1_stage4_step040000/d2/defocus blur+haze/016.png,16ed842c791bf219fd02a7ee30c916abd31b87f7389c1570f2411f3b12b206cd,/root/autodl-tmp/graph/data/graphrestore/raw/agenticir/extracted/HQ/016.png,ddc71b4b9bd2a57cabf985c7743b8ff7083a0d9205008603edb440ba27da9313,22.17561912536621,0.7655201873657541,344.39992904663086,1,1,2,0,0,0,0,0.1178823718638853
test/A/defocus blur + haze/017,A,defocus blur+haze,017,/root/autodl-tmp/aaa/graphrestore/artifacts/formal_mio100/graphrestore_v7_1_stage4_step040000/methods/graphrestore_v7_1_stage4_step040000/d2/defocus blur+haze/017.png,6da078b656bd1f69affa952c0edda99b53b00dace2a6b5101db3afd980161c4b,/root/autodl-tmp/graph/data/graphrestore/raw/agenticir/extracted/HQ/017.png,ab3ab0c03c2d8c9c0befbcad219fae23c9795fdf99d664630f4f4febbd02c519,29.494726181030273,0.9150020823384416,264.0882506966591,1,1,2,0,0,0,0,0.1178823718638853
test/A/defocus blur + haze/018,A,defocus blur+haze,018,/root/autodl-tmp/aaa/graphrestore/artifacts/formal_mio100/graphrestore_v7_1_stage4_step040000/methods/graphrestore_v7_1_stage4_step040000/d2/defocus blur+haze/018.png,6466f3ee546041e0b638be5ac30c429757d8ab047c5f289f06cab2fbf334a2c4,/root/autodl-tmp/graph/data/graphrestore/raw/agenticir/extracted/HQ/018.png,66db8e4aeb78f506ae4415572eb910726c3f16ede70138093ab4eced187b8df1,16.318296432495117,0.5167099287228527,314.5131915807724,1,1,2,0,0,0,0,0.1178823718638853
test/A/defocus blur + haze/019,A,defocus blur+haze,019,/root/autodl-tmp/aaa/graphrestore/artifacts/formal_mio100/graphrestore_v7_1_stage4_step040000/methods/graphrestore_v7_1_stage4_step040000/d2/defocus blur+haze/019.png,f5d95c9474588afddbac7c5086161a3d299c46444c9a38bf4419e52c7a7b044f,/root/autodl-tmp/graph/data/graphrestore/raw/agenticir/extracted/HQ/019.png,fb026cef85a4f7e64ad7c5f064ed15de1f04a7a7b6bde70b28ee78a55db21aeb,21.952608108520508,0.7858370586670229,258.3382651209831,1,1,2,0,0,0,0,0.1178823718638853
test/A/defocus blur + haze/020,A,defocus blur+haze,020,/root/autodl-tmp/aaa/graphrestore/artifacts/formal_mio100/graphrestore_v7_1_stage4_step040000/methods/graphrestore_v7_1_stage4_step040000/d2/defocus blur+haze/020.png,79f67be7094ffb1425b78a433738ad05e4eb7c195bc399cd9b2baf22011db0ed,/root/autodl-tmp/graph/data/graphrestore/raw/agenticir/extracted/HQ/020.png,daa15d9f51eab9eca70197a7f05df7873e3eab75e432b0a81fe9488be552f37a,20.121458053588867,0.7200793217203549,314.4814446568489,1,1,2,0,0,0,0,0.1178823718638853
test/A/defocus blur + haze/023,A,defocus blur+haze,023,/root/autodl-tmp/aaa/graphrestore/artifacts/formal_mio100/graphrestore_v7_1_stage4_step040000/methods/graphrestore_v7_1_stage4_step040000/d2/defocus blur+haze/023.png,da63809639c76f6827ef0fcdd310acef91ab5ce0e096cbb64bd08ab433b22a3d,/root/autodl-tmp/graph/data/graphrestore/raw/agenticir/extracted/HQ/023.png,befde78eca5789c87200ca1e2ac905ba8ad5706b50af86454bd30bc857c90e02,20.583255767822266,0.7360586069797771,259.32302325963974,1,1,2,0,0,0,0,0.1178823718638853
test/A/defocus blur + haze/024,A,defocus blur+haze,024,/root/autodl-tmp/aaa/graphrestore/artifacts/formal_mio100/graphrestore_v7_1_stage4_step040000/methods/graphrestore_v7_1_stage4_step040000/d2/defocus blur+haze/024.png,51cd352e99b9ba0ea9f907447400977cc1a90b2160ce4e6760fce49dee852a98,/root/autodl-tmp/graph/data/graphrestore/raw/agenticir/extracted/HQ/024.png,e51441e174dd8dc0c47872ccb4221ab3f054b716588ee0f42d58a56098bd9538,23.015443801879883,0.7623250865409721,258.8643953204155,1,1,2,0,0,0,0,0.1178823718638853
test/A/defocus blur + haze/025,A,defocus blur+haze,025,/root/autodl-tmp/aaa/graphrestore/artifacts/formal_mio100/graphrestore_v7_1_stage4_step040000/methods/graphrestore_v7_1_stage4_step040000/d2/defocus blur+haze/025.png,5bb0e883ba2515f257b2629e491ce77a5f165edebfd3af2cb3717393d81e8717,/root/autodl-tmp/graph/data/graphrestore/raw/agenticir/extracted/HQ/025.png,f384d4a9bc3c31bc29038378f849002dc4ff2db373d852b732f5cfc24ebed244,16.00387954711914,0.7383186966009748,258.8445544242859,1,1,2,0,0,0,0,0.1178823718638853
test/A/defocus blur + haze/026,A,defocus blur+haze,026,/root/autodl-tmp/aaa/graphrestore/artifacts/formal_mio100/graphrestore_v7_1_stage4_step040000/methods/graphrestore_v7_1_stage4_step040000/d2/defocus blur+haze/026.png,c7c08df3d12c9ec9953cf1531e89b459e39ef544c6cac28dfd975e5f1ff1bd9f,/root/autodl-tmp/graph/data/graphrestore/raw/agenticir/extracted/HQ/026.png,cfce1d4c02a00f28988a64f63cd538c4147c3a72c147a6549d71f1105d671224,27.066959381103516,0.8907630503476267,314.3114894628525,1,1,2,0,0,0,0,0.1178823718638853
test/A/defocus blur + haze/027,A,defocus blur+haze,027,/root/autodl-tmp/aaa/graphrestore/artifacts/formal_mio100/graphrestore_v7_1_stage4_step040000/methods/graphrestore_v7_1_stage4_step040000/d2/defocus blur+haze/027.png,78b3eb11b941700221eb960edea65ec7fd053615ed3a23b3583ae0531690cf49,/root/autodl-tmp/graph/data/graphrestore/raw/agenticir/extracted/HQ/027.png,d69be3d26f3d3c95ffd9de3bd8d565120e0f09fb4aa84c72ae18d8fc4f871aae,15.280500411987305,0.7853868244976333,315.13506919145584,1,1,2,0,0,0,0,0.1178823718638853
test/A/defocus blur + haze/028,A,defocus blur+haze,028,/root/autodl-tmp/aaa/graphrestore/artifacts/formal_mio100/graphrestore_v7_1_stage4_step040000/methods/graphrestore_v7_1_stage4_step040000/d2/defocus blur+haze/028.png,4c7b29626cf3e3d78e77cd58970cc1ef3d2242718ce80c0c98254ea0a9048510,/root/autodl-tmp/graph/data/graphrestore/raw/agenticir/extracted/HQ/028.png,181f97da79059de1a93d1a0d30f6851393282c6af8b607d83ce29ab8c9dbf771,24.459619522094727,0.9097489059584749,262.8537565469742,1,1,2,0,0,0,0,0.1178823718638853
test/A/defocus blur + haze/029,A,defocus blur+haze,029,/root/autodl-tmp/aaa/graphrestore/artifacts/formal_mio100/graphrestore_v7_1_stage4_step040000/methods/graphrestore_v7_1_stage4_step040000/d2/defocus blur+haze/029.png,874d53fab4e27c1518c7b9b0ef6569cacca3cf3faa8c64bbe652cfe48dfb919b,/root/autodl-tmp/graph/data/graphrestore/raw/agenticir/extracted/HQ/029.png,3c7f43d0544ada8d7b64d7bb197621349fa1dcdf8400fb6128afaf8787814556,25.6004638671875,0.7519863504120873,262.0970383286476,1,1,2,0,0,0,0,0.1178823718638853
test/A/defocus blur + haze/030,A,defocus blur+haze,030,/root/autodl-tmp/aaa/graphrestore/artifacts/formal_mio100/graphrestore_v7_1_stage4_step040000/methods/graphrestore_v7_1_stage4_step040000/d2/defocus blur+haze/030.png,af890f62a97af383e7f5d9c37a3efe0380297847b811c23345448ff976510f08,/root/autodl-tmp/graph/data/graphrestore/raw/agenticir/extracted/HQ/030.png,576b0158cf5a541dd6aaf522902400e8ba3175aacca36d9df22951f52acf3f2f,18.0843563079834,0.7715065229356521,232.85353928804398,1,1,2,0,0,0,0,0.1178823718638853
test/A/defocus blur + haze/033,A,defocus blur+haze,033,/root/autodl-tmp/aaa/graphrestore/artifacts/formal_mio100/graphrestore_v7_1_stage4_step040000/methods/graphrestore_v7_1_stage4_step040000/d2/defocus blur+haze/033.png,7f967b18032ab3924b755fa7777af91d9c86510f1fc8f5c5a981948e5e3b2b97,/root/autodl-tmp/graph/data/graphrestore/raw/agenticir/extracted/HQ/033.png,9590f1419e378254c01f330c248e12e8a62792b04a27b72daf2c0afd6c41c758,21.45940399169922,0.6311154617211484,361.9969114661217,2,0,2,0,0,0,0,0.1178823718638853
test/A/defocus blur + haze/034,A,defocus blur+haze,034,/root/autodl-tmp/aaa/graphrestore/artifacts/formal_mio100/graphrestore_v7_1_stage4_step040000/methods/graphrestore_v7_1_stage4_step040000/d2/defocus blur+haze/034.png,041f37330636e64e718ca19c350964adf25be21f72f8200ddf801776b3eb43db,/root/autodl-tmp/graph/data/graphrestore/raw/agenticir/extracted/HQ/034.png,0575cc2334f8f50fcbd3d9f58173645db8764f938ee55e8899084ca2b66fd018,25.135860443115234,0.6116741883727707,285.80427914857864,1,1,2,0,0,0,0,0.1178823718638853
test/A/defocus blur + haze/035,A,defocus blur+haze,035,/root/autodl-tmp/aaa/graphrestore/artifacts/formal_mio100/graphrestore_v7_1_stage4_step040000/methods/graphrestore_v7_1_stage4_step040000/d2/defocus blur+haze/035.png,f3b0ebad64f5c255b76e335d9a975a3421bde73d48919688dcd771f350417f5e,/root/autodl-tmp/graph/data/graphrestore/raw/agenticir/extracted/HQ/035.png,4e230744a9cb7c3ebe976ae7267155312b876fb355283b4938b34b758aef7ff9,27.65653419494629,0.8665054610690002,314.58988785743713,1,1,2,0,0,0,0,0.1178823718638853
test/A/defocus blur + haze/036,A,defocus blur+haze,036,/root/autodl-tmp/aaa/graphrestore/artifacts/formal_mio100/graphrestore_v7_1_stage4_step040000/methods/graphrestore_v7_1_stage4_step040000/d2/defocus blur+haze/036.png,dd2ac0de8924f4e8635643777bf60cc198cf9b1a7f803b34fe32b22c86304ca7,/root/autodl-tmp/graph/data/graphrestore/raw/agenticir/extracted/HQ/036.png,409fbd0ad51be33e9e2711cb7b22cb39999eaac6e278ca1621c20300be446d76,22.33892822265625,0.6964362122661665,258.77223908901215,1,1,2,0,0,0,0,0.1178823718638853
test/A/defocus blur + haze/037,A,defocus blur+haze,037,/root/autodl-tmp/aaa/graphrestore/artifacts/formal_mio100/graphrestore_v7_1_stage4_step040000/methods/graphrestore_v7_1_stage4_step040000/d2/defocus blur+haze/037.png,490bcbe6a1f9d705e0fdcd703d7ce54205152a609d8012285345c711b51e2993,/root/autodl-tmp/graph/data/graphrestore/raw/agenticir/extracted/HQ/037.png,8f31abe11ce5d5377f131fdc788024ffb8d5cfdda501c06a64ca1fc80fab0d07,26.683029174804688,0.874775645696296,261.79876923561096,1,1,2,0,0,0,0,0.1178823718638853
test/A/defocus blur + haze/038,A,defocus blur+haze,038,/root/autodl-tmp/aaa/graphrestore/artifacts/formal_mio100/graphrestore_v7_1_stage4_step040000/methods/graphrestore_v7_1_stage4_step040000/d2/defocus blur+haze/038.png,a9ab960213bfc6b3412842fd8ab45b3ebaa32f6e2facc08d252d6fe0e628ba26,/root/autodl-tmp/graph/data/graphrestore/raw/agenticir/extracted/HQ/038.png,fe7df2186482ca2cc105baed74cb1da9667b3b03e1629055880b6012db131aa1,23.205793380737305,0.6686150589642744,203.67196202278137,1,1,2,0,0,0,0,0.1178823718638853
test/A/defocus blur + haze/039,A,defocus blur+haze,039,/root/autodl-tmp/aaa/graphrestore/artifacts/formal_mio100/graphrestore_v7_1_stage4_step040000/methods/graphrestore_v7_1_stage4_step040000/d2/defocus blur+haze/039.png,bee7e3e98bf61646969e770a8ae6fab60452c881454defa8825d1aa66d0473d6,/root/autodl-tmp/graph/data/graphrestore/raw/agenticir/extracted/HQ/039.png,a2038f7610363fb1916197e0557fa84b50b610d86885a2d6409f9e3aa75fbbcd,19.200979232788086,0.7201477919936946,259.84810292720795,1,1,2,0,0,0,0,0.1178823718638853
test/A/defocus blur + haze/040,A,defocus blur+haze,040,/root/autodl-tmp/aaa/graphrestore/artifacts/formal_mio100/graphrestore_v7_1_stage4_step040000/methods/graphrestore_v7_1_stage4_step040000/d2/defocus blur+haze/040.png,384ce6269929b5f6e5127864dc6ab5a33fa7a180ee0ef658c04e4caa993fcf28,/root/autodl-tmp/graph/data/graphrestore/raw/agenticir/extracted/HQ/040.png,c5a9e4bb9d84a6734bdc04c272c48c1b17b150a1e346afab2338eb0ba41f1464,25.143545150756836,0.8172754214878761,286.68636828660965,1,1,2,0,0,0,0,0.1178823718638853
test/A/defocus blur + haze/043,A,defocus blur+haze,043,/root/autodl-tmp/aaa/graphrestore/artifacts/formal_mio100/graphrestore_v7_1_stage4_step040000/methods/graphrestore_v7_1_stage4_step040000/d2/defocus blur+haze/043.png,ccca34616a4600ff2af354dd1da26388a2732a43ddd6e5d0f9c2df685296912b,/root/autodl-tmp/graph/data/graphrestore/raw/agenticir/extracted/HQ/043.png,15880c27b3101797c4e5896dee7349ad832ac1c49fcd0c559b357f4e28296b4d,21.638370513916016,0.5755519436875206,464.5242318511009,2,0,2,1,0,0,0,0.1178823718638853
test/A/defocus blur + haze/044,A,defocus blur+haze,044,/root/autodl-tmp/aaa/graphrestore/artifacts/formal_mio100/graphrestore_v7_1_stage4_step040000/methods/graphrestore_v7_1_stage4_step040000/d2/defocus blur+haze/044.png,bd9f7978cc2be5dc155c4e33441f02e75d4d1b0e4f676f0ff4c81c737b3878a8,/root/autodl-tmp/graph/data/graphrestore/raw/agenticir/extracted/HQ/044.png,0645011c1dc3777ab263df617d1747b902c2d321de6f939549cfbe43eabc9245,23.77497100830078,0.7332369151879271,259.2267394065857,1,1,2,0,0,0,0,0.1178823718638853
test/A/defocus blur + haze/045,A,defocus blur+haze,045,/root/autodl-tmp/aaa/graphrestore/artifacts/formal_mio100/graphrestore_v7_1_stage4_step040000/methods/graphrestore_v7_1_stage4_step040000/d2/defocus blur+haze/045.png,e05965e82dcc5464bfaef13728e21741500c3ff0fcdec607966ad88d6c58ddea,/root/autodl-tmp/graph/data/graphrestore/raw/agenticir/extracted/HQ/045.png,d3e352c98c1fe9df1181c1e362bb9c3ba3a1d077456198796083821dab20d1fc,25.343915939331055,0.7750721657695024,259.2477798461914,1,1,2,0,0,0,0,0.1178823718638853
test/A/defocus blur + haze/046,A,defocus blur+haze,046,/root/autodl-tmp/aaa/graphrestore/artifacts/formal_mio100/graphrestore_v7_1_stage4_step040000/methods/graphrestore_v7_1_stage4_step040000/d2/defocus blur+haze/046.png,40ecf539a131ff72ef98b8493cf5411c79195d410375456d4480ffa432224722,/root/autodl-tmp/graph/data/graphrestore/raw/agenticir/extracted/HQ/046.png,af4b21bf96515f2ff4f97a4990856b43ae02a1d8f39909428228a2612b5f936f,19.875579833984375,0.3976850827991103,260.8834356069565,1,1,2,0,0,0,0,0.1178823718638853
test/A/defocus blur + haze/047,A,defocus blur+haze,047,/root/autodl-tmp/aaa/graphrestore/artifacts/formal_mio100/graphrestore_v7_1_stage4_step040000/methods/graphrestore_v7_1_stage4_step040000/d2/defocus blur+haze/047.png,9a6efe6b375ba764950c06880a8f1c5155b5dc3599fe42ede3cf46a8ca30ab8a,/root/autodl-tmp/graph/data/graphrestore/raw/agenticir/extracted/HQ/047.png,8ecf454f7d68ca4ebf19b2b4a22275d3bb344666e4e483fda2c8cb84d5ff94db,22.935272216796875,0.8132422899465485,315.35596400499344,1,1,2,0,0,0,0,0.1178823718638853
test/A/defocus blur + haze/048,A,defocus blur+haze,048,/root/autodl-tmp/aaa/graphrestore/artifacts/formal_mio100/graphrestore_v7_1_stage4_step040000/methods/graphrestore_v7_1_stage4_step040000/d2/defocus blur+haze/048.png,500e1eef3f2acb3a30bf3bbeafedc268833603d999093b5d9aad3a8a4d670a23,/root/autodl-tmp/graph/data/graphrestore/raw/agenticir/extracted/HQ/048.png,b74e449ab10a96799f5e791f68de34dcfaf90a4befdb242cee372f6743841606,14.591131210327148,0.6484405370036893,258.90838354825974,1,1,2,0,0,0,0,0.1178823718638853
test/A/defocus blur + haze/049,A,defocus blur+haze,049,/root/autodl-tmp/aaa/graphrestore/artifacts/formal_mio100/graphrestore_v7_1_stage4_step040000/methods/graphrestore_v7_1_stage4_step040000/d2/defocus blur+haze/049.png,daf578cfcd2546162960527b34ba4a38493743de070d32743db1fe4cc1545ee6,/root/autodl-tmp/graph/data/graphrestore/raw/agenticir/extracted/HQ/049.png,bdd8f4cec02d5659a12541bb32718429d397d6be195679045764e31574c4f226,16.517377853393555,0.6883904042624281,259.73016768693924,1,1,2,0,0,0,0,0.1178823718638853
test/A/defocus blur + haze/050,A,defocus blur+haze,050,/root/autodl-tmp/aaa/graphrestore/artifacts/formal_mio100/graphrestore_v7_1_stage4_step040000/methods/graphrestore_v7_1_stage4_step040000/d2/defocus blur+haze/050.png,5e4d02d4011f6250a6d5d8439033db1c126f6d75c2d1001fcda6521ac76646d1,/root/autodl-tmp/graph/data/graphrestore/raw/agenticir/extracted/HQ/050.png,c4cfbc77b28b145af37ea26b0b501d69633ebdedd3ce9a90d5760063ee95f492,23.39583969116211,0.7542505943034247,317.08113849163055,1,1,2,0,0,0,0,0.1178823718638853
test/A/defocus blur + haze/053,A,defocus blur+haze,053,/root/autodl-tmp/aaa/graphrestore/artifacts/formal_mio100/graphrestore_v7_1_stage4_step040000/methods/graphrestore_v7_1_stage4_step040000/d2/defocus blur+haze/053.png,bd0242519ec394b51620a8448468e52ba94e8aa95ffed2cbe4b388d732d105e2,/root/autodl-tmp/graph/data/graphrestore/raw/agenticir/extracted/HQ/053.png,6b1f2208c72adcd28d96a15d538bbfbe27cb5a21be416b6f30fa836b12ac867d,24.110748291015625,0.7024560587054298,258.17887485027313,1,1,2,0,0,0,0,0.1178823718638853
test/A/defocus blur + haze/054,A,defocus blur+haze,054,/root/autodl-tmp/aaa/graphrestore/artifacts/formal_mio100/graphrestore_v7_1_stage4_step040000/methods/graphrestore_v7_1_stage4_step040000/d2/defocus blur+haze/054.png,8b5b2395575a0d6878e9dd815e42e5e5c00637253c127878083ca4155f551544,/root/autodl-tmp/graph/data/graphrestore/raw/agenticir/extracted/HQ/054.png,699ffde2d8d110e52811d39e5b9d745965d4211dd2312f453ce367f1bc0e66f5,22.383686065673828,0.8306358092967436,259.64728742837906,1,1,2,0,0,0,0,0.1178823718638853
test/A/defocus blur + haze/055,A,defocus blur+haze,055,/root/autodl-tmp/aaa/graphrestore/artifacts/formal_mio100/graphrestore_v7_1_stage4_step040000/methods/graphrestore_v7_1_stage4_step040000/d2/defocus blur+haze/055.png,c2fef9e6dd1321031391946eb42bca5bc14cae602c796489687e91b2632bad08,/root/autodl-tmp/graph/data/graphrestore/raw/agenticir/extracted/HQ/055.png,5a59c6f9051a70f1c3ad8e9550b2a21322ef8ad71bd70085fb2330f6f6da3948,22.76311683654785,0.8864621860899933,567.310243844986,2,0,2,1,0,0,0,0.1178823718638853
test/A/defocus blur + haze/056,A,defocus blur+haze,056,/root/autodl-tmp/aaa/graphrestore/artifacts/formal_mio100/graphrestore_v7_1_stage4_step040000/methods/graphrestore_v7_1_stage4_step040000/d2/defocus blur+haze/056.png,05e79786eca323cd3bd864442da0cd628dcfc18acf8c39fd7dbe4056d19e7699,/root/autodl-tmp/graph/data/graphrestore/raw/agenticir/extracted/HQ/056.png,c5f28866f72e2d370875385eb6575124b0735f8f927fae1c07ff7151e200c956,24.56252670288086,0.8627209418599995,415.2406230568886,2,0,2,1,0,0,0,0.1178823718638853
test/A/defocus blur + haze/057,A,defocus blur+haze,057,/root/autodl-tmp/aaa/graphrestore/artifacts/formal_mio100/graphrestore_v7_1_stage4_step040000/methods/graphrestore_v7_1_stage4_step040000/d2/defocus blur+haze/057.png,09329cfd00f382aa8d508ca8934414dcd2abacc3f4b169b9c0bc15faa12b4b39,/root/autodl-tmp/graph/data/graphrestore/raw/agenticir/extracted/HQ/057.png,42353ae75793843947c257055d87e0568db28ed51b9a5d87cc0d6a0dafb242af,21.085891723632812,0.9075101601371464,258.7039917707443,1,1,2,0,0,0,0,0.1178823718638853
test/A/defocus blur + haze/058,A,defocus blur+haze,058,/root/autodl-tmp/aaa/graphrestore/artifacts/formal_mio100/graphrestore_v7_1_stage4_step040000/methods/graphrestore_v7_1_stage4_step040000/d2/defocus blur+haze/058.png,4ee507c5cdcaf37280db03f45587e1ebf94fd6bc6d26602313fed3ed2eb2ad02,/root/autodl-tmp/graph/data/graphrestore/raw/agenticir/extracted/HQ/058.png,e50e67dc4e57dc18d552546044c5ca169fdb26de4d5d81650d00d4b0f3ab7e76,20.55889320373535,0.8923542067899383,259.1160386800766,1,1,2,0,0,0,0,0.1178823718638853
test/A/defocus blur + haze/059,A,defocus blur+haze,059,/root/autodl-tmp/aaa/graphrestore/artifacts/formal_mio100/graphrestore_v7_1_stage4_step040000/methods/graphrestore_v7_1_stage4_step040000/d2/defocus blur+haze/059.png,9b603dc177322a32d8f173683864ffb17b80e6b7a4060fd33e5578643269919a,/root/autodl-tmp/graph/data/graphrestore/raw/agenticir/extracted/HQ/059.png,e60c8277194566df02c7cefc895d1390756059f7a29ac67206ec202f1b897add,24.563901901245117,0.8177793457288098,285.6883108615875,1,1,2,0,0,0,0,0.1178823718638853
test/A/defocus blur + haze/060,A,defocus blur+haze,060,/root/autodl-tmp/aaa/graphrestore/artifacts/formal_mio100/graphrestore_v7_1_stage4_step040000/methods/graphrestore_v7_1_stage4_step040000/d2/defocus blur+haze/060.png,f7c8de31457c8e1f8990cb0ab175a1aef967473bd340fa96bf8872227c2e86ff,/root/autodl-tmp/graph/data/graphrestore/raw/agenticir/extracted/HQ/060.png,d173273231bf0b68767ae3e287f4f34baa71e7d986a98c43a41fa9668fd8a0d4,16.104248046875,0.7930949801678591,258.8101997971535,1,1,2,0,0,0,0,0.1178823718638853
test/A/defocus blur + haze/063,A,defocus blur+haze,063,/root/autodl-tmp/aaa/graphrestore/artifacts/formal_mio100/graphrestore_v7_1_stage4_step040000/methods/graphrestore_v7_1_stage4_step040000/d2/defocus blur+haze/063.png,b1f0703a388ebf94610e1d49d818036af0930c8e732ad0afe9a81cd2405aec5a,/root/autodl-tmp/graph/data/graphrestore/raw/agenticir/extracted/HQ/063.png,f7ccce7c58be38c16fb08060b8b379825cb0417a04e6813c72985768a480929c,23.140487670898438,0.7831915153611773,260.1305916905403,1,1,2,0,0,0,0,0.1178823718638853
test/A/defocus blur + haze/064,A,defocus blur+haze,064,/root/autodl-tmp/aaa/graphrestore/artifacts/formal_mio100/graphrestore_v7_1_stage4_step040000/methods/graphrestore_v7_1_stage4_step040000/d2/defocus blur+haze/064.png,877bb357412a50eb73f61c5639ef7d17841efc8f98db843b13b1d43ddf8b67ae,/root/autodl-tmp/graph/data/graphrestore/raw/agenticir/extracted/HQ/064.png,b34caae8d574b2c008d53ceb0490df55c099e68844b2819f0c02fc50db26cee0,26.91942596435547,0.823401163922203,285.55529564619064,1,1,2,0,0,0,0,0.1178823718638853
test/A/defocus blur + haze/065,A,defocus blur+haze,065,/root/autodl-tmp/aaa/graphrestore/artifacts/formal_mio100/graphrestore_v7_1_stage4_step040000/methods/graphrestore_v7_1_stage4_step040000/d2/defocus blur+haze/065.png,7f2c47be1b212a8fac1ef14262ecaede76aa4e839506347a60fba2aa465ca144,/root/autodl-tmp/graph/data/graphrestore/raw/agenticir/extracted/HQ/065.png,f0770ae16bf79be3b5d94a7868da009f5ce1bbf54bfe5c879e352a4df590ef63,24.37267303466797,0.7073105205105683,565.3568357229233,2,0,2,0,0,0,0,0.1178823718638853
test/A/defocus blur + haze/066,A,defocus blur+haze,066,/root/autodl-tmp/aaa/graphrestore/artifacts/formal_mio100/graphrestore_v7_1_stage4_step040000/methods/graphrestore_v7_1_stage4_step040000/d2/defocus blur+haze/066.png,7253440786d002268f514ff38e2dd49f2b1db1f4a060456efbfc76d8f743a498,/root/autodl-tmp/graph/data/graphrestore/raw/agenticir/extracted/HQ/066.png,a19230b326bd2fb5c26ae283f65bf0b85f39f90421056a47c7ecd6d683379aff,26.243549346923828,0.8821707521008947,316.12471491098404,1,1,2,0,0,0,0,0.1178823718638853
test/A/defocus blur + haze/067,A,defocus blur+haze,067,/root/autodl-tmp/aaa/graphrestore/artifacts/formal_mio100/graphrestore_v7_1_stage4_step040000/methods/graphrestore_v7_1_stage4_step040000/d2/defocus blur+haze/067.png,408180a266077952aabe8f16b7a1109fba951753ed000778c88ff4fd6cb01b84,/root/autodl-tmp/graph/data/graphrestore/raw/agenticir/extracted/HQ/067.png,91cd9f021a6902b7f3220c6a373cba11f3bfbe4e4984c1d6fc4be0c76acb67a0,23.166139602661133,0.829971227128692,259.84691828489304,1,1,2,0,0,0,0,0.1178823718638853
test/A/defocus blur + haze/068,A,defocus blur+haze,068,/root/autodl-tmp/aaa/graphrestore/artifacts/formal_mio100/graphrestore_v7_1_stage4_step040000/methods/graphrestore_v7_1_stage4_step040000/d2/defocus blur+haze/068.png,1bbd9ae562190036e0cc6c6073c7cd1c28dbe239b9c32935d6e92f49a2d6f11f,/root/autodl-tmp/graph/data/graphrestore/raw/agenticir/extracted/HQ/068.png,b8187d79db16002364f6017df807e6cac41e7ee9a68413a384b1bd69eddaa638,26.286317825317383,0.8649740529407424,258.69206339120865,1,1,2,0,0,0,0,0.1178823718638853
test/A/defocus blur + haze/069,A,defocus blur+haze,069,/root/autodl-tmp/aaa/graphrestore/artifacts/formal_mio100/graphrestore_v7_1_stage4_step040000/methods/graphrestore_v7_1_stage4_step040000/d2/defocus blur+haze/069.png,ad744b8b4346b0a9ae6cbd27a6ee6e76b25dd69a028f9188dd47d3fc41fd0d77,/root/autodl-tmp/graph/data/graphrestore/raw/agenticir/extracted/HQ/069.png,abb08be58f50075e5e6b1de44ddfe61c30ebb34882e9d72681edd73a5cdbb156,25.065277099609375,0.7057384001609849,564.9868026375771,2,0,2,1,0,0,0,0.1178823718638853
test/A/defocus blur + haze/070,A,defocus blur+haze,070,/root/autodl-tmp/aaa/graphrestore/artifacts/formal_mio100/graphrestore_v7_1_stage4_step040000/methods/graphrestore_v7_1_stage4_step040000/d2/defocus blur+haze/070.png,3e8df115ece5f8053af6df6ef21c776553795289531faa18b90f9200e36e33e1,/root/autodl-tmp/graph/data/graphrestore/raw/agenticir/extracted/HQ/070.png,718ae2570e431003fb32f2a40e19f813545164ace18230ac03f9ec96b2747f85,20.591243743896484,0.8823880784827067,259.13576036691666,1,1,2,0,0,0,0,0.1178823718638853
test/A/defocus blur + haze/073,A,defocus blur+haze,073,/root/autodl-tmp/aaa/graphrestore/artifacts/formal_mio100/graphrestore_v7_1_stage4_step040000/methods/graphrestore_v7_1_stage4_step040000/d2/defocus blur+haze/073.png,d110ed21ffe5972acf4b68a03171512cd4aabf6967c1ecc7ca80844f2c5a8615,/root/autodl-tmp/graph/data/graphrestore/raw/agenticir/extracted/HQ/073.png,e4a8516954bfb4b79f2fc6194b6b4a8ed63250e14fe7ce0b6f6d77c922f84730,27.704057693481445,0.9244854884375309,314.37868624925613,1,1,2,0,0,0,0,0.1178823718638853
test/A/defocus blur + haze/074,A,defocus blur+haze,074,/root/autodl-tmp/aaa/graphrestore/artifacts/formal_mio100/graphrestore_v7_1_stage4_step040000/methods/graphrestore_v7_1_stage4_step040000/d2/defocus blur+haze/074.png,0f863c8e44c538535800bf3a9fde9061b8c13f79e8cf4fcca13eb429e62fcab4,/root/autodl-tmp/graph/data/graphrestore/raw/agenticir/extracted/HQ/074.png,cfa80e9825a34173ab0d1810b1b63bf645aa1b6b743966a77d7d03463319fd8e,18.479501724243164,0.7464800611785398,260.3823319077492,1,1,2,0,0,0,0,0.1178823718638853
test/A/defocus blur + haze/075,A,defocus blur+haze,075,/root/autodl-tmp/aaa/graphrestore/artifacts/formal_mio100/graphrestore_v7_1_stage4_step040000/methods/graphrestore_v7_1_stage4_step040000/d2/defocus blur+haze/075.png,a3c73739a10e5c57603cb4090e848caf0398b5f9cfca3bf54c9cf85ec2a9a782,/root/autodl-tmp/graph/data/graphrestore/raw/agenticir/extracted/HQ/075.png,637e76a0398c825f3214d13b10485f7c180dc359b838ade377382c22c8f6b788,22.27349090576172,0.7700941901320937,259.5786526799202,1,1,2,0,0,0,0,0.1178823718638853
test/A/defocus blur + haze/076,A,defocus blur+haze,076,/root/autodl-tmp/aaa/graphrestore/artifacts/formal_mio100/graphrestore_v7_1_stage4_step040000/methods/graphrestore_v7_1_stage4_step040000/d2/defocus blur+haze/076.png,3fa31ea56aa545fc35993ca43f3c74a766f76993feea4fc1058269d71a5663f1,/root/autodl-tmp/graph/data/graphrestore/raw/agenticir/extracted/HQ/076.png,28f7193b83d2979c14a7c73e95657ce02a2cc902196495bea289e190f48cecae,16.88838005065918,0.5975733816527282,259.5904618501663,1,1,2,0,0,0,0,0.1178823718638853
test/A/defocus blur + haze/077,A,defocus blur+haze,077,/root/autodl-tmp/aaa/graphrestore/artifacts/formal_mio100/graphrestore_v7_1_stage4_step040000/methods/graphrestore_v7_1_stage4_step040000/d2/defocus blur+haze/077.png,f05b8c2c0e2d9ecd7aefb78721ea7ece57e1e40ef1825a038d177b41ebf24caf,/root/autodl-tmp/graph/data/graphrestore/raw/agenticir/extracted/HQ/077.png,6d0b3c0c4255ee2de7c3c275c114eb531248c06fce157913f4e69dacd492cc91,25.78510093688965,0.841746747337934,258.9036226272583,1,1,2,0,0,0,0,0.1178823718638853
test/A/defocus blur + haze/078,A,defocus blur+haze,078,/root/autodl-tmp/aaa/graphrestore/artifacts/formal_mio100/graphrestore_v7_1_stage4_step040000/methods/graphrestore_v7_1_stage4_step040000/d2/defocus blur+haze/078.png,66f7dee0c9cd425e203cd5c2dc1db441eee2e655459fe60a5043a0e189d86a60,/root/autodl-tmp/graph/data/graphrestore/raw/agenticir/extracted/HQ/078.png,ae84b8b3592a0f623d5bd2c5791b049e6fd87155614fbbad37f1ac00a2cfa870,21.071815490722656,0.7801178418629402,315.77812135219574,1,1,2,0,0,0,0,0.1178823718638853
test/A/defocus blur + haze/079,A,defocus blur+haze,079,/root/autodl-tmp/aaa/graphrestore/artifacts/formal_mio100/graphrestore_v7_1_stage4_step040000/methods/graphrestore_v7_1_stage4_step040000/d2/defocus blur+haze/079.png,29f99d881ba569cc2cd1b6325edb91d5dd1f83c30c73f742f00a49ac0fb4dbcd,/root/autodl-tmp/graph/data/graphrestore/raw/agenticir/extracted/HQ/079.png,166cde30b17743be2ca3fb2c29004e0b38b126bfa1d8d5f41013c23eb248aad5,21.054908752441406,0.5597962175074852,524.5058089494705,2,0,2,1,0,0,0,0.1178823718638853
test/A/defocus blur + haze/080,A,defocus blur+haze,080,/root/autodl-tmp/aaa/graphrestore/artifacts/formal_mio100/graphrestore_v7_1_stage4_step040000/methods/graphrestore_v7_1_stage4_step040000/d2/defocus blur+haze/080.png,332b664e2ebac976e436345226295dce09ecffdc14ebeb211364e95ba3a8971a,/root/autodl-tmp/graph/data/graphrestore/raw/agenticir/extracted/HQ/080.png,b208599722bce230536ae4db62272e883a7714d4bfca7d73e1361da3b2ca9225,20.610393524169922,0.8583465112048005,258.87642055749893,1,1,2,0,0,0,0,0.1178823718638853
test/A/defocus blur + haze/083,A,defocus blur+haze,083,/root/autodl-tmp/aaa/graphrestore/artifacts/formal_mio100/graphrestore_v7_1_stage4_step040000/methods/graphrestore_v7_1_stage4_step040000/d2/defocus blur+haze/083.png,2ff0de559a09070b53e8bd79923537e91664905876ef54f4fd63ee19026a9301,/root/autodl-tmp/graph/data/graphrestore/raw/agenticir/extracted/HQ/083.png,4772b8d475dfc90626760cea35452db0ee8dfdd89f7cd8def57f8b4d74ecef44,21.510089874267578,0.7752896017917331,286.22719645500183,1,1,2,0,0,0,0,0.1178823718638853
test/A/defocus blur + haze/084,A,defocus blur+haze,084,/root/autodl-tmp/aaa/graphrestore/artifacts/formal_mio100/graphrestore_v7_1_stage4_step040000/methods/graphrestore_v7_1_stage4_step040000/d2/defocus blur+haze/084.png,50d4896097da02cc7bbda8d895e26d6a4edb06a78a506634b3a5f44e5c1a0f99,/root/autodl-tmp/graph/data/graphrestore/raw/agenticir/extracted/HQ/084.png,1bc34c4607ba66d84248fe8e7d5e30546ae13841542d8b1cb9146f2a2485df64,20.821949005126953,0.9121434767126017,258.43486934900284,1,1,2,0,0,0,0,0.1178823718638853
test/A/defocus blur + haze/085,A,defocus blur+haze,085,/root/autodl-tmp/aaa/graphrestore/artifacts/formal_mio100/graphrestore_v7_1_stage4_step040000/methods/graphrestore_v7_1_stage4_step040000/d2/defocus blur+haze/085.png,50f7a52dca98b108a64ff6419a3aa6203da81fecbd06fde5eb9fd1ad5fea9126,/root/autodl-tmp/graph/data/graphrestore/raw/agenticir/extracted/HQ/085.png,6174b7cb004afd2a578ec1950d92b99c41115b5a6bf70a511f19156c62bd5274,22.022842407226562,0.7920191649258792,259.20455902814865,1,1,2,0,0,0,0,0.1178823718638853
test/A/defocus blur + haze/086,A,defocus blur+haze,086,/root/autodl-tmp/aaa/graphrestore/artifacts/formal_mio100/graphrestore_v7_1_stage4_step040000/methods/graphrestore_v7_1_stage4_step040000/d2/defocus blur+haze/086.png,44a95a11bf1205cdc8bffbaa534e9a4a8fb782358232929dd26b4d94c947bfec,/root/autodl-tmp/graph/data/graphrestore/raw/agenticir/extracted/HQ/086.png,68a629299aaf0e4d70065c504c9b3e397721fa17a25c2585446914aa5c7bafb5,23.446727752685547,0.8456461318734315,259.27993655204773,1,1,2,0,0,0,0,0.1178823718638853
test/A/defocus blur + haze/087,A,defocus blur+haze,087,/root/autodl-tmp/aaa/graphrestore/artifacts/formal_mio100/graphrestore_v7_1_stage4_step040000/methods/graphrestore_v7_1_stage4_step040000/d2/defocus blur+haze/087.png,b2d9f93c18149ca47ad915b34d9194349d9b3011bf29bf0a284d0b3357c37cc6,/root/autodl-tmp/graph/data/graphrestore/raw/agenticir/extracted/HQ/087.png,059a862de1498fc3b783bcfcce8fad399573aa912bb6638bbd3d43d23b88cdc6,21.198856353759766,0.6681667759610351,465.1372358202934,2,0,2,1,0,0,0,0.1178823718638853
test/A/defocus blur + haze/088,A,defocus blur+haze,088,/root/autodl-tmp/aaa/graphrestore/artifacts/formal_mio100/graphrestore_v7_1_stage4_step040000/methods/graphrestore_v7_1_stage4_step040000/d2/defocus blur+haze/088.png,90b65f5e199b6ee1182563fb9431931ea64a360bba5bcd4f93861b97f1415886,/root/autodl-tmp/graph/data/graphrestore/raw/agenticir/extracted/HQ/088.png,e76841066e027bd2a2fa101a4598c597d4891a7c535e3cc3195b7afcc249d7ae,27.63724136352539,0.9132661764115767,314.2372891306877,1,1,2,0,0,0,0,0.1178823718638853
test/A/defocus blur + haze/089,A,defocus blur+haze,089,/root/autodl-tmp/aaa/graphrestore/artifacts/formal_mio100/graphrestore_v7_1_stage4_step040000/methods/graphrestore_v7_1_stage4_step040000/d2/defocus blur+haze/089.png,fd2b59175f35c016a7c67c61942ecf9795e0a972c50cc3f0db1a164b95eef501,/root/autodl-tmp/graph/data/graphrestore/raw/agenticir/extracted/HQ/089.png,046e493440ea7499fe07cec3853e6e170225ce6cdc903aac14730fa6b9bf36ab,21.354074478149414,0.8141822606786397,258.52999091148376,1,1,2,0,0,0,0,0.1178823718638853
test/A/defocus blur + haze/090,A,defocus blur+haze,090,/root/autodl-tmp/aaa/graphrestore/artifacts/formal_mio100/graphrestore_v7_1_stage4_step040000/methods/graphrestore_v7_1_stage4_step040000/d2/defocus blur+haze/090.png,56d2c0ee9700ea2623d102d95ef3199a04a94779e6de589116dc5ad600316abf,/root/autodl-tmp/graph/data/graphrestore/raw/agenticir/extracted/HQ/090.png,830f74b8389bfef595e56e910efc49cf4246f6f7bd552ea8c45d071a0113053c,23.843738555908203,0.8260110864243926,286.47106140851974,1,1,2,0,0,0,0,0.1178823718638853
test/A/defocus blur + haze/093,A,defocus blur+haze,093,/root/autodl-tmp/aaa/graphrestore/artifacts/formal_mio100/graphrestore_v7_1_stage4_step040000/methods/graphrestore_v7_1_stage4_step040000/d2/defocus blur+haze/093.png,06c46a313f5c2fa82eb7111f10bec0385b7cb76838fa0c1a7a45aa8b18bace56,/root/autodl-tmp/graph/data/graphrestore/raw/agenticir/extracted/HQ/093.png,b9ef1df7a3be70176f064c2568ea12d8cd9c9c54b3e8fd72bca53d170eaf06f2,23.67444610595703,0.8064415057284341,423.5592857003212,1,1,2,0,0,0,0,0.1178823718638853
test/A/defocus blur + haze/094,A,defocus blur+haze,094,/root/autodl-tmp/aaa/graphrestore/artifacts/formal_mio100/graphrestore_v7_1_stage4_step040000/methods/graphrestore_v7_1_stage4_step040000/d2/defocus blur+haze/094.png,101d8b6354121fb03c742d5ef562542be5c9602a98d2cbd53bc4eb493979d7e4,/root/autodl-tmp/graph/data/graphrestore/raw/agenticir/extracted/HQ/094.png,45dab31fa407b6793844322a5e147cdfedc3bfa449cd28fc9605f41dba80966d,22.669761657714844,0.7368141623243155,471.74347937107086,2,0,2,0,0,0,0,0.1178823718638853
test/A/defocus blur + haze/095,A,defocus blur+haze,095,/root/autodl-tmp/aaa/graphrestore/artifacts/formal_mio100/graphrestore_v7_1_stage4_step040000/methods/graphrestore_v7_1_stage4_step040000/d2/defocus blur+haze/095.png,21e153666129670d71b62c9ea61618828c9993590b980bd7a01b496aaecf4ca9,/root/autodl-tmp/graph/data/graphrestore/raw/agenticir/extracted/HQ/095.png,2f04f8c811593049180a1c6bdcf5d723d3c2f6443ba518c407e4976d7a6b2637,19.452354431152344,0.7998478324419628,232.73780196905136,1,1,2,0,0,0,0,0.1178823718638853
test/A/defocus blur + haze/096,A,defocus blur+haze,096,/root/autodl-tmp/aaa/graphrestore/artifacts/formal_mio100/graphrestore_v7_1_stage4_step040000/methods/graphrestore_v7_1_stage4_step040000/d2/defocus blur+haze/096.png,bb82b091e40f31391c8238410ef2c2e0349293456b9eb738c0a9f51c44ea6d41,/root/autodl-tmp/graph/data/graphrestore/raw/agenticir/extracted/HQ/096.png,3ac9dbd626f9e294ae10a8ab11a34f6c0132ed355627d25ce3f8790f701fae29,22.439937591552734,0.7907339457476134,259.32877510786057,1,1,2,0,0,0,0,0.1178823718638853
test/A/defocus blur + haze/097,A,defocus blur+haze,097,/root/autodl-tmp/aaa/graphrestore/artifacts/formal_mio100/graphrestore_v7_1_stage4_step040000/methods/graphrestore_v7_1_stage4_step040000/d2/defocus blur+haze/097.png,cd930ef23b1c2d03b35f76003db5719b06dedc7f2531f59e61cbccd91282d5c8,/root/autodl-tmp/graph/data/graphrestore/raw/agenticir/extracted/HQ/097.png,9b6c3c0d294f54e89b51656b0163aa8d0715dd7904848721ea76c07ccf737d2e,24.510009765625,0.8989395143038285,258.517824113369,1,1,2,0,0,0,0,0.1178823718638853
test/A/defocus blur + haze/098,A,defocus blur+haze,098,/root/autodl-tmp/aaa/graphrestore/artifacts/formal_mio100/graphrestore_v7_1_stage4_step040000/methods/graphrestore_v7_1_stage4_step040000/d2/defocus blur+haze/098.png,9bf8f2834c45848a09cee25269aff0fc1c5245ecc40440260e40d27c473694c3,/root/autodl-tmp/graph/data/graphrestore/raw/agenticir/extracted/HQ/098.png,f0574e5262ab9942e66006e0df3aab8738de997489badc302e131ae74299181f,21.702373504638672,0.7691510850562211,313.9962926506996,1,1,2,0,0,0,0,0.1178823718638853
test/A/defocus blur + haze/099,A,defocus blur+haze,099,/root/autodl-tmp/aaa/graphrestore/artifacts/formal_mio100/graphrestore_v7_1_stage4_step040000/methods/graphrestore_v7_1_stage4_step040000/d2/defocus blur+haze/099.png,fde6f952886b48f78b26a9705a80759272a8aacee5535188fc3a22c393cc5860,/root/autodl-tmp/graph/data/graphrestore/raw/agenticir/extracted/HQ/099.png,15ddff6cab9869d7fe8a7cb6fd328b436bbfa9b089e6adcbba7a5048e4c97f8b,21.694984436035156,0.7316062628344466,263.76744359731674,1,1,2,0,0,0,0,0.1178823718638853
test/A/defocus blur + haze/100,A,defocus blur+haze,100,/root/autodl-tmp/aaa/graphrestore/artifacts/formal_mio100/graphrestore_v7_1_stage4_step040000/methods/graphrestore_v7_1_stage4_step040000/d2/defocus blur+haze/100.png,5e0ec7878424a707487709229715be5b0ad1683f03d41e9c85aea829d9c83f09,/root/autodl-tmp/graph/data/graphrestore/raw/agenticir/extracted/HQ/100.png,b7f5d60dbb3e7047b9c62efc7d61db97052a2cde687d3fae367a14a6793a0c40,20.813255310058594,0.7214296667798639,465.34302085638046,2,0,2,1,0,0,0,0.1178823718638853
test/A/defocus blur + jpeg compression artifact/003,A,defocus blur+jpeg compression artifact,003,/root/autodl-tmp/aaa/graphrestore/artifacts/formal_mio100/graphrestore_v7_1_stage4_step040000/methods/graphrestore_v7_1_stage4_step040000/d2/defocus blur+jpeg compression artifact/003.png,3fae0d2b079ab97a2c3c66ef6404a530723019c5bfa732d1137f792192b091c7,/root/autodl-tmp/graph/data/graphrestore/raw/agenticir/extracted/HQ/003.png,c2a2513992db412a7160dfa2f82535dccaa188db91df80ee6ed5b0dd5c5d2d1a,26.25835609436035,0.7560463231079758,303.55120450258255,1,1,2,0,0,0,0,0.1178823718638853
test/A/defocus blur + jpeg compression artifact/004,A,defocus blur+jpeg compression artifact,004,/root/autodl-tmp/aaa/graphrestore/artifacts/formal_mio100/graphrestore_v7_1_stage4_step040000/methods/graphrestore_v7_1_stage4_step040000/d2/defocus blur+jpeg compression artifact/004.png,6aaea93148348b488c58e0dfc7ab3070231fd97770c630cdf02bf96ad9bd4ec9,/root/autodl-tmp/graph/data/graphrestore/raw/agenticir/extracted/HQ/004.png,f1ad3f60cd8e680739263535ab1620a2490f3bc0c65a9355a965c7dff9be1fed,27.35464859008789,0.7891311854655862,339.62923288345337,1,1,2,0,0,0,0,0.1178823718638853
test/A/defocus blur + jpeg compression artifact/005,A,defocus blur+jpeg compression artifact,005,/root/autodl-tmp/aaa/graphrestore/artifacts/formal_mio100/graphrestore_v7_1_stage4_step040000/methods/graphrestore_v7_1_stage4_step040000/d2/defocus blur+jpeg compression artifact/005.png,53c5abe9abd345a4a5cc8d566143920d2e681ccbb52f303fdd8ec5cc3170c94b,/root/autodl-tmp/graph/data/graphrestore/raw/agenticir/extracted/HQ/005.png,1d8eb1ef9c1817c087956135efa85be686e7169ef11eb532c768d32d7267a0ff,20.50334930419922,0.5449584459078985,312.240369617939,1,1,2,0,0,0,0,0.1178823718638853
test/A/defocus blur + jpeg compression artifact/006,A,defocus blur+jpeg compression artifact,006,/root/autodl-tmp/aaa/graphrestore/artifacts/formal_mio100/graphrestore_v7_1_stage4_step040000/methods/graphrestore_v7_1_stage4_step040000/d2/defocus blur+jpeg compression artifact/006.png,2ea39388a8ae6505827dcb44ebcf5e3219d7336bc087977f8489b5668b880c65,/root/autodl-tmp/graph/data/graphrestore/raw/agenticir/extracted/HQ/006.png,f62feddd2f379d039dd1effe18b6368c79a6fe31fb8177f797c9f230eb8e1211,27.962162017822266,0.7092488007423339,254.00526821613312,1,1,2,0,0,0,0,0.1178823718638853
test/A/defocus blur + jpeg compression artifact/007,A,defocus blur+jpeg compression artifact,007,/root/autodl-tmp/aaa/graphrestore/artifacts/formal_mio100/graphrestore_v7_1_stage4_step040000/methods/graphrestore_v7_1_stage4_step040000/d2/defocus blur+jpeg compression artifact/007.png,cb467ff88aac9fa7f909c76333362f83c1158e514881e23d13c0e7271ef3c59d,/root/autodl-tmp/graph/data/graphrestore/raw/agenticir/extracted/HQ/007.png,b876f087d5f42a9350f28383ff2df22156b6bbba702809d134b7713d9430881c,24.83481216430664,0.6330816716407589,254.92723286151886,1,1,2,0,0,0,0,0.1178823718638853
test/A/defocus blur + jpeg compression artifact/008,A,defocus blur+jpeg compression artifact,008,/root/autodl-tmp/aaa/graphrestore/artifacts/formal_mio100/graphrestore_v7_1_stage4_step040000/methods/graphrestore_v7_1_stage4_step040000/d2/defocus blur+jpeg compression artifact/008.png,954ff65a7bb28c43cc0ca39b6e628d8095330fa1a1c2b4fa10ca41b32efb9114,/root/autodl-tmp/graph/data/graphrestore/raw/agenticir/extracted/HQ/008.png,4efb8dbbd2ba5090b7b951a456ec5ed27a5d61360ab95cb1c5a9366f2868cb94,26.15036392211914,0.6812204363146643,364.65591937303543,1,1,2,0,0,0,0,0.1178823718638853
test/A/defocus blur + jpeg compression artifact/009,A,defocus blur+jpeg compression artifact,009,/root/autodl-tmp/aaa/graphrestore/artifacts/formal_mio100/graphrestore_v7_1_stage4_step040000/methods/graphrestore_v7_1_stage4_step040000/d2/defocus blur+jpeg compression artifact/009.png,86a398dafc6f6730aca486f992478003e905220ce8692e7500d3a3e2ea1b4aca,/root/autodl-tmp/graph/data/graphrestore/raw/agenticir/extracted/HQ/009.png,5b779ac0fbe5d1e4d4126fd2864493dcc2ecdbde374ede7e29a054b2a9cb4f21,35.76683044433594,0.9514003300491861,401.67712420225143,1,1,2,0,0,0,0,0.1178823718638853
test/A/defocus blur + jpeg compression artifact/010,A,defocus blur+jpeg compression artifact,010,/root/autodl-tmp/aaa/graphrestore/artifacts/formal_mio100/graphrestore_v7_1_stage4_step040000/methods/graphrestore_v7_1_stage4_step040000/d2/defocus blur+jpeg compression artifact/010.png,38f5d5bc0d0224e816105d1f4475f394031a12926711af5f857dcba3f046b5ea,/root/autodl-tmp/graph/data/graphrestore/raw/agenticir/extracted/HQ/010.png,327492996d853f5c8873b435f98a91afd07db64567545baa61c9f4f64f717a0d,21.163307189941406,0.6192656916893352,426.69663578271866,1,1,2,0,0,0,0,0.1178823718638853
test/A/defocus blur + jpeg compression artifact/013,A,defocus blur+jpeg compression artifact,013,/root/autodl-tmp/aaa/graphrestore/artifacts/formal_mio100/graphrestore_v7_1_stage4_step040000/methods/graphrestore_v7_1_stage4_step040000/d2/defocus blur+jpeg compression artifact/013.png,ca404c75bf8e4779ee113ab62138f5b8ba42760ff7e807daf161ca47f771d306,/root/autodl-tmp/graph/data/graphrestore/raw/agenticir/extracted/HQ/013.png,afe18305499bd0b8318392e8f34ede33aafb5a0df2371075fe9f30a1c81a75eb,21.227794647216797,0.5506467309490669,317.56390631198883,1,1,2,0,0,0,0,0.1178823718638853
test/A/defocus blur + jpeg compression artifact/014,A,defocus blur+jpeg compression artifact,014,/root/autodl-tmp/aaa/graphrestore/artifacts/formal_mio100/graphrestore_v7_1_stage4_step040000/methods/graphrestore_v7_1_stage4_step040000/d2/defocus blur+jpeg compression artifact/014.png,796267084816883bcb2bd815b33558cf09a29efe0be11ab1ae137e95a2b6787c,/root/autodl-tmp/graph/data/graphrestore/raw/agenticir/extracted/HQ/014.png,2d569d9b923a96b1542c0b845dce0c7657794eba9f6f22ae5d02f335ef1bc4a0,26.702533721923828,0.8401545904526053,312.78277933597565,1,1,2,0,0,0,0,0.1178823718638853
test/A/defocus blur + jpeg compression artifact/015,A,defocus blur+jpeg compression artifact,015,/root/autodl-tmp/aaa/graphrestore/artifacts/formal_mio100/graphrestore_v7_1_stage4_step040000/methods/graphrestore_v7_1_stage4_step040000/d2/defocus blur+jpeg compression artifact/015.png,99da915dce01d2187bd115400864bcac92ebc4dd39fd15667c3a70e9f595a287,/root/autodl-tmp/graph/data/graphrestore/raw/agenticir/extracted/HQ/015.png,286adb5a1c45ee88f14e1b16e3af420910584bf5ebdd72c40cf75317559c731f,21.424596786499023,0.7114498487227597,257.3353499174118,1,1,2,0,0,0,0,0.1178823718638853
test/A/defocus blur + jpeg compression artifact/016,A,defocus blur+jpeg compression artifact,016,/root/autodl-tmp/aaa/graphrestore/artifacts/formal_mio100/graphrestore_v7_1_stage4_step040000/methods/graphrestore_v7_1_stage4_step040000/d2/defocus blur+jpeg compression artifact/016.png,14866db5dd709a361ce0b9e192f791ae099048487b90c0fee0917fffc6e115db,/root/autodl-tmp/graph/data/graphrestore/raw/agenticir/extracted/HQ/016.png,ddc71b4b9bd2a57cabf985c7743b8ff7083a0d9205008603edb440ba27da9313,20.22869110107422,0.5720885013447192,341.85517579317093,1,1,2,0,0,0,0,0.1178823718638853
test/A/defocus blur + jpeg compression artifact/017,A,defocus blur+jpeg compression artifact,017,/root/autodl-tmp/aaa/graphrestore/artifacts/formal_mio100/graphrestore_v7_1_stage4_step040000/methods/graphrestore_v7_1_stage4_step040000/d2/defocus blur+jpeg compression artifact/017.png,7b87fd36f4696d296c2d2cee087d842c70c0ba70a2e4f13ecce527ddb5d17829,/root/autodl-tmp/graph/data/graphrestore/raw/agenticir/extracted/HQ/017.png,ab3ab0c03c2d8c9c0befbcad219fae23c9795fdf99d664630f4f4febbd02c519,26.530982971191406,0.8219044183341188,262.6987025141716,1,1,2,0,0,0,0,0.1178823718638853
test/A/defocus blur + jpeg compression artifact/018,A,defocus blur+jpeg compression artifact,018,/root/autodl-tmp/aaa/graphrestore/artifacts/formal_mio100/graphrestore_v7_1_stage4_step040000/methods/graphrestore_v7_1_stage4_step040000/d2/defocus blur+jpeg compression artifact/018.png,3b54e1d63b627a13ff2b26b3833396d93fce81e7f8d5c446941184d6a3a5ef78,/root/autodl-tmp/graph/data/graphrestore/raw/agenticir/extracted/HQ/018.png,66db8e4aeb78f506ae4415572eb910726c3f16ede70138093ab4eced187b8df1,18.287864685058594,0.37255143752103353,319.9145868420601,1,1,2,0,0,0,0,0.1178823718638853
test/A/defocus blur + jpeg compression artifact/019,A,defocus blur+jpeg compression artifact,019,/root/autodl-tmp/aaa/graphrestore/artifacts/formal_mio100/graphrestore_v7_1_stage4_step040000/methods/graphrestore_v7_1_stage4_step040000/d2/defocus blur+jpeg compression artifact/019.png,40b74116b361ed8a7d1bb3775e3b1f98d136c18de4093072b72ef166740fe0a9,/root/autodl-tmp/graph/data/graphrestore/raw/agenticir/extracted/HQ/019.png,fb026cef85a4f7e64ad7c5f064ed15de1f04a7a7b6bde70b28ee78a55db21aeb,21.399995803833008,0.714717573353173,257.9739987850189,1,1,2,0,0,0,0,0.1178823718638853
test/A/defocus blur + jpeg compression artifact/020,A,defocus blur+jpeg compression artifact,020,/root/autodl-tmp/aaa/graphrestore/artifacts/formal_mio100/graphrestore_v7_1_stage4_step040000/methods/graphrestore_v7_1_stage4_step040000/d2/defocus blur+jpeg compression artifact/020.png,a525ed435eb82d466acf433b5d59f0dff19d830bab4d9517886308e823d4c16b,/root/autodl-tmp/graph/data/graphrestore/raw/agenticir/extracted/HQ/020.png,daa15d9f51eab9eca70197a7f05df7873e3eab75e432b0a81fe9488be552f37a,19.47822380065918,0.6580628965740724,313.533678650856,1,1,2,0,0,0,0,0.1178823718638853
test/A/defocus blur + jpeg compression artifact/023,A,defocus blur+jpeg compression artifact,023,/root/autodl-tmp/aaa/graphrestore/artifacts/formal_mio100/graphrestore_v7_1_stage4_step040000/methods/graphrestore_v7_1_stage4_step040000/d2/defocus blur+jpeg compression artifact/023.png,a30632993c3cf3f65af6a9af6ff2ae711f39cbfd123157851804492933e5247d,/root/autodl-tmp/graph/data/graphrestore/raw/agenticir/extracted/HQ/023.png,befde78eca5789c87200ca1e2ac905ba8ad5706b50af86454bd30bc857c90e02,21.269521713256836,0.635284764634663,259.92751866579056,1,1,2,0,0,0,0,0.1178823718638853
test/A/defocus blur + jpeg compression artifact/024,A,defocus blur+jpeg compression artifact,024,/root/autodl-tmp/aaa/graphrestore/artifacts/formal_mio100/graphrestore_v7_1_stage4_step040000/methods/graphrestore_v7_1_stage4_step040000/d2/defocus blur+jpeg compression artifact/024.png,86fad3eb4b0aef1b5c5a6262bffaeb0a9f5b17b5b54070400547b4dcbbb40fc7,/root/autodl-tmp/graph/data/graphrestore/raw/agenticir/extracted/HQ/024.png,e51441e174dd8dc0c47872ccb4221ab3f054b716588ee0f42d58a56098bd9538,21.60595703125,0.6193796999215665,259.53058898448944,1,1,2,0,0,0,0,0.1178823718638853
test/A/defocus blur + jpeg compression artifact/025,A,defocus blur+jpeg compression artifact,025,/root/autodl-tmp/aaa/graphrestore/artifacts/formal_mio100/graphrestore_v7_1_stage4_step040000/methods/graphrestore_v7_1_stage4_step040000/d2/defocus blur+jpeg compression artifact/025.png,4b4e89710da723a0881860be8dd23de119a9ac2fef20c353fbbe52980841b1bc,/root/autodl-tmp/graph/data/graphrestore/raw/agenticir/extracted/HQ/025.png,f384d4a9bc3c31bc29038378f849002dc4ff2db373d852b732f5cfc24ebed244,25.317771911621094,0.5677272162645768,258.3119571208954,1,1,2,0,0,0,0,0.1178823718638853
test/A/defocus blur + jpeg compression artifact/026,A,defocus blur+jpeg compression artifact,026,/root/autodl-tmp/aaa/graphrestore/artifacts/formal_mio100/graphrestore_v7_1_stage4_step040000/methods/graphrestore_v7_1_stage4_step040000/d2/defocus blur+jpeg compression artifact/026.png,da8e112daedf5699b33e38604325da9ca802aaf71e7238e2ba1c89ada95bbc5e,/root/autodl-tmp/graph/data/graphrestore/raw/agenticir/extracted/HQ/026.png,cfce1d4c02a00f28988a64f63cd538c4147c3a72c147a6549d71f1105d671224,30.84588623046875,0.8708812323614314,314.91704285144806,1,1,2,0,0,0,0,0.1178823718638853
test/A/defocus blur + jpeg compression artifact/027,A,defocus blur+jpeg compression artifact,027,/root/autodl-tmp/aaa/graphrestore/artifacts/formal_mio100/graphrestore_v7_1_stage4_step040000/methods/graphrestore_v7_1_stage4_step040000/d2/defocus blur+jpeg compression artifact/027.png,5686d4bf61ff83aa29182f4315df7bdc2ffbe123938a053dcbba004d86a1a4d5,/root/autodl-tmp/graph/data/graphrestore/raw/agenticir/extracted/HQ/027.png,d69be3d26f3d3c95ffd9de3bd8d565120e0f09fb4aa84c72ae18d8fc4f871aae,24.015491485595703,0.6316180852665501,314.003124833107,1,1,2,0,0,0,0,0.1178823718638853
test/A/defocus blur + jpeg compression artifact/028,A,defocus blur+jpeg compression artifact,028,/root/autodl-tmp/aaa/graphrestore/artifacts/formal_mio100/graphrestore_v7_1_stage4_step040000/methods/graphrestore_v7_1_stage4_step040000/d2/defocus blur+jpeg compression artifact/028.png,c421ec2e1646b56fe2480e006ab3ffc6b1c2dfa124979418765b63d23cf252c3,/root/autodl-tmp/graph/data/graphrestore/raw/agenticir/extracted/HQ/028.png,181f97da79059de1a93d1a0d30f6851393282c6af8b607d83ce29ab8c9dbf771,32.53018569946289,0.8965760561935382,258.34446400403976,1,1,2,0,0,0,0,0.1178823718638853
test/A/defocus blur + jpeg compression artifact/029,A,defocus blur+jpeg compression artifact,029,/root/autodl-tmp/aaa/graphrestore/artifacts/formal_mio100/graphrestore_v7_1_stage4_step040000/methods/graphrestore_v7_1_stage4_step040000/d2/defocus blur+jpeg compression artifact/029.png,57cc1f660fb777a3b8e7c0b91f84ccb284741171909af44354c0738c15d96073,/root/autodl-tmp/graph/data/graphrestore/raw/agenticir/extracted/HQ/029.png,3c7f43d0544ada8d7b64d7bb197621349fa1dcdf8400fb6128afaf8787814556,25.627145767211914,0.6736642877582779,258.9584141969681,1,1,2,0,0,0,0,0.1178823718638853
test/A/defocus blur + jpeg compression artifact/030,A,defocus blur+jpeg compression artifact,030,/root/autodl-tmp/aaa/graphrestore/artifacts/formal_mio100/graphrestore_v7_1_stage4_step040000/methods/graphrestore_v7_1_stage4_step040000/d2/defocus blur+jpeg compression artifact/030.png,2d3bf4e0df4401b471abe6d89e991f8d387c5063212355f0f23bb6d3220daaa1,/root/autodl-tmp/graph/data/graphrestore/raw/agenticir/extracted/HQ/030.png,576b0158cf5a541dd6aaf522902400e8ba3175aacca36d9df22951f52acf3f2f,21.653318405151367,0.5977257626779693,232.1757823228836,1,1,2,0,0,0,0,0.1178823718638853
test/A/defocus blur + jpeg compression artifact/033,A,defocus blur+jpeg compression artifact,033,/root/autodl-tmp/aaa/graphrestore/artifacts/formal_mio100/graphrestore_v7_1_stage4_step040000/methods/graphrestore_v7_1_stage4_step040000/d2/defocus blur+jpeg compression artifact/033.png,317661034825501caa7d07619eb3262fd07f7de990ea0f84c3cca8b0d5f16633,/root/autodl-tmp/graph/data/graphrestore/raw/agenticir/extracted/HQ/033.png,9590f1419e378254c01f330c248e12e8a62792b04a27b72daf2c0afd6c41c758,21.41339111328125,0.5318759871927434,204.6881467103958,1,1,2,0,0,0,0,0.1178823718638853
test/A/defocus blur + jpeg compression artifact/034,A,defocus blur+jpeg compression artifact,034,/root/autodl-tmp/aaa/graphrestore/artifacts/formal_mio100/graphrestore_v7_1_stage4_step040000/methods/graphrestore_v7_1_stage4_step040000/d2/defocus blur+jpeg compression artifact/034.png,4b7e201832ecaf459ea30ba6daaa4498794ce4279492c647e3ceb15326898b5a,/root/autodl-tmp/graph/data/graphrestore/raw/agenticir/extracted/HQ/034.png,0575cc2334f8f50fcbd3d9f58173645db8764f938ee55e8899084ca2b66fd018,25.11152458190918,0.4643239847074797,286.1197963356972,1,1,2,0,0,0,0,0.1178823718638853
test/A/defocus blur + jpeg compression artifact/035,A,defocus blur+jpeg compression artifact,035,/root/autodl-tmp/aaa/graphrestore/artifacts/formal_mio100/graphrestore_v7_1_stage4_step040000/methods/graphrestore_v7_1_stage4_step040000/d2/defocus blur+jpeg compression artifact/035.png,382b8e887581382ef8bfb93fc506e5d6354bfc512f2bb74f61fc6ca1a7036800,/root/autodl-tmp/graph/data/graphrestore/raw/agenticir/extracted/HQ/035.png,4e230744a9cb7c3ebe976ae7267155312b876fb355283b4938b34b758aef7ff9,28.697521209716797,0.7974172581434845,316.25891476869583,1,1,2,0,0,0,0,0.1178823718638853
test/A/defocus blur + jpeg compression artifact/036,A,defocus blur+jpeg compression artifact,036,/root/autodl-tmp/aaa/graphrestore/artifacts/formal_mio100/graphrestore_v7_1_stage4_step040000/methods/graphrestore_v7_1_stage4_step040000/d2/defocus blur+jpeg compression artifact/036.png,0d6bc6cd64c546f85d7a73492fdb8b1075ba2944c455163f7a307bc277954a27,/root/autodl-tmp/graph/data/graphrestore/raw/agenticir/extracted/HQ/036.png,409fbd0ad51be33e9e2711cb7b22cb39999eaac6e278ca1621c20300be446d76,23.445011138916016,0.6741387668163067,264.0056535601616,1,1,2,0,0,0,0,0.1178823718638853
test/A/defocus blur + jpeg compression artifact/037,A,defocus blur+jpeg compression artifact,037,/root/autodl-tmp/aaa/graphrestore/artifacts/formal_mio100/graphrestore_v7_1_stage4_step040000/methods/graphrestore_v7_1_stage4_step040000/d2/defocus blur+jpeg compression artifact/037.png,00a275fc69c01e90d8723ab98ea68d71a92ed47d2299144263e39229a832a13c,/root/autodl-tmp/graph/data/graphrestore/raw/agenticir/extracted/HQ/037.png,8f31abe11ce5d5377f131fdc788024ffb8d5cfdda501c06a64ca1fc80fab0d07,25.14265251159668,0.7275181157633883,264.8756727576256,1,1,2,0,0,0,0,0.1178823718638853
test/A/defocus blur + jpeg compression artifact/038,A,defocus blur+jpeg compression artifact,038,/root/autodl-tmp/aaa/graphrestore/artifacts/formal_mio100/graphrestore_v7_1_stage4_step040000/methods/graphrestore_v7_1_stage4_step040000/d2/defocus blur+jpeg compression artifact/038.png,6f301ca1f777321322d89044cdbdfadc5272660488d033acd28add2ed6341238,/root/autodl-tmp/graph/data/graphrestore/raw/agenticir/extracted/HQ/038.png,fe7df2186482ca2cc105baed74cb1da9667b3b03e1629055880b6012db131aa1,24.495769500732422,0.6020205983790887,205.17726242542267,1,1,2,0,0,0,0,0.1178823718638853
test/A/defocus blur + jpeg compression artifact/039,A,defocus blur+jpeg compression artifact,039,/root/autodl-tmp/aaa/graphrestore/artifacts/formal_mio100/graphrestore_v7_1_stage4_step040000/methods/graphrestore_v7_1_stage4_step040000/d2/defocus blur+jpeg compression artifact/039.png,65cd900d2b4bc2286664357e9137ef4954005be3d043a25849540e5ff5378622,/root/autodl-tmp/graph/data/graphrestore/raw/agenticir/extracted/HQ/039.png,a2038f7610363fb1916197e0557fa84b50b610d86885a2d6409f9e3aa75fbbcd,26.754833221435547,0.893358939783066,260.15303283929825,1,1,2,0,0,0,0,0.1178823718638853
test/A/defocus blur + jpeg compression artifact/040,A,defocus blur+jpeg compression artifact,040,/root/autodl-tmp/aaa/graphrestore/artifacts/formal_mio100/graphrestore_v7_1_stage4_step040000/methods/graphrestore_v7_1_stage4_step040000/d2/defocus blur+jpeg compression artifact/040.png,5e5238756bae0ccfe86ef7dafed56d11575acd8301b27148af1e21906beae308,/root/autodl-tmp/graph/data/graphrestore/raw/agenticir/extracted/HQ/040.png,c5a9e4bb9d84a6734bdc04c272c48c1b17b150a1e346afab2338eb0ba41f1464,25.099346160888672,0.701034293637694,287.1595323085785,1,1,2,0,0,0,0,0.1178823718638853
test/A/defocus blur + jpeg compression artifact/043,A,defocus blur+jpeg compression artifact,043,/root/autodl-tmp/aaa/graphrestore/artifacts/formal_mio100/graphrestore_v7_1_stage4_step040000/methods/graphrestore_v7_1_stage4_step040000/d2/defocus blur+jpeg compression artifact/043.png,317be55003cf5acc5e3601738688e898ca7a14895ac85146fcf4607ee2e0529e,/root/autodl-tmp/graph/data/graphrestore/raw/agenticir/extracted/HQ/043.png,15880c27b3101797c4e5896dee7349ad832ac1c49fcd0c559b357f4e28296b4d,23.019920349121094,0.5390550012988814,265.4552385210991,1,1,2,0,0,0,0,0.1178823718638853
test/A/defocus blur + jpeg compression artifact/044,A,defocus blur+jpeg compression artifact,044,/root/autodl-tmp/aaa/graphrestore/artifacts/formal_mio100/graphrestore_v7_1_stage4_step040000/methods/graphrestore_v7_1_stage4_step040000/d2/defocus blur+jpeg compression artifact/044.png,10f7542ae02bb8867a5a06251b9fc712c9157a63b266d809abe059a035809a7e,/root/autodl-tmp/graph/data/graphrestore/raw/agenticir/extracted/HQ/044.png,0645011c1dc3777ab263df617d1747b902c2d321de6f939549cfbe43eabc9245,27.819604873657227,0.7267792887413412,259.8150223493576,1,1,2,0,0,0,0,0.1178823718638853
test/A/defocus blur + jpeg compression artifact/045,A,defocus blur+jpeg compression artifact,045,/root/autodl-tmp/aaa/graphrestore/artifacts/formal_mio100/graphrestore_v7_1_stage4_step040000/methods/graphrestore_v7_1_stage4_step040000/d2/defocus blur+jpeg compression artifact/045.png,c6f85d1fcf0401d252c614fc9606401b977d556f46df75a0fa76e710cd127cd1,/root/autodl-tmp/graph/data/graphrestore/raw/agenticir/extracted/HQ/045.png,d3e352c98c1fe9df1181c1e362bb9c3ba3a1d077456198796083821dab20d1fc,24.514156341552734,0.6128355213210718,259.26218181848526,1,1,2,0,0,0,0,0.1178823718638853
test/A/defocus blur + jpeg compression artifact/046,A,defocus blur+jpeg compression artifact,046,/root/autodl-tmp/aaa/graphrestore/artifacts/formal_mio100/graphrestore_v7_1_stage4_step040000/methods/graphrestore_v7_1_stage4_step040000/d2/defocus blur+jpeg compression artifact/046.png,7fcbf5357b037541875c88f55339a25dbf4a8760415b53ff4e5565dac3c7a01f,/root/autodl-tmp/graph/data/graphrestore/raw/agenticir/extracted/HQ/046.png,af4b21bf96515f2ff4f97a4990856b43ae02a1d8f39909428228a2612b5f936f,19.74892234802246,0.34805981355755466,258.90468806028366,1,1,2,0,0,0,0,0.1178823718638853
test/A/defocus blur + jpeg compression artifact/047,A,defocus blur+jpeg compression artifact,047,/root/autodl-tmp/aaa/graphrestore/artifacts/formal_mio100/graphrestore_v7_1_stage4_step040000/methods/graphrestore_v7_1_stage4_step040000/d2/defocus blur+jpeg compression artifact/047.png,1a388681dd4beb333b0475fb64990ba647ce933211bb44445662988af5a412ac,/root/autodl-tmp/graph/data/graphrestore/raw/agenticir/extracted/HQ/047.png,8ecf454f7d68ca4ebf19b2b4a22275d3bb344666e4e483fda2c8cb84d5ff94db,22.48918914794922,0.5111251085698799,319.64441388845444,1,1,2,0,0,0,0,0.1178823718638853
test/A/defocus blur + jpeg compression artifact/048,A,defocus blur+jpeg compression artifact,048,/root/autodl-tmp/aaa/graphrestore/artifacts/formal_mio100/graphrestore_v7_1_stage4_step040000/methods/graphrestore_v7_1_stage4_step040000/d2/defocus blur+jpeg compression artifact/048.png,b4980175361892bd78f25cd90248a0c03276124b8de52d68825fdd314ee179d2,/root/autodl-tmp/graph/data/graphrestore/raw/agenticir/extracted/HQ/048.png,b74e449ab10a96799f5e791f68de34dcfaf90a4befdb242cee372f6743841606,20.92841911315918,0.40910490701734437,238.5881319642067,1,0,1,0,0,0,0,0.1178823718638853
test/A/defocus blur + jpeg compression artifact/049,A,defocus blur+jpeg compression artifact,049,/root/autodl-tmp/aaa/graphrestore/artifacts/formal_mio100/graphrestore_v7_1_stage4_step040000/methods/graphrestore_v7_1_stage4_step040000/d2/defocus blur+jpeg compression artifact/049.png,fb9f471953ef53c025dee3d646caa1d1145717a33ca0042ed02c00f686ef3360,/root/autodl-tmp/graph/data/graphrestore/raw/agenticir/extracted/HQ/049.png,bdd8f4cec02d5659a12541bb32718429d397d6be195679045764e31574c4f226,20.748998641967773,0.49506893606621843,259.2797130346298,1,1,2,0,0,0,0,0.1178823718638853
test/A/defocus blur + jpeg compression artifact/050,A,defocus blur+jpeg compression artifact,050,/root/autodl-tmp/aaa/graphrestore/artifacts/formal_mio100/graphrestore_v7_1_stage4_step040000/methods/graphrestore_v7_1_stage4_step040000/d2/defocus blur+jpeg compression artifact/050.png,f39f593026c854c9bb97145e259455b2c2565d76dcad381a24357357b3e6be92,/root/autodl-tmp/graph/data/graphrestore/raw/agenticir/extracted/HQ/050.png,c4cfbc77b28b145af37ea26b0b501d69633ebdedd3ce9a90d5760063ee95f492,19.993024826049805,0.46828982983042633,314.5145922899246,1,1,2,0,0,0,0,0.1178823718638853
test/A/defocus blur + jpeg compression artifact/053,A,defocus blur+jpeg compression artifact,053,/root/autodl-tmp/aaa/graphrestore/artifacts/formal_mio100/graphrestore_v7_1_stage4_step040000/methods/graphrestore_v7_1_stage4_step040000/d2/defocus blur+jpeg compression artifact/053.png,73157f2bbb41f3becf520d7b2f855b3a8a959d5cfbce25217f901a531d9657cd,/root/autodl-tmp/graph/data/graphrestore/raw/agenticir/extracted/HQ/053.png,6b1f2208c72adcd28d96a15d538bbfbe27cb5a21be416b6f30fa836b12ac867d,33.47151184082031,0.9183322002490445,263.74127715826035,1,1,2,0,0,0,0,0.1178823718638853
test/A/defocus blur + jpeg compression artifact/054,A,defocus blur+jpeg compression artifact,054,/root/autodl-tmp/aaa/graphrestore/artifacts/formal_mio100/graphrestore_v7_1_stage4_step040000/methods/graphrestore_v7_1_stage4_step040000/d2/defocus blur+jpeg compression artifact/054.png,799bc27c1c6619de5c26522f2763165bfbef9e5e305ad8d795fc85fff3a0a00b,/root/autodl-tmp/graph/data/graphrestore/raw/agenticir/extracted/HQ/054.png,699ffde2d8d110e52811d39e5b9d745965d4211dd2312f453ce367f1bc0e66f5,31.181432723999023,0.8632517980294193,258.2443952560425,1,1,2,0,0,0,0,0.1178823718638853
test/A/defocus blur + jpeg compression artifact/055,A,defocus blur+jpeg compression artifact,055,/root/autodl-tmp/aaa/graphrestore/artifacts/formal_mio100/graphrestore_v7_1_stage4_step040000/methods/graphrestore_v7_1_stage4_step040000/d2/defocus blur+jpeg compression artifact/055.png,e4f68471e40c257efa25c2efd948b9ce9c2983f31d523be8a3c981a4298eeddb,/root/autodl-tmp/graph/data/graphrestore/raw/agenticir/extracted/HQ/055.png,5a59c6f9051a70f1c3ad8e9550b2a21322ef8ad71bd70085fb2330f6f6da3948,35.28541946411133,0.9014115993541941,313.8643950223923,1,1,2,0,0,0,0,0.1178823718638853
test/A/defocus blur + jpeg compression artifact/056,A,defocus blur+jpeg compression artifact,056,/root/autodl-tmp/aaa/graphrestore/artifacts/formal_mio100/graphrestore_v7_1_stage4_step040000/methods/graphrestore_v7_1_stage4_step040000/d2/defocus blur+jpeg compression artifact/056.png,bcf97ecd8a6b938ed41fac79cf720a7900c0856616771de5b286de24d8b260eb,/root/autodl-tmp/graph/data/graphrestore/raw/agenticir/extracted/HQ/056.png,c5f28866f72e2d370875385eb6575124b0735f8f927fae1c07ff7151e200c956,30.86481285095215,0.8608470727604959,233.52473229169846,1,1,2,0,0,0,0,0.1178823718638853
test/A/defocus blur + jpeg compression artifact/057,A,defocus blur+jpeg compression artifact,057,/root/autodl-tmp/aaa/graphrestore/artifacts/formal_mio100/graphrestore_v7_1_stage4_step040000/methods/graphrestore_v7_1_stage4_step040000/d2/defocus blur+jpeg compression artifact/057.png,4ab538d3ad4abcfc6e2eadb702c981f722bc0164bba1586405730fa351a5f236,/root/autodl-tmp/graph/data/graphrestore/raw/agenticir/extracted/HQ/057.png,42353ae75793843947c257055d87e0568db28ed51b9a5d87cc0d6a0dafb242af,30.89468002319336,0.8851094017685321,258.0672577023506,1,1,2,0,0,0,0,0.1178823718638853
test/A/defocus blur + jpeg compression artifact/058,A,defocus blur+jpeg compression artifact,058,/root/autodl-tmp/aaa/graphrestore/artifacts/formal_mio100/graphrestore_v7_1_stage4_step040000/methods/graphrestore_v7_1_stage4_step040000/d2/defocus blur+jpeg compression artifact/058.png,055884764bf75f6e4a9f2400581b162574963820d301823ebc6e4200dcf7da84,/root/autodl-tmp/graph/data/graphrestore/raw/agenticir/extracted/HQ/058.png,e50e67dc4e57dc18d552546044c5ca169fdb26de4d5d81650d00d4b0f3ab7e76,26.080625534057617,0.8376549164959108,258.9762732386589,1,1,2,0,0,0,0,0.1178823718638853
test/A/defocus blur + jpeg compression artifact/059,A,defocus blur+jpeg compression artifact,059,/root/autodl-tmp/aaa/graphrestore/artifacts/formal_mio100/graphrestore_v7_1_stage4_step040000/methods/graphrestore_v7_1_stage4_step040000/d2/defocus blur+jpeg compression artifact/059.png,a88f905cfa2222022627a25adb7d0a3040bc8cfdaceada21ea22cc665a259b92,/root/autodl-tmp/graph/data/graphrestore/raw/agenticir/extracted/HQ/059.png,e60c8277194566df02c7cefc895d1390756059f7a29ac67206ec202f1b897add,32.59969711303711,0.9027198303519743,285.0694805383682,1,1,2,0,0,0,0,0.1178823718638853
test/A/defocus blur + jpeg compression artifact/060,A,defocus blur+jpeg compression artifact,060,/root/autodl-tmp/aaa/graphrestore/artifacts/formal_mio100/graphrestore_v7_1_stage4_step040000/methods/graphrestore_v7_1_stage4_step040000/d2/defocus blur+jpeg compression artifact/060.png,30ee2de653848feae885db245fce641240c249621be4235c23711ded4621f3aa,/root/autodl-tmp/graph/data/graphrestore/raw/agenticir/extracted/HQ/060.png,d173273231bf0b68767ae3e287f4f34baa71e7d986a98c43a41fa9668fd8a0d4,29.43604278564453,0.7979476864495724,258.77051055431366,1,1,2,0,0,0,0,0.1178823718638853
test/A/defocus blur + jpeg compression artifact/063,A,defocus blur+jpeg compression artifact,063,/root/autodl-tmp/aaa/graphrestore/artifacts/formal_mio100/graphrestore_v7_1_stage4_step040000/methods/graphrestore_v7_1_stage4_step040000/d2/defocus blur+jpeg compression artifact/063.png,5ce8a84a322a3aef7efb3d8dd27ffe70c1d926054972320b03992ca7a6308b5d,/root/autodl-tmp/graph/data/graphrestore/raw/agenticir/extracted/HQ/063.png,f7ccce7c58be38c16fb08060b8b379825cb0417a04e6813c72985768a480929c,25.224559783935547,0.8369687168036727,258.57479125261307,1,1,2,0,0,0,0,0.1178823718638853
test/A/defocus blur + jpeg compression artifact/064,A,defocus blur+jpeg compression artifact,064,/root/autodl-tmp/aaa/graphrestore/artifacts/formal_mio100/graphrestore_v7_1_stage4_step040000/methods/graphrestore_v7_1_stage4_step040000/d2/defocus blur+jpeg compression artifact/064.png,3b6425a32a46fd828a6d78c1c5d61b04987af64cd046cf93840734eef3a4ffdd,/root/autodl-tmp/graph/data/graphrestore/raw/agenticir/extracted/HQ/064.png,b34caae8d574b2c008d53ceb0490df55c099e68844b2819f0c02fc50db26cee0,24.715194702148438,0.6950923902704483,284.90297496318817,1,1,2,0,0,0,0,0.1178823718638853
test/A/defocus blur + jpeg compression artifact/065,A,defocus blur+jpeg compression artifact,065,/root/autodl-tmp/aaa/graphrestore/artifacts/formal_mio100/graphrestore_v7_1_stage4_step040000/methods/graphrestore_v7_1_stage4_step040000/d2/defocus blur+jpeg compression artifact/065.png,be34cba3ed18b87c0f7c4c23c983f828870094a0ffd13678d69073b492af33a6,/root/autodl-tmp/graph/data/graphrestore/raw/agenticir/extracted/HQ/065.png,f0770ae16bf79be3b5d94a7868da009f5ce1bbf54bfe5c879e352a4df590ef63,24.275585174560547,0.6116945023277113,313.98579478263855,1,1,2,0,0,0,0,0.1178823718638853
test/A/defocus blur + jpeg compression artifact/066,A,defocus blur+jpeg compression artifact,066,/root/autodl-tmp/aaa/graphrestore/artifacts/formal_mio100/graphrestore_v7_1_stage4_step040000/methods/graphrestore_v7_1_stage4_step040000/d2/defocus blur+jpeg compression artifact/066.png,1949c4c2b228f3b6b90fbce6b0b610b5b44ebfb0aa0c89c579760c6d9e887ab1,/root/autodl-tmp/graph/data/graphrestore/raw/agenticir/extracted/HQ/066.png,a19230b326bd2fb5c26ae283f65bf0b85f39f90421056a47c7ecd6d683379aff,24.756610870361328,0.7842642156159482,315.03546983003616,1,1,2,0,0,0,0,0.1178823718638853
test/A/defocus blur + jpeg compression artifact/067,A,defocus blur+jpeg compression artifact,067,/root/autodl-tmp/aaa/graphrestore/artifacts/formal_mio100/graphrestore_v7_1_stage4_step040000/methods/graphrestore_v7_1_stage4_step040000/d2/defocus blur+jpeg compression artifact/067.png,1ba0f239d4a3597caea707bb2b33de17aba3c533a9cf68758bd5764307e948c5,/root/autodl-tmp/graph/data/graphrestore/raw/agenticir/extracted/HQ/067.png,91cd9f021a6902b7f3220c6a373cba11f3bfbe4e4984c1d6fc4be0c76acb67a0,23.043487548828125,0.6831834215995073,272.5459933280945,1,1,2,0,0,0,0,0.1178823718638853
test/A/defocus blur + jpeg compression artifact/068,A,defocus blur+jpeg compression artifact,068,/root/autodl-tmp/aaa/graphrestore/artifacts/formal_mio100/graphrestore_v7_1_stage4_step040000/methods/graphrestore_v7_1_stage4_step040000/d2/defocus blur+jpeg compression artifact/068.png,bafd4c56cbef242d41064efb57304be1672007c31f1cbc2e2b28b0df2c08880f,/root/autodl-tmp/graph/data/graphrestore/raw/agenticir/extracted/HQ/068.png,b8187d79db16002364f6017df807e6cac41e7ee9a68413a384b1bd69eddaa638,22.709321975708008,0.624760041972124,265.98262041807175,1,1,2,0,0,0,0,0.1178823718638853
test/A/defocus blur + jpeg compression artifact/069,A,defocus blur+jpeg compression artifact,069,/root/autodl-tmp/aaa/graphrestore/artifacts/formal_mio100/graphrestore_v7_1_stage4_step040000/methods/graphrestore_v7_1_stage4_step040000/d2/defocus blur+jpeg compression artifact/069.png,5e6c1fddb6f97ff4d127db59cfbde0960923058f65b650ee2ee5c429de424000,/root/autodl-tmp/graph/data/graphrestore/raw/agenticir/extracted/HQ/069.png,abb08be58f50075e5e6b1de44ddfe61c30ebb34882e9d72681edd73a5cdbb156,24.274885177612305,0.5588539604152257,321.5171694755554,1,1,2,0,0,0,0,0.1178823718638853
test/A/defocus blur + jpeg compression artifact/070,A,defocus blur+jpeg compression artifact,070,/root/autodl-tmp/aaa/graphrestore/artifacts/formal_mio100/graphrestore_v7_1_stage4_step040000/methods/graphrestore_v7_1_stage4_step040000/d2/defocus blur+jpeg compression artifact/070.png,d1a6d24b1aab447229fa964d39f5561f6c491c450dc5f00ce482aea1c509679e,/root/autodl-tmp/graph/data/graphrestore/raw/agenticir/extracted/HQ/070.png,718ae2570e431003fb32f2a40e19f813545164ace18230ac03f9ec96b2747f85,26.642894744873047,0.879905005740563,271.22775465250015,1,1,2,0,0,0,0,0.1178823718638853
test/A/defocus blur + jpeg compression artifact/073,A,defocus blur+jpeg compression artifact,073,/root/autodl-tmp/aaa/graphrestore/artifacts/formal_mio100/graphrestore_v7_1_stage4_step040000/methods/graphrestore_v7_1_stage4_step040000/d2/defocus blur+jpeg compression artifact/073.png,89b1699deb8c6659579a9b788e32b2d67d7f463b6f6db043120b390cfca71995,/root/autodl-tmp/graph/data/graphrestore/raw/agenticir/extracted/HQ/073.png,e4a8516954bfb4b79f2fc6194b6b4a8ed63250e14fe7ce0b6f6d77c922f84730,28.865928649902344,0.9067535793407626,320.55871188640594,1,1,2,0,0,0,0,0.1178823718638853
test/A/defocus blur + jpeg compression artifact/074,A,defocus blur+jpeg compression artifact,074,/root/autodl-tmp/aaa/graphrestore/artifacts/formal_mio100/graphrestore_v7_1_stage4_step040000/methods/graphrestore_v7_1_stage4_step040000/d2/defocus blur+jpeg compression artifact/074.png,7e4b41e155ece5727623690ec235dc6ceb9c3765dff679bf6d988ccca177eb4b,/root/autodl-tmp/graph/data/graphrestore/raw/agenticir/extracted/HQ/074.png,cfa80e9825a34173ab0d1810b1b63bf645aa1b6b743966a77d7d03463319fd8e,27.451066970825195,0.8530732355126007,263.9399617910385,1,1,2,0,0,0,0,0.1178823718638853
test/A/defocus blur + jpeg compression artifact/075,A,defocus blur+jpeg compression artifact,075,/root/autodl-tmp/aaa/graphrestore/artifacts/formal_mio100/graphrestore_v7_1_stage4_step040000/methods/graphrestore_v7_1_stage4_step040000/d2/defocus blur+jpeg compression artifact/075.png,66a5f9108d0a8ab62932ae73ef39780d19115063f20c206b31366d439e3a7a6a,/root/autodl-tmp/graph/data/graphrestore/raw/agenticir/extracted/HQ/075.png,637e76a0398c825f3214d13b10485f7c180dc359b838ade377382c22c8f6b788,23.492431640625,0.6558707258354619,260.96847653388977,1,1,2,0,0,0,0,0.1178823718638853
test/A/defocus blur + jpeg compression artifact/076,A,defocus blur+jpeg compression artifact,076,/root/autodl-tmp/aaa/graphrestore/artifacts/formal_mio100/graphrestore_v7_1_stage4_step040000/methods/graphrestore_v7_1_stage4_step040000/d2/defocus blur+jpeg compression artifact/076.png,48e8242923c5e41dd14c0f94af8a313f8109b35988e542520d469b8447578ad5,/root/autodl-tmp/graph/data/graphrestore/raw/agenticir/extracted/HQ/076.png,28f7193b83d2979c14a7c73e95657ce02a2cc902196495bea289e190f48cecae,28.019609451293945,0.8327389397958022,260.4597806930542,1,1,2,0,0,0,0,0.1178823718638853
test/A/defocus blur + jpeg compression artifact/077,A,defocus blur+jpeg compression artifact,077,/root/autodl-tmp/aaa/graphrestore/artifacts/formal_mio100/graphrestore_v7_1_stage4_step040000/methods/graphrestore_v7_1_stage4_step040000/d2/defocus blur+jpeg compression artifact/077.png,92f43788dd97ef8872f577fe177f94ba8e3b929d8d074fa021697f9ae431f5dc,/root/autodl-tmp/graph/data/graphrestore/raw/agenticir/extracted/HQ/077.png,6d0b3c0c4255ee2de7c3c275c114eb531248c06fce157913f4e69dacd492cc91,26.569442749023438,0.8551227025978516,260.39283722639084,1,1,2,0,0,0,0,0.1178823718638853
test/A/defocus blur + jpeg compression artifact/078,A,defocus blur+jpeg compression artifact,078,/root/autodl-tmp/aaa/graphrestore/artifacts/formal_mio100/graphrestore_v7_1_stage4_step040000/methods/graphrestore_v7_1_stage4_step040000/d2/defocus blur+jpeg compression artifact/078.png,29d965d5ba04770179de4d5ad0bb5194b23c6ab766431f34305c78001c36d866,/root/autodl-tmp/graph/data/graphrestore/raw/agenticir/extracted/HQ/078.png,ae84b8b3592a0f623d5bd2c5791b049e6fd87155614fbbad37f1ac00a2cfa870,24.620044708251953,0.6590275080163339,315.73808193206787,1,1,2,0,0,0,0,0.1178823718638853
test/A/defocus blur + jpeg compression artifact/079,A,defocus blur+jpeg compression artifact,079,/root/autodl-tmp/aaa/graphrestore/artifacts/formal_mio100/graphrestore_v7_1_stage4_step040000/methods/graphrestore_v7_1_stage4_step040000/d2/defocus blur+jpeg compression artifact/079.png,2ad2e651d996d571465ff3dbab42227c11ae582d304bd98b57fabfcc17e52584,/root/autodl-tmp/graph/data/graphrestore/raw/agenticir/extracted/HQ/079.png,166cde30b17743be2ca3fb2c29004e0b38b126bfa1d8d5f41013c23eb248aad5,26.135562896728516,0.6825455508171548,288.47678005695343,1,1,2,0,0,0,0,0.1178823718638853
test/A/defocus blur + jpeg compression artifact/080,A,defocus blur+jpeg compression artifact,080,/root/autodl-tmp/aaa/graphrestore/artifacts/formal_mio100/graphrestore_v7_1_stage4_step040000/methods/graphrestore_v7_1_stage4_step040000/d2/defocus blur+jpeg compression artifact/080.png,a2d6b742c21dc9a4cd5b49427f8ef771e0bd055d12f77c557afb2076c8252001,/root/autodl-tmp/graph/data/graphrestore/raw/agenticir/extracted/HQ/080.png,b208599722bce230536ae4db62272e883a7714d4bfca7d73e1361da3b2ca9225,27.907896041870117,0.8632531457479846,260.19470393657684,1,1,2,0,0,0,0,0.1178823718638853
test/A/defocus blur + jpeg compression artifact/083,A,defocus blur+jpeg compression artifact,083,/root/autodl-tmp/aaa/graphrestore/artifacts/formal_mio100/graphrestore_v7_1_stage4_step040000/methods/graphrestore_v7_1_stage4_step040000/d2/defocus blur+jpeg compression artifact/083.png,a55e9af1bb28246cdb42d87885fe953ce96b2d7ce49d709d66427b769bdd4a7b,/root/autodl-tmp/graph/data/graphrestore/raw/agenticir/extracted/HQ/083.png,4772b8d475dfc90626760cea35452db0ee8dfdd89f7cd8def57f8b4d74ecef44,21.500205993652344,0.6290837282272912,286.7887169122696,1,1,2,0,0,0,0,0.1178823718638853
test/A/defocus blur + jpeg compression artifact/084,A,defocus blur+jpeg compression artifact,084,/root/autodl-tmp/aaa/graphrestore/artifacts/formal_mio100/graphrestore_v7_1_stage4_step040000/methods/graphrestore_v7_1_stage4_step040000/d2/defocus blur+jpeg compression artifact/084.png,7d01269de4d806bd617ac9390af6cb4a49835e12d108aacb67102a9b2b87e82d,/root/autodl-tmp/graph/data/graphrestore/raw/agenticir/extracted/HQ/084.png,1bc34c4607ba66d84248fe8e7d5e30546ae13841542d8b1cb9146f2a2485df64,32.066673278808594,0.8832531125231945,258.6662992835045,1,1,2,0,0,0,0,0.1178823718638853
test/A/defocus blur + jpeg compression artifact/085,A,defocus blur+jpeg compression artifact,085,/root/autodl-tmp/aaa/graphrestore/artifacts/formal_mio100/graphrestore_v7_1_stage4_step040000/methods/graphrestore_v7_1_stage4_step040000/d2/defocus blur+jpeg compression artifact/085.png,145afc96f7d7608ede4f42c946a87dffafcdf3090236801e20d0eed3293f8bf3,/root/autodl-tmp/graph/data/graphrestore/raw/agenticir/extracted/HQ/085.png,6174b7cb004afd2a578ec1950d92b99c41115b5a6bf70a511f19156c62bd5274,31.020034790039062,0.9413131059615278,262.4969854950905,1,1,2,0,0,0,0,0.1178823718638853
test/A/defocus blur + jpeg compression artifact/086,A,defocus blur+jpeg compression artifact,086,/root/autodl-tmp/aaa/graphrestore/artifacts/formal_mio100/graphrestore_v7_1_stage4_step040000/methods/graphrestore_v7_1_stage4_step040000/d2/defocus blur+jpeg compression artifact/086.png,a025f796b2164683bf997d58adf1d4cb5d2e7e8784f052380e13d0fd41269cac,/root/autodl-tmp/graph/data/graphrestore/raw/agenticir/extracted/HQ/086.png,68a629299aaf0e4d70065c504c9b3e397721fa17a25c2585446914aa5c7bafb5,22.49712371826172,0.7431295319635045,258.658766746521,1,1,2,0,0,0,0,0.1178823718638853
test/A/defocus blur + jpeg compression artifact/087,A,defocus blur+jpeg compression artifact,087,/root/autodl-tmp/aaa/graphrestore/artifacts/formal_mio100/graphrestore_v7_1_stage4_step040000/methods/graphrestore_v7_1_stage4_step040000/d2/defocus blur+jpeg compression artifact/087.png,d6dcf5bef56087d356ada06f384a3ed980b352112694d170592bc5f6b5904c52,/root/autodl-tmp/graph/data/graphrestore/raw/agenticir/extracted/HQ/087.png,059a862de1498fc3b783bcfcce8fad399573aa912bb6638bbd3d43d23b88cdc6,23.993213653564453,0.7483795921576785,258.08343291282654,1,1,2,0,0,0,0,0.1178823718638853
test/A/defocus blur + jpeg compression artifact/088,A,defocus blur+jpeg compression artifact,088,/root/autodl-tmp/aaa/graphrestore/artifacts/formal_mio100/graphrestore_v7_1_stage4_step040000/methods/graphrestore_v7_1_stage4_step040000/d2/defocus blur+jpeg compression artifact/088.png,ebfeffe31dec44c4c7559a27a87748c4e2bf13a82819cf9658e970833d0da9ee,/root/autodl-tmp/graph/data/graphrestore/raw/agenticir/extracted/HQ/088.png,e76841066e027bd2a2fa101a4598c597d4891a7c535e3cc3195b7afcc249d7ae,30.36865997314453,0.9129797989525511,315.40827453136444,1,1,2,0,0,0,0,0.1178823718638853
test/A/defocus blur + jpeg compression artifact/089,A,defocus blur+jpeg compression artifact,089,/root/autodl-tmp/aaa/graphrestore/artifacts/formal_mio100/graphrestore_v7_1_stage4_step040000/methods/graphrestore_v7_1_stage4_step040000/d2/defocus blur+jpeg compression artifact/089.png,4462754670948d9e775d338f9fd636cce721fa8f2592c0d272c4bcd26f146f54,/root/autodl-tmp/graph/data/graphrestore/raw/agenticir/extracted/HQ/089.png,046e493440ea7499fe07cec3853e6e170225ce6cdc903aac14730fa6b9bf36ab,23.448047637939453,0.7241857911473937,258.29649716615677,1,1,2,0,0,0,0,0.1178823718638853
test/A/defocus blur + jpeg compression artifact/090,A,defocus blur+jpeg compression artifact,090,/root/autodl-tmp/aaa/graphrestore/artifacts/formal_mio100/graphrestore_v7_1_stage4_step040000/methods/graphrestore_v7_1_stage4_step040000/d2/defocus blur+jpeg compression artifact/090.png,c09c469453b8a53e9eb61afca685de2b627ce4622d99fd8f4c6ab417d67cbe20,/root/autodl-tmp/graph/data/graphrestore/raw/agenticir/extracted/HQ/090.png,830f74b8389bfef595e56e910efc49cf4246f6f7bd552ea8c45d071a0113053c,21.333297729492188,0.6121762054192359,286.3808497786522,1,1,2,0,0,0,0,0.1178823718638853
test/A/defocus blur + jpeg compression artifact/093,A,defocus blur+jpeg compression artifact,093,/root/autodl-tmp/aaa/graphrestore/artifacts/formal_mio100/graphrestore_v7_1_stage4_step040000/methods/graphrestore_v7_1_stage4_step040000/d2/defocus blur+jpeg compression artifact/093.png,7d2651eb2fdb5fa7d7d8969c8427c0f0e6776dd09375ce9bf973d31b90ce6232,/root/autodl-tmp/graph/data/graphrestore/raw/agenticir/extracted/HQ/093.png,b9ef1df7a3be70176f064c2568ea12d8cd9c9c54b3e8fd72bca53d170eaf06f2,21.92107391357422,0.7604917506457889,422.9428619146347,1,1,2,0,0,0,0,0.1178823718638853
test/A/defocus blur + jpeg compression artifact/094,A,defocus blur+jpeg compression artifact,094,/root/autodl-tmp/aaa/graphrestore/artifacts/formal_mio100/graphrestore_v7_1_stage4_step040000/methods/graphrestore_v7_1_stage4_step040000/d2/defocus blur+jpeg compression artifact/094.png,b98eb612863c52655275a2a0357a57c55362d4c90d54df14b0379fa2a0268b88,/root/autodl-tmp/graph/data/graphrestore/raw/agenticir/extracted/HQ/094.png,45dab31fa407b6793844322a5e147cdfedc3bfa449cd28fc9605f41dba80966d,25.868194580078125,0.8375986912120826,262.58450746536255,1,1,2,0,0,0,0,0.1178823718638853
test/A/defocus blur + jpeg compression artifact/095,A,defocus blur+jpeg compression artifact,095,/root/autodl-tmp/aaa/graphrestore/artifacts/formal_mio100/graphrestore_v7_1_stage4_step040000/methods/graphrestore_v7_1_stage4_step040000/d2/defocus blur+jpeg compression artifact/095.png,b3b79caafdd9313531c9768599bb229c0e9c5757fa4f7c7eb19333a95407c3c5,/root/autodl-tmp/graph/data/graphrestore/raw/agenticir/extracted/HQ/095.png,2f04f8c811593049180a1c6bdcf5d723d3c2f6443ba518c407e4976d7a6b2637,15.701383590698242,0.5745846981954474,232.4317917227745,1,1,2,0,0,0,0,0.1178823718638853
test/A/defocus blur + jpeg compression artifact/096,A,defocus blur+jpeg compression artifact,096,/root/autodl-tmp/aaa/graphrestore/artifacts/formal_mio100/graphrestore_v7_1_stage4_step040000/methods/graphrestore_v7_1_stage4_step040000/d2/defocus blur+jpeg compression artifact/096.png,96e99c52458a6f56fbe3e175f5418292db6761b7f07f65c9e6d1255acf8dca92,/root/autodl-tmp/graph/data/graphrestore/raw/agenticir/extracted/HQ/096.png,3ac9dbd626f9e294ae10a8ab11a34f6c0132ed355627d25ce3f8790f701fae29,23.31515121459961,0.7526107196368499,258.47484171390533,1,1,2,0,0,0,0,0.1178823718638853
test/A/defocus blur + jpeg compression artifact/097,A,defocus blur+jpeg compression artifact,097,/root/autodl-tmp/aaa/graphrestore/artifacts/formal_mio100/graphrestore_v7_1_stage4_step040000/methods/graphrestore_v7_1_stage4_step040000/d2/defocus blur+jpeg compression artifact/097.png,68d3852b8644a6f8534a057998b048fae69b365975d66db614f66e287f182165,/root/autodl-tmp/graph/data/graphrestore/raw/agenticir/extracted/HQ/097.png,9b6c3c0d294f54e89b51656b0163aa8d0715dd7904848721ea76c07ccf737d2e,25.596202850341797,0.867973743761065,261.30320131778717,1,1,2,0,0,0,0,0.1178823718638853
test/A/defocus blur + jpeg compression artifact/098,A,defocus blur+jpeg compression artifact,098,/root/autodl-tmp/aaa/graphrestore/artifacts/formal_mio100/graphrestore_v7_1_stage4_step040000/methods/graphrestore_v7_1_stage4_step040000/d2/defocus blur+jpeg compression artifact/098.png,9433ae21370c2d8dae316331baf2d296c124395a123f5847e6b7a3fb87602bd5,/root/autodl-tmp/graph/data/graphrestore/raw/agenticir/extracted/HQ/098.png,f0574e5262ab9942e66006e0df3aab8738de997489badc302e131ae74299181f,21.55196189880371,0.6722884593688849,314.88440185785294,1,1,2,0,0,0,0,0.1178823718638853
test/A/defocus blur + jpeg compression artifact/099,A,defocus blur+jpeg compression artifact,099,/root/autodl-tmp/aaa/graphrestore/artifacts/formal_mio100/graphrestore_v7_1_stage4_step040000/methods/graphrestore_v7_1_stage4_step040000/d2/defocus blur+jpeg compression artifact/099.png,4de1d4cf0c07778a5b8f15f24e504e01acc28626404413cb1e3bb781975b4a7f,/root/autodl-tmp/graph/data/graphrestore/raw/agenticir/extracted/HQ/099.png,15ddff6cab9869d7fe8a7cb6fd328b436bbfa9b089e6adcbba7a5048e4c97f8b,25.080780029296875,0.7880768523787707,258.287638425827,1,1,2,0,0,0,0,0.1178823718638853
test/A/defocus blur + jpeg compression artifact/100,A,defocus blur+jpeg compression artifact,100,/root/autodl-tmp/aaa/graphrestore/artifacts/formal_mio100/graphrestore_v7_1_stage4_step040000/methods/graphrestore_v7_1_stage4_step040000/d2/defocus blur+jpeg compression artifact/100.png,3eb270f802c2f1afa4f0db508a81b9a78a15adb40e1000bebd8580772aa3e370,/root/autodl-tmp/graph/data/graphrestore/raw/agenticir/extracted/HQ/100.png,b7f5d60dbb3e7047b9c62efc7d61db97052a2cde687d3fae367a14a6793a0c40,23.654787063598633,0.7942488759140026,258.46587866544724,1,1,2,0,0,0,0,0.1178823718638853
test/A/motion blur + dark/003,A,motion blur+dark,003,/root/autodl-tmp/aaa/graphrestore/artifacts/formal_mio100/graphrestore_v7_1_stage4_step040000/methods/graphrestore_v7_1_stage4_step040000/d2/motion blur+dark/003.png,15c658b822221c0aa99acdd1868f5164509ae2ad0c6469625c08a27f5535c04a,/root/autodl-tmp/graph/data/graphrestore/raw/agenticir/extracted/HQ/003.png,c2a2513992db412a7160dfa2f82535dccaa188db91df80ee6ed5b0dd5c5d2d1a,14.887906074523926,0.6628404618922404,564.5326524972916,2,0,2,1,0,0,0,0.1178823718638853
test/A/motion blur + dark/004,A,motion blur+dark,004,/root/autodl-tmp/aaa/graphrestore/artifacts/formal_mio100/graphrestore_v7_1_stage4_step040000/methods/graphrestore_v7_1_stage4_step040000/d2/motion blur+dark/004.png,494651a1a48ee06f2e9a8813c9659bff84855f93d56d2fcd0171b4834178d0cf,/root/autodl-tmp/graph/data/graphrestore/raw/agenticir/extracted/HQ/004.png,f1ad3f60cd8e680739263535ab1620a2490f3bc0c65a9355a965c7dff9be1fed,21.476648330688477,0.7058727103513646,616.4263114333153,2,0,2,1,0,0,0,0.1178823718638853
test/A/motion blur + dark/005,A,motion blur+dark,005,/root/autodl-tmp/aaa/graphrestore/artifacts/formal_mio100/graphrestore_v7_1_stage4_step040000/methods/graphrestore_v7_1_stage4_step040000/d2/motion blur+dark/005.png,29169f856c9dc39813df8caabbb26ba7836476bc29ce4a751eb04a3ef9498c55,/root/autodl-tmp/graph/data/graphrestore/raw/agenticir/extracted/HQ/005.png,1d8eb1ef9c1817c087956135efa85be686e7169ef11eb532c768d32d7267a0ff,16.48967742919922,0.3839766458616865,570.2620148658752,2,0,2,1,0,0,0,0.1178823718638853
test/A/motion blur + dark/006,A,motion blur+dark,006,/root/autodl-tmp/aaa/graphrestore/artifacts/formal_mio100/graphrestore_v7_1_stage4_step040000/methods/graphrestore_v7_1_stage4_step040000/d2/motion blur+dark/006.png,02b58456fb2bf0ac0aa342f0383506a3f0cadc0b06498b7bd6a61c962a57a6a2,/root/autodl-tmp/graph/data/graphrestore/raw/agenticir/extracted/HQ/006.png,f62feddd2f379d039dd1effe18b6368c79a6fe31fb8177f797c9f230eb8e1211,20.020034790039062,0.7339792491983949,464.2575606703758,2,0,2,1,0,0,0,0.1178823718638853
test/A/motion blur + dark/007,A,motion blur+dark,007,/root/autodl-tmp/aaa/graphrestore/artifacts/formal_mio100/graphrestore_v7_1_stage4_step040000/methods/graphrestore_v7_1_stage4_step040000/d2/motion blur+dark/007.png,a0b63697589a95e09cc028428fe2bd7bbbe5d3bd90a8120f97bd936a1a9a0e17,/root/autodl-tmp/graph/data/graphrestore/raw/agenticir/extracted/HQ/007.png,b876f087d5f42a9350f28383ff2df22156b6bbba702809d134b7713d9430881c,19.419349670410156,0.6343184376704512,463.29130977392197,2,0,2,1,0,0,0,0.1178823718638853
test/A/motion blur + dark/008,A,motion blur+dark,008,/root/autodl-tmp/aaa/graphrestore/artifacts/formal_mio100/graphrestore_v7_1_stage4_step040000/methods/graphrestore_v7_1_stage4_step040000/d2/motion blur+dark/008.png,e2ce5c0c3e8f81070ccc88d78915b33876b7251997e943c712bf559cde56fb22,/root/autodl-tmp/graph/data/graphrestore/raw/agenticir/extracted/HQ/008.png,4efb8dbbd2ba5090b7b951a456ec5ed27a5d61360ab95cb1c5a9366f2868cb94,23.769123077392578,0.6750410554732185,663.0046516656876,2,0,2,1,0,0,0,0.1178823718638853
test/A/motion blur + dark/009,A,motion blur+dark,009,/root/autodl-tmp/aaa/graphrestore/artifacts/formal_mio100/graphrestore_v7_1_stage4_step040000/methods/graphrestore_v7_1_stage4_step040000/d2/motion blur+dark/009.png,7d60b77034d259845ce86521528f2cb819cec18c0ad92f3dd75701753ba77416,/root/autodl-tmp/graph/data/graphrestore/raw/agenticir/extracted/HQ/009.png,5b779ac0fbe5d1e4d4126fd2864493dcc2ecdbde374ede7e29a054b2a9cb4f21,26.457374572753906,0.936658738013208,723.3417183160782,2,0,2,1,0,0,0,0.1178823718638853
test/A/motion blur + dark/010,A,motion blur+dark,010,/root/autodl-tmp/aaa/graphrestore/artifacts/formal_mio100/graphrestore_v7_1_stage4_step040000/methods/graphrestore_v7_1_stage4_step040000/d2/motion blur+dark/010.png,c99dfbaab9e8bb24992b59dd3452ca4ca4ab29090f084b18a213f7edb0a52596,/root/autodl-tmp/graph/data/graphrestore/raw/agenticir/extracted/HQ/010.png,327492996d853f5c8873b435f98a91afd07db64567545baa61c9f4f64f717a0d,18.139253616333008,0.6307845943176538,767.5520926713943,2,0,2,1,0,0,0,0.12037284450889696
test/A/motion blur + dark/013,A,motion blur+dark,013,/root/autodl-tmp/aaa/graphrestore/artifacts/formal_mio100/graphrestore_v7_1_stage4_step040000/methods/graphrestore_v7_1_stage4_step040000/d2/motion blur+dark/013.png,db85eb84d61745aadeabe3623e377861cf3564ef2f70b053d328110a571c95c3,/root/autodl-tmp/graph/data/graphrestore/raw/agenticir/extracted/HQ/013.png,afe18305499bd0b8318392e8f34ede33aafb5a0df2371075fe9f30a1c81a75eb,19.376102447509766,0.5553048683847229,575.6032168865204,2,0,2,1,0,0,0,0.12037284450889696
test/A/motion blur + dark/014,A,motion blur+dark,014,/root/autodl-tmp/aaa/graphrestore/artifacts/formal_mio100/graphrestore_v7_1_stage4_step040000/methods/graphrestore_v7_1_stage4_step040000/d2/motion blur+dark/014.png,5d1baa6762b390c1402c196c5195f457e071dce0978e8f9aff41c43fe473d68b,/root/autodl-tmp/graph/data/graphrestore/raw/agenticir/extracted/HQ/014.png,2d569d9b923a96b1542c0b845dce0c7657794eba9f6f22ae5d02f335ef1bc4a0,22.324596405029297,0.7627446707834404,572.8477239608765,2,0,2,1,0,0,0,0.12037284450889696
test/A/motion blur + dark/015,A,motion blur+dark,015,/root/autodl-tmp/aaa/graphrestore/artifacts/formal_mio100/graphrestore_v7_1_stage4_step040000/methods/graphrestore_v7_1_stage4_step040000/d2/motion blur+dark/015.png,c8d69b3b56a0c647bb7a9b44be6a6a0e72db6cae95e74dacc9a9637bdef81a6e,/root/autodl-tmp/graph/data/graphrestore/raw/agenticir/extracted/HQ/015.png,286adb5a1c45ee88f14e1b16e3af420910584bf5ebdd72c40cf75317559c731f,16.304285049438477,0.49736246406245765,463.8912007212639,2,0,2,1,0,0,0,0.12037284450889696
test/A/motion blur + dark/016,A,motion blur+dark,016,/root/autodl-tmp/aaa/graphrestore/artifacts/formal_mio100/graphrestore_v7_1_stage4_step040000/methods/graphrestore_v7_1_stage4_step040000/d2/motion blur+dark/016.png,80b2c9fac0507e22caac6df5171abf57ceeeef200c93d4291db3a07a08ac7002,/root/autodl-tmp/graph/data/graphrestore/raw/agenticir/extracted/HQ/016.png,ddc71b4b9bd2a57cabf985c7743b8ff7083a0d9205008603edb440ba27da9313,18.383411407470703,0.5307948417158929,617.3674687743187,2,0,2,1,0,0,0,0.12037284450889696
test/A/motion blur + dark/017,A,motion blur+dark,017,/root/autodl-tmp/aaa/graphrestore/artifacts/formal_mio100/graphrestore_v7_1_stage4_step040000/methods/graphrestore_v7_1_stage4_step040000/d2/motion blur+dark/017.png,7360e4b981c1eb742dd1b9a7449e5a9d187e62583b073bdea2e4963c7d62a429,/root/autodl-tmp/graph/data/graphrestore/raw/agenticir/extracted/HQ/017.png,ab3ab0c03c2d8c9c0befbcad219fae23c9795fdf99d664630f4f4febbd02c519,22.313730239868164,0.7322193904619991,466.48186445236206,2,0,2,0,0,0,0,0.12037284450889696
test/A/motion blur + dark/018,A,motion blur+dark,018,/root/autodl-tmp/aaa/graphrestore/artifacts/formal_mio100/graphrestore_v7_1_stage4_step040000/methods/graphrestore_v7_1_stage4_step040000/d2/motion blur+dark/018.png,9c4c076ff152b18b4b4fe15f100e27aab9cc1eef0a2b1c3fb09f4d0006aa489d,/root/autodl-tmp/graph/data/graphrestore/raw/agenticir/extracted/HQ/018.png,66db8e4aeb78f506ae4415572eb910726c3f16ede70138093ab4eced187b8df1,15.143799781799316,0.40297433231095514,565.4105916619301,2,0,2,1,0,0,0,0.12037284450889696
test/A/motion blur + dark/019,A,motion blur+dark,019,/root/autodl-tmp/aaa/graphrestore/artifacts/formal_mio100/graphrestore_v7_1_stage4_step040000/methods/graphrestore_v7_1_stage4_step040000/d2/motion blur+dark/019.png,a44a83ac2d55d0fe89c33fcbe7e59bd23b8ff143a449bb547f213458bfb7d59a,/root/autodl-tmp/graph/data/graphrestore/raw/agenticir/extracted/HQ/019.png,fb026cef85a4f7e64ad7c5f064ed15de1f04a7a7b6bde70b28ee78a55db21aeb,19.037111282348633,0.6230800752168534,465.2010351419449,2,0,2,1,0,0,0,0.12037284450889696
test/A/motion blur + dark/020,A,motion blur+dark,020,/root/autodl-tmp/aaa/graphrestore/artifacts/formal_mio100/graphrestore_v7_1_stage4_step040000/methods/graphrestore_v7_1_stage4_step040000/d2/motion blur+dark/020.png,901afbe75917bfdb15f3fb7f7582e284fdedc6d2553ba08020e04c318b1bdd88,/root/autodl-tmp/graph/data/graphrestore/raw/agenticir/extracted/HQ/020.png,daa15d9f51eab9eca70197a7f05df7873e3eab75e432b0a81fe9488be552f37a,17.00649070739746,0.5486427652154394,570.067785680294,2,0,2,1,0,0,0,0.12037284450889696
test/A/motion blur + dark/023,A,motion blur+dark,023,/root/autodl-tmp/aaa/graphrestore/artifacts/formal_mio100/graphrestore_v7_1_stage4_step040000/methods/graphrestore_v7_1_stage4_step040000/d2/motion blur+dark/023.png,b0ac515651b56296f324c2a8c7863e5711fd75a17310bb87a8cbe835a95ceacd,/root/autodl-tmp/graph/data/graphrestore/raw/agenticir/extracted/HQ/023.png,befde78eca5789c87200ca1e2ac905ba8ad5706b50af86454bd30bc857c90e02,18.337194442749023,0.6091392792354712,463.8966917991638,2,0,2,0,0,0,0,0.12037284450889696
test/A/motion blur + dark/024,A,motion blur+dark,024,/root/autodl-tmp/aaa/graphrestore/artifacts/formal_mio100/graphrestore_v7_1_stage4_step040000/methods/graphrestore_v7_1_stage4_step040000/d2/motion blur+dark/024.png,fc6584344541bc6fc65dfe7448c5a7b654385bd2371f44b2d5a4db6560a0c26b,/root/autodl-tmp/graph/data/graphrestore/raw/agenticir/extracted/HQ/024.png,e51441e174dd8dc0c47872ccb4221ab3f054b716588ee0f42d58a56098bd9538,19.545019149780273,0.6162069863687576,464.0825018286705,2,0,2,1,0,0,0,0.12037284450889696
test/A/motion blur + dark/025,A,motion blur+dark,025,/root/autodl-tmp/aaa/graphrestore/artifacts/formal_mio100/graphrestore_v7_1_stage4_step040000/methods/graphrestore_v7_1_stage4_step040000/d2/motion blur+dark/025.png,d962d263a459b2811dbea72205ad2fbc099ebd05b3282f70c00ae10cb3f92824,/root/autodl-tmp/graph/data/graphrestore/raw/agenticir/extracted/HQ/025.png,f384d4a9bc3c31bc29038378f849002dc4ff2db373d852b732f5cfc24ebed244,22.32819366455078,0.5654757782848419,464.374877512455,2,0,2,1,0,0,0,0.12037284450889696
test/A/motion blur + dark/026,A,motion blur+dark,026,/root/autodl-tmp/aaa/graphrestore/artifacts/formal_mio100/graphrestore_v7_1_stage4_step040000/methods/graphrestore_v7_1_stage4_step040000/d2/motion blur+dark/026.png,d921123ce1ae26f4fad2f889afd9ec4cfb8619384e527054f4de95bbb10780d5,/root/autodl-tmp/graph/data/graphrestore/raw/agenticir/extracted/HQ/026.png,cfce1d4c02a00f28988a64f63cd538c4147c3a72c147a6549d71f1105d671224,23.66574478149414,0.7495969385791255,565.1734545826912,2,0,2,1,0,0,0,0.12037284450889696
test/A/motion blur + dark/027,A,motion blur+dark,027,/root/autodl-tmp/aaa/graphrestore/artifacts/formal_mio100/graphrestore_v7_1_stage4_step040000/methods/graphrestore_v7_1_stage4_step040000/d2/motion blur+dark/027.png,fda33b7f5fd234d23198c0982036ceee0d4a0c37b018292c53bd02895da84971,/root/autodl-tmp/graph/data/graphrestore/raw/agenticir/extracted/HQ/027.png,d69be3d26f3d3c95ffd9de3bd8d565120e0f09fb4aa84c72ae18d8fc4f871aae,21.177574157714844,0.6035946815355245,572.2417309880257,2,0,2,1,0,0,0,0.12037284450889696
test/A/motion blur + dark/028,A,motion blur+dark,028,/root/autodl-tmp/aaa/graphrestore/artifacts/formal_mio100/graphrestore_v7_1_stage4_step040000/methods/graphrestore_v7_1_stage4_step040000/d2/motion blur+dark/028.png,2e70185385a0f938875afcca7ea1121bb2f674b0b67e28fcdfbb3d60d852ff7a,/root/autodl-tmp/graph/data/graphrestore/raw/agenticir/extracted/HQ/028.png,181f97da79059de1a93d1a0d30f6851393282c6af8b607d83ce29ab8c9dbf771,15.736120223999023,0.7923400953501739,448.582299053669,2,0,2,1,0,0,0,0.12037284450889696
test/A/motion blur + dark/029,A,motion blur+dark,029,/root/autodl-tmp/aaa/graphrestore/artifacts/formal_mio100/graphrestore_v7_1_stage4_step040000/methods/graphrestore_v7_1_stage4_step040000/d2/motion blur+dark/029.png,67b7f4076a98957b9cea7a43b269b2dfd4978c99eb7bd8988a2bc77c1f28b259,/root/autodl-tmp/graph/data/graphrestore/raw/agenticir/extracted/HQ/029.png,3c7f43d0544ada8d7b64d7bb197621349fa1dcdf8400fb6128afaf8787814556,24.360206604003906,0.7329360130530735,452.5028094649315,2,0,2,1,0,0,0,0.12037284450889696
test/A/motion blur + dark/030,A,motion blur+dark,030,/root/autodl-tmp/aaa/graphrestore/artifacts/formal_mio100/graphrestore_v7_1_stage4_step040000/methods/graphrestore_v7_1_stage4_step040000/d2/motion blur+dark/030.png,b63e3760f04e9fc83389c54435660bfd8322d7c46cc523a5dd9a0c80ff25ac5e,/root/autodl-tmp/graph/data/graphrestore/raw/agenticir/extracted/HQ/030.png,576b0158cf5a541dd6aaf522902400e8ba3175aacca36d9df22951f52acf3f2f,19.143335342407227,0.5409599791095324,415.07069021463394,2,0,2,1,0,0,0,0.12037284450889696
test/A/motion blur + dark/033,A,motion blur+dark,033,/root/autodl-tmp/aaa/graphrestore/artifacts/formal_mio100/graphrestore_v7_1_stage4_step040000/methods/graphrestore_v7_1_stage4_step040000/d2/motion blur+dark/033.png,2afb0a61c967aecfde37b16ea31ca54d46f87056900863f043d746db330aaac2,/root/autodl-tmp/graph/data/graphrestore/raw/agenticir/extracted/HQ/033.png,9590f1419e378254c01f330c248e12e8a62792b04a27b72daf2c0afd6c41c758,17.496326446533203,0.43187835770681204,355.66355288028717,2,0,2,1,0,0,0,0.12037284450889696
test/A/motion blur + dark/034,A,motion blur+dark,034,/root/autodl-tmp/aaa/graphrestore/artifacts/formal_mio100/graphrestore_v7_1_stage4_step040000/methods/graphrestore_v7_1_stage4_step040000/d2/motion blur+dark/034.png,6f5a33d3608a0cbfd48f677d014c399c8689e77e1a0548d9165c78b6c3047a68,/root/autodl-tmp/graph/data/graphrestore/raw/agenticir/extracted/HQ/034.png,0575cc2334f8f50fcbd3d9f58173645db8764f938ee55e8899084ca2b66fd018,21.854480743408203,0.5573575767135562,505.8697834610939,2,0,2,1,0,0,0,0.12037284450889696
test/A/motion blur + dark/035,A,motion blur+dark,035,/root/autodl-tmp/aaa/graphrestore/artifacts/formal_mio100/graphrestore_v7_1_stage4_step040000/methods/graphrestore_v7_1_stage4_step040000/d2/motion blur+dark/035.png,df423f26fc43f580d944784785d67a68917c641218306158185f05b66d7d9bde,/root/autodl-tmp/graph/data/graphrestore/raw/agenticir/extracted/HQ/035.png,4e230744a9cb7c3ebe976ae7267155312b876fb355283b4938b34b758aef7ff9,22.916545867919922,0.7573698327908287,558.9943677186966,2,0,2,1,0,0,0,0.12037284450889696
test/A/motion blur + dark/036,A,motion blur+dark,036,/root/autodl-tmp/aaa/graphrestore/artifacts/formal_mio100/graphrestore_v7_1_stage4_step040000/methods/graphrestore_v7_1_stage4_step040000/d2/motion blur+dark/036.png,7804cb5df03f3a54b519fdc5866fb4dc04c69c129259e4da47e97633ccbc9e37,/root/autodl-tmp/graph/data/graphrestore/raw/agenticir/extracted/HQ/036.png,409fbd0ad51be33e9e2711cb7b22cb39999eaac6e278ca1621c20300be446d76,18.155595779418945,0.32694450906383066,466.04133397340775,2,0,2,0,0,0,0,0.12037284450889696
test/A/motion blur + dark/037,A,motion blur+dark,037,/root/autodl-tmp/aaa/graphrestore/artifacts/formal_mio100/graphrestore_v7_1_stage4_step040000/methods/graphrestore_v7_1_stage4_step040000/d2/motion blur+dark/037.png,28edda76e38cdeefcb3439d4f1f5712117affb5ab76deda764ef63f33d7c8853,/root/autodl-tmp/graph/data/graphrestore/raw/agenticir/extracted/HQ/037.png,8f31abe11ce5d5377f131fdc788024ffb8d5cfdda501c06a64ca1fc80fab0d07,23.628437042236328,0.767522110361668,461.4400565624237,2,0,2,1,0,0,0,0.12037284450889696
test/A/motion blur + dark/038,A,motion blur+dark,038,/root/autodl-tmp/aaa/graphrestore/artifacts/formal_mio100/graphrestore_v7_1_stage4_step040000/methods/graphrestore_v7_1_stage4_step040000/d2/motion blur+dark/038.png,9784ebcd9e3326fe840fb86a4ca48143739c39d287f8cff5c8aae411034dd3ce,/root/autodl-tmp/graph/data/graphrestore/raw/agenticir/extracted/HQ/038.png,fe7df2186482ca2cc105baed74cb1da9667b3b03e1629055880b6012db131aa1,21.08318328857422,0.5567591862808471,361.26788705587387,2,0,2,1,0,0,0,0.12037284450889696
test/A/motion blur + dark/039,A,motion blur+dark,039,/root/autodl-tmp/aaa/graphrestore/artifacts/formal_mio100/graphrestore_v7_1_stage4_step040000/methods/graphrestore_v7_1_stage4_step040000/d2/motion blur+dark/039.png,7b73acdc7787641a3ba65a7899c292266172aa420284eb0983783dba53d11d8f,/root/autodl-tmp/graph/data/graphrestore/raw/agenticir/extracted/HQ/039.png,a2038f7610363fb1916197e0557fa84b50b610d86885a2d6409f9e3aa75fbbcd,24.205724716186523,0.8654077419522722,464.2075225710869,2,0,2,1,0,0,0,0.12037284450889696
test/A/motion blur + dark/040,A,motion blur+dark,040,/root/autodl-tmp/aaa/graphrestore/artifacts/formal_mio100/graphrestore_v7_1_stage4_step040000/methods/graphrestore_v7_1_stage4_step040000/d2/motion blur+dark/040.png,97cdef4d6b2590f8511eb9fdeace1c8889739858fcc81ab56d71565c41651e1f,/root/autodl-tmp/graph/data/graphrestore/raw/agenticir/extracted/HQ/040.png,c5a9e4bb9d84a6734bdc04c272c48c1b17b150a1e346afab2338eb0ba41f1464,22.411470413208008,0.6778046120779766,512.4685987830162,2,0,2,1,0,0,0,0.12037284450889696
test/A/motion blur + dark/043,A,motion blur+dark,043,/root/autodl-tmp/aaa/graphrestore/artifacts/formal_mio100/graphrestore_v7_1_stage4_step040000/methods/graphrestore_v7_1_stage4_step040000/d2/motion blur+dark/043.png,33a6f6869142d054a19d9ebe78a6ffbad6acaac08e6065303f29a5111f3b9b3a,/root/autodl-tmp/graph/data/graphrestore/raw/agenticir/extracted/HQ/043.png,15880c27b3101797c4e5896dee7349ad832ac1c49fcd0c559b357f4e28296b4d,18.935325622558594,0.4166044093134755,463.1712734699249,2,0,2,0,0,0,0,0.12037284450889696
test/A/motion blur + dark/044,A,motion blur+dark,044,/root/autodl-tmp/aaa/graphrestore/artifacts/formal_mio100/graphrestore_v7_1_stage4_step040000/methods/graphrestore_v7_1_stage4_step040000/d2/motion blur+dark/044.png,dd45a8e925d35e8110356046fedfc27e89dddd194bc34d17826c3f32dc066854,/root/autodl-tmp/graph/data/graphrestore/raw/agenticir/extracted/HQ/044.png,0645011c1dc3777ab263df617d1747b902c2d321de6f939549cfbe43eabc9245,24.53717803955078,0.6843870115101691,464.05746787786484,2,0,2,0,0,0,0,0.12037284450889696
test/A/motion blur + dark/045,A,motion blur+dark,045,/root/autodl-tmp/aaa/graphrestore/artifacts/formal_mio100/graphrestore_v7_1_stage4_step040000/methods/graphrestore_v7_1_stage4_step040000/d2/motion blur+dark/045.png,216c4e68c6bd832835d8b14928069a395f483ead5244db895f081997931f3e75,/root/autodl-tmp/graph/data/graphrestore/raw/agenticir/extracted/HQ/045.png,d3e352c98c1fe9df1181c1e362bb9c3ba3a1d077456198796083821dab20d1fc,18.516813278198242,0.4772940056327527,471.4844524860382,2,0,2,1,0,0,0,0.12037284450889696
test/A/motion blur + dark/046,A,motion blur+dark,046,/root/autodl-tmp/aaa/graphrestore/artifacts/formal_mio100/graphrestore_v7_1_stage4_step040000/methods/graphrestore_v7_1_stage4_step040000/d2/motion blur+dark/046.png,1c3c3ca1b53070f68aa06f0fa07add51074d0b8b10c8bd4565e3ffd32d45245f,/root/autodl-tmp/graph/data/graphrestore/raw/agenticir/extracted/HQ/046.png,af4b21bf96515f2ff4f97a4990856b43ae02a1d8f39909428228a2612b5f936f,18.169736862182617,0.29092248001273957,463.66720646619797,2,0,2,1,0,0,0,0.12037284450889696
test/A/motion blur + dark/047,A,motion blur+dark,047,/root/autodl-tmp/aaa/graphrestore/artifacts/formal_mio100/graphrestore_v7_1_stage4_step040000/methods/graphrestore_v7_1_stage4_step040000/d2/motion blur+dark/047.png,318847a039c31fac2e374ea64d6032cf7ad1ed37e3897875f99e046d8de5bbb8,/root/autodl-tmp/graph/data/graphrestore/raw/agenticir/extracted/HQ/047.png,8ecf454f7d68ca4ebf19b2b4a22275d3bb344666e4e483fda2c8cb84d5ff94db,22.94778060913086,0.7520212588850177,567.030593752861,2,0,2,1,0,0,0,0.12037284450889696
test/A/motion blur + dark/048,A,motion blur+dark,048,/root/autodl-tmp/aaa/graphrestore/artifacts/formal_mio100/graphrestore_v7_1_stage4_step040000/methods/graphrestore_v7_1_stage4_step040000/d2/motion blur+dark/048.png,f6f2db57067d857b7fc9a1eb3f4fbfee50142da4d9a53849abc29c73a33fc877,/root/autodl-tmp/graph/data/graphrestore/raw/agenticir/extracted/HQ/048.png,b74e449ab10a96799f5e791f68de34dcfaf90a4befdb242cee372f6743841606,18.179412841796875,0.34630869972092176,464.56626057624817,2,0,2,1,0,0,0,0.12037284450889696
test/A/motion blur + dark/049,A,motion blur+dark,049,/root/autodl-tmp/aaa/graphrestore/artifacts/formal_mio100/graphrestore_v7_1_stage4_step040000/methods/graphrestore_v7_1_stage4_step040000/d2/motion blur+dark/049.png,5eac89dadb8d99fc1b35a5f1970de24035c770557538957a4c6f1409a0646905,/root/autodl-tmp/graph/data/graphrestore/raw/agenticir/extracted/HQ/049.png,bdd8f4cec02d5659a12541bb32718429d397d6be195679045764e31574c4f226,19.240734100341797,0.4513048093739698,471.90117090940475,2,0,2,1,0,0,0,0.12037284450889696
test/A/motion blur + dark/050,A,motion blur+dark,050,/root/autodl-tmp/aaa/graphrestore/artifacts/formal_mio100/graphrestore_v7_1_stage4_step040000/methods/graphrestore_v7_1_stage4_step040000/d2/motion blur+dark/050.png,2afead49f39cf1fe31b2d7aa3864232ad4a484d69489efb10c9dec4bb951881d,/root/autodl-tmp/graph/data/graphrestore/raw/agenticir/extracted/HQ/050.png,c4cfbc77b28b145af37ea26b0b501d69633ebdedd3ce9a90d5760063ee95f492,17.907459259033203,0.4888643468734248,573.0281919240952,2,0,2,1,0,0,0,0.12037284450889696
test/A/motion blur + dark/053,A,motion blur+dark,053,/root/autodl-tmp/aaa/graphrestore/artifacts/formal_mio100/graphrestore_v7_1_stage4_step040000/methods/graphrestore_v7_1_stage4_step040000/d2/motion blur+dark/053.png,89c101608302fa272eec96b520705cbc4ed4afc5da35c138c210ceb8d3cb8ed4,/root/autodl-tmp/graph/data/graphrestore/raw/agenticir/extracted/HQ/053.png,6b1f2208c72adcd28d96a15d538bbfbe27cb5a21be416b6f30fa836b12ac867d,27.066442489624023,0.8547727437056344,468.7868729233742,2,0,2,1,0,0,0,0.12037284450889696
test/A/motion blur + dark/054,A,motion blur+dark,054,/root/autodl-tmp/aaa/graphrestore/artifacts/formal_mio100/graphrestore_v7_1_stage4_step040000/methods/graphrestore_v7_1_stage4_step040000/d2/motion blur+dark/054.png,1d09775d04a1916bead99b7c84c11867ed4b7a26c84183c6b19e263eaa9d1267,/root/autodl-tmp/graph/data/graphrestore/raw/agenticir/extracted/HQ/054.png,699ffde2d8d110e52811d39e5b9d745965d4211dd2312f453ce367f1bc0e66f5,25.5032901763916,0.7940697077946985,467.68099069595337,2,0,2,1,0,0,0,0.12037284450889696
test/A/motion blur + dark/055,A,motion blur+dark,055,/root/autodl-tmp/aaa/graphrestore/artifacts/formal_mio100/graphrestore_v7_1_stage4_step040000/methods/graphrestore_v7_1_stage4_step040000/d2/motion blur+dark/055.png,db384d4224620abe6a26242ecf2ca21826ce54cb84ddbcbe50d5b4e23e7271a7,/root/autodl-tmp/graph/data/graphrestore/raw/agenticir/extracted/HQ/055.png,5a59c6f9051a70f1c3ad8e9550b2a21322ef8ad71bd70085fb2330f6f6da3948,26.292598724365234,0.8678149623424634,568.3428645133972,2,0,2,1,0,0,0,0.12037284450889696
test/A/motion blur + dark/056,A,motion blur+dark,056,/root/autodl-tmp/aaa/graphrestore/artifacts/formal_mio100/graphrestore_v7_1_stage4_step040000/methods/graphrestore_v7_1_stage4_step040000/d2/motion blur+dark/056.png,48ca4383b76fc85e41f789d234b66ca65d4e6134de7d4b37bda38fcb2cbe7322,/root/autodl-tmp/graph/data/graphrestore/raw/agenticir/extracted/HQ/056.png,c5f28866f72e2d370875385eb6575124b0735f8f927fae1c07ff7151e200c956,23.957359313964844,0.8192392315859663,419.88901793956757,2,0,2,1,0,0,0,0.12037284450889696
test/A/motion blur + dark/057,A,motion blur+dark,057,/root/autodl-tmp/aaa/graphrestore/artifacts/formal_mio100/graphrestore_v7_1_stage4_step040000/methods/graphrestore_v7_1_stage4_step040000/d2/motion blur+dark/057.png,5fbc852b5ffd9235d1ffe7301cd67cf80af70f5a3e60f86985aebf02bafda698,/root/autodl-tmp/graph/data/graphrestore/raw/agenticir/extracted/HQ/057.png,42353ae75793843947c257055d87e0568db28ed51b9a5d87cc0d6a0dafb242af,22.932727813720703,0.7936309777425656,465.93306213617325,2,0,2,1,0,0,0,0.12037284450889696
test/A/motion blur + dark/058,A,motion blur+dark,058,/root/autodl-tmp/aaa/graphrestore/artifacts/formal_mio100/graphrestore_v7_1_stage4_step040000/methods/graphrestore_v7_1_stage4_step040000/d2/motion blur+dark/058.png,6559c9b84409df973b9dcc25c6a5b44badfd0105bdec6ce276c9d1bdda81b005,/root/autodl-tmp/graph/data/graphrestore/raw/agenticir/extracted/HQ/058.png,e50e67dc4e57dc18d552546044c5ca169fdb26de4d5d81650d00d4b0f3ab7e76,22.883060455322266,0.8331999899750725,466.44411236047745,2,0,2,1,0,0,0,0.12037284450889696
test/A/motion blur + dark/059,A,motion blur+dark,059,/root/autodl-tmp/aaa/graphrestore/artifacts/formal_mio100/graphrestore_v7_1_stage4_step040000/methods/graphrestore_v7_1_stage4_step040000/d2/motion blur+dark/059.png,aeaabf222dac2080408e3f25859fbf884d232cf7263cf9119d169bc03bd83919,/root/autodl-tmp/graph/data/graphrestore/raw/agenticir/extracted/HQ/059.png,e60c8277194566df02c7cefc895d1390756059f7a29ac67206ec202f1b897add,23.598491668701172,0.8376057773969865,514.3328234553337,2,0,2,1,0,0,0,0.12037284450889696
test/A/motion blur + dark/060,A,motion blur+dark,060,/root/autodl-tmp/aaa/graphrestore/artifacts/formal_mio100/graphrestore_v7_1_stage4_step040000/methods/graphrestore_v7_1_stage4_step040000/d2/motion blur+dark/060.png,cc086b4a7c1bc7aa56a07aa5cd6a06bb67a3cc84c26469014a76cc6428c0fb8b,/root/autodl-tmp/graph/data/graphrestore/raw/agenticir/extracted/HQ/060.png,d173273231bf0b68767ae3e287f4f34baa71e7d986a98c43a41fa9668fd8a0d4,23.427913665771484,0.7392706286213193,464.6109640598297,2,0,2,1,0,0,0,0.12037284450889696
test/A/motion blur + dark/063,A,motion blur+dark,063,/root/autodl-tmp/aaa/graphrestore/artifacts/formal_mio100/graphrestore_v7_1_stage4_step040000/methods/graphrestore_v7_1_stage4_step040000/d2/motion blur+dark/063.png,9a4529bd43c12eede06b24ca807d7c1de0e825d1a2d21c1592148a91d3ae90e6,/root/autodl-tmp/graph/data/graphrestore/raw/agenticir/extracted/HQ/063.png,f7ccce7c58be38c16fb08060b8b379825cb0417a04e6813c72985768a480929c,17.77924919128418,0.5162753518558117,465.14255553483963,2,0,2,0,0,0,0,0.12037284450889696
test/A/motion blur + dark/064,A,motion blur+dark,064,/root/autodl-tmp/aaa/graphrestore/artifacts/formal_mio100/graphrestore_v7_1_stage4_step040000/methods/graphrestore_v7_1_stage4_step040000/d2/motion blur+dark/064.png,05f14002dec6076a031b72bb0af9c566464c19cc821b2f97f540fc8475dd91bb,/root/autodl-tmp/graph/data/graphrestore/raw/agenticir/extracted/HQ/064.png,b34caae8d574b2c008d53ceb0490df55c099e68844b2819f0c02fc50db26cee0,22.516870498657227,0.6512162696947702,513.7900412082672,2,0,2,0,0,0,0,0.12037284450889696
test/A/motion blur + dark/065,A,motion blur+dark,065,/root/autodl-tmp/aaa/graphrestore/artifacts/formal_mio100/graphrestore_v7_1_stage4_step040000/methods/graphrestore_v7_1_stage4_step040000/d2/motion blur+dark/065.png,0360a6ecae036dbbbf57f797cdaef56ad991ae08cd882d1833368f10ec72b5cb,/root/autodl-tmp/graph/data/graphrestore/raw/agenticir/extracted/HQ/065.png,f0770ae16bf79be3b5d94a7868da009f5ce1bbf54bfe5c879e352a4df590ef63,21.20383071899414,0.6351576312801326,569.8373690247536,2,0,2,1,0,0,0,0.12037284450889696
test/A/motion blur + dark/066,A,motion blur+dark,066,/root/autodl-tmp/aaa/graphrestore/artifacts/formal_mio100/graphrestore_v7_1_stage4_step040000/methods/graphrestore_v7_1_stage4_step040000/d2/motion blur+dark/066.png,c8d9159039138e71a558ba44ed22c977b465287f64b6cd847d99960531901571,/root/autodl-tmp/graph/data/graphrestore/raw/agenticir/extracted/HQ/066.png,a19230b326bd2fb5c26ae283f65bf0b85f39f90421056a47c7ecd6d683379aff,22.336498260498047,0.7785107512993157,566.9123604893684,2,0,2,0,0,0,0,0.12037284450889696
test/A/motion blur + dark/067,A,motion blur+dark,067,/root/autodl-tmp/aaa/graphrestore/artifacts/formal_mio100/graphrestore_v7_1_stage4_step040000/methods/graphrestore_v7_1_stage4_step040000/d2/motion blur+dark/067.png,30165aa36722b50762d01c7c33281552ed26a8d15d78a552f7c31b84b20988c8,/root/autodl-tmp/graph/data/graphrestore/raw/agenticir/extracted/HQ/067.png,91cd9f021a6902b7f3220c6a373cba11f3bfbe4e4984c1d6fc4be0c76acb67a0,16.27669906616211,0.5023166738749929,464.62512016296387,2,0,2,1,0,0,0,0.12037284450889696
test/A/motion blur + dark/068,A,motion blur+dark,068,/root/autodl-tmp/aaa/graphrestore/artifacts/formal_mio100/graphrestore_v7_1_stage4_step040000/methods/graphrestore_v7_1_stage4_step040000/d2/motion blur+dark/068.png,4439a4ac432b2c09c320518aa28cc4de277ee3fa274c71273aa8d1db2cef8ecf,/root/autodl-tmp/graph/data/graphrestore/raw/agenticir/extracted/HQ/068.png,b8187d79db16002364f6017df807e6cac41e7ee9a68413a384b1bd69eddaa638,17.922016143798828,0.5097862155518895,470.86484730243683,2,0,2,1,0,0,0,0.12037284450889696
test/A/motion blur + dark/069,A,motion blur+dark,069,/root/autodl-tmp/aaa/graphrestore/artifacts/formal_mio100/graphrestore_v7_1_stage4_step040000/methods/graphrestore_v7_1_stage4_step040000/d2/motion blur+dark/069.png,69b7816eeecbffe0ba10a9da2ae9728590fb04c5eca1e5d9a15b48770edf1070,/root/autodl-tmp/graph/data/graphrestore/raw/agenticir/extracted/HQ/069.png,abb08be58f50075e5e6b1de44ddfe61c30ebb34882e9d72681edd73a5cdbb156,20.270517349243164,0.47792667545702494,557.2624579071999,2,0,2,1,0,0,0,0.12037284450889696
test/A/motion blur + dark/070,A,motion blur+dark,070,/root/autodl-tmp/aaa/graphrestore/artifacts/formal_mio100/graphrestore_v7_1_stage4_step040000/methods/graphrestore_v7_1_stage4_step040000/d2/motion blur+dark/070.png,d9d85f8644e49a96ea88663bc2270bc936d6ef14c85efca818a51b2c15ef715a,/root/autodl-tmp/graph/data/graphrestore/raw/agenticir/extracted/HQ/070.png,718ae2570e431003fb32f2a40e19f813545164ace18230ac03f9ec96b2747f85,24.144012451171875,0.8565116882625521,462.9697650671005,2,0,2,1,0,0,0,0.12037284450889696
test/A/motion blur + dark/073,A,motion blur+dark,073,/root/autodl-tmp/aaa/graphrestore/artifacts/formal_mio100/graphrestore_v7_1_stage4_step040000/methods/graphrestore_v7_1_stage4_step040000/d2/motion blur+dark/073.png,7c39af7e8abe13e95a1d1d7dccf7e76d818ca267dc705b943a5647885838a092,/root/autodl-tmp/graph/data/graphrestore/raw/agenticir/extracted/HQ/073.png,e4a8516954bfb4b79f2fc6194b6b4a8ed63250e14fe7ce0b6f6d77c922f84730,23.49590301513672,0.8413048707507161,558.66838991642,2,0,2,1,0,0,0,0.12037284450889696
test/A/motion blur + dark/074,A,motion blur+dark,074,/root/autodl-tmp/aaa/graphrestore/artifacts/formal_mio100/graphrestore_v7_1_stage4_step040000/methods/graphrestore_v7_1_stage4_step040000/d2/motion blur+dark/074.png,85e8fb1d12c0325e55ca8a218e70035a513dd28529cf425df564c5254d891de2,/root/autodl-tmp/graph/data/graphrestore/raw/agenticir/extracted/HQ/074.png,cfa80e9825a34173ab0d1810b1b63bf645aa1b6b743966a77d7d03463319fd8e,21.5645694732666,0.7106205786400316,466.0135433077812,2,0,2,0,0,0,0,0.12037284450889696
test/A/motion blur + dark/075,A,motion blur+dark,075,/root/autodl-tmp/aaa/graphrestore/artifacts/formal_mio100/graphrestore_v7_1_stage4_step040000/methods/graphrestore_v7_1_stage4_step040000/d2/motion blur+dark/075.png,69a2a85f22ad16d5fc38924263f56f68433682f73e941e577e02a45443029ade,/root/autodl-tmp/graph/data/graphrestore/raw/agenticir/extracted/HQ/075.png,637e76a0398c825f3214d13b10485f7c180dc359b838ade377382c22c8f6b788,19.043071746826172,0.6732958109222085,468.0253639817238,2,0,2,1,0,0,0,0.12037284450889696
test/A/motion blur + dark/076,A,motion blur+dark,076,/root/autodl-tmp/aaa/graphrestore/artifacts/formal_mio100/graphrestore_v7_1_stage4_step040000/methods/graphrestore_v7_1_stage4_step040000/d2/motion blur+dark/076.png,5de2b98842a1905a148adc21a9ca2189a8a3551928c8edfff7735798cbc5ed60,/root/autodl-tmp/graph/data/graphrestore/raw/agenticir/extracted/HQ/076.png,28f7193b83d2979c14a7c73e95657ce02a2cc902196495bea289e190f48cecae,21.88446807861328,0.6880252707980578,461.79239451885223,2,0,2,0,0,0,0,0.12037284450889696
test/A/motion blur + dark/077,A,motion blur+dark,077,/root/autodl-tmp/aaa/graphrestore/artifacts/formal_mio100/graphrestore_v7_1_stage4_step040000/methods/graphrestore_v7_1_stage4_step040000/d2/motion blur+dark/077.png,2f6df1b39cfd20b1d079cfad4014aa1441d670dcd4aef615a0929552fbd794bb,/root/autodl-tmp/graph/data/graphrestore/raw/agenticir/extracted/HQ/077.png,6d0b3c0c4255ee2de7c3c275c114eb531248c06fce157913f4e69dacd492cc91,21.332645416259766,0.734524211991815,462.17893064022064,2,0,2,1,0,0,0,0.12037284450889696
test/A/motion blur + dark/078,A,motion blur+dark,078,/root/autodl-tmp/aaa/graphrestore/artifacts/formal_mio100/graphrestore_v7_1_stage4_step040000/methods/graphrestore_v7_1_stage4_step040000/d2/motion blur+dark/078.png,ab4138416cfae84282accb6a222d850298d1ec6bd4ec0361f334bb3d0b0d6585,/root/autodl-tmp/graph/data/graphrestore/raw/agenticir/extracted/HQ/078.png,ae84b8b3592a0f623d5bd2c5791b049e6fd87155614fbbad37f1ac00a2cfa870,17.682456970214844,0.5012938964937054,563.3174404501915,2,0,2,1,0,0,0,0.12037284450889696
test/A/motion blur + dark/079,A,motion blur+dark,079,/root/autodl-tmp/aaa/graphrestore/artifacts/formal_mio100/graphrestore_v7_1_stage4_step040000/methods/graphrestore_v7_1_stage4_step040000/d2/motion blur+dark/079.png,59881ad7591bba803918f11a0ad62646bd2c0eaccf84ec11eae3c576fec9f3a0,/root/autodl-tmp/graph/data/graphrestore/raw/agenticir/extracted/HQ/079.png,166cde30b17743be2ca3fb2c29004e0b38b126bfa1d8d5f41013c23eb248aad5,20.17981719970703,0.5671972674552374,512.9293352365494,2,0,2,0,0,0,0,0.12037284450889696
test/A/motion blur + dark/080,A,motion blur+dark,080,/root/autodl-tmp/aaa/graphrestore/artifacts/formal_mio100/graphrestore_v7_1_stage4_step040000/methods/graphrestore_v7_1_stage4_step040000/d2/motion blur+dark/080.png,b0c262bce0302b451815e301613f7391949c3fc4bf97858195d16369a37a6790,/root/autodl-tmp/graph/data/graphrestore/raw/agenticir/extracted/HQ/080.png,b208599722bce230536ae4db62272e883a7714d4bfca7d73e1361da3b2ca9225,24.767635345458984,0.8642875857110519,463.1252959370613,2,0,2,1,0,0,0,0.12037284450889696
test/A/motion blur + dark/083,A,motion blur+dark,083,/root/autodl-tmp/aaa/graphrestore/artifacts/formal_mio100/graphrestore_v7_1_stage4_step040000/methods/graphrestore_v7_1_stage4_step040000/d2/motion blur+dark/083.png,699204cac668ed59ae069b8acad0cbf8da7dbcdfeeed9bfcf704fa3170640ad1,/root/autodl-tmp/graph/data/graphrestore/raw/agenticir/extracted/HQ/083.png,4772b8d475dfc90626760cea35452db0ee8dfdd89f7cd8def57f8b4d74ecef44,21.87832260131836,0.7677021784691723,513.4732648730278,2,0,2,1,0,0,0,0.12037284450889696
test/A/motion blur + dark/084,A,motion blur+dark,084,/root/autodl-tmp/aaa/graphrestore/artifacts/formal_mio100/graphrestore_v7_1_stage4_step040000/methods/graphrestore_v7_1_stage4_step040000/d2/motion blur+dark/084.png,9f63d989e20bc871fabd80b7d9244b82fded297a6befeba60c78a46a82087d4e,/root/autodl-tmp/graph/data/graphrestore/raw/agenticir/extracted/HQ/084.png,1bc34c4607ba66d84248fe8e7d5e30546ae13841542d8b1cb9146f2a2485df64,24.283714294433594,0.8166109136511218,462.83040195703506,2,0,2,0,0,0,0,0.12037284450889696
test/A/motion blur + dark/085,A,motion blur+dark,085,/root/autodl-tmp/aaa/graphrestore/artifacts/formal_mio100/graphrestore_v7_1_stage4_step040000/methods/graphrestore_v7_1_stage4_step040000/d2/motion blur+dark/085.png,23e3081b4fa6afc035e78a5cfeb40f0813bb2940f1699aa6340057c897f5941c,/root/autodl-tmp/graph/data/graphrestore/raw/agenticir/extracted/HQ/085.png,6174b7cb004afd2a578ec1950d92b99c41115b5a6bf70a511f19156c62bd5274,21.752012252807617,0.7694232240629392,463.5949730873108,2,0,2,0,1,0,0,0.12037284450889696
test/A/motion blur + dark/086,A,motion blur+dark,086,/root/autodl-tmp/aaa/graphrestore/artifacts/formal_mio100/graphrestore_v7_1_stage4_step040000/methods/graphrestore_v7_1_stage4_step040000/d2/motion blur+dark/086.png,1a4e6085c26b3b4b648c6d8741f29955743889e275d4e0c7ef937e3bd91c510f,/root/autodl-tmp/graph/data/graphrestore/raw/agenticir/extracted/HQ/086.png,68a629299aaf0e4d70065c504c9b3e397721fa17a25c2585446914aa5c7bafb5,20.871458053588867,0.735417064585815,463.5199159383774,2,0,2,1,0,0,0,0.12037284450889696
test/A/motion blur + dark/087,A,motion blur+dark,087,/root/autodl-tmp/aaa/graphrestore/artifacts/formal_mio100/graphrestore_v7_1_stage4_step040000/methods/graphrestore_v7_1_stage4_step040000/d2/motion blur+dark/087.png,8e4b267ee025e34d32be956531cc281e523b0f6592222009263b25a5a271cfa5,/root/autodl-tmp/graph/data/graphrestore/raw/agenticir/extracted/HQ/087.png,059a862de1498fc3b783bcfcce8fad399573aa912bb6638bbd3d43d23b88cdc6,21.584800720214844,0.7309124023892238,463.60156685113907,2,0,2,1,0,0,0,0.12037284450889696
test/A/motion blur + dark/088,A,motion blur+dark,088,/root/autodl-tmp/aaa/graphrestore/artifacts/formal_mio100/graphrestore_v7_1_stage4_step040000/methods/graphrestore_v7_1_stage4_step040000/d2/motion blur+dark/088.png,8bc307770d2afab3107888dafb4bcb9cbb018edc88c0f93a41c87072bc8b489a,/root/autodl-tmp/graph/data/graphrestore/raw/agenticir/extracted/HQ/088.png,e76841066e027bd2a2fa101a4598c597d4891a7c535e3cc3195b7afcc249d7ae,18.497150421142578,0.6432789856531945,564.068078994751,2,0,2,1,0,0,0,0.12037284450889696
test/A/motion blur + dark/089,A,motion blur+dark,089,/root/autodl-tmp/aaa/graphrestore/artifacts/formal_mio100/graphrestore_v7_1_stage4_step040000/methods/graphrestore_v7_1_stage4_step040000/d2/motion blur+dark/089.png,1457604cb41446b85d920ffc59197d93a53d168fdf5e8b7676989d7481a8ac05,/root/autodl-tmp/graph/data/graphrestore/raw/agenticir/extracted/HQ/089.png,046e493440ea7499fe07cec3853e6e170225ce6cdc903aac14730fa6b9bf36ab,20.887136459350586,0.7485792748608148,477.2335812449455,2,0,2,1,0,0,0,0.12037284450889696
test/A/motion blur + dark/090,A,motion blur+dark,090,/root/autodl-tmp/aaa/graphrestore/artifacts/formal_mio100/graphrestore_v7_1_stage4_step040000/methods/graphrestore_v7_1_stage4_step040000/d2/motion blur+dark/090.png,08d64c81141e0018e24eb0dffb6ab2649181ff4036d0274c82c11533259dd945,/root/autodl-tmp/graph/data/graphrestore/raw/agenticir/extracted/HQ/090.png,830f74b8389bfef595e56e910efc49cf4246f6f7bd552ea8c45d071a0113053c,14.783573150634766,0.5019487356231561,293.4386283159256,1,1,2,0,0,0,0,0.12037284450889696
test/A/motion blur + dark/093,A,motion blur+dark,093,/root/autodl-tmp/aaa/graphrestore/artifacts/formal_mio100/graphrestore_v7_1_stage4_step040000/methods/graphrestore_v7_1_stage4_step040000/d2/motion blur+dark/093.png,c2d06dd65019f64ab43a5e507994ea2c262c082b09fee23fa3f370ca3fb241c9,/root/autodl-tmp/graph/data/graphrestore/raw/agenticir/extracted/HQ/093.png,b9ef1df7a3be70176f064c2568ea12d8cd9c9c54b3e8fd72bca53d170eaf06f2,18.710935592651367,0.6777977525489863,776.4271125197411,2,0,2,0,0,0,0,0.12037284450889696
test/A/motion blur + dark/094,A,motion blur+dark,094,/root/autodl-tmp/aaa/graphrestore/artifacts/formal_mio100/graphrestore_v7_1_stage4_step040000/methods/graphrestore_v7_1_stage4_step040000/d2/motion blur+dark/094.png,bcaf7a8f7f2f1af1b2c519e037e7ef96ebff15421b26b061eef2bc0c1ea7522e,/root/autodl-tmp/graph/data/graphrestore/raw/agenticir/extracted/HQ/094.png,45dab31fa407b6793844322a5e147cdfedc3bfa449cd28fc9605f41dba80966d,19.930980682373047,0.7055420732580348,477.0863577723503,2,0,2,1,0,0,0,0.12037284450889696
test/A/motion blur + dark/095,A,motion blur+dark,095,/root/autodl-tmp/aaa/graphrestore/artifacts/formal_mio100/graphrestore_v7_1_stage4_step040000/methods/graphrestore_v7_1_stage4_step040000/d2/motion blur+dark/095.png,85dd1892d3b2a2e8359bc835350d948e3acff89dffeeb6cf33a41c1fdd46528d,/root/autodl-tmp/graph/data/graphrestore/raw/agenticir/extracted/HQ/095.png,2f04f8c811593049180a1c6bdcf5d723d3c2f6443ba518c407e4976d7a6b2637,11.502174377441406,0.3368474071069283,420.3290119767189,2,0,2,0,0,0,0,0.12037284450889696
test/A/motion blur + dark/096,A,motion blur+dark,096,/root/autodl-tmp/aaa/graphrestore/artifacts/formal_mio100/graphrestore_v7_1_stage4_step040000/methods/graphrestore_v7_1_stage4_step040000/d2/motion blur+dark/096.png,e584a2a7241d917a307cd9a29d4aaefe2d85f97c65172a98f3d31172c19dfd0b,/root/autodl-tmp/graph/data/graphrestore/raw/agenticir/extracted/HQ/096.png,3ac9dbd626f9e294ae10a8ab11a34f6c0132ed355627d25ce3f8790f701fae29,19.021434783935547,0.7050564107087838,467.93942153453827,2,0,2,1,0,0,0,0.12037284450889696
test/A/motion blur + dark/097,A,motion blur+dark,097,/root/autodl-tmp/aaa/graphrestore/artifacts/formal_mio100/graphrestore_v7_1_stage4_step040000/methods/graphrestore_v7_1_stage4_step040000/d2/motion blur+dark/097.png,7fef05ea8b6e2dc6249cbd10ddd985bc50a7ee314a8d6deb6a688a6a7f71a83f,/root/autodl-tmp/graph/data/graphrestore/raw/agenticir/extracted/HQ/097.png,9b6c3c0d294f54e89b51656b0163aa8d0715dd7904848721ea76c07ccf737d2e,19.789669036865234,0.7716037498396012,466.5456488728523,2,0,2,1,0,0,0,0.12037284450889696
test/A/motion blur + dark/098,A,motion blur+dark,098,/root/autodl-tmp/aaa/graphrestore/artifacts/formal_mio100/graphrestore_v7_1_stage4_step040000/methods/graphrestore_v7_1_stage4_step040000/d2/motion blur+dark/098.png,d36427a922777bb6497c397b0c02638999baeb40d07116da0ed4008114429de8,/root/autodl-tmp/graph/data/graphrestore/raw/agenticir/extracted/HQ/098.png,f0574e5262ab9942e66006e0df3aab8738de997489badc302e131ae74299181f,17.601037979125977,0.5573953274262243,567.2261863946915,2,0,2,1,0,0,0,0.12037284450889696
test/A/motion blur + dark/099,A,motion blur+dark,099,/root/autodl-tmp/aaa/graphrestore/artifacts/formal_mio100/graphrestore_v7_1_stage4_step040000/methods/graphrestore_v7_1_stage4_step040000/d2/motion blur+dark/099.png,6c79c2008ca2bf1c9485652368a904d02d9893f31c93129d38bbfbe1b5a0b88c,/root/autodl-tmp/graph/data/graphrestore/raw/agenticir/extracted/HQ/099.png,15ddff6cab9869d7fe8a7cb6fd328b436bbfa9b089e6adcbba7a5048e4c97f8b,21.830835342407227,0.6819574041818238,475.8205860853195,2,0,2,1,0,0,0,0.12037284450889696
test/A/motion blur + dark/100,A,motion blur+dark,100,/root/autodl-tmp/aaa/graphrestore/artifacts/formal_mio100/graphrestore_v7_1_stage4_step040000/methods/graphrestore_v7_1_stage4_step040000/d2/motion blur+dark/100.png,f54bd313163f43b3cfdba8814fc66f692e9283b39139267d083d7ab9c636b295,/root/autodl-tmp/graph/data/graphrestore/raw/agenticir/extracted/HQ/100.png,b7f5d60dbb3e7047b9c62efc7d61db97052a2cde687d3fae367a14a6793a0c40,13.580965042114258,0.3618116922119281,465.32855182886124,2,0,2,1,0,0,0,0.12037284450889696
test/A/motion blur + low resolution/003,A,motion blur+low resolution,003,/root/autodl-tmp/aaa/graphrestore/artifacts/formal_mio100/graphrestore_v7_1_stage4_step040000/methods/graphrestore_v7_1_stage4_step040000/d2/motion blur+low resolution/003.png,4cc33a4e690b6557d5a5da9e2c2e7f6cfcf0af2aefd72dafcc67c61fab8b97a0,/root/autodl-tmp/graph/data/graphrestore/raw/agenticir/extracted/HQ/003.png,c2a2513992db412a7160dfa2f82535dccaa188db91df80ee6ed5b0dd5c5d2d1a,22.148841857910156,0.5854434375357499,319.6910172700882,1,1,2,0,0,0,0,0.12037284450889696
test/A/motion blur + low resolution/004,A,motion blur+low resolution,004,/root/autodl-tmp/aaa/graphrestore/artifacts/formal_mio100/graphrestore_v7_1_stage4_step040000/methods/graphrestore_v7_1_stage4_step040000/d2/motion blur+low resolution/004.png,0b852274d12758c35fed0375fd099d7f4810059ac6c5bea7ae5aeb6b52713327,/root/autodl-tmp/graph/data/graphrestore/raw/agenticir/extracted/HQ/004.png,f1ad3f60cd8e680739263535ab1620a2490f3bc0c65a9355a965c7dff9be1fed,22.305068969726562,0.7141251800840677,349.61266815662384,1,1,2,0,0,0,0,0.12037284450889696
test/A/motion blur + low resolution/005,A,motion blur+low resolution,005,/root/autodl-tmp/aaa/graphrestore/artifacts/formal_mio100/graphrestore_v7_1_stage4_step040000/methods/graphrestore_v7_1_stage4_step040000/d2/motion blur+low resolution/005.png,a428d2d041fa183d51a2763b72b43c126d78735d4cbbabcf9f368e4dc6ebac7d,/root/autodl-tmp/graph/data/graphrestore/raw/agenticir/extracted/HQ/005.png,1d8eb1ef9c1817c087956135efa85be686e7169ef11eb532c768d32d7267a0ff,16.504817962646484,0.3417087897862609,319.20354068279266,1,1,2,0,0,0,0,0.12037284450889696
test/A/motion blur + low resolution/006,A,motion blur+low resolution,006,/root/autodl-tmp/aaa/graphrestore/artifacts/formal_mio100/graphrestore_v7_1_stage4_step040000/methods/graphrestore_v7_1_stage4_step040000/d2/motion blur+low resolution/006.png,171378c0a6093b8c5e0c0bfb22f00df3b282d312fc1cb9d40d191a8f1d5e425f,/root/autodl-tmp/graph/data/graphrestore/raw/agenticir/extracted/HQ/006.png,f62feddd2f379d039dd1effe18b6368c79a6fe31fb8177f797c9f230eb8e1211,24.81072425842285,0.6807040187119501,264.9017870426178,1,1,2,0,0,0,0,0.12037284450889696
test/A/motion blur + low resolution/007,A,motion blur+low resolution,007,/root/autodl-tmp/aaa/graphrestore/artifacts/formal_mio100/graphrestore_v7_1_stage4_step040000/methods/graphrestore_v7_1_stage4_step040000/d2/motion blur+low resolution/007.png,3cb282388f69f893b6e19efc204d876707b1bd448271521f33fb393d88bea95b,/root/autodl-tmp/graph/data/graphrestore/raw/agenticir/extracted/HQ/007.png,b876f087d5f42a9350f28383ff2df22156b6bbba702809d134b7713d9430881c,23.802440643310547,0.6294794509026077,263.74902576208115,1,1,2,0,0,0,0,0.12037284450889696
test/A/motion blur + low resolution/008,A,motion blur+low resolution,008,/root/autodl-tmp/aaa/graphrestore/artifacts/formal_mio100/graphrestore_v7_1_stage4_step040000/methods/graphrestore_v7_1_stage4_step040000/d2/motion blur+low resolution/008.png,e32d3abfccb5c4c96c38960614f56ccb4063c9f2b1aece9c555870cc4f35964a,/root/autodl-tmp/graph/data/graphrestore/raw/agenticir/extracted/HQ/008.png,4efb8dbbd2ba5090b7b951a456ec5ed27a5d61360ab95cb1c5a9366f2868cb94,22.78399658203125,0.6223954797203023,370.04388123750687,1,1,2,0,0,0,0,0.12037284450889696
test/A/motion blur + low resolution/009,A,motion blur+low resolution,009,/root/autodl-tmp/aaa/graphrestore/artifacts/formal_mio100/graphrestore_v7_1_stage4_step040000/methods/graphrestore_v7_1_stage4_step040000/d2/motion blur+low resolution/009.png,546d84011329e458f67defbbe8f90ba11019c1a9dc7fda29d2637a7fcf28eba9,/root/autodl-tmp/graph/data/graphrestore/raw/agenticir/extracted/HQ/009.png,5b779ac0fbe5d1e4d4126fd2864493dcc2ecdbde374ede7e29a054b2a9cb4f21,28.289615631103516,0.9158129398880519,396.4475840330124,1,1,2,0,0,0,0,0.12037284450889696
test/A/motion blur + low resolution/010,A,motion blur+low resolution,010,/root/autodl-tmp/aaa/graphrestore/artifacts/formal_mio100/graphrestore_v7_1_stage4_step040000/methods/graphrestore_v7_1_stage4_step040000/d2/motion blur+low resolution/010.png,2d202d4aba7bc5064e533fd3dc0423e13173d8731e58a755befc4cb4ec15e210,/root/autodl-tmp/graph/data/graphrestore/raw/agenticir/extracted/HQ/010.png,327492996d853f5c8873b435f98a91afd07db64567545baa61c9f4f64f717a0d,20.896013259887695,0.6468960422778698,423.01440984010696,1,1,2,0,0,0,0,0.12037284450889696
test/A/motion blur + low resolution/013,A,motion blur+low resolution,013,/root/autodl-tmp/aaa/graphrestore/artifacts/formal_mio100/graphrestore_v7_1_stage4_step040000/methods/graphrestore_v7_1_stage4_step040000/d2/motion blur+low resolution/013.png,6939edc0ee20bd54d725fa01169d70ced6be707125524e0657bed0220e9f657a,/root/autodl-tmp/graph/data/graphrestore/raw/agenticir/extracted/HQ/013.png,afe18305499bd0b8318392e8f34ede33aafb5a0df2371075fe9f30a1c81a75eb,17.45246696472168,0.25280830009507654,320.99077105522156,1,1,2,0,0,0,0,0.12037284450889696
test/A/motion blur + low resolution/014,A,motion blur+low resolution,014,/root/autodl-tmp/aaa/graphrestore/artifacts/formal_mio100/graphrestore_v7_1_stage4_step040000/methods/graphrestore_v7_1_stage4_step040000/d2/motion blur+low resolution/014.png,ab41909eccdd2e94ab62558fab93966aa035b7871b9d0b49147cb7fd64893890,/root/autodl-tmp/graph/data/graphrestore/raw/agenticir/extracted/HQ/014.png,2d569d9b923a96b1542c0b845dce0c7657794eba9f6f22ae5d02f335ef1bc4a0,23.704235076904297,0.8033849773476353,317.9972395300865,1,1,2,0,0,0,0,0.12037284450889696
test/A/motion blur + low resolution/015,A,motion blur+low resolution,015,/root/autodl-tmp/aaa/graphrestore/artifacts/formal_mio100/graphrestore_v7_1_stage4_step040000/methods/graphrestore_v7_1_stage4_step040000/d2/motion blur+low resolution/015.png,2f1ea8338063ba92854499bb4fa3481e6dcb6c64f0ed27686a270a8907cfe1bd,/root/autodl-tmp/graph/data/graphrestore/raw/agenticir/extracted/HQ/015.png,286adb5a1c45ee88f14e1b16e3af420910584bf5ebdd72c40cf75317559c731f,17.447837829589844,0.44462954211459194,261.29890978336334,1,1,2,0,0,0,0,0.12037284450889696
test/A/motion blur + low resolution/016,A,motion blur+low resolution,016,/root/autodl-tmp/aaa/graphrestore/artifacts/formal_mio100/graphrestore_v7_1_stage4_step040000/methods/graphrestore_v7_1_stage4_step040000/d2/motion blur+low resolution/016.png,8bedc5193666e407818829bce571e961568e2ff4e9e2541037f301cb14b57216,/root/autodl-tmp/graph/data/graphrestore/raw/agenticir/extracted/HQ/016.png,ddc71b4b9bd2a57cabf985c7743b8ff7083a0d9205008603edb440ba27da9313,17.65325355529785,0.42647126053828044,345.43120861053467,1,1,2,0,0,0,0,0.12037284450889696
test/A/motion blur + low resolution/017,A,motion blur+low resolution,017,/root/autodl-tmp/aaa/graphrestore/artifacts/formal_mio100/graphrestore_v7_1_stage4_step040000/methods/graphrestore_v7_1_stage4_step040000/d2/motion blur+low resolution/017.png,04ebadff9f02417e0a0b67a38ff095accd5cd482c67525136516994dac1f0121,/root/autodl-tmp/graph/data/graphrestore/raw/agenticir/extracted/HQ/017.png,ab3ab0c03c2d8c9c0befbcad219fae23c9795fdf99d664630f4f4febbd02c519,22.804964065551758,0.7536645111105185,262.36119121313095,1,1,2,0,0,0,0,0.12037284450889696
test/A/motion blur + low resolution/018,A,motion blur+low resolution,018,/root/autodl-tmp/aaa/graphrestore/artifacts/formal_mio100/graphrestore_v7_1_stage4_step040000/methods/graphrestore_v7_1_stage4_step040000/d2/motion blur+low resolution/018.png,d5ca53f7e932ebc66aeb08e69c57b13e94040f1c8d3a06f55ca6cd9b2f886b4b,/root/autodl-tmp/graph/data/graphrestore/raw/agenticir/extracted/HQ/018.png,66db8e4aeb78f506ae4415572eb910726c3f16ede70138093ab4eced187b8df1,16.644561767578125,0.29658878274018724,313.32091987133026,1,1,2,0,0,0,0,0.12037284450889696
test/A/motion blur + low resolution/019,A,motion blur+low resolution,019,/root/autodl-tmp/aaa/graphrestore/artifacts/formal_mio100/graphrestore_v7_1_stage4_step040000/methods/graphrestore_v7_1_stage4_step040000/d2/motion blur+low resolution/019.png,7d747f7a078d831f500099a2881a2db9c9d13d57ccb66ea7745124512b811c94,/root/autodl-tmp/graph/data/graphrestore/raw/agenticir/extracted/HQ/019.png,fb026cef85a4f7e64ad7c5f064ed15de1f04a7a7b6bde70b28ee78a55db21aeb,17.72763442993164,0.44588906455834415,263.6687904596329,1,1,2,0,0,0,0,0.12037284450889696
test/A/motion blur + low resolution/020,A,motion blur+low resolution,020,/root/autodl-tmp/aaa/graphrestore/artifacts/formal_mio100/graphrestore_v7_1_stage4_step040000/methods/graphrestore_v7_1_stage4_step040000/d2/motion blur+low resolution/020.png,4a346ac21f5c6ab7c357c4152ca661b67b31bfd19819e38416ca69ba6e11488e,/root/autodl-tmp/graph/data/graphrestore/raw/agenticir/extracted/HQ/020.png,daa15d9f51eab9eca70197a7f05df7873e3eab75e432b0a81fe9488be552f37a,15.227935791015625,0.3189033551064007,313.6397674679756,1,1,2,0,0,0,0,0.12037284450889696
test/A/motion blur + low resolution/023,A,motion blur+low resolution,023,/root/autodl-tmp/aaa/graphrestore/artifacts/formal_mio100/graphrestore_v7_1_stage4_step040000/methods/graphrestore_v7_1_stage4_step040000/d2/motion blur+low resolution/023.png,31fa0ea0c095fe90b6ed1124fc6462e1990e32047f64d439766c0dbb5036a44e,/root/autodl-tmp/graph/data/graphrestore/raw/agenticir/extracted/HQ/023.png,befde78eca5789c87200ca1e2ac905ba8ad5706b50af86454bd30bc857c90e02,18.12481117248535,0.48061699021414755,258.1916078925133,1,1,2,0,0,0,0,0.12037284450889696
test/A/motion blur + low resolution/024,A,motion blur+low resolution,024,/root/autodl-tmp/aaa/graphrestore/artifacts/formal_mio100/graphrestore_v7_1_stage4_step040000/methods/graphrestore_v7_1_stage4_step040000/d2/motion blur+low resolution/024.png,dc15f9fddfff359996da0047727568eb22e4ef8000cca34064401265d2c0f881,/root/autodl-tmp/graph/data/graphrestore/raw/agenticir/extracted/HQ/024.png,e51441e174dd8dc0c47872ccb4221ab3f054b716588ee0f42d58a56098bd9538,17.875791549682617,0.49101075627992774,257.7430382370949,1,1,2,0,0,0,0,0.12037284450889696
test/A/motion blur + low resolution/025,A,motion blur+low resolution,025,/root/autodl-tmp/aaa/graphrestore/artifacts/formal_mio100/graphrestore_v7_1_stage4_step040000/methods/graphrestore_v7_1_stage4_step040000/d2/motion blur+low resolution/025.png,1234aaea26f67d1a64a0cf844379dda6b044acccc54819c84ef277f5007dc3c7,/root/autodl-tmp/graph/data/graphrestore/raw/agenticir/extracted/HQ/025.png,f384d4a9bc3c31bc29038378f849002dc4ff2db373d852b732f5cfc24ebed244,25.415142059326172,0.6320494989482242,257.75229185819626,1,1,2,0,0,0,0,0.12037284450889696
test/A/motion blur + low resolution/026,A,motion blur+low resolution,026,/root/autodl-tmp/aaa/graphrestore/artifacts/formal_mio100/graphrestore_v7_1_stage4_step040000/methods/graphrestore_v7_1_stage4_step040000/d2/motion blur+low resolution/026.png,388e3b891ae0a832b6659f1520ddbb90be4bd97c84de39dca4e815327b91c697,/root/autodl-tmp/graph/data/graphrestore/raw/agenticir/extracted/HQ/026.png,cfce1d4c02a00f28988a64f63cd538c4147c3a72c147a6549d71f1105d671224,24.204498291015625,0.7388111199995844,313.57789039611816,1,1,2,0,0,0,0,0.12037284450889696
test/A/motion blur + low resolution/027,A,motion blur+low resolution,027,/root/autodl-tmp/aaa/graphrestore/artifacts/formal_mio100/graphrestore_v7_1_stage4_step040000/methods/graphrestore_v7_1_stage4_step040000/d2/motion blur+low resolution/027.png,a9886c874e2751f1bb40ca45b2f795aedb0f680faf89dcb934ac761ce5711780,/root/autodl-tmp/graph/data/graphrestore/raw/agenticir/extracted/HQ/027.png,d69be3d26f3d3c95ffd9de3bd8d565120e0f09fb4aa84c72ae18d8fc4f871aae,20.991914749145508,0.5642702851119032,314.3848776817322,1,1,2,0,0,0,0,0.12037284450889696
test/A/motion blur + low resolution/028,A,motion blur+low resolution,028,/root/autodl-tmp/aaa/graphrestore/artifacts/formal_mio100/graphrestore_v7_1_stage4_step040000/methods/graphrestore_v7_1_stage4_step040000/d2/motion blur+low resolution/028.png,5faee1b39df81183070a8ed0c695f8e4039c812b3d2b0a46bc0a8577dc1a0db9,/root/autodl-tmp/graph/data/graphrestore/raw/agenticir/extracted/HQ/028.png,181f97da79059de1a93d1a0d30f6851393282c6af8b607d83ce29ab8c9dbf771,30.13064956665039,0.8664017125160487,266.2924751639366,1,1,2,0,0,0,0,0.12037284450889696
test/A/motion blur + low resolution/029,A,motion blur+low resolution,029,/root/autodl-tmp/aaa/graphrestore/artifacts/formal_mio100/graphrestore_v7_1_stage4_step040000/methods/graphrestore_v7_1_stage4_step040000/d2/motion blur+low resolution/029.png,931dcd3b5400c5f7db1f7d051825dab066446187fbc95e47094b5d6a79229191,/root/autodl-tmp/graph/data/graphrestore/raw/agenticir/extracted/HQ/029.png,3c7f43d0544ada8d7b64d7bb197621349fa1dcdf8400fb6128afaf8787814556,23.570592880249023,0.6506481643164337,263.0521208047867,1,1,2,0,0,0,0,0.12037284450889696
test/A/motion blur + low resolution/030,A,motion blur+low resolution,030,/root/autodl-tmp/aaa/graphrestore/artifacts/formal_mio100/graphrestore_v7_1_stage4_step040000/methods/graphrestore_v7_1_stage4_step040000/d2/motion blur+low resolution/030.png,f80a7d013e5b351cd050ac0ce83b42bd1c0e3cc66203c021eda1cfc569155b08,/root/autodl-tmp/graph/data/graphrestore/raw/agenticir/extracted/HQ/030.png,576b0158cf5a541dd6aaf522902400e8ba3175aacca36d9df22951f52acf3f2f,20.377674102783203,0.5648082966061589,234.1913878917694,1,1,2,0,0,0,0,0.12037284450889696
test/A/motion blur + low resolution/033,A,motion blur+low resolution,033,/root/autodl-tmp/aaa/graphrestore/artifacts/formal_mio100/graphrestore_v7_1_stage4_step040000/methods/graphrestore_v7_1_stage4_step040000/d2/motion blur+low resolution/033.png,ae970ed9ae44a2c2300cf6ffe1edbdefeb6691ac712a047be2ad850c0af3cf8b,/root/autodl-tmp/graph/data/graphrestore/raw/agenticir/extracted/HQ/033.png,9590f1419e378254c01f330c248e12e8a62792b04a27b72daf2c0afd6c41c758,17.505823135375977,0.31652170384633543,204.93793487548828,1,1,2,0,0,0,0,0.12037284450889696
test/A/motion blur + low resolution/034,A,motion blur+low resolution,034,/root/autodl-tmp/aaa/graphrestore/artifacts/formal_mio100/graphrestore_v7_1_stage4_step040000/methods/graphrestore_v7_1_stage4_step040000/d2/motion blur+low resolution/034.png,1364cb9ac26f707f2b08932d2d83844e3e9d49eb5ef8d947d1a2c62df78eecad,/root/autodl-tmp/graph/data/graphrestore/raw/agenticir/extracted/HQ/034.png,0575cc2334f8f50fcbd3d9f58173645db8764f938ee55e8899084ca2b66fd018,24.7175235748291,0.47790505520973997,287.3712033033371,1,1,2,0,0,0,0,0.12037284450889696
test/A/motion blur + low resolution/035,A,motion blur+low resolution,035,/root/autodl-tmp/aaa/graphrestore/artifacts/formal_mio100/graphrestore_v7_1_stage4_step040000/methods/graphrestore_v7_1_stage4_step040000/d2/motion blur+low resolution/035.png,f3610a0b3e71913e54e8dae112b230c8628135319afc6366c485984c4fb7e37b,/root/autodl-tmp/graph/data/graphrestore/raw/agenticir/extracted/HQ/035.png,4e230744a9cb7c3ebe976ae7267155312b876fb355283b4938b34b758aef7ff9,22.38268280029297,0.627209126574892,315.5216872692108,1,1,2,0,0,0,0,0.12037284450889696
test/A/motion blur + low resolution/036,A,motion blur+low resolution,036,/root/autodl-tmp/aaa/graphrestore/artifacts/formal_mio100/graphrestore_v7_1_stage4_step040000/methods/graphrestore_v7_1_stage4_step040000/d2/motion blur+low resolution/036.png,04c0564753c43e6f51b1bc8f8e902bfd8de30af2d9ab6e12860e5daeb2b97395,/root/autodl-tmp/graph/data/graphrestore/raw/agenticir/extracted/HQ/036.png,409fbd0ad51be33e9e2711cb7b22cb39999eaac6e278ca1621c20300be446d76,18.474637985229492,0.4060873889866278,264.8301497101784,1,1,2,0,0,0,0,0.12037284450889696
test/A/motion blur + low resolution/037,A,motion blur+low resolution,037,/root/autodl-tmp/aaa/graphrestore/artifacts/formal_mio100/graphrestore_v7_1_stage4_step040000/methods/graphrestore_v7_1_stage4_step040000/d2/motion blur+low resolution/037.png,786a88684fc9dd1437d3f384b3fcc7284da95f9576089bb9a7c1b02847aba585,/root/autodl-tmp/graph/data/graphrestore/raw/agenticir/extracted/HQ/037.png,8f31abe11ce5d5377f131fdc788024ffb8d5cfdda501c06a64ca1fc80fab0d07,25.64486312866211,0.7783075702400474,259.17699933052063,1,1,2,0,0,0,0,0.12037284450889696
test/A/motion blur + low resolution/038,A,motion blur+low resolution,038,/root/autodl-tmp/aaa/graphrestore/artifacts/formal_mio100/graphrestore_v7_1_stage4_step040000/methods/graphrestore_v7_1_stage4_step040000/d2/motion blur+low resolution/038.png,49174b0756d04a5c347618dfe24259f15522f602dc3a1fb1c281c842c8f95aea,/root/autodl-tmp/graph/data/graphrestore/raw/agenticir/extracted/HQ/038.png,fe7df2186482ca2cc105baed74cb1da9667b3b03e1629055880b6012db131aa1,22.461463928222656,0.5351022943755358,203.191839158535,1,1,2,0,0,0,0,0.12037284450889696
test/A/motion blur + low resolution/039,A,motion blur+low resolution,039,/root/autodl-tmp/aaa/graphrestore/artifacts/formal_mio100/graphrestore_v7_1_stage4_step040000/methods/graphrestore_v7_1_stage4_step040000/d2/motion blur+low resolution/039.png,a40562729af1ec7bae79aee4aa9e5547e432271ad78e95560158078a04c5cc6b,/root/autodl-tmp/graph/data/graphrestore/raw/agenticir/extracted/HQ/039.png,a2038f7610363fb1916197e0557fa84b50b610d86885a2d6409f9e3aa75fbbcd,27.307584762573242,0.914200017775443,258.86356830596924,1,1,2,0,0,0,0,0.12037284450889696
test/A/motion blur + low resolution/040,A,motion blur+low resolution,040,/root/autodl-tmp/aaa/graphrestore/artifacts/formal_mio100/graphrestore_v7_1_stage4_step040000/methods/graphrestore_v7_1_stage4_step040000/d2/motion blur+low resolution/040.png,269db136832202a75f3f34f87a806310c9f5fdaa9d0c0f9823990bdfb3f26a9f,/root/autodl-tmp/graph/data/graphrestore/raw/agenticir/extracted/HQ/040.png,c5a9e4bb9d84a6734bdc04c272c48c1b17b150a1e346afab2338eb0ba41f1464,24.105836868286133,0.7115551769199788,286.4137962460518,1,1,2,0,0,0,0,0.12037284450889696
test/A/motion blur + low resolution/043,A,motion blur+low resolution,043,/root/autodl-tmp/aaa/graphrestore/artifacts/formal_mio100/graphrestore_v7_1_stage4_step040000/methods/graphrestore_v7_1_stage4_step040000/d2/motion blur+low resolution/043.png,650130a3f151e341c529a248f507e8313d1fbee773a6c030383989862aba3570,/root/autodl-tmp/graph/data/graphrestore/raw/agenticir/extracted/HQ/043.png,15880c27b3101797c4e5896dee7349ad832ac1c49fcd0c559b357f4e28296b4d,18.741317749023438,0.3458980927200456,259.02700424194336,1,1,2,0,0,0,0,0.12037284450889696
test/A/motion blur + low resolution/044,A,motion blur+low resolution,044,/root/autodl-tmp/aaa/graphrestore/artifacts/formal_mio100/graphrestore_v7_1_stage4_step040000/methods/graphrestore_v7_1_stage4_step040000/d2/motion blur+low resolution/044.png,26719cf907305ef988fe6dca93baacb1047f69e8f08378d075487ac504c50714,/root/autodl-tmp/graph/data/graphrestore/raw/agenticir/extracted/HQ/044.png,0645011c1dc3777ab263df617d1747b902c2d321de6f939549cfbe43eabc9245,22.035770416259766,0.5254049779412171,259.7650960087776,1,1,2,0,0,0,0,0.12037284450889696
test/A/motion blur + low resolution/045,A,motion blur+low resolution,045,/root/autodl-tmp/aaa/graphrestore/artifacts/formal_mio100/graphrestore_v7_1_stage4_step040000/methods/graphrestore_v7_1_stage4_step040000/d2/motion blur+low resolution/045.png,bf3db8d4ddc30da565f9e0f2a96618cad1f391fdcc585bf607facc1b92cba7d0,/root/autodl-tmp/graph/data/graphrestore/raw/agenticir/extracted/HQ/045.png,d3e352c98c1fe9df1181c1e362bb9c3ba3a1d077456198796083821dab20d1fc,20.323028564453125,0.38092255160123223,259.29228216409683,1,1,2,0,0,0,0,0.12037284450889696
test/A/motion blur + low resolution/046,A,motion blur+low resolution,046,/root/autodl-tmp/aaa/graphrestore/artifacts/formal_mio100/graphrestore_v7_1_stage4_step040000/methods/graphrestore_v7_1_stage4_step040000/d2/motion blur+low resolution/046.png,2dc93521c279bae9a6f687a252c41f1721755f91730576e6fe0a7499816d7b94,/root/autodl-tmp/graph/data/graphrestore/raw/agenticir/extracted/HQ/046.png,af4b21bf96515f2ff4f97a4990856b43ae02a1d8f39909428228a2612b5f936f,19.379308700561523,0.32650216825708167,258.80300253629684,1,1,2,0,0,0,0,0.12037284450889696
test/A/motion blur + low resolution/047,A,motion blur+low resolution,047,/root/autodl-tmp/aaa/graphrestore/artifacts/formal_mio100/graphrestore_v7_1_stage4_step040000/methods/graphrestore_v7_1_stage4_step040000/d2/motion blur+low resolution/047.png,84c17943be2537f28abb26b39d0912e195b035d179638c6d94ec9f6191aef528,/root/autodl-tmp/graph/data/graphrestore/raw/agenticir/extracted/HQ/047.png,8ecf454f7d68ca4ebf19b2b4a22275d3bb344666e4e483fda2c8cb84d5ff94db,20.324798583984375,0.5125654047611319,321.1814984679222,1,1,2,0,0,0,0,0.12037284450889696
test/A/motion blur + low resolution/048,A,motion blur+low resolution,048,/root/autodl-tmp/aaa/graphrestore/artifacts/formal_mio100/graphrestore_v7_1_stage4_step040000/methods/graphrestore_v7_1_stage4_step040000/d2/motion blur+low resolution/048.png,a1536c65af00d2183da380e1f1c5d23e8b29943fb1c9a17140ca32fbffc23fc3,/root/autodl-tmp/graph/data/graphrestore/raw/agenticir/extracted/HQ/048.png,b74e449ab10a96799f5e791f68de34dcfaf90a4befdb242cee372f6743841606,18.795625686645508,0.23215628051884357,259.58336889743805,1,1,2,0,0,0,0,0.12037284450889696
test/A/motion blur + low resolution/049,A,motion blur+low resolution,049,/root/autodl-tmp/aaa/graphrestore/artifacts/formal_mio100/graphrestore_v7_1_stage4_step040000/methods/graphrestore_v7_1_stage4_step040000/d2/motion blur+low resolution/049.png,95184c4145101e9632949aa4a9473d279db5d942fbcda28516f72a7ae14f5b43,/root/autodl-tmp/graph/data/graphrestore/raw/agenticir/extracted/HQ/049.png,bdd8f4cec02d5659a12541bb32718429d397d6be195679045764e31574c4f226,19.51139259338379,0.40868764698950827,238.71640115976334,1,0,1,0,0,0,0,0.12037284450889696
test/A/motion blur + low resolution/050,A,motion blur+low resolution,050,/root/autodl-tmp/aaa/graphrestore/artifacts/formal_mio100/graphrestore_v7_1_stage4_step040000/methods/graphrestore_v7_1_stage4_step040000/d2/motion blur+low resolution/050.png,eed44a67fc02fa1cde7eb3c9d5e731322ec103c1f4c59697eb4d62e9a4d97100,/root/autodl-tmp/graph/data/graphrestore/raw/agenticir/extracted/HQ/050.png,c4cfbc77b28b145af37ea26b0b501d69633ebdedd3ce9a90d5760063ee95f492,16.62809181213379,0.298787595457186,313.5385140776634,1,1,2,0,0,0,0,0.12037284450889696
test/A/motion blur + low resolution/053,A,motion blur+low resolution,053,/root/autodl-tmp/aaa/graphrestore/artifacts/formal_mio100/graphrestore_v7_1_stage4_step040000/methods/graphrestore_v7_1_stage4_step040000/d2/motion blur+low resolution/053.png,4c9210a8515d32cc3b9e53ac755b584f9d1932270e0d3081b3e4990fc68cb6b7,/root/autodl-tmp/graph/data/graphrestore/raw/agenticir/extracted/HQ/053.png,6b1f2208c72adcd28d96a15d538bbfbe27cb5a21be416b6f30fa836b12ac867d,29.21965789794922,0.8882866537545571,261.5037262439728,1,1,2,0,0,0,0,0.12037284450889696
test/A/motion blur + low resolution/054,A,motion blur+low resolution,054,/root/autodl-tmp/aaa/graphrestore/artifacts/formal_mio100/graphrestore_v7_1_stage4_step040000/methods/graphrestore_v7_1_stage4_step040000/d2/motion blur+low resolution/054.png,8fc3bdce7a6add6d944038afde14d26040d7b79463532501098fdd615b1cb816,/root/autodl-tmp/graph/data/graphrestore/raw/agenticir/extracted/HQ/054.png,699ffde2d8d110e52811d39e5b9d745965d4211dd2312f453ce367f1bc0e66f5,29.925554275512695,0.8560497540488631,256.4968764781952,1,1,2,0,0,0,0,0.12037284450889696
test/A/motion blur + low resolution/055,A,motion blur+low resolution,055,/root/autodl-tmp/aaa/graphrestore/artifacts/formal_mio100/graphrestore_v7_1_stage4_step040000/methods/graphrestore_v7_1_stage4_step040000/d2/motion blur+low resolution/055.png,16268a9a35ca6c2678fc23e33d7ba661648ad6cfda54d9537e115436cc5e6bcd,/root/autodl-tmp/graph/data/graphrestore/raw/agenticir/extracted/HQ/055.png,5a59c6f9051a70f1c3ad8e9550b2a21322ef8ad71bd70085fb2330f6f6da3948,34.17439651489258,0.8967520111035178,311.9729980826378,1,1,2,0,0,0,0,0.12037284450889696
test/A/motion blur + low resolution/056,A,motion blur+low resolution,056,/root/autodl-tmp/aaa/graphrestore/artifacts/formal_mio100/graphrestore_v7_1_stage4_step040000/methods/graphrestore_v7_1_stage4_step040000/d2/motion blur+low resolution/056.png,364641780bbb9bed329f752eb2091669d0c1dfd28d81c0510b231652811f4e66,/root/autodl-tmp/graph/data/graphrestore/raw/agenticir/extracted/HQ/056.png,c5f28866f72e2d370875385eb6575124b0735f8f927fae1c07ff7151e200c956,23.08931541442871,0.7338569029594222,237.38618195056915,1,1,2,0,0,0,0,0.12037284450889696
test/A/motion blur + low resolution/057,A,motion blur+low resolution,057,/root/autodl-tmp/aaa/graphrestore/artifacts/formal_mio100/graphrestore_v7_1_stage4_step040000/methods/graphrestore_v7_1_stage4_step040000/d2/motion blur+low resolution/057.png,c7c37d2b8cd8eb9c48a497a9c58734909849dad65f71a96eff6edb94e3732c48,/root/autodl-tmp/graph/data/graphrestore/raw/agenticir/extracted/HQ/057.png,42353ae75793843947c257055d87e0568db28ed51b9a5d87cc0d6a0dafb242af,25.541887283325195,0.8380763640025937,257.33112543821335,1,1,2,0,0,0,0,0.12037284450889696
test/A/motion blur + low resolution/058,A,motion blur+low resolution,058,/root/autodl-tmp/aaa/graphrestore/artifacts/formal_mio100/graphrestore_v7_1_stage4_step040000/methods/graphrestore_v7_1_stage4_step040000/d2/motion blur+low resolution/058.png,100fe7fc79f328bd848f7c13fce88831c8338928f95ef67717c98bd1c4d1841a,/root/autodl-tmp/graph/data/graphrestore/raw/agenticir/extracted/HQ/058.png,e50e67dc4e57dc18d552546044c5ca169fdb26de4d5d81650d00d4b0f3ab7e76,25.24051856994629,0.8591923136517108,257.9859644174576,1,1,2,0,0,0,0,0.12037284450889696
test/A/motion blur + low resolution/059,A,motion blur+low resolution,059,/root/autodl-tmp/aaa/graphrestore/artifacts/formal_mio100/graphrestore_v7_1_stage4_step040000/methods/graphrestore_v7_1_stage4_step040000/d2/motion blur+low resolution/059.png,059f0eded8fd66b05492a5958731e941ac787245f9c8730b2afa2bdc23404204,/root/autodl-tmp/graph/data/graphrestore/raw/agenticir/extracted/HQ/059.png,e60c8277194566df02c7cefc895d1390756059f7a29ac67206ec202f1b897add,26.16823959350586,0.8306204562182714,285.0395441055298,1,1,2,0,0,0,0,0.12037284450889696
test/A/motion blur + low resolution/060,A,motion blur+low resolution,060,/root/autodl-tmp/aaa/graphrestore/artifacts/formal_mio100/graphrestore_v7_1_stage4_step040000/methods/graphrestore_v7_1_stage4_step040000/d2/motion blur+low resolution/060.png,1e31c0b10e2ae2b88d86d25c88c892d61099029f62b59b6d80c5af59ad8e44b7,/root/autodl-tmp/graph/data/graphrestore/raw/agenticir/extracted/HQ/060.png,d173273231bf0b68767ae3e287f4f34baa71e7d986a98c43a41fa9668fd8a0d4,25.16057777404785,0.7689043687149021,259.85802710056305,1,1,2,0,0,0,0,0.12037284450889696
test/A/motion blur + low resolution/063,A,motion blur+low resolution,063,/root/autodl-tmp/aaa/graphrestore/artifacts/formal_mio100/graphrestore_v7_1_stage4_step040000/methods/graphrestore_v7_1_stage4_step040000/d2/motion blur+low resolution/063.png,1c12a8f705fc9915b75b98a4451f05727ff5f74eed2ed671859faa2ab7e9b39c,/root/autodl-tmp/graph/data/graphrestore/raw/agenticir/extracted/HQ/063.png,f7ccce7c58be38c16fb08060b8b379825cb0417a04e6813c72985768a480929c,18.980587005615234,0.6523709116796257,257.71618634462357,1,1,2,0,0,0,0,0.12037284450889696
test/A/motion blur + low resolution/064,A,motion blur+low resolution,064,/root/autodl-tmp/aaa/graphrestore/artifacts/formal_mio100/graphrestore_v7_1_stage4_step040000/methods/graphrestore_v7_1_stage4_step040000/d2/motion blur+low resolution/064.png,d1c166c7618c8fbb96c24137e0100091a928837d8fcbc266cf42e7faab1ce388,/root/autodl-tmp/graph/data/graphrestore/raw/agenticir/extracted/HQ/064.png,b34caae8d574b2c008d53ceb0490df55c099e68844b2819f0c02fc50db26cee0,19.829309463500977,0.5293456050062139,284.6198156476021,1,1,2,0,0,0,0,0.12037284450889696
test/A/motion blur + low resolution/065,A,motion blur+low resolution,065,/root/autodl-tmp/aaa/graphrestore/artifacts/formal_mio100/graphrestore_v7_1_stage4_step040000/methods/graphrestore_v7_1_stage4_step040000/d2/motion blur+low resolution/065.png,7d942db176cbf37c01bf2e725570e91034b13355d8717361bef76738739fb8e4,/root/autodl-tmp/graph/data/graphrestore/raw/agenticir/extracted/HQ/065.png,f0770ae16bf79be3b5d94a7868da009f5ce1bbf54bfe5c879e352a4df590ef63,20.585538864135742,0.5510160111964214,313.3181035518646,1,1,2,0,0,0,0,0.12037284450889696
test/A/motion blur + low resolution/066,A,motion blur+low resolution,066,/root/autodl-tmp/aaa/graphrestore/artifacts/formal_mio100/graphrestore_v7_1_stage4_step040000/methods/graphrestore_v7_1_stage4_step040000/d2/motion blur+low resolution/066.png,a3ed33d16ff0a64a5e562f38180ff3bdc606df9b73241aa09b471763a46ae781,/root/autodl-tmp/graph/data/graphrestore/raw/agenticir/extracted/HQ/066.png,a19230b326bd2fb5c26ae283f65bf0b85f39f90421056a47c7ecd6d683379aff,21.406414031982422,0.6706189991953221,313.9014318585396,1,1,2,0,0,0,0,0.12037284450889696
test/A/motion blur + low resolution/067,A,motion blur+low resolution,067,/root/autodl-tmp/aaa/graphrestore/artifacts/formal_mio100/graphrestore_v7_1_stage4_step040000/methods/graphrestore_v7_1_stage4_step040000/d2/motion blur+low resolution/067.png,518e615ef5a22380b9040887cb96b0df561ed12d123ef4de3f98e04cbf88be43,/root/autodl-tmp/graph/data/graphrestore/raw/agenticir/extracted/HQ/067.png,91cd9f021a6902b7f3220c6a373cba11f3bfbe4e4984c1d6fc4be0c76acb67a0,18.052169799804688,0.5411818563700251,262.18099147081375,1,1,2,0,0,0,0,0.12037284450889696
test/A/motion blur + low resolution/068,A,motion blur+low resolution,068,/root/autodl-tmp/aaa/graphrestore/artifacts/formal_mio100/graphrestore_v7_1_stage4_step040000/methods/graphrestore_v7_1_stage4_step040000/d2/motion blur+low resolution/068.png,ab3fad7246865f5a49841a78e27df92c42ecfe64c3a9d0ae6042e31306047817,/root/autodl-tmp/graph/data/graphrestore/raw/agenticir/extracted/HQ/068.png,b8187d79db16002364f6017df807e6cac41e7ee9a68413a384b1bd69eddaa638,21.61240005493164,0.65522171069235,259.3776360154152,1,1,2,0,0,0,0,0.12037284450889696
test/A/motion blur + low resolution/069,A,motion blur+low resolution,069,/root/autodl-tmp/aaa/graphrestore/artifacts/formal_mio100/graphrestore_v7_1_stage4_step040000/methods/graphrestore_v7_1_stage4_step040000/d2/motion blur+low resolution/069.png,618ef164f8ce74cfbb66dbeee5b5256f9910af2faf7b4edcd7b0ac8e38e20177,/root/autodl-tmp/graph/data/graphrestore/raw/agenticir/extracted/HQ/069.png,abb08be58f50075e5e6b1de44ddfe61c30ebb34882e9d72681edd73a5cdbb156,22.516429901123047,0.5303779776478182,314.94174152612686,1,1,2,0,0,0,0,0.12037284450889696
test/A/motion blur + low resolution/070,A,motion blur+low resolution,070,/root/autodl-tmp/aaa/graphrestore/artifacts/formal_mio100/graphrestore_v7_1_stage4_step040000/methods/graphrestore_v7_1_stage4_step040000/d2/motion blur+low resolution/070.png,0b02411c4a5138e7747f791289b61ca6f041ddea5bf2011b4957938a4cb69df8,/root/autodl-tmp/graph/data/graphrestore/raw/agenticir/extracted/HQ/070.png,718ae2570e431003fb32f2a40e19f813545164ace18230ac03f9ec96b2747f85,20.05059814453125,0.7683485141003783,262.3744010925293,1,1,2,0,0,0,0,0.12037284450889696
test/A/motion blur + low resolution/073,A,motion blur+low resolution,073,/root/autodl-tmp/aaa/graphrestore/artifacts/formal_mio100/graphrestore_v7_1_stage4_step040000/methods/graphrestore_v7_1_stage4_step040000/d2/motion blur+low resolution/073.png,c61c7a884d9bfe320a207c03b09386a5b2285c37618e93308846d42c9c3e4430,/root/autodl-tmp/graph/data/graphrestore/raw/agenticir/extracted/HQ/073.png,e4a8516954bfb4b79f2fc6194b6b4a8ed63250e14fe7ce0b6f6d77c922f84730,20.432273864746094,0.7491610181862579,313.6529326438904,1,1,2,0,0,0,0,0.12037284450889696
test/A/motion blur + low resolution/074,A,motion blur+low resolution,074,/root/autodl-tmp/aaa/graphrestore/artifacts/formal_mio100/graphrestore_v7_1_stage4_step040000/methods/graphrestore_v7_1_stage4_step040000/d2/motion blur+low resolution/074.png,e25373b389c286cdee7ae41d2e87ef07a944e0a293ea840a91100dabac1b4d86,/root/autodl-tmp/graph/data/graphrestore/raw/agenticir/extracted/HQ/074.png,cfa80e9825a34173ab0d1810b1b63bf645aa1b6b743966a77d7d03463319fd8e,26.265819549560547,0.8705916919346603,272.9537710547447,1,1,2,0,0,0,0,0.12037284450889696
test/A/motion blur + low resolution/075,A,motion blur+low resolution,075,/root/autodl-tmp/aaa/graphrestore/artifacts/formal_mio100/graphrestore_v7_1_stage4_step040000/methods/graphrestore_v7_1_stage4_step040000/d2/motion blur+low resolution/075.png,316cbdac2bb1d02a9552d93026da185399de78e6892be2c86a473f165359d824,/root/autodl-tmp/graph/data/graphrestore/raw/agenticir/extracted/HQ/075.png,637e76a0398c825f3214d13b10485f7c180dc359b838ade377382c22c8f6b788,19.55417251586914,0.5118904458955793,261.9817405939102,1,1,2,0,0,0,0,0.12037284450889696
test/A/motion blur + low resolution/076,A,motion blur+low resolution,076,/root/autodl-tmp/aaa/graphrestore/artifacts/formal_mio100/graphrestore_v7_1_stage4_step040000/methods/graphrestore_v7_1_stage4_step040000/d2/motion blur+low resolution/076.png,03ed4eb85d19fb3cdb6f1e1211df521da84a0f8d6d4e4d4527992769c02258dc,/root/autodl-tmp/graph/data/graphrestore/raw/agenticir/extracted/HQ/076.png,28f7193b83d2979c14a7c73e95657ce02a2cc902196495bea289e190f48cecae,25.35633087158203,0.7625214152725984,262.0576545596123,1,1,2,0,0,0,0,0.12037284450889696
test/A/motion blur + low resolution/077,A,motion blur+low resolution,077,/root/autodl-tmp/aaa/graphrestore/artifacts/formal_mio100/graphrestore_v7_1_stage4_step040000/methods/graphrestore_v7_1_stage4_step040000/d2/motion blur+low resolution/077.png,06713942ebf3dc5e974fd7ce90bcb49ed53380ea3a093acb96414fa3df16805c,/root/autodl-tmp/graph/data/graphrestore/raw/agenticir/extracted/HQ/077.png,6d0b3c0c4255ee2de7c3c275c114eb531248c06fce157913f4e69dacd492cc91,20.132335662841797,0.6505425672256114,260.922908782959,1,1,2,0,0,0,0,0.12037284450889696
test/A/motion blur + low resolution/078,A,motion blur+low resolution,078,/root/autodl-tmp/aaa/graphrestore/artifacts/formal_mio100/graphrestore_v7_1_stage4_step040000/methods/graphrestore_v7_1_stage4_step040000/d2/motion blur+low resolution/078.png,49ccfb6fb522a33b1d4a8ae36696f6a5eb04fcfcd5ec7d128ddc7fecd6654be5,/root/autodl-tmp/graph/data/graphrestore/raw/agenticir/extracted/HQ/078.png,ae84b8b3592a0f623d5bd2c5791b049e6fd87155614fbbad37f1ac00a2cfa870,19.523231506347656,0.5025134584063433,322.20474630594254,1,1,2,0,0,0,0,0.12037284450889696
test/A/motion blur + low resolution/079,A,motion blur+low resolution,079,/root/autodl-tmp/aaa/graphrestore/artifacts/formal_mio100/graphrestore_v7_1_stage4_step040000/methods/graphrestore_v7_1_stage4_step040000/d2/motion blur+low resolution/079.png,a2c0fefb2962dddf35a153975186a14627ac3420b1eadd9300b339073f04940a,/root/autodl-tmp/graph/data/graphrestore/raw/agenticir/extracted/HQ/079.png,166cde30b17743be2ca3fb2c29004e0b38b126bfa1d8d5f41013c23eb248aad5,23.960371017456055,0.6515313447838758,294.1949591040611,1,1,2,0,0,0,0,0.12037284450889696
test/A/motion blur + low resolution/080,A,motion blur+low resolution,080,/root/autodl-tmp/aaa/graphrestore/artifacts/formal_mio100/graphrestore_v7_1_stage4_step040000/methods/graphrestore_v7_1_stage4_step040000/d2/motion blur+low resolution/080.png,603030951de3cdbe6889d922049518258f3df874d76dc210623d03c7eb16faca,/root/autodl-tmp/graph/data/graphrestore/raw/agenticir/extracted/HQ/080.png,b208599722bce230536ae4db62272e883a7714d4bfca7d73e1361da3b2ca9225,26.33283233642578,0.8749541974308901,266.79079979658127,1,1,2,0,0,0,0,0.12037284450889696
test/A/motion blur + low resolution/083,A,motion blur+low resolution,083,/root/autodl-tmp/aaa/graphrestore/artifacts/formal_mio100/graphrestore_v7_1_stage4_step040000/methods/graphrestore_v7_1_stage4_step040000/d2/motion blur+low resolution/083.png,fcbc53e451283fafe48699fa5edc5d209cddef5a2d392be238a5d8e95f779ea7,/root/autodl-tmp/graph/data/graphrestore/raw/agenticir/extracted/HQ/083.png,4772b8d475dfc90626760cea35452db0ee8dfdd89f7cd8def57f8b4d74ecef44,19.679956436157227,0.593337161430377,288.58257830142975,1,1,2,0,0,0,0,0.12037284450889696
test/A/motion blur + low resolution/084,A,motion blur+low resolution,084,/root/autodl-tmp/aaa/graphrestore/artifacts/formal_mio100/graphrestore_v7_1_stage4_step040000/methods/graphrestore_v7_1_stage4_step040000/d2/motion blur+low resolution/084.png,a5599c26bc707bbfff630765cbb2465ccef768ab0bd05c76582fb3c33f89129d,/root/autodl-tmp/graph/data/graphrestore/raw/agenticir/extracted/HQ/084.png,1bc34c4607ba66d84248fe8e7d5e30546ae13841542d8b1cb9146f2a2485df64,29.517498016357422,0.8707002632404289,258.2555487751961,1,1,2,0,0,0,0,0.12037284450889696
test/A/motion blur + low resolution/085,A,motion blur+low resolution,085,/root/autodl-tmp/aaa/graphrestore/artifacts/formal_mio100/graphrestore_v7_1_stage4_step040000/methods/graphrestore_v7_1_stage4_step040000/d2/motion blur+low resolution/085.png,b3b418c9c17864ee61c9405275684823e7f8b3ae78d25fc90e65b0a4c38f6191,/root/autodl-tmp/graph/data/graphrestore/raw/agenticir/extracted/HQ/085.png,6174b7cb004afd2a578ec1950d92b99c41115b5a6bf70a511f19156c62bd5274,25.462318420410156,0.8842141720913775,259.4849020242691,1,1,2,0,0,0,0,0.12037284450889696
test/A/motion blur + low resolution/086,A,motion blur+low resolution,086,/root/autodl-tmp/aaa/graphrestore/artifacts/formal_mio100/graphrestore_v7_1_stage4_step040000/methods/graphrestore_v7_1_stage4_step040000/d2/motion blur+low resolution/086.png,7d0d6f7c59b3d4a7e21ca261dc5a9e709fa501cc3356c0be6a3c88a3500dc4dd,/root/autodl-tmp/graph/data/graphrestore/raw/agenticir/extracted/HQ/086.png,68a629299aaf0e4d70065c504c9b3e397721fa17a25c2585446914aa5c7bafb5,19.56977081298828,0.588939152552442,260.5082541704178,1,1,2,0,0,0,0,0.12037284450889696
test/A/motion blur + low resolution/087,A,motion blur+low resolution,087,/root/autodl-tmp/aaa/graphrestore/artifacts/formal_mio100/graphrestore_v7_1_stage4_step040000/methods/graphrestore_v7_1_stage4_step040000/d2/motion blur+low resolution/087.png,6877754318aeb4bf43948bd995b10d66ea1b7d4f4fdbf82d1091fa374136a1a1,/root/autodl-tmp/graph/data/graphrestore/raw/agenticir/extracted/HQ/087.png,059a862de1498fc3b783bcfcce8fad399573aa912bb6638bbd3d43d23b88cdc6,18.783567428588867,0.5697906266186502,259.98126715421677,1,1,2,0,0,0,0,0.12037284450889696
test/A/motion blur + low resolution/088,A,motion blur+low resolution,088,/root/autodl-tmp/aaa/graphrestore/artifacts/formal_mio100/graphrestore_v7_1_stage4_step040000/methods/graphrestore_v7_1_stage4_step040000/d2/motion blur+low resolution/088.png,ff71a4c9038a26b44ffb80a78b5ef9c2e5d2fe48d7056dca9882638f980f6266,/root/autodl-tmp/graph/data/graphrestore/raw/agenticir/extracted/HQ/088.png,e76841066e027bd2a2fa101a4598c597d4891a7c535e3cc3195b7afcc249d7ae,29.28928565979004,0.9081088205393194,315.1980936527252,1,1,2,0,0,0,0,0.12037284450889696
test/A/motion blur + low resolution/089,A,motion blur+low resolution,089,/root/autodl-tmp/aaa/graphrestore/artifacts/formal_mio100/graphrestore_v7_1_stage4_step040000/methods/graphrestore_v7_1_stage4_step040000/d2/motion blur+low resolution/089.png,2f881a9612bdac10988ca32a52dad0e57215d261d65f3c130164c54b2f2f38bd,/root/autodl-tmp/graph/data/graphrestore/raw/agenticir/extracted/HQ/089.png,046e493440ea7499fe07cec3853e6e170225ce6cdc903aac14730fa6b9bf36ab,20.593950271606445,0.6827420408079814,262.8876119852066,1,1,2,0,0,0,0,0.12037284450889696
test/A/motion blur + low resolution/090,A,motion blur+low resolution,090,/root/autodl-tmp/aaa/graphrestore/artifacts/formal_mio100/graphrestore_v7_1_stage4_step040000/methods/graphrestore_v7_1_stage4_step040000/d2/motion blur+low resolution/090.png,ac04452c615b90b0ad97df99b592ca2c7841e5e9bf6f9bf7acba93d8398f058c,/root/autodl-tmp/graph/data/graphrestore/raw/agenticir/extracted/HQ/090.png,830f74b8389bfef595e56e910efc49cf4246f6f7bd552ea8c45d071a0113053c,18.960609436035156,0.523090656629798,287.2215062379837,1,1,2,0,0,0,0,0.12037284450889696
test/A/motion blur + low resolution/093,A,motion blur+low resolution,093,/root/autodl-tmp/aaa/graphrestore/artifacts/formal_mio100/graphrestore_v7_1_stage4_step040000/methods/graphrestore_v7_1_stage4_step040000/d2/motion blur+low resolution/093.png,2cc1b31d2e3a19581d831ca281f3192a6883a739f6d69bdf2980cb3427ff681f,/root/autodl-tmp/graph/data/graphrestore/raw/agenticir/extracted/HQ/093.png,b9ef1df7a3be70176f064c2568ea12d8cd9c9c54b3e8fd72bca53d170eaf06f2,18.793291091918945,0.664623937513194,431.0835301876068,1,1,2,0,0,0,0,0.12037284450889696
test/A/motion blur + low resolution/094,A,motion blur+low resolution,094,/root/autodl-tmp/aaa/graphrestore/artifacts/formal_mio100/graphrestore_v7_1_stage4_step040000/methods/graphrestore_v7_1_stage4_step040000/d2/motion blur+low resolution/094.png,a17f7ee3524e1cd6a4fb85089ddc1dd0a57d1b4735207c176f93b6192fd4a7ae,/root/autodl-tmp/graph/data/graphrestore/raw/agenticir/extracted/HQ/094.png,45dab31fa407b6793844322a5e147cdfedc3bfa449cd28fc9605f41dba80966d,16.73634147644043,0.5713481121627584,266.60437881946564,1,1,2,0,0,0,0,0.12037284450889696
test/A/motion blur + low resolution/095,A,motion blur+low resolution,095,/root/autodl-tmp/aaa/graphrestore/artifacts/formal_mio100/graphrestore_v7_1_stage4_step040000/methods/graphrestore_v7_1_stage4_step040000/d2/motion blur+low resolution/095.png,ed00cdb9b859efa997ad53e980d301bf886edbff9d9916206a933ecf0e7730f5,/root/autodl-tmp/graph/data/graphrestore/raw/agenticir/extracted/HQ/095.png,2f04f8c811593049180a1c6bdcf5d723d3c2f6443ba518c407e4976d7a6b2637,11.99588394165039,0.3475347235401705,212.91256695985794,1,0,1,0,0,0,0,0.12037284450889696
test/A/motion blur + low resolution/096,A,motion blur+low resolution,096,/root/autodl-tmp/aaa/graphrestore/artifacts/formal_mio100/graphrestore_v7_1_stage4_step040000/methods/graphrestore_v7_1_stage4_step040000/d2/motion blur+low resolution/096.png,bd9805340bfecfe5f2b1b3995ea5b4bb4010da19491f32e436bbaf0a1fd8758a,/root/autodl-tmp/graph/data/graphrestore/raw/agenticir/extracted/HQ/096.png,3ac9dbd626f9e294ae10a8ab11a34f6c0132ed355627d25ce3f8790f701fae29,21.743677139282227,0.716703272630694,261.82056218385696,1,1,2,0,0,0,0,0.12037284450889696
test/A/motion blur + low resolution/097,A,motion blur+low resolution,097,/root/autodl-tmp/aaa/graphrestore/artifacts/formal_mio100/graphrestore_v7_1_stage4_step040000/methods/graphrestore_v7_1_stage4_step040000/d2/motion blur+low resolution/097.png,0eafa937d515e6541bee19de5317fd52576928e4879f92dbcaefc865e7983d5a,/root/autodl-tmp/graph/data/graphrestore/raw/agenticir/extracted/HQ/097.png,9b6c3c0d294f54e89b51656b0163aa8d0715dd7904848721ea76c07ccf737d2e,20.506040573120117,0.730756294585181,258.29532742500305,1,1,2,0,0,0,0,0.12037284450889696
test/A/motion blur + low resolution/098,A,motion blur+low resolution,098,/root/autodl-tmp/aaa/graphrestore/artifacts/formal_mio100/graphrestore_v7_1_stage4_step040000/methods/graphrestore_v7_1_stage4_step040000/d2/motion blur+low resolution/098.png,4b2ae93de8fec431802e140899a1b666aabdc8481485fc455b45e86d8578d01d,/root/autodl-tmp/graph/data/graphrestore/raw/agenticir/extracted/HQ/098.png,f0574e5262ab9942e66006e0df3aab8738de997489badc302e131ae74299181f,15.748858451843262,0.4438093923297409,312.430776655674,1,1,2,0,0,0,0,0.12037284450889696
test/A/motion blur + low resolution/099,A,motion blur+low resolution,099,/root/autodl-tmp/aaa/graphrestore/artifacts/formal_mio100/graphrestore_v7_1_stage4_step040000/methods/graphrestore_v7_1_stage4_step040000/d2/motion blur+low resolution/099.png,77ffe67722c58b964e19d655a28100af50113d7149eed21f93cec321297b4b26,/root/autodl-tmp/graph/data/graphrestore/raw/agenticir/extracted/HQ/099.png,15ddff6cab9869d7fe8a7cb6fd328b436bbfa9b089e6adcbba7a5048e4c97f8b,20.67619514465332,0.5727788032214796,262.87485659122467,1,1,2,0,0,0,0,0.12037284450889696
test/A/motion blur + low resolution/100,A,motion blur+low resolution,100,/root/autodl-tmp/aaa/graphrestore/artifacts/formal_mio100/graphrestore_v7_1_stage4_step040000/methods/graphrestore_v7_1_stage4_step040000/d2/motion blur+low resolution/100.png,d19f142b73629c766c044bdcf0d50e48dd67feb0e8b76e8ed13e8dbd0b12247d,/root/autodl-tmp/graph/data/graphrestore/raw/agenticir/extracted/HQ/100.png,b7f5d60dbb3e7047b9c62efc7d61db97052a2cde687d3fae367a14a6793a0c40,18.409027099609375,0.6419341822181676,257.5532868504524,1,1,2,0,0,0,0,0.12037284450889696
test/A/noise + jpeg compression artifact/003,A,noise+jpeg compression artifact,003,/root/autodl-tmp/aaa/graphrestore/artifacts/formal_mio100/graphrestore_v7_1_stage4_step040000/methods/graphrestore_v7_1_stage4_step040000/d2/noise+jpeg compression artifact/003.png,b0593f270ffac91ce0dc732d57ab586f6e1767f791de53f16a16d96552ab5812,/root/autodl-tmp/graph/data/graphrestore/raw/agenticir/extracted/HQ/003.png,c2a2513992db412a7160dfa2f82535dccaa188db91df80ee6ed5b0dd5c5d2d1a,29.600040435791016,0.8503228956500062,289.0852615237236,1,0,1,0,0,0,0,0.12037284450889696
test/A/noise + jpeg compression artifact/004,A,noise+jpeg compression artifact,004,/root/autodl-tmp/aaa/graphrestore/artifacts/formal_mio100/graphrestore_v7_1_stage4_step040000/methods/graphrestore_v7_1_stage4_step040000/d2/noise+jpeg compression artifact/004.png,5f1d435f4094bedfba6d089a3451812b8dd075075b0ac361bca6281329e25911,/root/autodl-tmp/graph/data/graphrestore/raw/agenticir/extracted/HQ/004.png,f1ad3f60cd8e680739263535ab1620a2490f3bc0c65a9355a965c7dff9be1fed,30.305858612060547,0.8440182134490832,350.87597370147705,1,1,2,0,0,0,0,0.12037284450889696
test/A/noise + jpeg compression artifact/005,A,noise+jpeg compression artifact,005,/root/autodl-tmp/aaa/graphrestore/artifacts/formal_mio100/graphrestore_v7_1_stage4_step040000/methods/graphrestore_v7_1_stage4_step040000/d2/noise+jpeg compression artifact/005.png,353e8cc96e76af5a870fc492bc3d53dc2017680ab627cd9494a564b389c827b7,/root/autodl-tmp/graph/data/graphrestore/raw/agenticir/extracted/HQ/005.png,1d8eb1ef9c1817c087956135efa85be686e7169ef11eb532c768d32d7267a0ff,27.769996643066406,0.9026672847456795,293.5671657323837,1,0,1,0,0,0,0,0.12037284450889696
test/A/noise + jpeg compression artifact/006,A,noise+jpeg compression artifact,006,/root/autodl-tmp/aaa/graphrestore/artifacts/formal_mio100/graphrestore_v7_1_stage4_step040000/methods/graphrestore_v7_1_stage4_step040000/d2/noise+jpeg compression artifact/006.png,73eb02351cbe79c2216f49c2ec2a9552e33ca061999502875d2b0db5daa0b07f,/root/autodl-tmp/graph/data/graphrestore/raw/agenticir/extracted/HQ/006.png,f62feddd2f379d039dd1effe18b6368c79a6fe31fb8177f797c9f230eb8e1211,29.360576629638672,0.7709430049140676,265.96277952194214,1,1,2,0,0,0,0,0.12037284450889696
test/A/noise + jpeg compression artifact/007,A,noise+jpeg compression artifact,007,/root/autodl-tmp/aaa/graphrestore/artifacts/formal_mio100/graphrestore_v7_1_stage4_step040000/methods/graphrestore_v7_1_stage4_step040000/d2/noise+jpeg compression artifact/007.png,892be57dee64de824f4da327ec2e2ef9ac8ce2574a0557504ff1e9bb4cada24d,/root/autodl-tmp/graph/data/graphrestore/raw/agenticir/extracted/HQ/007.png,b876f087d5f42a9350f28383ff2df22156b6bbba702809d134b7713d9430881c,27.754362106323242,0.8103002847125483,257.99670815467834,1,1,2,0,0,0,0,0.12037284450889696
test/A/noise + jpeg compression artifact/008,A,noise+jpeg compression artifact,008,/root/autodl-tmp/aaa/graphrestore/artifacts/formal_mio100/graphrestore_v7_1_stage4_step040000/methods/graphrestore_v7_1_stage4_step040000/d2/noise+jpeg compression artifact/008.png,54e7f2ddf053cb399e05a32cdcd78dd600bfb68d72ff5861f528c5f674f10f91,/root/autodl-tmp/graph/data/graphrestore/raw/agenticir/extracted/HQ/008.png,4efb8dbbd2ba5090b7b951a456ec5ed27a5d61360ab95cb1c5a9366f2868cb94,28.74899673461914,0.8144538920751785,371.6234415769577,1,1,2,0,0,0,0,0.12037284450889696
test/A/noise + jpeg compression artifact/009,A,noise+jpeg compression artifact,009,/root/autodl-tmp/aaa/graphrestore/artifacts/formal_mio100/graphrestore_v7_1_stage4_step040000/methods/graphrestore_v7_1_stage4_step040000/d2/noise+jpeg compression artifact/009.png,49df4f970598be3419e58672bc662c191817dbb48361b26b0f7e05372cbb6c77,/root/autodl-tmp/graph/data/graphrestore/raw/agenticir/extracted/HQ/009.png,5b779ac0fbe5d1e4d4126fd2864493dcc2ecdbde374ede7e29a054b2a9cb4f21,36.809852600097656,0.9565770780559371,403.86758744716644,1,1,2,0,0,0,0,0.12037284450889696
test/A/noise + jpeg compression artifact/010,A,noise+jpeg compression artifact,010,/root/autodl-tmp/aaa/graphrestore/artifacts/formal_mio100/graphrestore_v7_1_stage4_step040000/methods/graphrestore_v7_1_stage4_step040000/d2/noise+jpeg compression artifact/010.png,29c4ca0f5ba1231ce4e9dd3d626793c118bc3120cbf42fac41f7124c7fb9ce4f,/root/autodl-tmp/graph/data/graphrestore/raw/agenticir/extracted/HQ/010.png,327492996d853f5c8873b435f98a91afd07db64567545baa61c9f4f64f717a0d,25.709884643554688,0.855836523349701,426.9002750515938,1,1,2,0,0,0,0,0.12037284450889696
test/A/noise + jpeg compression artifact/013,A,noise+jpeg compression artifact,013,/root/autodl-tmp/aaa/graphrestore/artifacts/formal_mio100/graphrestore_v7_1_stage4_step040000/methods/graphrestore_v7_1_stage4_step040000/d2/noise+jpeg compression artifact/013.png,8e539a7424b76e983f988157e1f121c0bdefd56e0ed43ae7b68a1a202c4cbf24,/root/autodl-tmp/graph/data/graphrestore/raw/agenticir/extracted/HQ/013.png,afe18305499bd0b8318392e8f34ede33aafb5a0df2371075fe9f30a1c81a75eb,24.046443939208984,0.785272905475342,318.08120757341385,1,1,2,0,0,0,0,0.12037284450889696
test/A/noise + jpeg compression artifact/014,A,noise+jpeg compression artifact,014,/root/autodl-tmp/aaa/graphrestore/artifacts/formal_mio100/graphrestore_v7_1_stage4_step040000/methods/graphrestore_v7_1_stage4_step040000/d2/noise+jpeg compression artifact/014.png,ab62fc8f357c0b13d91406481efd458da6bc8338020ee25c1f7dad2a1c2c8fae,/root/autodl-tmp/graph/data/graphrestore/raw/agenticir/extracted/HQ/014.png,2d569d9b923a96b1542c0b845dce0c7657794eba9f6f22ae5d02f335ef1bc4a0,26.765789031982422,0.8073204596957548,313.7658089399338,1,1,2,0,0,0,0,0.12037284450889696
test/A/noise + jpeg compression artifact/015,A,noise+jpeg compression artifact,015,/root/autodl-tmp/aaa/graphrestore/artifacts/formal_mio100/graphrestore_v7_1_stage4_step040000/methods/graphrestore_v7_1_stage4_step040000/d2/noise+jpeg compression artifact/015.png,93faf6518aa2eb37160f6ebbafa16d58cda6584c864514f7eebe437a1cc4c363,/root/autodl-tmp/graph/data/graphrestore/raw/agenticir/extracted/HQ/015.png,286adb5a1c45ee88f14e1b16e3af420910584bf5ebdd72c40cf75317559c731f,23.001720428466797,0.8144615664969329,261.89278811216354,1,1,2,0,0,0,0,0.12037284450889696
test/A/noise + jpeg compression artifact/016,A,noise+jpeg compression artifact,016,/root/autodl-tmp/aaa/graphrestore/artifacts/formal_mio100/graphrestore_v7_1_stage4_step040000/methods/graphrestore_v7_1_stage4_step040000/d2/noise+jpeg compression artifact/016.png,03fc778c03de6468a7430718191bd1b8c7a3c34f0a58c918b5ca2aded346ac67,/root/autodl-tmp/graph/data/graphrestore/raw/agenticir/extracted/HQ/016.png,ddc71b4b9bd2a57cabf985c7743b8ff7083a0d9205008603edb440ba27da9313,25.38226890563965,0.8241101523578467,347.31031209230423,1,1,2,0,0,0,0,0.12037284450889696
test/A/noise + jpeg compression artifact/017,A,noise+jpeg compression artifact,017,/root/autodl-tmp/aaa/graphrestore/artifacts/formal_mio100/graphrestore_v7_1_stage4_step040000/methods/graphrestore_v7_1_stage4_step040000/d2/noise+jpeg compression artifact/017.png,fabfed26aadf2bd277a45432ea2ee0541af5be4897d4416ae6c57aade4052676,/root/autodl-tmp/graph/data/graphrestore/raw/agenticir/extracted/HQ/017.png,ab3ab0c03c2d8c9c0befbcad219fae23c9795fdf99d664630f4f4febbd02c519,28.242462158203125,0.8893785203352628,262.0038688182831,1,1,2,0,0,0,0,0.12037284450889696
test/A/noise + jpeg compression artifact/018,A,noise+jpeg compression artifact,018,/root/autodl-tmp/aaa/graphrestore/artifacts/formal_mio100/graphrestore_v7_1_stage4_step040000/methods/graphrestore_v7_1_stage4_step040000/d2/noise+jpeg compression artifact/018.png,6717421b0250d5815551d6009ee2d4181fd65eaeb32c45d39da689a092150b3f,/root/autodl-tmp/graph/data/graphrestore/raw/agenticir/extracted/HQ/018.png,66db8e4aeb78f506ae4415572eb910726c3f16ede70138093ab4eced187b8df1,22.616283416748047,0.7351790628249245,331.8535313010216,1,1,2,0,0,0,0,0.12037284450889696
test/A/noise + jpeg compression artifact/019,A,noise+jpeg compression artifact,019,/root/autodl-tmp/aaa/graphrestore/artifacts/formal_mio100/graphrestore_v7_1_stage4_step040000/methods/graphrestore_v7_1_stage4_step040000/d2/noise+jpeg compression artifact/019.png,604858d4e0d386e76f17dd147dc87598efae4b70895773ebc138938777cb2d59,/root/autodl-tmp/graph/data/graphrestore/raw/agenticir/extracted/HQ/019.png,fb026cef85a4f7e64ad7c5f064ed15de1f04a7a7b6bde70b28ee78a55db21aeb,24.158233642578125,0.857930966274855,262.1330991387367,1,1,2,0,0,0,0,0.12037284450889696
test/A/noise + jpeg compression artifact/020,A,noise+jpeg compression artifact,020,/root/autodl-tmp/aaa/graphrestore/artifacts/formal_mio100/graphrestore_v7_1_stage4_step040000/methods/graphrestore_v7_1_stage4_step040000/d2/noise+jpeg compression artifact/020.png,944682668e87ac2e939bab7bf84e4dd770b1da54f1c2cddffbe41892107638ea,/root/autodl-tmp/graph/data/graphrestore/raw/agenticir/extracted/HQ/020.png,daa15d9f51eab9eca70197a7f05df7873e3eab75e432b0a81fe9488be552f37a,24.545495986938477,0.8730124332742182,315.5317232012749,1,1,2,0,0,0,0,0.12037284450889696
test/A/noise + jpeg compression artifact/023,A,noise+jpeg compression artifact,023,/root/autodl-tmp/aaa/graphrestore/artifacts/formal_mio100/graphrestore_v7_1_stage4_step040000/methods/graphrestore_v7_1_stage4_step040000/d2/noise+jpeg compression artifact/023.png,cfc2632d403f65ee151fde17bea78ddb2ef02d63e0104d5fe85882c6fd7b9c65,/root/autodl-tmp/graph/data/graphrestore/raw/agenticir/extracted/HQ/023.png,befde78eca5789c87200ca1e2ac905ba8ad5706b50af86454bd30bc857c90e02,24.625328063964844,0.8459241580111196,259.2914178967476,1,1,2,0,0,0,0,0.12037284450889696
test/A/noise + jpeg compression artifact/024,A,noise+jpeg compression artifact,024,/root/autodl-tmp/aaa/graphrestore/artifacts/formal_mio100/graphrestore_v7_1_stage4_step040000/methods/graphrestore_v7_1_stage4_step040000/d2/noise+jpeg compression artifact/024.png,7421d7c0581c0b0904cdee139a58c49fda5d9f4f431f3b1b35a627c8ccb08cd9,/root/autodl-tmp/graph/data/graphrestore/raw/agenticir/extracted/HQ/024.png,e51441e174dd8dc0c47872ccb4221ab3f054b716588ee0f42d58a56098bd9538,26.027851104736328,0.8213500129931163,259.03382897377014,1,1,2,0,0,0,0,0.12037284450889696
test/A/noise + jpeg compression artifact/025,A,noise+jpeg compression artifact,025,/root/autodl-tmp/aaa/graphrestore/artifacts/formal_mio100/graphrestore_v7_1_stage4_step040000/methods/graphrestore_v7_1_stage4_step040000/d2/noise+jpeg compression artifact/025.png,f686ace0d291d29fd74da72efd34c3bffec02b775ede8972c789415137d744cf,/root/autodl-tmp/graph/data/graphrestore/raw/agenticir/extracted/HQ/025.png,f384d4a9bc3c31bc29038378f849002dc4ff2db373d852b732f5cfc24ebed244,27.30849838256836,0.7088486835021419,258.8777765631676,1,1,2,0,0,0,0,0.12037284450889696
test/A/noise + jpeg compression artifact/026,A,noise+jpeg compression artifact,026,/root/autodl-tmp/aaa/graphrestore/artifacts/formal_mio100/graphrestore_v7_1_stage4_step040000/methods/graphrestore_v7_1_stage4_step040000/d2/noise+jpeg compression artifact/026.png,34273cf64f3aa0bebfd98aa66fc657e9581180909e7bbc8278db997d0f810ce2,/root/autodl-tmp/graph/data/graphrestore/raw/agenticir/extracted/HQ/026.png,cfce1d4c02a00f28988a64f63cd538c4147c3a72c147a6549d71f1105d671224,29.849998474121094,0.8340250940021325,314.28448110818863,1,1,2,0,0,0,0,0.12037284450889696
test/A/noise + jpeg compression artifact/027,A,noise+jpeg compression artifact,027,/root/autodl-tmp/aaa/graphrestore/artifacts/formal_mio100/graphrestore_v7_1_stage4_step040000/methods/graphrestore_v7_1_stage4_step040000/d2/noise+jpeg compression artifact/027.png,5ff3170448274d3f8515fab652a1fe02a41b105462bc3f1e918c7eecf8047a0b,/root/autodl-tmp/graph/data/graphrestore/raw/agenticir/extracted/HQ/027.png,d69be3d26f3d3c95ffd9de3bd8d565120e0f09fb4aa84c72ae18d8fc4f871aae,29.396202087402344,0.8599095016649692,314.889594912529,1,1,2,0,0,0,0,0.12037284450889696
test/A/noise + jpeg compression artifact/028,A,noise+jpeg compression artifact,028,/root/autodl-tmp/aaa/graphrestore/artifacts/formal_mio100/graphrestore_v7_1_stage4_step040000/methods/graphrestore_v7_1_stage4_step040000/d2/noise+jpeg compression artifact/028.png,82b1e1fa2db074a322fcc1619aba503bd0493af146ce1d9a7fe644b533bb0d0a,/root/autodl-tmp/graph/data/graphrestore/raw/agenticir/extracted/HQ/028.png,181f97da79059de1a93d1a0d30f6851393282c6af8b607d83ce29ab8c9dbf771,31.882625579833984,0.8798781862149784,258.21928679943085,1,1,2,0,0,0,0,0.12037284450889696
test/A/noise + jpeg compression artifact/029,A,noise+jpeg compression artifact,029,/root/autodl-tmp/aaa/graphrestore/artifacts/formal_mio100/graphrestore_v7_1_stage4_step040000/methods/graphrestore_v7_1_stage4_step040000/d2/noise+jpeg compression artifact/029.png,86f4c0b0a076b4983a3491c0a38d8f391a094f345a390e764e6d84087fe1646e,/root/autodl-tmp/graph/data/graphrestore/raw/agenticir/extracted/HQ/029.png,3c7f43d0544ada8d7b64d7bb197621349fa1dcdf8400fb6128afaf8787814556,30.606197357177734,0.8790233746554551,259.3337595462799,1,1,2,0,0,0,0,0.12037284450889696
test/A/noise + jpeg compression artifact/030,A,noise+jpeg compression artifact,030,/root/autodl-tmp/aaa/graphrestore/artifacts/formal_mio100/graphrestore_v7_1_stage4_step040000/methods/graphrestore_v7_1_stage4_step040000/d2/noise+jpeg compression artifact/030.png,2c915f85dd8778abd73bb1453a428f7b7e5508c6f3d32f21c8dc9b6bfcffdc23,/root/autodl-tmp/graph/data/graphrestore/raw/agenticir/extracted/HQ/030.png,576b0158cf5a541dd6aaf522902400e8ba3175aacca36d9df22951f52acf3f2f,27.217710494995117,0.8715744058715612,233.5498109459877,1,1,2,0,0,0,0,0.12037284450889696
test/A/noise + jpeg compression artifact/033,A,noise+jpeg compression artifact,033,/root/autodl-tmp/aaa/graphrestore/artifacts/formal_mio100/graphrestore_v7_1_stage4_step040000/methods/graphrestore_v7_1_stage4_step040000/d2/noise+jpeg compression artifact/033.png,07ff5c4f22ad6f99d218f6b7fd8a0ec6ef40b04bcd975ff4b4d3aae78ce8a929,/root/autodl-tmp/graph/data/graphrestore/raw/agenticir/extracted/HQ/033.png,9590f1419e378254c01f330c248e12e8a62792b04a27b72daf2c0afd6c41c758,24.18929672241211,0.751840085253399,202.27212458848953,1,1,2,0,0,0,0,0.12037284450889696
test/A/noise + jpeg compression artifact/034,A,noise+jpeg compression artifact,034,/root/autodl-tmp/aaa/graphrestore/artifacts/formal_mio100/graphrestore_v7_1_stage4_step040000/methods/graphrestore_v7_1_stage4_step040000/d2/noise+jpeg compression artifact/034.png,4d0f0d4f16369ca712204093decc925b586233a5ea7f2f483cfc751221ddcc07,/root/autodl-tmp/graph/data/graphrestore/raw/agenticir/extracted/HQ/034.png,0575cc2334f8f50fcbd3d9f58173645db8764f938ee55e8899084ca2b66fd018,25.402698516845703,0.5006862946683152,285.5474501848221,1,1,2,0,0,0,0,0.12037284450889696
test/A/noise + jpeg compression artifact/035,A,noise+jpeg compression artifact,035,/root/autodl-tmp/aaa/graphrestore/artifacts/formal_mio100/graphrestore_v7_1_stage4_step040000/methods/graphrestore_v7_1_stage4_step040000/d2/noise+jpeg compression artifact/035.png,051b4d3db69e83719da57bdb2729352bb2a85a3e0c6feecc9f4ae2bd43b036e7,/root/autodl-tmp/graph/data/graphrestore/raw/agenticir/extracted/HQ/035.png,4e230744a9cb7c3ebe976ae7267155312b876fb355283b4938b34b758aef7ff9,31.930950164794922,0.8972536547440942,314.7977739572525,1,1,2,0,0,0,0,0.12037284450889696
test/A/noise + jpeg compression artifact/036,A,noise+jpeg compression artifact,036,/root/autodl-tmp/aaa/graphrestore/artifacts/formal_mio100/graphrestore_v7_1_stage4_step040000/methods/graphrestore_v7_1_stage4_step040000/d2/noise+jpeg compression artifact/036.png,5a3a25774c2cc69137350d84bf2a064e61722a480bb1fc7da2661b9627d05786,/root/autodl-tmp/graph/data/graphrestore/raw/agenticir/extracted/HQ/036.png,409fbd0ad51be33e9e2711cb7b22cb39999eaac6e278ca1621c20300be446d76,26.044626235961914,0.8006902154227079,260.378859937191,1,1,2,0,0,0,0,0.12037284450889696
test/A/noise + jpeg compression artifact/037,A,noise+jpeg compression artifact,037,/root/autodl-tmp/aaa/graphrestore/artifacts/formal_mio100/graphrestore_v7_1_stage4_step040000/methods/graphrestore_v7_1_stage4_step040000/d2/noise+jpeg compression artifact/037.png,b4c9ecdb383fea4974275271cacc568f6ba271c733ba9b560c8138ae07a972d3,/root/autodl-tmp/graph/data/graphrestore/raw/agenticir/extracted/HQ/037.png,8f31abe11ce5d5377f131fdc788024ffb8d5cfdda501c06a64ca1fc80fab0d07,30.274675369262695,0.8778056784453572,254.5890137553215,1,1,2,0,0,0,0,0.12037284450889696
test/A/noise + jpeg compression artifact/038,A,noise+jpeg compression artifact,038,/root/autodl-tmp/aaa/graphrestore/artifacts/formal_mio100/graphrestore_v7_1_stage4_step040000/methods/graphrestore_v7_1_stage4_step040000/d2/noise+jpeg compression artifact/038.png,635bb8bd98fd56941ee553cfb19810f99412aa100d4fbbb4c463fe0e84fe19c8,/root/autodl-tmp/graph/data/graphrestore/raw/agenticir/extracted/HQ/038.png,fe7df2186482ca2cc105baed74cb1da9667b3b03e1629055880b6012db131aa1,25.989173889160156,0.7084972451415354,200.0475600361824,1,1,2,0,0,0,0,0.12037284450889696
test/A/noise + jpeg compression artifact/039,A,noise+jpeg compression artifact,039,/root/autodl-tmp/aaa/graphrestore/artifacts/formal_mio100/graphrestore_v7_1_stage4_step040000/methods/graphrestore_v7_1_stage4_step040000/d2/noise+jpeg compression artifact/039.png,3c646296d48aedad4f91c137b7152fd29bdd83ba465d9784a1920e4108990151,/root/autodl-tmp/graph/data/graphrestore/raw/agenticir/extracted/HQ/039.png,a2038f7610363fb1916197e0557fa84b50b610d86885a2d6409f9e3aa75fbbcd,32.60980224609375,0.9393701824481462,256.4074248075485,1,1,2,0,0,0,0,0.12037284450889696
test/A/noise + jpeg compression artifact/040,A,noise+jpeg compression artifact,040,/root/autodl-tmp/aaa/graphrestore/artifacts/formal_mio100/graphrestore_v7_1_stage4_step040000/methods/graphrestore_v7_1_stage4_step040000/d2/noise+jpeg compression artifact/040.png,7ca8f600aa37cf768efd4cd83b8301102a957b39d32e198232581a2203ad1ead,/root/autodl-tmp/graph/data/graphrestore/raw/agenticir/extracted/HQ/040.png,c5a9e4bb9d84a6734bdc04c272c48c1b17b150a1e346afab2338eb0ba41f1464,27.68014907836914,0.8004632091989018,508.10232013463974,2,0,2,1,0,0,0,0.12037284450889696
test/A/noise + jpeg compression artifact/043,A,noise+jpeg compression artifact,043,/root/autodl-tmp/aaa/graphrestore/artifacts/formal_mio100/graphrestore_v7_1_stage4_step040000/methods/graphrestore_v7_1_stage4_step040000/d2/noise+jpeg compression artifact/043.png,b0438771cd00863ae12bd9763a950e2068afd0fa74256df0f851471485654c94,/root/autodl-tmp/graph/data/graphrestore/raw/agenticir/extracted/HQ/043.png,15880c27b3101797c4e5896dee7349ad832ac1c49fcd0c559b357f4e28296b4d,24.18865394592285,0.6623198277298614,256.74736499786377,1,1,2,0,0,0,0,0.12037284450889696
test/A/noise + jpeg compression artifact/044,A,noise+jpeg compression artifact,044,/root/autodl-tmp/aaa/graphrestore/artifacts/formal_mio100/graphrestore_v7_1_stage4_step040000/methods/graphrestore_v7_1_stage4_step040000/d2/noise+jpeg compression artifact/044.png,4c437f4ac4fb41e34a20ea9f8ba12e5d356a7a10e2f6654c89679129b22d8371,/root/autodl-tmp/graph/data/graphrestore/raw/agenticir/extracted/HQ/044.png,0645011c1dc3777ab263df617d1747b902c2d321de6f939549cfbe43eabc9245,28.12257957458496,0.745398111849539,256.9081634283066,1,1,2,0,0,0,0,0.12037284450889696
test/A/noise + jpeg compression artifact/045,A,noise+jpeg compression artifact,045,/root/autodl-tmp/aaa/graphrestore/artifacts/formal_mio100/graphrestore_v7_1_stage4_step040000/methods/graphrestore_v7_1_stage4_step040000/d2/noise+jpeg compression artifact/045.png,056014f0b4e4171826f55480545fed519bc0a4bb3be5c4861011ea6919177650,/root/autodl-tmp/graph/data/graphrestore/raw/agenticir/extracted/HQ/045.png,d3e352c98c1fe9df1181c1e362bb9c3ba3a1d077456198796083821dab20d1fc,25.073253631591797,0.6333207366640599,262.9198729991913,1,1,2,0,0,0,0,0.12037284450889696
test/A/noise + jpeg compression artifact/046,A,noise+jpeg compression artifact,046,/root/autodl-tmp/aaa/graphrestore/artifacts/formal_mio100/graphrestore_v7_1_stage4_step040000/methods/graphrestore_v7_1_stage4_step040000/d2/noise+jpeg compression artifact/046.png,68a5e03d1d2b2bd82718e43c880973d0f71198bb7f8c81fb8295bec5e0527e78,/root/autodl-tmp/graph/data/graphrestore/raw/agenticir/extracted/HQ/046.png,af4b21bf96515f2ff4f97a4990856b43ae02a1d8f39909428228a2612b5f936f,22.139989852905273,0.6964376613865703,462.81732618808746,2,0,2,0,0,0,0,0.12037284450889696
test/A/noise + jpeg compression artifact/047,A,noise+jpeg compression artifact,047,/root/autodl-tmp/aaa/graphrestore/artifacts/formal_mio100/graphrestore_v7_1_stage4_step040000/methods/graphrestore_v7_1_stage4_step040000/d2/noise+jpeg compression artifact/047.png,e3fb7ae6af4683fecf8ac3850090f8318a3414cc761b34e01e6ba0a3503b4b1b,/root/autodl-tmp/graph/data/graphrestore/raw/agenticir/extracted/HQ/047.png,8ecf454f7d68ca4ebf19b2b4a22275d3bb344666e4e483fda2c8cb84d5ff94db,28.329668045043945,0.817453763504964,313.52008879184723,1,1,2,0,0,0,0,0.12037284450889696
test/A/noise + jpeg compression artifact/048,A,noise+jpeg compression artifact,048,/root/autodl-tmp/aaa/graphrestore/artifacts/formal_mio100/graphrestore_v7_1_stage4_step040000/methods/graphrestore_v7_1_stage4_step040000/d2/noise+jpeg compression artifact/048.png,e1cf15e288abe8143f11121885a66a085b56e01a88c6a3f55aef7522d8a07f43,/root/autodl-tmp/graph/data/graphrestore/raw/agenticir/extracted/HQ/048.png,b74e449ab10a96799f5e791f68de34dcfaf90a4befdb242cee372f6743841606,25.577014923095703,0.8371571568148422,258.1264451146126,1,1,2,0,0,0,0,0.12037284450889696
test/A/noise + jpeg compression artifact/049,A,noise+jpeg compression artifact,049,/root/autodl-tmp/aaa/graphrestore/artifacts/formal_mio100/graphrestore_v7_1_stage4_step040000/methods/graphrestore_v7_1_stage4_step040000/d2/noise+jpeg compression artifact/049.png,ff650ed85849cbfc6e80fc8a568e00eca5a1b9cc0e131315a7f56ff3125859fa,/root/autodl-tmp/graph/data/graphrestore/raw/agenticir/extracted/HQ/049.png,bdd8f4cec02d5659a12541bb32718429d397d6be195679045764e31574c4f226,25.291669845581055,0.8425513214848146,257.874570786953,1,1,2,0,0,0,0,0.12037284450889696
test/A/noise + jpeg compression artifact/050,A,noise+jpeg compression artifact,050,/root/autodl-tmp/aaa/graphrestore/artifacts/formal_mio100/graphrestore_v7_1_stage4_step040000/methods/graphrestore_v7_1_stage4_step040000/d2/noise+jpeg compression artifact/050.png,cfd160d9f986430c6bb0c5424f7212045c1a24cf5f5172bf44ba98a7fc0e3821,/root/autodl-tmp/graph/data/graphrestore/raw/agenticir/extracted/HQ/050.png,c4cfbc77b28b145af37ea26b0b501d69633ebdedd3ce9a90d5760063ee95f492,23.34942626953125,0.7773395085263384,313.4247660636902,1,1,2,0,0,0,0,0.12037284450889696
test/A/noise + jpeg compression artifact/053,A,noise+jpeg compression artifact,053,/root/autodl-tmp/aaa/graphrestore/artifacts/formal_mio100/graphrestore_v7_1_stage4_step040000/methods/graphrestore_v7_1_stage4_step040000/d2/noise+jpeg compression artifact/053.png,e759a3c958c2f42b0960e836a11f31607c338edd9bf6f725dbd0593aa6713293,/root/autodl-tmp/graph/data/graphrestore/raw/agenticir/extracted/HQ/053.png,6b1f2208c72adcd28d96a15d538bbfbe27cb5a21be416b6f30fa836b12ac867d,32.63047409057617,0.9062153868632852,257.61617720127106,1,1,2,0,0,0,0,0.12037284450889696
test/A/noise + jpeg compression artifact/054,A,noise+jpeg compression artifact,054,/root/autodl-tmp/aaa/graphrestore/artifacts/formal_mio100/graphrestore_v7_1_stage4_step040000/methods/graphrestore_v7_1_stage4_step040000/d2/noise+jpeg compression artifact/054.png,6fb5dea0029833603b600b866a1198450e86c2badb12c2ed30471bb7e5a3051a,/root/autodl-tmp/graph/data/graphrestore/raw/agenticir/extracted/HQ/054.png,699ffde2d8d110e52811d39e5b9d745965d4211dd2312f453ce367f1bc0e66f5,31.699527740478516,0.8717213733892474,257.45226442813873,1,1,2,0,0,0,0,0.12037284450889696
test/A/noise + jpeg compression artifact/055,A,noise+jpeg compression artifact,055,/root/autodl-tmp/aaa/graphrestore/artifacts/formal_mio100/graphrestore_v7_1_stage4_step040000/methods/graphrestore_v7_1_stage4_step040000/d2/noise+jpeg compression artifact/055.png,26374620a135f289ccadbaeb133d95d46344fdb21c5d83f05e5e5d6255b2d9cf,/root/autodl-tmp/graph/data/graphrestore/raw/agenticir/extracted/HQ/055.png,5a59c6f9051a70f1c3ad8e9550b2a21322ef8ad71bd70085fb2330f6f6da3948,34.04924011230469,0.8843143651264759,313.61743062734604,1,1,2,0,0,0,0,0.12037284450889696
test/A/noise + jpeg compression artifact/056,A,noise+jpeg compression artifact,056,/root/autodl-tmp/aaa/graphrestore/artifacts/formal_mio100/graphrestore_v7_1_stage4_step040000/methods/graphrestore_v7_1_stage4_step040000/d2/noise+jpeg compression artifact/056.png,9ebbb577e5450d4196fd7d2122e24b6b55f6e6dbccdc2af6bc3f7bad35226147,/root/autodl-tmp/graph/data/graphrestore/raw/agenticir/extracted/HQ/056.png,c5f28866f72e2d370875385eb6575124b0735f8f927fae1c07ff7151e200c956,31.530231475830078,0.8737061999713357,231.16246610879898,1,1,2,0,0,0,0,0.12037284450889696
test/A/noise + jpeg compression artifact/057,A,noise+jpeg compression artifact,057,/root/autodl-tmp/aaa/graphrestore/artifacts/formal_mio100/graphrestore_v7_1_stage4_step040000/methods/graphrestore_v7_1_stage4_step040000/d2/noise+jpeg compression artifact/057.png,402829c23ff9c1434bebd39b4abf6a00e31632b4da1d56183f926bd6626be729,/root/autodl-tmp/graph/data/graphrestore/raw/agenticir/extracted/HQ/057.png,42353ae75793843947c257055d87e0568db28ed51b9a5d87cc0d6a0dafb242af,34.489540100097656,0.919330469816412,257.77294486761093,1,1,2,0,0,0,0,0.12037284450889696
test/A/noise + jpeg compression artifact/058,A,noise+jpeg compression artifact,058,/root/autodl-tmp/aaa/graphrestore/artifacts/formal_mio100/graphrestore_v7_1_stage4_step040000/methods/graphrestore_v7_1_stage4_step040000/d2/noise+jpeg compression artifact/058.png,a5f8d129363a9090b1e12957951e887047f66eecba66d543e53afb9a0b4255d0,/root/autodl-tmp/graph/data/graphrestore/raw/agenticir/extracted/HQ/058.png,e50e67dc4e57dc18d552546044c5ca169fdb26de4d5d81650d00d4b0f3ab7e76,31.04454231262207,0.9213258178275517,258.01610201597214,1,1,2,0,0,0,0,0.12037284450889696
test/A/noise + jpeg compression artifact/059,A,noise+jpeg compression artifact,059,/root/autodl-tmp/aaa/graphrestore/artifacts/formal_mio100/graphrestore_v7_1_stage4_step040000/methods/graphrestore_v7_1_stage4_step040000/d2/noise+jpeg compression artifact/059.png,09cfbb644bbf7c33fc20ed610b12b3468e8729e4a9e14944d616ff6f9f99b6c5,/root/autodl-tmp/graph/data/graphrestore/raw/agenticir/extracted/HQ/059.png,e60c8277194566df02c7cefc895d1390756059f7a29ac67206ec202f1b897add,32.88971710205078,0.8841796290503531,284.0748801827431,1,1,2,0,0,0,0,0.12037284450889696
test/A/noise + jpeg compression artifact/060,A,noise+jpeg compression artifact,060,/root/autodl-tmp/aaa/graphrestore/artifacts/formal_mio100/graphrestore_v7_1_stage4_step040000/methods/graphrestore_v7_1_stage4_step040000/d2/noise+jpeg compression artifact/060.png,408b55743206412dbe2babb126f0c81fbc516e6d89c62608b92809fff65f3da0,/root/autodl-tmp/graph/data/graphrestore/raw/agenticir/extracted/HQ/060.png,d173273231bf0b68767ae3e287f4f34baa71e7d986a98c43a41fa9668fd8a0d4,30.580421447753906,0.8267502159539698,461.31832897663116,2,0,2,0,0,0,0,0.12037284450889696
test/A/noise + jpeg compression artifact/063,A,noise+jpeg compression artifact,063,/root/autodl-tmp/aaa/graphrestore/artifacts/formal_mio100/graphrestore_v7_1_stage4_step040000/methods/graphrestore_v7_1_stage4_step040000/d2/noise+jpeg compression artifact/063.png,808149da48096e658d534eb871cce8bc8331cdfc4b7fe2f637e8b67e9e1479b1,/root/autodl-tmp/graph/data/graphrestore/raw/agenticir/extracted/HQ/063.png,f7ccce7c58be38c16fb08060b8b379825cb0417a04e6813c72985768a480929c,27.49578857421875,0.8726261157474035,258.01946222782135,1,1,2,0,0,0,0,0.12037284450889696
test/A/noise + jpeg compression artifact/064,A,noise+jpeg compression artifact,064,/root/autodl-tmp/aaa/graphrestore/artifacts/formal_mio100/graphrestore_v7_1_stage4_step040000/methods/graphrestore_v7_1_stage4_step040000/d2/noise+jpeg compression artifact/064.png,e141f36ea0f7b21a363fdd99e943af635d6a5557afa8c867ed8683f62bdabe1f,/root/autodl-tmp/graph/data/graphrestore/raw/agenticir/extracted/HQ/064.png,b34caae8d574b2c008d53ceb0490df55c099e68844b2819f0c02fc50db26cee0,27.05152702331543,0.795954382056156,283.85986387729645,1,1,2,0,0,0,0,0.12037284450889696
test/A/noise + jpeg compression artifact/065,A,noise+jpeg compression artifact,065,/root/autodl-tmp/aaa/graphrestore/artifacts/formal_mio100/graphrestore_v7_1_stage4_step040000/methods/graphrestore_v7_1_stage4_step040000/d2/noise+jpeg compression artifact/065.png,9261d09b536885535fc42745f60cd8ed4cc52155e750d90708a4e7118015e7bc,/root/autodl-tmp/graph/data/graphrestore/raw/agenticir/extracted/HQ/065.png,f0770ae16bf79be3b5d94a7868da009f5ce1bbf54bfe5c879e352a4df590ef63,26.193941116333008,0.716033222711027,314.06746804714203,1,1,2,0,0,0,0,0.12037284450889696
test/A/noise + jpeg compression artifact/066,A,noise+jpeg compression artifact,066,/root/autodl-tmp/aaa/graphrestore/artifacts/formal_mio100/graphrestore_v7_1_stage4_step040000/methods/graphrestore_v7_1_stage4_step040000/d2/noise+jpeg compression artifact/066.png,9ab92180fcef3ef86306532ac3b3c430af21ff054c18aa9a4b86c5f7e4d45014,/root/autodl-tmp/graph/data/graphrestore/raw/agenticir/extracted/HQ/066.png,a19230b326bd2fb5c26ae283f65bf0b85f39f90421056a47c7ecd6d683379aff,28.001476287841797,0.8777985074547234,313.59076499938965,1,1,2,0,0,0,0,0.12037284450889696
test/A/noise + jpeg compression artifact/067,A,noise+jpeg compression artifact,067,/root/autodl-tmp/aaa/graphrestore/artifacts/formal_mio100/graphrestore_v7_1_stage4_step040000/methods/graphrestore_v7_1_stage4_step040000/d2/noise+jpeg compression artifact/067.png,c9ca3adedff6755e8666bd989f93e7864453b88c7fc6bc37a85217b310db322d,/root/autodl-tmp/graph/data/graphrestore/raw/agenticir/extracted/HQ/067.png,91cd9f021a6902b7f3220c6a373cba11f3bfbe4e4984c1d6fc4be0c76acb67a0,27.5800724029541,0.8850697241169863,258.2269310951233,1,1,2,0,0,0,0,0.12037284450889696
test/A/noise + jpeg compression artifact/068,A,noise+jpeg compression artifact,068,/root/autodl-tmp/aaa/graphrestore/artifacts/formal_mio100/graphrestore_v7_1_stage4_step040000/methods/graphrestore_v7_1_stage4_step040000/d2/noise+jpeg compression artifact/068.png,007082e999e72ffdb4d5652e1b3b5936befda034741ae26582a14d231362d524,/root/autodl-tmp/graph/data/graphrestore/raw/agenticir/extracted/HQ/068.png,b8187d79db16002364f6017df807e6cac41e7ee9a68413a384b1bd69eddaa638,27.247133255004883,0.8579183454309309,257.4375048279762,1,1,2,0,0,0,0,0.12037284450889696
test/A/noise + jpeg compression artifact/069,A,noise+jpeg compression artifact,069,/root/autodl-tmp/aaa/graphrestore/artifacts/formal_mio100/graphrestore_v7_1_stage4_step040000/methods/graphrestore_v7_1_stage4_step040000/d2/noise+jpeg compression artifact/069.png,83d537adcccbab8d04550b8b9c763e6e6a8f12b21837e925ae057a1f6d3d0536,/root/autodl-tmp/graph/data/graphrestore/raw/agenticir/extracted/HQ/069.png,abb08be58f50075e5e6b1de44ddfe61c30ebb34882e9d72681edd73a5cdbb156,26.786745071411133,0.7236079561734033,313.36601078510284,1,1,2,0,0,0,0,0.12037284450889696
test/A/noise + jpeg compression artifact/070,A,noise+jpeg compression artifact,070,/root/autodl-tmp/aaa/graphrestore/artifacts/formal_mio100/graphrestore_v7_1_stage4_step040000/methods/graphrestore_v7_1_stage4_step040000/d2/noise+jpeg compression artifact/070.png,3b31d5baecaf0b0cd19464ee50ac8f8ff6b6c9f5d1771903e952acc8f4fdc90d,/root/autodl-tmp/graph/data/graphrestore/raw/agenticir/extracted/HQ/070.png,718ae2570e431003fb32f2a40e19f813545164ace18230ac03f9ec96b2747f85,32.62712097167969,0.9520961532372166,258.4504187107086,1,1,2,0,0,0,0,0.12037284450889696
test/A/noise + jpeg compression artifact/073,A,noise+jpeg compression artifact,073,/root/autodl-tmp/aaa/graphrestore/artifacts/formal_mio100/graphrestore_v7_1_stage4_step040000/methods/graphrestore_v7_1_stage4_step040000/d2/noise+jpeg compression artifact/073.png,c1c0f7e52cb1b28ea1e2daef5358b3b5f4daca06b510201632a48387340800be,/root/autodl-tmp/graph/data/graphrestore/raw/agenticir/extracted/HQ/073.png,e4a8516954bfb4b79f2fc6194b6b4a8ed63250e14fe7ce0b6f6d77c922f84730,31.519641876220703,0.9272710196029328,313.4843111038208,1,1,2,0,0,0,0,0.12037284450889696
test/A/noise + jpeg compression artifact/074,A,noise+jpeg compression artifact,074,/root/autodl-tmp/aaa/graphrestore/artifacts/formal_mio100/graphrestore_v7_1_stage4_step040000/methods/graphrestore_v7_1_stage4_step040000/d2/noise+jpeg compression artifact/074.png,a30185e3c32104b4d6f873e23c885c044f4b63820beb64ed974fb5ce42411c5e,/root/autodl-tmp/graph/data/graphrestore/raw/agenticir/extracted/HQ/074.png,cfa80e9825a34173ab0d1810b1b63bf645aa1b6b743966a77d7d03463319fd8e,32.905120849609375,0.9487433708725124,238.41112107038498,1,0,1,0,0,0,0,0.12037284450889696
test/A/noise + jpeg compression artifact/075,A,noise+jpeg compression artifact,075,/root/autodl-tmp/aaa/graphrestore/artifacts/formal_mio100/graphrestore_v7_1_stage4_step040000/methods/graphrestore_v7_1_stage4_step040000/d2/noise+jpeg compression artifact/075.png,db73058d917bf5e251f9a95759727cef2992942899a88b7e5694df68542039e2,/root/autodl-tmp/graph/data/graphrestore/raw/agenticir/extracted/HQ/075.png,637e76a0398c825f3214d13b10485f7c180dc359b838ade377382c22c8f6b788,28.501422882080078,0.8894874880171422,259.6952021121979,1,1,2,0,0,0,0,0.12037284450889696
test/A/noise + jpeg compression artifact/076,A,noise+jpeg compression artifact,076,/root/autodl-tmp/aaa/graphrestore/artifacts/formal_mio100/graphrestore_v7_1_stage4_step040000/methods/graphrestore_v7_1_stage4_step040000/d2/noise+jpeg compression artifact/076.png,4e8289c0f6081aea89ae72fc3fe14dcb0565436c5c9f3f77330ff696e5c29263,/root/autodl-tmp/graph/data/graphrestore/raw/agenticir/extracted/HQ/076.png,28f7193b83d2979c14a7c73e95657ce02a2cc902196495bea289e190f48cecae,30.900360107421875,0.9004804737386425,259.7316652536392,1,1,2,0,0,0,0,0.12037284450889696
test/A/noise + jpeg compression artifact/077,A,noise+jpeg compression artifact,077,/root/autodl-tmp/aaa/graphrestore/artifacts/formal_mio100/graphrestore_v7_1_stage4_step040000/methods/graphrestore_v7_1_stage4_step040000/d2/noise+jpeg compression artifact/077.png,29ecc65da3adbced5e892c87eea82bc348c3a1277fc46c679bc9fd638d189da1,/root/autodl-tmp/graph/data/graphrestore/raw/agenticir/extracted/HQ/077.png,6d0b3c0c4255ee2de7c3c275c114eb531248c06fce157913f4e69dacd492cc91,27.96464729309082,0.899756711210574,258.37479531764984,1,1,2,0,0,0,0,0.12037284450889696
test/A/noise + jpeg compression artifact/078,A,noise+jpeg compression artifact,078,/root/autodl-tmp/aaa/graphrestore/artifacts/formal_mio100/graphrestore_v7_1_stage4_step040000/methods/graphrestore_v7_1_stage4_step040000/d2/noise+jpeg compression artifact/078.png,a12241adcad9d6bc033508a9fd13b911fc18035f2ff8d7d407b43b26e393ce0a,/root/autodl-tmp/graph/data/graphrestore/raw/agenticir/extracted/HQ/078.png,ae84b8b3592a0f623d5bd2c5791b049e6fd87155614fbbad37f1ac00a2cfa870,28.033742904663086,0.7922573976536275,314.4555687904358,1,1,2,0,0,0,0,0.12037284450889696
test/A/noise + jpeg compression artifact/079,A,noise+jpeg compression artifact,079,/root/autodl-tmp/aaa/graphrestore/artifacts/formal_mio100/graphrestore_v7_1_stage4_step040000/methods/graphrestore_v7_1_stage4_step040000/d2/noise+jpeg compression artifact/079.png,ca226fad6d0b52126fabd51be83a08f1973cc5c5406acbd1d6db825ffc6a27ab,/root/autodl-tmp/graph/data/graphrestore/raw/agenticir/extracted/HQ/079.png,166cde30b17743be2ca3fb2c29004e0b38b126bfa1d8d5f41013c23eb248aad5,29.516693115234375,0.8327766041099013,292.7479073405266,1,1,2,0,0,0,0,0.12037284450889696
test/A/noise + jpeg compression artifact/080,A,noise+jpeg compression artifact,080,/root/autodl-tmp/aaa/graphrestore/artifacts/formal_mio100/graphrestore_v7_1_stage4_step040000/methods/graphrestore_v7_1_stage4_step040000/d2/noise+jpeg compression artifact/080.png,702b5b2805b7269e4e90d5adc50fe95b03dd2a499a5beb30b7bbdd88a0db6be6,/root/autodl-tmp/graph/data/graphrestore/raw/agenticir/extracted/HQ/080.png,b208599722bce230536ae4db62272e883a7714d4bfca7d73e1361da3b2ca9225,30.892154693603516,0.8895046365567713,266.074500977993,1,1,2,0,0,0,0,0.12037284450889696
test/A/noise + jpeg compression artifact/083,A,noise+jpeg compression artifact,083,/root/autodl-tmp/aaa/graphrestore/artifacts/formal_mio100/graphrestore_v7_1_stage4_step040000/methods/graphrestore_v7_1_stage4_step040000/d2/noise+jpeg compression artifact/083.png,6b2c86d35c56220ce3e813162128c1293f4883e1e3a21aa9cb4fc7020de87485,/root/autodl-tmp/graph/data/graphrestore/raw/agenticir/extracted/HQ/083.png,4772b8d475dfc90626760cea35452db0ee8dfdd89f7cd8def57f8b4d74ecef44,27.266529083251953,0.8742827273668741,292.01482981443405,1,1,2,0,0,0,0,0.12037284450889696
test/A/noise + jpeg compression artifact/084,A,noise+jpeg compression artifact,084,/root/autodl-tmp/aaa/graphrestore/artifacts/formal_mio100/graphrestore_v7_1_stage4_step040000/methods/graphrestore_v7_1_stage4_step040000/d2/noise+jpeg compression artifact/084.png,e2e744c3b2471903b1b32a532bd6795dbd21ccf2a361c7f998fa2efa09579273,/root/autodl-tmp/graph/data/graphrestore/raw/agenticir/extracted/HQ/084.png,1bc34c4607ba66d84248fe8e7d5e30546ae13841542d8b1cb9146f2a2485df64,31.85614776611328,0.887393082854065,267.6400691270828,1,1,2,0,0,0,0,0.12037284450889696
test/A/noise + jpeg compression artifact/085,A,noise+jpeg compression artifact,085,/root/autodl-tmp/aaa/graphrestore/artifacts/formal_mio100/graphrestore_v7_1_stage4_step040000/methods/graphrestore_v7_1_stage4_step040000/d2/noise+jpeg compression artifact/085.png,405528f06bcdaf9731ac06acd3d64b4d7cd785cce9faccaea038fcb057335258,/root/autodl-tmp/graph/data/graphrestore/raw/agenticir/extracted/HQ/085.png,6174b7cb004afd2a578ec1950d92b99c41115b5a6bf70a511f19156c62bd5274,32.63239288330078,0.9588904169133081,238.64983022212982,1,0,1,0,0,0,0,0.12037284450889696
test/A/noise + jpeg compression artifact/086,A,noise+jpeg compression artifact,086,/root/autodl-tmp/aaa/graphrestore/artifacts/formal_mio100/graphrestore_v7_1_stage4_step040000/methods/graphrestore_v7_1_stage4_step040000/d2/noise+jpeg compression artifact/086.png,a9a1093c2c6dcc905a94d0f0742157176a59792d0c74fd90761a5ea6a2715560,/root/autodl-tmp/graph/data/graphrestore/raw/agenticir/extracted/HQ/086.png,68a629299aaf0e4d70065c504c9b3e397721fa17a25c2585446914aa5c7bafb5,24.323909759521484,0.8109577888393482,259.0283006429672,1,1,2,0,0,0,0,0.12037284450889696
test/A/noise + jpeg compression artifact/087,A,noise+jpeg compression artifact,087,/root/autodl-tmp/aaa/graphrestore/artifacts/formal_mio100/graphrestore_v7_1_stage4_step040000/methods/graphrestore_v7_1_stage4_step040000/d2/noise+jpeg compression artifact/087.png,033bdedc3f5bef9f42448bc682d5165236976450573fd6a4f887b9dec2590779,/root/autodl-tmp/graph/data/graphrestore/raw/agenticir/extracted/HQ/087.png,059a862de1498fc3b783bcfcce8fad399573aa912bb6638bbd3d43d23b88cdc6,25.98350715637207,0.8076213305879755,261.22476160526276,1,1,2,0,0,0,0,0.12037284450889696
test/A/noise + jpeg compression artifact/088,A,noise+jpeg compression artifact,088,/root/autodl-tmp/aaa/graphrestore/artifacts/formal_mio100/graphrestore_v7_1_stage4_step040000/methods/graphrestore_v7_1_stage4_step040000/d2/noise+jpeg compression artifact/088.png,af675c6a4f20915133e45fb18df1da9a42daac61b54add0b03d343c278789249,/root/autodl-tmp/graph/data/graphrestore/raw/agenticir/extracted/HQ/088.png,e76841066e027bd2a2fa101a4598c597d4891a7c535e3cc3195b7afcc249d7ae,31.193540573120117,0.9056168644676644,319.70373541116714,1,1,2,0,0,0,0,0.12037284450889696
test/A/noise + jpeg compression artifact/089,A,noise+jpeg compression artifact,089,/root/autodl-tmp/aaa/graphrestore/artifacts/formal_mio100/graphrestore_v7_1_stage4_step040000/methods/graphrestore_v7_1_stage4_step040000/d2/noise+jpeg compression artifact/089.png,8bdf5797644a345020bd1d6d18acb28346325eea8aff4c7a90468b328ae6b2af,/root/autodl-tmp/graph/data/graphrestore/raw/agenticir/extracted/HQ/089.png,046e493440ea7499fe07cec3853e6e170225ce6cdc903aac14730fa6b9bf36ab,27.66767692565918,0.8909662820671724,263.0661055445671,1,1,2,0,0,0,0,0.12037284450889696
test/A/noise + jpeg compression artifact/090,A,noise+jpeg compression artifact,090,/root/autodl-tmp/aaa/graphrestore/artifacts/formal_mio100/graphrestore_v7_1_stage4_step040000/methods/graphrestore_v7_1_stage4_step040000/d2/noise+jpeg compression artifact/090.png,66d512599759c397d7ab47592ea223ee95b286d87cecbe4d3b285be1d0d4c48a,/root/autodl-tmp/graph/data/graphrestore/raw/agenticir/extracted/HQ/090.png,830f74b8389bfef595e56e910efc49cf4246f6f7bd552ea8c45d071a0113053c,28.70722198486328,0.9196213597422587,287.6072898507118,1,1,2,0,0,0,0,0.12037284450889696
test/A/noise + jpeg compression artifact/093,A,noise+jpeg compression artifact,093,/root/autodl-tmp/aaa/graphrestore/artifacts/formal_mio100/graphrestore_v7_1_stage4_step040000/methods/graphrestore_v7_1_stage4_step040000/d2/noise+jpeg compression artifact/093.png,16cb4b1f19270c2e7c53c6914f5cca4240d885f92800fbcad64e4b226c26e365,/root/autodl-tmp/graph/data/graphrestore/raw/agenticir/extracted/HQ/093.png,b9ef1df7a3be70176f064c2568ea12d8cd9c9c54b3e8fd72bca53d170eaf06f2,30.819202423095703,0.9501661672245012,423.382006585598,1,1,2,0,0,0,0,0.12037284450889696
test/A/noise + jpeg compression artifact/094,A,noise+jpeg compression artifact,094,/root/autodl-tmp/aaa/graphrestore/artifacts/formal_mio100/graphrestore_v7_1_stage4_step040000/methods/graphrestore_v7_1_stage4_step040000/d2/noise+jpeg compression artifact/094.png,567a829a381b369f2cac17789bfd21b5e8d440725366b8f7940c92f0e8864023,/root/autodl-tmp/graph/data/graphrestore/raw/agenticir/extracted/HQ/094.png,45dab31fa407b6793844322a5e147cdfedc3bfa449cd28fc9605f41dba80966d,30.017074584960938,0.9036824992833367,266.16688817739487,1,1,2,0,0,0,0,0.12037284450889696
test/A/noise + jpeg compression artifact/095,A,noise+jpeg compression artifact,095,/root/autodl-tmp/aaa/graphrestore/artifacts/formal_mio100/graphrestore_v7_1_stage4_step040000/methods/graphrestore_v7_1_stage4_step040000/d2/noise+jpeg compression artifact/095.png,c55a21dd7b23413116e765dd95f002fd65a68735fdaac447d44b4242e67c06f9,/root/autodl-tmp/graph/data/graphrestore/raw/agenticir/extracted/HQ/095.png,2f04f8c811593049180a1c6bdcf5d723d3c2f6443ba518c407e4976d7a6b2637,24.943069458007812,0.8978875172410132,232.8628972172737,1,1,2,0,0,0,0,0.12037284450889696
test/A/noise + jpeg compression artifact/096,A,noise+jpeg compression artifact,096,/root/autodl-tmp/aaa/graphrestore/artifacts/formal_mio100/graphrestore_v7_1_stage4_step040000/methods/graphrestore_v7_1_stage4_step040000/d2/noise+jpeg compression artifact/096.png,36df7fd33e3e23cee3215c96ccb93afbfc337c682a61fd595e9ece17b34ba01c,/root/autodl-tmp/graph/data/graphrestore/raw/agenticir/extracted/HQ/096.png,3ac9dbd626f9e294ae10a8ab11a34f6c0132ed355627d25ce3f8790f701fae29,27.66107177734375,0.9112633701445685,258.10717046260834,1,1,2,0,0,0,0,0.12037284450889696
test/A/noise + jpeg compression artifact/097,A,noise+jpeg compression artifact,097,/root/autodl-tmp/aaa/graphrestore/artifacts/formal_mio100/graphrestore_v7_1_stage4_step040000/methods/graphrestore_v7_1_stage4_step040000/d2/noise+jpeg compression artifact/097.png,109c9e1eed07d5c6874a99c6bc234a0fd0c8609cff3207843c290c9aa95dd2c5,/root/autodl-tmp/graph/data/graphrestore/raw/agenticir/extracted/HQ/097.png,9b6c3c0d294f54e89b51656b0163aa8d0715dd7904848721ea76c07ccf737d2e,27.54791259765625,0.9135373419445154,265.074759721756,1,1,2,0,0,0,0,0.12037284450889696
test/A/noise + jpeg compression artifact/098,A,noise+jpeg compression artifact,098,/root/autodl-tmp/aaa/graphrestore/artifacts/formal_mio100/graphrestore_v7_1_stage4_step040000/methods/graphrestore_v7_1_stage4_step040000/d2/noise+jpeg compression artifact/098.png,6c61ce9ce55dd1a398b12aae940f54019616a024836cbb4922677e0407eaa5e6,/root/autodl-tmp/graph/data/graphrestore/raw/agenticir/extracted/HQ/098.png,f0574e5262ab9942e66006e0df3aab8738de997489badc302e131ae74299181f,29.10629653930664,0.9137101509182284,316.7355954647064,1,1,2,0,0,0,0,0.12037284450889696
test/A/noise + jpeg compression artifact/099,A,noise+jpeg compression artifact,099,/root/autodl-tmp/aaa/graphrestore/artifacts/formal_mio100/graphrestore_v7_1_stage4_step040000/methods/graphrestore_v7_1_stage4_step040000/d2/noise+jpeg compression artifact/099.png,d531833e538b8a7964907df3885bed84a725174e27bdd6be774e95d78a2d1fda,/root/autodl-tmp/graph/data/graphrestore/raw/agenticir/extracted/HQ/099.png,15ddff6cab9869d7fe8a7cb6fd328b436bbfa9b089e6adcbba7a5048e4c97f8b,25.780094146728516,0.8316203926909388,258.5080489516258,1,1,2,0,0,0,0,0.12037284450889696
test/A/noise + jpeg compression artifact/100,A,noise+jpeg compression artifact,100,/root/autodl-tmp/aaa/graphrestore/artifacts/formal_mio100/graphrestore_v7_1_stage4_step040000/methods/graphrestore_v7_1_stage4_step040000/d2/noise+jpeg compression artifact/100.png,37e14bd4016a0e6cfe2943c13eb5f701e1741c4b22b4261926993520623ce829,/root/autodl-tmp/graph/data/graphrestore/raw/agenticir/extracted/HQ/100.png,b7f5d60dbb3e7047b9c62efc7d61db97052a2cde687d3fae367a14a6793a0c40,28.6585693359375,0.9099959816668458,258.12824070453644,1,1,2,0,0,0,0,0.12037284450889696
test/A/rain + haze/003,A,rain+haze,003,/root/autodl-tmp/aaa/graphrestore/artifacts/formal_mio100/graphrestore_v7_1_stage4_step040000/methods/graphrestore_v7_1_stage4_step040000/d2/rain+haze/003.png,ff06ae3c228b2c7b1053eec992ec5a0e7fc0542a71b5600cfff5a257050e368b,/root/autodl-tmp/graph/data/graphrestore/raw/agenticir/extracted/HQ/003.png,c2a2513992db412a7160dfa2f82535dccaa188db91df80ee6ed5b0dd5c5d2d1a,24.674776077270508,0.8956582100079015,314.31426852941513,1,1,2,0,0,0,0,0.12037284450889696
test/A/rain + haze/004,A,rain+haze,004,/root/autodl-tmp/aaa/graphrestore/artifacts/formal_mio100/graphrestore_v7_1_stage4_step040000/methods/graphrestore_v7_1_stage4_step040000/d2/rain+haze/004.png,a660a86f3438ed0624c6fbb78fcbae773a097fe1da1ee6610120206c1b1d89e7,/root/autodl-tmp/graph/data/graphrestore/raw/agenticir/extracted/HQ/004.png,f1ad3f60cd8e680739263535ab1620a2490f3bc0c65a9355a965c7dff9be1fed,25.800243377685547,0.9135171694609232,359.7467914223671,1,1,2,0,0,0,0,0.12037284450889696
test/A/rain + haze/005,A,rain+haze,005,/root/autodl-tmp/aaa/graphrestore/artifacts/formal_mio100/graphrestore_v7_1_stage4_step040000/methods/graphrestore_v7_1_stage4_step040000/d2/rain+haze/005.png,9fc6c3d4f7a20d9ced3d844f1bae69f5b3f021e395f9bea0470b76c5b1b0cef1,/root/autodl-tmp/graph/data/graphrestore/raw/agenticir/extracted/HQ/005.png,1d8eb1ef9c1817c087956135efa85be686e7169ef11eb532c768d32d7267a0ff,26.55173110961914,0.9103293871916753,326.5235424041748,1,1,2,0,0,0,0,0.12037284450889696
test/A/rain + haze/006,A,rain+haze,006,/root/autodl-tmp/aaa/graphrestore/artifacts/formal_mio100/graphrestore_v7_1_stage4_step040000/methods/graphrestore_v7_1_stage4_step040000/d2/rain+haze/006.png,43d8290351fa785da1a913e1126ac52662ebd8bccc70f6beac99678e8377175c,/root/autodl-tmp/graph/data/graphrestore/raw/agenticir/extracted/HQ/006.png,f62feddd2f379d039dd1effe18b6368c79a6fe31fb8177f797c9f230eb8e1211,13.649558067321777,0.822976302710652,269.7129398584366,1,1,2,0,0,0,0,0.12037284450889696
test/A/rain + haze/007,A,rain+haze,007,/root/autodl-tmp/aaa/graphrestore/artifacts/formal_mio100/graphrestore_v7_1_stage4_step040000/methods/graphrestore_v7_1_stage4_step040000/d2/rain+haze/007.png,9c6248779cfe3a18b3d184aa9ba8bb4aa0a37ef5cf257bf57f554d5288fbb5d2,/root/autodl-tmp/graph/data/graphrestore/raw/agenticir/extracted/HQ/007.png,b876f087d5f42a9350f28383ff2df22156b6bbba702809d134b7713d9430881c,16.61637306213379,0.9382252027548665,264.1817629337311,1,1,2,0,0,0,0,0.12037284450889696
test/A/rain + haze/008,A,rain+haze,008,/root/autodl-tmp/aaa/graphrestore/artifacts/formal_mio100/graphrestore_v7_1_stage4_step040000/methods/graphrestore_v7_1_stage4_step040000/d2/rain+haze/008.png,9aa90d4b77ab5dfe790ccb32ab79e6704aa1a8ab9e3050fd996ce6f1fb545971,/root/autodl-tmp/graph/data/graphrestore/raw/agenticir/extracted/HQ/008.png,4efb8dbbd2ba5090b7b951a456ec5ed27a5d61360ab95cb1c5a9366f2868cb94,25.59067726135254,0.9286964087191307,371.953547000885,1,1,2,0,0,0,0,0.12037284450889696
test/A/rain + haze/009,A,rain+haze,009,/root/autodl-tmp/aaa/graphrestore/artifacts/formal_mio100/graphrestore_v7_1_stage4_step040000/methods/graphrestore_v7_1_stage4_step040000/d2/rain+haze/009.png,e465d97651a573d17897f15eedac879c7241a92e8b55a4cf75a8c22dc9f8c7ef,/root/autodl-tmp/graph/data/graphrestore/raw/agenticir/extracted/HQ/009.png,5b779ac0fbe5d1e4d4126fd2864493dcc2ecdbde374ede7e29a054b2a9cb4f21,20.78598403930664,0.9124085810655932,406.18932247161865,1,1,2,0,0,0,0,0.12037284450889696
test/A/rain + haze/010,A,rain+haze,010,/root/autodl-tmp/aaa/graphrestore/artifacts/formal_mio100/graphrestore_v7_1_stage4_step040000/methods/graphrestore_v7_1_stage4_step040000/d2/rain+haze/010.png,f779be3ec1409c55f7076ef8a624fdd2c90e341a61cd3b1b5daee47e87f340d7,/root/autodl-tmp/graph/data/graphrestore/raw/agenticir/extracted/HQ/010.png,327492996d853f5c8873b435f98a91afd07db64567545baa61c9f4f64f717a0d,26.200496673583984,0.9355669941297072,430.3264170885086,1,1,2,0,0,0,0,0.12037284450889696
test/A/rain + haze/013,A,rain+haze,013,/root/autodl-tmp/aaa/graphrestore/artifacts/formal_mio100/graphrestore_v7_1_stage4_step040000/methods/graphrestore_v7_1_stage4_step040000/d2/rain+haze/013.png,0b3f891a67ad57e28c2d873b5f7437374d277fca7922e1354d2278ea6789fe12,/root/autodl-tmp/graph/data/graphrestore/raw/agenticir/extracted/HQ/013.png,afe18305499bd0b8318392e8f34ede33aafb5a0df2371075fe9f30a1c81a75eb,22.4415283203125,0.8399495972250238,320.5530047416687,1,1,2,0,0,0,0,0.12037284450889696
test/A/rain + haze/014,A,rain+haze,014,/root/autodl-tmp/aaa/graphrestore/artifacts/formal_mio100/graphrestore_v7_1_stage4_step040000/methods/graphrestore_v7_1_stage4_step040000/d2/rain+haze/014.png,25d888686a030843031c0f32e0a4c68d19f25e9e4a4c2a967d44e5c0f26d9bd1,/root/autodl-tmp/graph/data/graphrestore/raw/agenticir/extracted/HQ/014.png,2d569d9b923a96b1542c0b845dce0c7657794eba9f6f22ae5d02f335ef1bc4a0,30.003379821777344,0.9040500590024143,315.9513399004936,1,1,2,0,0,0,0,0.12037284450889696
test/A/rain + haze/015,A,rain+haze,015,/root/autodl-tmp/aaa/graphrestore/artifacts/formal_mio100/graphrestore_v7_1_stage4_step040000/methods/graphrestore_v7_1_stage4_step040000/d2/rain+haze/015.png,ff7acac45ff2457e22f117cb8f4f690a8702e9e92e17925f3212f39e969d0ed8,/root/autodl-tmp/graph/data/graphrestore/raw/agenticir/extracted/HQ/015.png,286adb5a1c45ee88f14e1b16e3af420910584bf5ebdd72c40cf75317559c731f,26.47697639465332,0.9241637856646195,261.4666819572449,1,1,2,0,0,0,0,0.12037284450889696
test/A/rain + haze/016,A,rain+haze,016,/root/autodl-tmp/aaa/graphrestore/artifacts/formal_mio100/graphrestore_v7_1_stage4_step040000/methods/graphrestore_v7_1_stage4_step040000/d2/rain+haze/016.png,7bd60201dd1684b9e50ad16c22e97528471676c0afc5142cdbe9dd24d939f338,/root/autodl-tmp/graph/data/graphrestore/raw/agenticir/extracted/HQ/016.png,ddc71b4b9bd2a57cabf985c7743b8ff7083a0d9205008603edb440ba27da9313,25.634292602539062,0.9247577053424024,343.8597247004509,1,1,2,0,0,0,0,0.12037284450889696
test/A/rain + haze/017,A,rain+haze,017,/root/autodl-tmp/aaa/graphrestore/artifacts/formal_mio100/graphrestore_v7_1_stage4_step040000/methods/graphrestore_v7_1_stage4_step040000/d2/rain+haze/017.png,34da6a1a33057fa6dc5c1fdbd4d21c778ef8c49c395c26005b262d75a843d9fe,/root/autodl-tmp/graph/data/graphrestore/raw/agenticir/extracted/HQ/017.png,ab3ab0c03c2d8c9c0befbcad219fae23c9795fdf99d664630f4f4febbd02c519,30.568527221679688,0.9338622700150208,265.1124969124794,1,1,2,0,0,0,0,0.12037284450889696
test/A/rain + haze/018,A,rain+haze,018,/root/autodl-tmp/aaa/graphrestore/artifacts/formal_mio100/graphrestore_v7_1_stage4_step040000/methods/graphrestore_v7_1_stage4_step040000/d2/rain+haze/018.png,5537e0500fb7a6fdb76358c1be0ba01e7e291ce8bd8dcc2dceeceadcf01d4e8a,/root/autodl-tmp/graph/data/graphrestore/raw/agenticir/extracted/HQ/018.png,66db8e4aeb78f506ae4415572eb910726c3f16ede70138093ab4eced187b8df1,25.662002563476562,0.9227508720816395,314.4218251109123,1,1,2,0,0,0,0,0.12037284450889696
test/A/rain + haze/019,A,rain+haze,019,/root/autodl-tmp/aaa/graphrestore/artifacts/formal_mio100/graphrestore_v7_1_stage4_step040000/methods/graphrestore_v7_1_stage4_step040000/d2/rain+haze/019.png,b2637a30bc833191067ee6bfb21b29c202bc6415729d7b8b25f1e291654ac61d,/root/autodl-tmp/graph/data/graphrestore/raw/agenticir/extracted/HQ/019.png,fb026cef85a4f7e64ad7c5f064ed15de1f04a7a7b6bde70b28ee78a55db21aeb,26.098190307617188,0.9228193775199095,259.64104384183884,1,1,2,0,0,0,0,0.12037284450889696
test/A/rain + haze/020,A,rain+haze,020,/root/autodl-tmp/aaa/graphrestore/artifacts/formal_mio100/graphrestore_v7_1_stage4_step040000/methods/graphrestore_v7_1_stage4_step040000/d2/rain+haze/020.png,ae6b4e1580ace12f8e3bb05beaffe949a2f8b1f7e10a004eb48fc0d39d6eb723,/root/autodl-tmp/graph/data/graphrestore/raw/agenticir/extracted/HQ/020.png,daa15d9f51eab9eca70197a7f05df7873e3eab75e432b0a81fe9488be552f37a,24.894716262817383,0.9299634631393188,314.67169523239136,1,1,2,0,0,0,0,0.12037284450889696
test/A/rain + haze/023,A,rain+haze,023,/root/autodl-tmp/aaa/graphrestore/artifacts/formal_mio100/graphrestore_v7_1_stage4_step040000/methods/graphrestore_v7_1_stage4_step040000/d2/rain+haze/023.png,4d65ff47b22b12c3aa2b0b3f43ce1f2bd12b15553b6bc0347ce15070e2989b96,/root/autodl-tmp/graph/data/graphrestore/raw/agenticir/extracted/HQ/023.png,befde78eca5789c87200ca1e2ac905ba8ad5706b50af86454bd30bc857c90e02,22.094501495361328,0.8816152225494679,261.96807622909546,1,1,2,0,0,0,0,0.12037284450889696
test/A/rain + haze/024,A,rain+haze,024,/root/autodl-tmp/aaa/graphrestore/artifacts/formal_mio100/graphrestore_v7_1_stage4_step040000/methods/graphrestore_v7_1_stage4_step040000/d2/rain+haze/024.png,d5001a915369ef5063c61ba946f5bed6e7f9666d881c2d91d6b0ac9fc7e2e884,/root/autodl-tmp/graph/data/graphrestore/raw/agenticir/extracted/HQ/024.png,e51441e174dd8dc0c47872ccb4221ab3f054b716588ee0f42d58a56098bd9538,26.380460739135742,0.9262305079332687,263.0084529519081,1,1,2,0,0,0,0,0.12037284450889696
test/A/rain + haze/025,A,rain+haze,025,/root/autodl-tmp/aaa/graphrestore/artifacts/formal_mio100/graphrestore_v7_1_stage4_step040000/methods/graphrestore_v7_1_stage4_step040000/d2/rain+haze/025.png,411d3c995cc64994ad3cf1412190bdb1996771e18ef68076f45944a21061b16b,/root/autodl-tmp/graph/data/graphrestore/raw/agenticir/extracted/HQ/025.png,f384d4a9bc3c31bc29038378f849002dc4ff2db373d852b732f5cfc24ebed244,25.591190338134766,0.9267532472829614,253.49409878253937,1,1,2,0,0,0,0,0.12037284450889696
test/A/rain + haze/026,A,rain+haze,026,/root/autodl-tmp/aaa/graphrestore/artifacts/formal_mio100/graphrestore_v7_1_stage4_step040000/methods/graphrestore_v7_1_stage4_step040000/d2/rain+haze/026.png,f41d7bcad9f571b995604c41c1c4c242d181b6154c93a5dc77eae621fb3f094b,/root/autodl-tmp/graph/data/graphrestore/raw/agenticir/extracted/HQ/026.png,cfce1d4c02a00f28988a64f63cd538c4147c3a72c147a6549d71f1105d671224,25.91625213623047,0.8761259197533772,310.28836220502853,1,1,2,0,0,0,0,0.12037284450889696
test/A/rain + haze/027,A,rain+haze,027,/root/autodl-tmp/aaa/graphrestore/artifacts/formal_mio100/graphrestore_v7_1_stage4_step040000/methods/graphrestore_v7_1_stage4_step040000/d2/rain+haze/027.png,57560d3626f2ed89af09c1c9a6e8890c68724021abbb694411a0928a6937f59c,/root/autodl-tmp/graph/data/graphrestore/raw/agenticir/extracted/HQ/027.png,d69be3d26f3d3c95ffd9de3bd8d565120e0f09fb4aa84c72ae18d8fc4f871aae,23.928977966308594,0.907079942833709,315.28252363204956,1,1,2,0,0,0,0,0.12037284450889696
test/A/rain + haze/028,A,rain+haze,028,/root/autodl-tmp/aaa/graphrestore/artifacts/formal_mio100/graphrestore_v7_1_stage4_step040000/methods/graphrestore_v7_1_stage4_step040000/d2/rain+haze/028.png,8a946abd16b68fd1abcfc9c6f5f310191d15b563e4b6fafd5519aa91eb4fd4ed,/root/autodl-tmp/graph/data/graphrestore/raw/agenticir/extracted/HQ/028.png,181f97da79059de1a93d1a0d30f6851393282c6af8b607d83ce29ab8c9dbf771,26.7230224609375,0.9504098911569364,261.06179505586624,1,1,2,0,0,0,0,0.12037284450889696
test/A/rain + haze/029,A,rain+haze,029,/root/autodl-tmp/aaa/graphrestore/artifacts/formal_mio100/graphrestore_v7_1_stage4_step040000/methods/graphrestore_v7_1_stage4_step040000/d2/rain+haze/029.png,11deee9d6539855c5ba0bd4ebfa5023d1b6b96d3b0d9997058d3c7cd4f2d601b,/root/autodl-tmp/graph/data/graphrestore/raw/agenticir/extracted/HQ/029.png,3c7f43d0544ada8d7b64d7bb197621349fa1dcdf8400fb6128afaf8787814556,31.099205017089844,0.8520412679068117,256.7945048213005,1,1,2,0,0,0,0,0.12037284450889696
test/A/rain + haze/030,A,rain+haze,030,/root/autodl-tmp/aaa/graphrestore/artifacts/formal_mio100/graphrestore_v7_1_stage4_step040000/methods/graphrestore_v7_1_stage4_step040000/d2/rain+haze/030.png,567614baad99fc7958108ef45b813c945e0ca5cb8a1e2ff89e3616d4c2c9b576,/root/autodl-tmp/graph/data/graphrestore/raw/agenticir/extracted/HQ/030.png,576b0158cf5a541dd6aaf522902400e8ba3175aacca36d9df22951f52acf3f2f,17.657329559326172,0.8756553343676001,230.23419082164764,1,1,2,0,0,0,0,0.12037284450889696
test/A/rain + haze/033,A,rain+haze,033,/root/autodl-tmp/aaa/graphrestore/artifacts/formal_mio100/graphrestore_v7_1_stage4_step040000/methods/graphrestore_v7_1_stage4_step040000/d2/rain+haze/033.png,91a89e89f830ebdfbe3995bb5a52c88d97fd2b9b0a096510eec9bb3d3457efa5,/root/autodl-tmp/graph/data/graphrestore/raw/agenticir/extracted/HQ/033.png,9590f1419e378254c01f330c248e12e8a62792b04a27b72daf2c0afd6c41c758,24.492877960205078,0.8887678006353104,201.18988305330276,1,1,2,0,0,0,0,0.12037284450889696
test/A/rain + haze/034,A,rain+haze,034,/root/autodl-tmp/aaa/graphrestore/artifacts/formal_mio100/graphrestore_v7_1_stage4_step040000/methods/graphrestore_v7_1_stage4_step040000/d2/rain+haze/034.png,2c10357bafcf15079e459fc947184d060382675b149303c10242a04802ad63af,/root/autodl-tmp/graph/data/graphrestore/raw/agenticir/extracted/HQ/034.png,0575cc2334f8f50fcbd3d9f58173645db8764f938ee55e8899084ca2b66fd018,24.477928161621094,0.8837422317826044,284.1855362057686,1,1,2,0,0,0,0,0.12037284450889696
test/A/rain + haze/035,A,rain+haze,035,/root/autodl-tmp/aaa/graphrestore/artifacts/formal_mio100/graphrestore_v7_1_stage4_step040000/methods/graphrestore_v7_1_stage4_step040000/d2/rain+haze/035.png,95330e352394c8e887c4a53d52e68621e5b7cde81542f61451f700710ce97ce6,/root/autodl-tmp/graph/data/graphrestore/raw/agenticir/extracted/HQ/035.png,4e230744a9cb7c3ebe976ae7267155312b876fb355283b4938b34b758aef7ff9,28.961164474487305,0.9421566228803686,312.42868304252625,1,1,2,0,0,0,0,0.12037284450889696
test/A/rain + haze/036,A,rain+haze,036,/root/autodl-tmp/aaa/graphrestore/artifacts/formal_mio100/graphrestore_v7_1_stage4_step040000/methods/graphrestore_v7_1_stage4_step040000/d2/rain+haze/036.png,b724c3c5e3395f2ab071439472a1c6093e127aabeb126536a9357e4d78028d05,/root/autodl-tmp/graph/data/graphrestore/raw/agenticir/extracted/HQ/036.png,409fbd0ad51be33e9e2711cb7b22cb39999eaac6e278ca1621c20300be446d76,27.87266731262207,0.8963959382533413,263.0291357636452,1,1,2,0,0,0,0,0.12037284450889696
test/A/rain + haze/037,A,rain+haze,037,/root/autodl-tmp/aaa/graphrestore/artifacts/formal_mio100/graphrestore_v7_1_stage4_step040000/methods/graphrestore_v7_1_stage4_step040000/d2/rain+haze/037.png,d31e7a0c2f36f34cb82b9c8454c27e48970e38e2df5328a1355cd8840318ba42,/root/autodl-tmp/graph/data/graphrestore/raw/agenticir/extracted/HQ/037.png,8f31abe11ce5d5377f131fdc788024ffb8d5cfdda501c06a64ca1fc80fab0d07,27.35765838623047,0.9405269011026033,258.282370865345,1,1,2,0,0,0,0,0.12037284450889696
test/A/rain + haze/038,A,rain+haze,038,/root/autodl-tmp/aaa/graphrestore/artifacts/formal_mio100/graphrestore_v7_1_stage4_step040000/methods/graphrestore_v7_1_stage4_step040000/d2/rain+haze/038.png,9ad3f675822bc73861522c817f22a11705ea6c5ee5b0d704be18056f7bf4b640,/root/autodl-tmp/graph/data/graphrestore/raw/agenticir/extracted/HQ/038.png,fe7df2186482ca2cc105baed74cb1da9667b3b03e1629055880b6012db131aa1,25.455095291137695,0.9022827068838215,202.49507576227188,1,1,2,0,0,0,0,0.12037284450889696
test/A/rain + haze/039,A,rain+haze,039,/root/autodl-tmp/aaa/graphrestore/artifacts/formal_mio100/graphrestore_v7_1_stage4_step040000/methods/graphrestore_v7_1_stage4_step040000/d2/rain+haze/039.png,2c84a5ce2f35dedb7f1dcd91feced640a11968904a27cf57762bf064796900a9,/root/autodl-tmp/graph/data/graphrestore/raw/agenticir/extracted/HQ/039.png,a2038f7610363fb1916197e0557fa84b50b610d86885a2d6409f9e3aa75fbbcd,18.802326202392578,0.6423814873304659,257.73968547582626,1,1,2,0,0,0,0,0.12037284450889696
test/A/rain + haze/040,A,rain+haze,040,/root/autodl-tmp/aaa/graphrestore/artifacts/formal_mio100/graphrestore_v7_1_stage4_step040000/methods/graphrestore_v7_1_stage4_step040000/d2/rain+haze/040.png,a65b2ebb8d3515880de0faa2a72ffd57458d2f1a5a5e81c9fd4f14bf17e12b51,/root/autodl-tmp/graph/data/graphrestore/raw/agenticir/extracted/HQ/040.png,c5a9e4bb9d84a6734bdc04c272c48c1b17b150a1e346afab2338eb0ba41f1464,24.82659339904785,0.8967620878450936,287.00463473796844,1,1,2,0,0,0,0,0.12037284450889696
test/A/rain + haze/043,A,rain+haze,043,/root/autodl-tmp/aaa/graphrestore/artifacts/formal_mio100/graphrestore_v7_1_stage4_step040000/methods/graphrestore_v7_1_stage4_step040000/d2/rain+haze/043.png,97724d824c34ea870028f26fe415f8425b8c8d1107c844b40df61446a6356253,/root/autodl-tmp/graph/data/graphrestore/raw/agenticir/extracted/HQ/043.png,15880c27b3101797c4e5896dee7349ad832ac1c49fcd0c559b357f4e28296b4d,27.55511474609375,0.8931241222752477,257.9166367650032,1,1,2,0,0,0,0,0.12037284450889696
test/A/rain + haze/044,A,rain+haze,044,/root/autodl-tmp/aaa/graphrestore/artifacts/formal_mio100/graphrestore_v7_1_stage4_step040000/methods/graphrestore_v7_1_stage4_step040000/d2/rain+haze/044.png,de00adccfea7b7a1398d0b94e0df675839ee29abb088f0233f40d609bfff7767,/root/autodl-tmp/graph/data/graphrestore/raw/agenticir/extracted/HQ/044.png,0645011c1dc3777ab263df617d1747b902c2d321de6f939549cfbe43eabc9245,23.808448791503906,0.9095880811847141,258.4698125720024,1,1,2,0,0,0,0,0.12037284450889696
test/A/rain + haze/045,A,rain+haze,045,/root/autodl-tmp/aaa/graphrestore/artifacts/formal_mio100/graphrestore_v7_1_stage4_step040000/methods/graphrestore_v7_1_stage4_step040000/d2/rain+haze/045.png,31618b9584477751e6a59f5b3692dab3ab3b5358d3d1fc6944f6e1b0950f88ec,/root/autodl-tmp/graph/data/graphrestore/raw/agenticir/extracted/HQ/045.png,d3e352c98c1fe9df1181c1e362bb9c3ba3a1d077456198796083821dab20d1fc,23.680614471435547,0.9066617528576322,258.82554054260254,1,1,2,0,0,0,0,0.12037284450889696
test/A/rain + haze/046,A,rain+haze,046,/root/autodl-tmp/aaa/graphrestore/artifacts/formal_mio100/graphrestore_v7_1_stage4_step040000/methods/graphrestore_v7_1_stage4_step040000/d2/rain+haze/046.png,ef7652e492f6994d6e9d00c684dc1a05e2d129a986eaea023fae5328a6f4cde9,/root/autodl-tmp/graph/data/graphrestore/raw/agenticir/extracted/HQ/046.png,af4b21bf96515f2ff4f97a4990856b43ae02a1d8f39909428228a2612b5f936f,29.80553436279297,0.968136802630279,260.0194439291954,1,1,2,0,0,0,0,0.12037284450889696
test/A/rain + haze/047,A,rain+haze,047,/root/autodl-tmp/aaa/graphrestore/artifacts/formal_mio100/graphrestore_v7_1_stage4_step040000/methods/graphrestore_v7_1_stage4_step040000/d2/rain+haze/047.png,c269fb7f7a4fac63393c65afac216defa3f23fd9dfff1c0637012e0b34946ab0,/root/autodl-tmp/graph/data/graphrestore/raw/agenticir/extracted/HQ/047.png,8ecf454f7d68ca4ebf19b2b4a22275d3bb344666e4e483fda2c8cb84d5ff94db,30.81171226501465,0.9494603295954759,330.78303933143616,1,1,2,0,0,0,0,0.12037284450889696
test/A/rain + haze/048,A,rain+haze,048,/root/autodl-tmp/aaa/graphrestore/artifacts/formal_mio100/graphrestore_v7_1_stage4_step040000/methods/graphrestore_v7_1_stage4_step040000/d2/rain+haze/048.png,07c4c57d7a765b47c9532324915c693319abbe89fb2aa77bacc5c822b6b2fc53,/root/autodl-tmp/graph/data/graphrestore/raw/agenticir/extracted/HQ/048.png,b74e449ab10a96799f5e791f68de34dcfaf90a4befdb242cee372f6743841606,29.066070556640625,0.9723375728221264,259.1131553053856,1,1,2,0,0,0,0,0.12037284450889696
test/A/rain + haze/049,A,rain+haze,049,/root/autodl-tmp/aaa/graphrestore/artifacts/formal_mio100/graphrestore_v7_1_stage4_step040000/methods/graphrestore_v7_1_stage4_step040000/d2/rain+haze/049.png,58f2581a45b014ff380d72c5031cd88e6bf68bed2ccd4382820a0b54bf8b333e,/root/autodl-tmp/graph/data/graphrestore/raw/agenticir/extracted/HQ/049.png,bdd8f4cec02d5659a12541bb32718429d397d6be195679045764e31574c4f226,26.076980590820312,0.980499630822431,258.0554485321045,1,1,2,0,0,0,0,0.12037284450889696
test/A/rain + haze/050,A,rain+haze,050,/root/autodl-tmp/aaa/graphrestore/artifacts/formal_mio100/graphrestore_v7_1_stage4_step040000/methods/graphrestore_v7_1_stage4_step040000/d2/rain+haze/050.png,591ee0afe2a4d7f8ad4c41c8c72b9c3358e31786f388f62558be7437fb2b06af,/root/autodl-tmp/graph/data/graphrestore/raw/agenticir/extracted/HQ/050.png,c4cfbc77b28b145af37ea26b0b501d69633ebdedd3ce9a90d5760063ee95f492,26.308494567871094,0.9195817908346163,313.6500120162964,1,1,2,0,0,0,0,0.12037284450889696
test/A/rain + haze/053,A,rain+haze,053,/root/autodl-tmp/aaa/graphrestore/artifacts/formal_mio100/graphrestore_v7_1_stage4_step040000/methods/graphrestore_v7_1_stage4_step040000/d2/rain+haze/053.png,29c8fdb66fad8f2194e02231159fc546fc1ed038a59dd30e9018940fed464f3c,/root/autodl-tmp/graph/data/graphrestore/raw/agenticir/extracted/HQ/053.png,6b1f2208c72adcd28d96a15d538bbfbe27cb5a21be416b6f30fa836b12ac867d,21.866744995117188,0.7218982270309496,257.9265460371971,1,1,2,0,0,0,0,0.12037284450889696
test/A/rain + haze/054,A,rain+haze,054,/root/autodl-tmp/aaa/graphrestore/artifacts/formal_mio100/graphrestore_v7_1_stage4_step040000/methods/graphrestore_v7_1_stage4_step040000/d2/rain+haze/054.png,127b3e7e6642fac40ae02f6bf24de45d386b2cc4df33f055b6228d8973b6aa0f,/root/autodl-tmp/graph/data/graphrestore/raw/agenticir/extracted/HQ/054.png,699ffde2d8d110e52811d39e5b9d745965d4211dd2312f453ce367f1bc0e66f5,18.927457809448242,0.7798154092302004,258.9143440127373,1,1,2,0,0,0,0,0.12037284450889696
test/A/rain + haze/055,A,rain+haze,055,/root/autodl-tmp/aaa/graphrestore/artifacts/formal_mio100/graphrestore_v7_1_stage4_step040000/methods/graphrestore_v7_1_stage4_step040000/d2/rain+haze/055.png,ed1a02c5883dfd3156f19c78b1acc0efd8630280379527430b769b0dd5c1452a,/root/autodl-tmp/graph/data/graphrestore/raw/agenticir/extracted/HQ/055.png,5a59c6f9051a70f1c3ad8e9550b2a21322ef8ad71bd70085fb2330f6f6da3948,26.686630249023438,0.9227744127434608,313.6235550045967,1,1,2,0,0,0,0,0.12037284450889696
test/A/rain + haze/056,A,rain+haze,056,/root/autodl-tmp/aaa/graphrestore/artifacts/formal_mio100/graphrestore_v7_1_stage4_step040000/methods/graphrestore_v7_1_stage4_step040000/d2/rain+haze/056.png,cdf46e4596c174e7e4ad0aaf62c800720c12a2ff8b8b6dedb0e6962a3557f77c,/root/autodl-tmp/graph/data/graphrestore/raw/agenticir/extracted/HQ/056.png,c5f28866f72e2d370875385eb6575124b0735f8f927fae1c07ff7151e200c956,26.16938018798828,0.9448565064064902,231.00914806127548,1,1,2,0,0,0,0,0.12037284450889696
test/A/rain + haze/057,A,rain+haze,057,/root/autodl-tmp/aaa/graphrestore/artifacts/formal_mio100/graphrestore_v7_1_stage4_step040000/methods/graphrestore_v7_1_stage4_step040000/d2/rain+haze/057.png,bf2f181d42e4eb41967376d0997d44e00c024ec6343311090cd5499c76b0c9ed,/root/autodl-tmp/graph/data/graphrestore/raw/agenticir/extracted/HQ/057.png,42353ae75793843947c257055d87e0568db28ed51b9a5d87cc0d6a0dafb242af,17.838420867919922,0.9202901056341509,258.12915712594986,1,1,2,0,0,0,0,0.12037284450889696
test/A/rain + haze/058,A,rain+haze,058,/root/autodl-tmp/aaa/graphrestore/artifacts/formal_mio100/graphrestore_v7_1_stage4_step040000/methods/graphrestore_v7_1_stage4_step040000/d2/rain+haze/058.png,04639efce09ea5f2e935e0eee05f85589ddeb27dbbc8dcd00f9a4076f5b66b4c,/root/autodl-tmp/graph/data/graphrestore/raw/agenticir/extracted/HQ/058.png,e50e67dc4e57dc18d552546044c5ca169fdb26de4d5d81650d00d4b0f3ab7e76,26.829509735107422,0.9392209830460833,258.803129196167,1,1,2,0,0,0,0,0.12037284450889696
test/A/rain + haze/059,A,rain+haze,059,/root/autodl-tmp/aaa/graphrestore/artifacts/formal_mio100/graphrestore_v7_1_stage4_step040000/methods/graphrestore_v7_1_stage4_step040000/d2/rain+haze/059.png,8b994feb671a4b5e4bd75b98bf03f915164e68f4fdf8a0c85ebbd1796e86fb78,/root/autodl-tmp/graph/data/graphrestore/raw/agenticir/extracted/HQ/059.png,e60c8277194566df02c7cefc895d1390756059f7a29ac67206ec202f1b897add,24.001293182373047,0.8852246529820399,285.4868695139885,1,1,2,0,0,0,0,0.12037284450889696
test/A/rain + haze/060,A,rain+haze,060,/root/autodl-tmp/aaa/graphrestore/artifacts/formal_mio100/graphrestore_v7_1_stage4_step040000/methods/graphrestore_v7_1_stage4_step040000/d2/rain+haze/060.png,2c85117209fad8aa180a74febb21dfbf2126ff0992f18c37c261a0ca8a8d4616,/root/autodl-tmp/graph/data/graphrestore/raw/agenticir/extracted/HQ/060.png,d173273231bf0b68767ae3e287f4f34baa71e7d986a98c43a41fa9668fd8a0d4,20.373594284057617,0.8594833410644745,257.8621059656143,1,1,2,0,0,0,0,0.12037284450889696
test/A/rain + haze/063,A,rain+haze,063,/root/autodl-tmp/aaa/graphrestore/artifacts/formal_mio100/graphrestore_v7_1_stage4_step040000/methods/graphrestore_v7_1_stage4_step040000/d2/rain+haze/063.png,d6838ca610b615ee3e5ce6537e033b23dcf169c4f515377d3b192c360dc42107,/root/autodl-tmp/graph/data/graphrestore/raw/agenticir/extracted/HQ/063.png,f7ccce7c58be38c16fb08060b8b379825cb0417a04e6813c72985768a480929c,29.4191951751709,0.9142382145566058,259.6193253993988,1,1,2,0,0,0,0,0.12037284450889696
test/A/rain + haze/064,A,rain+haze,064,/root/autodl-tmp/aaa/graphrestore/artifacts/formal_mio100/graphrestore_v7_1_stage4_step040000/methods/graphrestore_v7_1_stage4_step040000/d2/rain+haze/064.png,49627e57c1c91d69f0ed43f17b752371bce17e4029493fa738abdd299f3b0d11,/root/autodl-tmp/graph/data/graphrestore/raw/agenticir/extracted/HQ/064.png,b34caae8d574b2c008d53ceb0490df55c099e68844b2819f0c02fc50db26cee0,30.266979217529297,0.9211268916255826,284.88943725824356,1,1,2,0,0,0,0,0.12037284450889696
test/A/rain + haze/065,A,rain+haze,065,/root/autodl-tmp/aaa/graphrestore/artifacts/formal_mio100/graphrestore_v7_1_stage4_step040000/methods/graphrestore_v7_1_stage4_step040000/d2/rain+haze/065.png,505daf4f3166b7be8cb6dabdb99c1eeef3ab23f039a39d4896b24f42a86384e5,/root/autodl-tmp/graph/data/graphrestore/raw/agenticir/extracted/HQ/065.png,f0770ae16bf79be3b5d94a7868da009f5ce1bbf54bfe5c879e352a4df590ef63,29.779361724853516,0.9334197248824359,313.74795734882355,1,1,2,0,0,0,0,0.12037284450889696
test/A/rain + haze/066,A,rain+haze,066,/root/autodl-tmp/aaa/graphrestore/artifacts/formal_mio100/graphrestore_v7_1_stage4_step040000/methods/graphrestore_v7_1_stage4_step040000/d2/rain+haze/066.png,1c4f3af2e2a9977ebe21a3d5cda9ad5816e87a2bdbaff7eba4044f8dc2e0b279,/root/autodl-tmp/graph/data/graphrestore/raw/agenticir/extracted/HQ/066.png,a19230b326bd2fb5c26ae283f65bf0b85f39f90421056a47c7ecd6d683379aff,29.229557037353516,0.9454108531833076,314.48324769735336,1,1,2,0,0,0,0,0.12037284450889696
test/A/rain + haze/067,A,rain+haze,067,/root/autodl-tmp/aaa/graphrestore/artifacts/formal_mio100/graphrestore_v7_1_stage4_step040000/methods/graphrestore_v7_1_stage4_step040000/d2/rain+haze/067.png,8f8b9c6f0258b6f39e136860dd815160ee43e12a851808f346b756950a44421b,/root/autodl-tmp/graph/data/graphrestore/raw/agenticir/extracted/HQ/067.png,91cd9f021a6902b7f3220c6a373cba11f3bfbe4e4984c1d6fc4be0c76acb67a0,25.255563735961914,0.9396666385909062,265.82999527454376,1,1,2,0,0,0,0,0.12037284450889696
test/A/rain + haze/068,A,rain+haze,068,/root/autodl-tmp/aaa/graphrestore/artifacts/formal_mio100/graphrestore_v7_1_stage4_step040000/methods/graphrestore_v7_1_stage4_step040000/d2/rain+haze/068.png,21c7d07008b0fd26471646ee443e2091fbcdc0839acd9f9415a92769a9e45443,/root/autodl-tmp/graph/data/graphrestore/raw/agenticir/extracted/HQ/068.png,b8187d79db16002364f6017df807e6cac41e7ee9a68413a384b1bd69eddaa638,29.021709442138672,0.9320858348427447,258.48887860774994,1,1,2,0,0,0,0,0.12037284450889696
test/A/rain + haze/069,A,rain+haze,069,/root/autodl-tmp/aaa/graphrestore/artifacts/formal_mio100/graphrestore_v7_1_stage4_step040000/methods/graphrestore_v7_1_stage4_step040000/d2/rain+haze/069.png,1e13b677ac53954515a957f0c6868e32e73acf85e88d7fe5774f2f63d1335715,/root/autodl-tmp/graph/data/graphrestore/raw/agenticir/extracted/HQ/069.png,abb08be58f50075e5e6b1de44ddfe61c30ebb34882e9d72681edd73a5cdbb156,28.69938087463379,0.9137450632360375,319.5755034685135,1,1,2,0,0,0,0,0.12037284450889696
test/A/rain + haze/070,A,rain+haze,070,/root/autodl-tmp/aaa/graphrestore/artifacts/formal_mio100/graphrestore_v7_1_stage4_step040000/methods/graphrestore_v7_1_stage4_step040000/d2/rain+haze/070.png,2d32f99c191eeba5e956a90dcce6919706a08a917b9af573b540719ab9fc546d,/root/autodl-tmp/graph/data/graphrestore/raw/agenticir/extracted/HQ/070.png,718ae2570e431003fb32f2a40e19f813545164ace18230ac03f9ec96b2747f85,22.77322006225586,0.8804937103359778,264.5673230290413,1,1,2,0,0,0,0,0.12037284450889696
test/A/rain + haze/073,A,rain+haze,073,/root/autodl-tmp/aaa/graphrestore/artifacts/formal_mio100/graphrestore_v7_1_stage4_step040000/methods/graphrestore_v7_1_stage4_step040000/d2/rain+haze/073.png,3af84e18864401e2f1ecb885b92ddac51fd8534d3b3e850129a3e5f484d264f3,/root/autodl-tmp/graph/data/graphrestore/raw/agenticir/extracted/HQ/073.png,e4a8516954bfb4b79f2fc6194b6b4a8ed63250e14fe7ce0b6f6d77c922f84730,23.78177261352539,0.911734972163352,313.95234912633896,1,1,2,0,0,0,0,0.12037284450889696
test/A/rain + haze/074,A,rain+haze,074,/root/autodl-tmp/aaa/graphrestore/artifacts/formal_mio100/graphrestore_v7_1_stage4_step040000/methods/graphrestore_v7_1_stage4_step040000/d2/rain+haze/074.png,9084304cd96f2ab7266b7c93e15cfb72082ffb23d3af31a878befd2ae016c33f,/root/autodl-tmp/graph/data/graphrestore/raw/agenticir/extracted/HQ/074.png,cfa80e9825a34173ab0d1810b1b63bf645aa1b6b743966a77d7d03463319fd8e,18.463640213012695,0.7603457173016472,258.05191695690155,1,1,2,0,0,0,0,0.12037284450889696
test/A/rain + haze/075,A,rain+haze,075,/root/autodl-tmp/aaa/graphrestore/artifacts/formal_mio100/graphrestore_v7_1_stage4_step040000/methods/graphrestore_v7_1_stage4_step040000/d2/rain+haze/075.png,542f0c8817d191295e6b84895fc8ae9ede7ce2d3bba8d52bc967d213fb3c1d49,/root/autodl-tmp/graph/data/graphrestore/raw/agenticir/extracted/HQ/075.png,637e76a0398c825f3214d13b10485f7c180dc359b838ade377382c22c8f6b788,28.882076263427734,0.941560597338684,258.5349977016449,1,1,2,0,0,0,0,0.12037284450889696
test/A/rain + haze/076,A,rain+haze,076,/root/autodl-tmp/aaa/graphrestore/artifacts/formal_mio100/graphrestore_v7_1_stage4_step040000/methods/graphrestore_v7_1_stage4_step040000/d2/rain+haze/076.png,c060743c68eefd91a68c5b9ec235ff318cef8e7539bdef0bca4b9ca397eff472,/root/autodl-tmp/graph/data/graphrestore/raw/agenticir/extracted/HQ/076.png,28f7193b83d2979c14a7c73e95657ce02a2cc902196495bea289e190f48cecae,16.26833724975586,0.5685878384419574,261.05988770723343,1,1,2,0,0,0,0,0.12037284450889696
test/A/rain + haze/077,A,rain+haze,077,/root/autodl-tmp/aaa/graphrestore/artifacts/formal_mio100/graphrestore_v7_1_stage4_step040000/methods/graphrestore_v7_1_stage4_step040000/d2/rain+haze/077.png,6bfe0d4d59dea8619941fb3157efae8138b6ca04ed8c35984ddc03e7a0588a2f,/root/autodl-tmp/graph/data/graphrestore/raw/agenticir/extracted/HQ/077.png,6d0b3c0c4255ee2de7c3c275c114eb531248c06fce157913f4e69dacd492cc91,27.27756690979004,0.9549913512340027,258.92382115125656,1,1,2,0,0,0,0,0.12037284450889696
test/A/rain + haze/078,A,rain+haze,078,/root/autodl-tmp/aaa/graphrestore/artifacts/formal_mio100/graphrestore_v7_1_stage4_step040000/methods/graphrestore_v7_1_stage4_step040000/d2/rain+haze/078.png,730261958f08135409fb573a7994bbcb83509ddefb44e12195e9eb18d7e0e05e,/root/autodl-tmp/graph/data/graphrestore/raw/agenticir/extracted/HQ/078.png,ae84b8b3592a0f623d5bd2c5791b049e6fd87155614fbbad37f1ac00a2cfa870,26.039209365844727,0.8918321665678814,314.3818899989128,1,1,2,0,0,0,0,0.12037284450889696
test/A/rain + haze/079,A,rain+haze,079,/root/autodl-tmp/aaa/graphrestore/artifacts/formal_mio100/graphrestore_v7_1_stage4_step040000/methods/graphrestore_v7_1_stage4_step040000/d2/rain+haze/079.png,57d7973f96737756e9a2341394c064fc2e08908d1458139383ebc512bb57d7aa,/root/autodl-tmp/graph/data/graphrestore/raw/agenticir/extracted/HQ/079.png,166cde30b17743be2ca3fb2c29004e0b38b126bfa1d8d5f41013c23eb248aad5,22.54874038696289,0.7628700108974655,293.66470873355865,1,1,2,0,0,0,0,0.12037284450889696
test/A/rain + haze/080,A,rain+haze,080,/root/autodl-tmp/aaa/graphrestore/artifacts/formal_mio100/graphrestore_v7_1_stage4_step040000/methods/graphrestore_v7_1_stage4_step040000/d2/rain+haze/080.png,f6e46a9ca104f102c84bdc8d49492634cd824b1421c23339ae1a27d7242b922c,/root/autodl-tmp/graph/data/graphrestore/raw/agenticir/extracted/HQ/080.png,b208599722bce230536ae4db62272e883a7714d4bfca7d73e1361da3b2ca9225,27.04248809814453,0.9003784551059688,258.2997977733612,1,1,2,0,0,0,0,0.12037284450889696
test/A/rain + haze/083,A,rain+haze,083,/root/autodl-tmp/aaa/graphrestore/artifacts/formal_mio100/graphrestore_v7_1_stage4_step040000/methods/graphrestore_v7_1_stage4_step040000/d2/rain+haze/083.png,cf91a2021e2d1a3ebf35f8a016c585fd6ef84d5857eb491ebe42e5dbdbafdf89,/root/autodl-tmp/graph/data/graphrestore/raw/agenticir/extracted/HQ/083.png,4772b8d475dfc90626760cea35452db0ee8dfdd89f7cd8def57f8b4d74ecef44,24.3380069732666,0.9279095657335409,285.7961431145668,1,1,2,0,0,0,0,0.12037284450889696
test/A/rain + haze/084,A,rain+haze,084,/root/autodl-tmp/aaa/graphrestore/artifacts/formal_mio100/graphrestore_v7_1_stage4_step040000/methods/graphrestore_v7_1_stage4_step040000/d2/rain+haze/084.png,0cc5a8e8a6f673529d523bf01c2fd41af76052076a5a2c28ee062180c7357748,/root/autodl-tmp/graph/data/graphrestore/raw/agenticir/extracted/HQ/084.png,1bc34c4607ba66d84248fe8e7d5e30546ae13841542d8b1cb9146f2a2485df64,26.958175659179688,0.9613618608080658,259.2603638768196,1,1,2,0,0,0,0,0.12037284450889696
test/A/rain + haze/085,A,rain+haze,085,/root/autodl-tmp/aaa/graphrestore/artifacts/formal_mio100/graphrestore_v7_1_stage4_step040000/methods/graphrestore_v7_1_stage4_step040000/d2/rain+haze/085.png,aa8565303e3344d244a4dd3446c45f548a3eb9a9e11f507aa51090d31236b8fe,/root/autodl-tmp/graph/data/graphrestore/raw/agenticir/extracted/HQ/085.png,6174b7cb004afd2a578ec1950d92b99c41115b5a6bf70a511f19156c62bd5274,23.477031707763672,0.8262507355406541,266.9905200600624,1,1,2,0,0,0,0,0.12037284450889696
test/A/rain + haze/086,A,rain+haze,086,/root/autodl-tmp/aaa/graphrestore/artifacts/formal_mio100/graphrestore_v7_1_stage4_step040000/methods/graphrestore_v7_1_stage4_step040000/d2/rain+haze/086.png,882109d00ebdbd86c137dec50918d5567b2a188f8f7f9ee53110da8c4b753c79,/root/autodl-tmp/graph/data/graphrestore/raw/agenticir/extracted/HQ/086.png,68a629299aaf0e4d70065c504c9b3e397721fa17a25c2585446914aa5c7bafb5,24.701068878173828,0.938209038289857,260.8492448925972,1,1,2,0,0,0,0,0.12037284450889696
test/A/rain + haze/087,A,rain+haze,087,/root/autodl-tmp/aaa/graphrestore/artifacts/formal_mio100/graphrestore_v7_1_stage4_step040000/methods/graphrestore_v7_1_stage4_step040000/d2/rain+haze/087.png,0f4050c5631ae47df85edd99262a25134c6d0ef188158a990ad927a15fe0e406,/root/autodl-tmp/graph/data/graphrestore/raw/agenticir/extracted/HQ/087.png,059a862de1498fc3b783bcfcce8fad399573aa912bb6638bbd3d43d23b88cdc6,26.724367141723633,0.8863747038473468,259.156197309494,1,1,2,0,0,0,0,0.12037284450889696
test/A/rain + haze/088,A,rain+haze,088,/root/autodl-tmp/aaa/graphrestore/artifacts/formal_mio100/graphrestore_v7_1_stage4_step040000/methods/graphrestore_v7_1_stage4_step040000/d2/rain+haze/088.png,edd695d54ae162b65d86fe9e6aae7a2076b33c732b5f20c624e9c1258534a88e,/root/autodl-tmp/graph/data/graphrestore/raw/agenticir/extracted/HQ/088.png,e76841066e027bd2a2fa101a4598c597d4891a7c535e3cc3195b7afcc249d7ae,24.73596954345703,0.852053616712671,314.59277868270874,1,1,2,0,0,0,0,0.12037284450889696
test/A/rain + haze/089,A,rain+haze,089,/root/autodl-tmp/aaa/graphrestore/artifacts/formal_mio100/graphrestore_v7_1_stage4_step040000/methods/graphrestore_v7_1_stage4_step040000/d2/rain+haze/089.png,736ca07af84234abfae7596b9707e5a2256836e5f150747c8e179114446b4b85,/root/autodl-tmp/graph/data/graphrestore/raw/agenticir/extracted/HQ/089.png,046e493440ea7499fe07cec3853e6e170225ce6cdc903aac14730fa6b9bf36ab,28.55879020690918,0.9284624191868186,258.32023471593857,1,1,2,0,0,0,0,0.12037284450889696
test/A/rain + haze/090,A,rain+haze,090,/root/autodl-tmp/aaa/graphrestore/artifacts/formal_mio100/graphrestore_v7_1_stage4_step040000/methods/graphrestore_v7_1_stage4_step040000/d2/rain+haze/090.png,a97210fdf9967b210463671484392571b84d2d7bddb5044928b050fa566d80d1,/root/autodl-tmp/graph/data/graphrestore/raw/agenticir/extracted/HQ/090.png,830f74b8389bfef595e56e910efc49cf4246f6f7bd552ea8c45d071a0113053c,27.234378814697266,0.9528500124606029,285.36275029182434,1,1,2,0,0,0,0,0.12037284450889696
test/A/rain + haze/093,A,rain+haze,093,/root/autodl-tmp/aaa/graphrestore/artifacts/formal_mio100/graphrestore_v7_1_stage4_step040000/methods/graphrestore_v7_1_stage4_step040000/d2/rain+haze/093.png,39270a720a2a349c2938dd86338d339373fb89c510c893fe3da52a71eb3c0585,/root/autodl-tmp/graph/data/graphrestore/raw/agenticir/extracted/HQ/093.png,b9ef1df7a3be70176f064c2568ea12d8cd9c9c54b3e8fd72bca53d170eaf06f2,21.777118682861328,0.9461422682243582,431.7251667380333,1,1,2,0,0,0,0,0.12037284450889696
test/A/rain + haze/094,A,rain+haze,094,/root/autodl-tmp/aaa/graphrestore/artifacts/formal_mio100/graphrestore_v7_1_stage4_step040000/methods/graphrestore_v7_1_stage4_step040000/d2/rain+haze/094.png,ee04059491aaf30a175cfcc4298d9abe10038506372afccc8aea1992f1f9c0df,/root/autodl-tmp/graph/data/graphrestore/raw/agenticir/extracted/HQ/094.png,45dab31fa407b6793844322a5e147cdfedc3bfa449cd28fc9605f41dba80966d,29.77485466003418,0.921145395517189,268.70792359113693,1,1,2,0,0,0,0,0.12037284450889696
test/A/rain + haze/095,A,rain+haze,095,/root/autodl-tmp/aaa/graphrestore/artifacts/formal_mio100/graphrestore_v7_1_stage4_step040000/methods/graphrestore_v7_1_stage4_step040000/d2/rain+haze/095.png,0363ffba92ed256db639c59c4621e8c35efe65815807482220685837e5c02cba,/root/autodl-tmp/graph/data/graphrestore/raw/agenticir/extracted/HQ/095.png,2f04f8c811593049180a1c6bdcf5d723d3c2f6443ba518c407e4976d7a6b2637,24.676013946533203,0.8907593397309357,236.52487248182297,1,1,2,0,0,0,0,0.12037284450889696
test/A/rain + haze/096,A,rain+haze,096,/root/autodl-tmp/aaa/graphrestore/artifacts/formal_mio100/graphrestore_v7_1_stage4_step040000/methods/graphrestore_v7_1_stage4_step040000/d2/rain+haze/096.png,2b4522a7e3d17dcc871c0c8b76c45e064667b7de420a0c0fa2c8d9e87794e3ca,/root/autodl-tmp/graph/data/graphrestore/raw/agenticir/extracted/HQ/096.png,3ac9dbd626f9e294ae10a8ab11a34f6c0132ed355627d25ce3f8790f701fae29,21.455238342285156,0.8669412871406301,260.9073966741562,1,1,2,0,0,0,0,0.12037284450889696
test/A/rain + haze/097,A,rain+haze,097,/root/autodl-tmp/aaa/graphrestore/artifacts/formal_mio100/graphrestore_v7_1_stage4_step040000/methods/graphrestore_v7_1_stage4_step040000/d2/rain+haze/097.png,ac544651f2a3162ff8246b8c09c5621086707e1d10532c48e9dcdd485de1feed,/root/autodl-tmp/graph/data/graphrestore/raw/agenticir/extracted/HQ/097.png,9b6c3c0d294f54e89b51656b0163aa8d0715dd7904848721ea76c07ccf737d2e,24.519676208496094,0.9382313995605486,260.5211064219475,1,1,2,0,0,0,0,0.12037284450889696
test/A/rain + haze/098,A,rain+haze,098,/root/autodl-tmp/aaa/graphrestore/artifacts/formal_mio100/graphrestore_v7_1_stage4_step040000/methods/graphrestore_v7_1_stage4_step040000/d2/rain+haze/098.png,c933f614ef90cfa7f7e35e887f5baca8b39cb916773e587132322ef5b914dadb,/root/autodl-tmp/graph/data/graphrestore/raw/agenticir/extracted/HQ/098.png,f0574e5262ab9942e66006e0df3aab8738de997489badc302e131ae74299181f,27.085180282592773,0.9397060884299344,315.918006002903,1,1,2,0,0,0,0,0.12037284450889696
test/A/rain + haze/099,A,rain+haze,099,/root/autodl-tmp/aaa/graphrestore/artifacts/formal_mio100/graphrestore_v7_1_stage4_step040000/methods/graphrestore_v7_1_stage4_step040000/d2/rain+haze/099.png,c8cf7d89cbf78e82ee5032692ea97c5b8d1ba9b1365edcdf0c31c317ef524aec,/root/autodl-tmp/graph/data/graphrestore/raw/agenticir/extracted/HQ/099.png,15ddff6cab9869d7fe8a7cb6fd328b436bbfa9b089e6adcbba7a5048e4c97f8b,25.786251068115234,0.7919923457852541,259.6825435757637,1,1,2,0,0,0,0,0.12037284450889696
test/A/rain + haze/100,A,rain+haze,100,/root/autodl-tmp/aaa/graphrestore/artifacts/formal_mio100/graphrestore_v7_1_stage4_step040000/methods/graphrestore_v7_1_stage4_step040000/d2/rain+haze/100.png,3de7b304ec919ccdf547f47c4c27b4565b541ca27e24aea37738664670efe3eb,/root/autodl-tmp/graph/data/graphrestore/raw/agenticir/extracted/HQ/100.png,b7f5d60dbb3e7047b9c62efc7d61db97052a2cde687d3fae367a14a6793a0c40,27.08587646484375,0.933396040627117,259.307436645031,1,1,2,0,0,0,0,0.12037284450889696
test/A/rain + low resolution/003,A,rain+low resolution,003,/root/autodl-tmp/aaa/graphrestore/artifacts/formal_mio100/graphrestore_v7_1_stage4_step040000/methods/graphrestore_v7_1_stage4_step040000/d2/rain+low resolution/003.png,22bae5d5b98fae94de0897664b96b467438385a236bccc1bc0a7ed2aefa79eaa,/root/autodl-tmp/graph/data/graphrestore/raw/agenticir/extracted/HQ/003.png,c2a2513992db412a7160dfa2f82535dccaa188db91df80ee6ed5b0dd5c5d2d1a,25.355737686157227,0.700574344376834,314.93160128593445,1,1,2,0,0,0,0,0.12037284450889696
test/A/rain + low resolution/004,A,rain+low resolution,004,/root/autodl-tmp/aaa/graphrestore/artifacts/formal_mio100/graphrestore_v7_1_stage4_step040000/methods/graphrestore_v7_1_stage4_step040000/d2/rain+low resolution/004.png,ec449d1431d82f072b49e5b73a99fd1224abd025b723c0f5129c12edf13cac38,/root/autodl-tmp/graph/data/graphrestore/raw/agenticir/extracted/HQ/004.png,f1ad3f60cd8e680739263535ab1620a2490f3bc0c65a9355a965c7dff9be1fed,27.741718292236328,0.7979094989533422,348.47143292427063,1,1,2,0,0,0,0,0.12037284450889696
test/A/rain + low resolution/005,A,rain+low resolution,005,/root/autodl-tmp/aaa/graphrestore/artifacts/formal_mio100/graphrestore_v7_1_stage4_step040000/methods/graphrestore_v7_1_stage4_step040000/d2/rain+low resolution/005.png,820bf812837baae2f862ac9152398e157be476900dd1d85bc73fed90e8540ece,/root/autodl-tmp/graph/data/graphrestore/raw/agenticir/extracted/HQ/005.png,1d8eb1ef9c1817c087956135efa85be686e7169ef11eb532c768d32d7267a0ff,22.000581741333008,0.6721803714335843,318.4930980205536,1,1,2,0,0,0,0,0.12037284450889696
test/A/rain + low resolution/006,A,rain+low resolution,006,/root/autodl-tmp/aaa/graphrestore/artifacts/formal_mio100/graphrestore_v7_1_stage4_step040000/methods/graphrestore_v7_1_stage4_step040000/d2/rain+low resolution/006.png,2a6e6b95be5f8056ca68b881b6747a720794a7082d7d5d539bf20c2ce043091a,/root/autodl-tmp/graph/data/graphrestore/raw/agenticir/extracted/HQ/006.png,f62feddd2f379d039dd1effe18b6368c79a6fe31fb8177f797c9f230eb8e1211,28.811931610107422,0.7589175472031444,266.45251363515854,1,1,2,0,0,0,0,0.12037284450889696
test/A/rain + low resolution/007,A,rain+low resolution,007,/root/autodl-tmp/aaa/graphrestore/artifacts/formal_mio100/graphrestore_v7_1_stage4_step040000/methods/graphrestore_v7_1_stage4_step040000/d2/rain+low resolution/007.png,5a11cb3feadbcb2fb1846bcf861ea547dcadd4954115d0e2b6a7f19f412c048c,/root/autodl-tmp/graph/data/graphrestore/raw/agenticir/extracted/HQ/007.png,b876f087d5f42a9350f28383ff2df22156b6bbba702809d134b7713d9430881c,25.525007247924805,0.6932705031708799,265.2747109532356,1,1,2,0,0,0,0,0.12037284450889696
test/A/rain + low resolution/008,A,rain+low resolution,008,/root/autodl-tmp/aaa/graphrestore/artifacts/formal_mio100/graphrestore_v7_1_stage4_step040000/methods/graphrestore_v7_1_stage4_step040000/d2/rain+low resolution/008.png,5f8db2a0bc016ba07cb90270fd9b054ae92f4935cee5ba2783ee1ad32e054f59,/root/autodl-tmp/graph/data/graphrestore/raw/agenticir/extracted/HQ/008.png,4efb8dbbd2ba5090b7b951a456ec5ed27a5d61360ab95cb1c5a9366f2868cb94,27.828874588012695,0.7756868965044272,369.5593401789665,1,1,2,0,0,0,0,0.12037284450889696
test/A/rain + low resolution/009,A,rain+low resolution,009,/root/autodl-tmp/aaa/graphrestore/artifacts/formal_mio100/graphrestore_v7_1_stage4_step040000/methods/graphrestore_v7_1_stage4_step040000/d2/rain+low resolution/009.png,5373e8a80b4f8f0f5eea37edc1b3b288d6b783dd5edb134012e64842b6833499,/root/autodl-tmp/graph/data/graphrestore/raw/agenticir/extracted/HQ/009.png,5b779ac0fbe5d1e4d4126fd2864493dcc2ecdbde374ede7e29a054b2a9cb4f21,34.68671417236328,0.9426372146777895,405.5231735110283,1,1,2,0,0,0,0,0.12037284450889696
test/A/rain + low resolution/010,A,rain+low resolution,010,/root/autodl-tmp/aaa/graphrestore/artifacts/formal_mio100/graphrestore_v7_1_stage4_step040000/methods/graphrestore_v7_1_stage4_step040000/d2/rain+low resolution/010.png,6362ce85de8c564427efd982440b8c5d9410e7264fcd98f5b93e31a3b53028d8,/root/autodl-tmp/graph/data/graphrestore/raw/agenticir/extracted/HQ/010.png,327492996d853f5c8873b435f98a91afd07db64567545baa61c9f4f64f717a0d,21.6304931640625,0.686841662625138,429.5943006873131,1,1,2,0,0,0,0,0.12037284450889696
test/A/rain + low resolution/013,A,rain+low resolution,013,/root/autodl-tmp/aaa/graphrestore/artifacts/formal_mio100/graphrestore_v7_1_stage4_step040000/methods/graphrestore_v7_1_stage4_step040000/d2/rain+low resolution/013.png,06e47ae45d21ba7be8e2f447867b29e4baf71a753665d054537674cb4cbb1f51,/root/autodl-tmp/graph/data/graphrestore/raw/agenticir/extracted/HQ/013.png,afe18305499bd0b8318392e8f34ede33aafb5a0df2371075fe9f30a1c81a75eb,20.41352081298828,0.48548840095840906,325.2824917435646,1,1,2,0,0,0,0,0.12037284450889696
test/A/rain + low resolution/014,A,rain+low resolution,014,/root/autodl-tmp/aaa/graphrestore/artifacts/formal_mio100/graphrestore_v7_1_stage4_step040000/methods/graphrestore_v7_1_stage4_step040000/d2/rain+low resolution/014.png,5497552ad4148ae4c1f021d2851f1c720e8f5074aeb5589933f0c10a492c70d1,/root/autodl-tmp/graph/data/graphrestore/raw/agenticir/extracted/HQ/014.png,2d569d9b923a96b1542c0b845dce0c7657794eba9f6f22ae5d02f335ef1bc4a0,27.315994262695312,0.8551469645119573,312.567338347435,1,1,2,0,0,0,0,0.12037284450889696
test/A/rain + low resolution/015,A,rain+low resolution,015,/root/autodl-tmp/aaa/graphrestore/artifacts/formal_mio100/graphrestore_v7_1_stage4_step040000/methods/graphrestore_v7_1_stage4_step040000/d2/rain+low resolution/015.png,45ac9be648a50a05d5d9925516ac966b4c1002aeacdd15e166d9018a8ffefae8,/root/autodl-tmp/graph/data/graphrestore/raw/agenticir/extracted/HQ/015.png,286adb5a1c45ee88f14e1b16e3af420910584bf5ebdd72c40cf75317559c731f,20.768173217773438,0.6525487322011241,257.01768696308136,1,1,2,0,0,0,0,0.12037284450889696
test/A/rain + low resolution/016,A,rain+low resolution,016,/root/autodl-tmp/aaa/graphrestore/artifacts/formal_mio100/graphrestore_v7_1_stage4_step040000/methods/graphrestore_v7_1_stage4_step040000/d2/rain+low resolution/016.png,e9e99769bc34a9e1725d75fb2c9db68df8d50a495c4b2b0742ffdc998b534ba7,/root/autodl-tmp/graph/data/graphrestore/raw/agenticir/extracted/HQ/016.png,ddc71b4b9bd2a57cabf985c7743b8ff7083a0d9205008603edb440ba27da9313,19.79088592529297,0.5658197435116792,343.1484326720238,1,1,2,0,0,0,0,0.12037284450889696
test/A/rain + low resolution/017,A,rain+low resolution,017,/root/autodl-tmp/aaa/graphrestore/artifacts/formal_mio100/graphrestore_v7_1_stage4_step040000/methods/graphrestore_v7_1_stage4_step040000/d2/rain+low resolution/017.png,04342a5da1c38cc027bc9c0cd5f26366b1c12dade21642a8af3f84fa8c854144,/root/autodl-tmp/graph/data/graphrestore/raw/agenticir/extracted/HQ/017.png,ab3ab0c03c2d8c9c0befbcad219fae23c9795fdf99d664630f4f4febbd02c519,26.347793579101562,0.8234274408202922,263.2506713271141,1,1,2,0,0,0,0,0.12037284450889696
test/A/rain + low resolution/018,A,rain+low resolution,018,/root/autodl-tmp/aaa/graphrestore/artifacts/formal_mio100/graphrestore_v7_1_stage4_step040000/methods/graphrestore_v7_1_stage4_step040000/d2/rain+low resolution/018.png,429b2ce1d8c6b8706fa4f46f15536eca87479b18a8d2eae1c6be629a234ac042,/root/autodl-tmp/graph/data/graphrestore/raw/agenticir/extracted/HQ/018.png,66db8e4aeb78f506ae4415572eb910726c3f16ede70138093ab4eced187b8df1,18.600290298461914,0.4407164068940681,313.4081959724426,1,1,2,0,0,0,0,0.12037284450889696
test/A/rain + low resolution/019,A,rain+low resolution,019,/root/autodl-tmp/aaa/graphrestore/artifacts/formal_mio100/graphrestore_v7_1_stage4_step040000/methods/graphrestore_v7_1_stage4_step040000/d2/rain+low resolution/019.png,e7f2bda5a2c3d4ca92dfc5c3a4d561d8ed30ca1d5a311b34aaacfba6bae14dbe,/root/autodl-tmp/graph/data/graphrestore/raw/agenticir/extracted/HQ/019.png,fb026cef85a4f7e64ad7c5f064ed15de1f04a7a7b6bde70b28ee78a55db21aeb,20.059188842773438,0.6255138599321184,264.6763399243355,1,1,2,0,0,0,0,0.12037284450889696
test/A/rain + low resolution/020,A,rain+low resolution,020,/root/autodl-tmp/aaa/graphrestore/artifacts/formal_mio100/graphrestore_v7_1_stage4_step040000/methods/graphrestore_v7_1_stage4_step040000/d2/rain+low resolution/020.png,7388f3eebd003e1cd156a8b1145604d4e2d8928c4f67a263f56e39790c23b43a,/root/autodl-tmp/graph/data/graphrestore/raw/agenticir/extracted/HQ/020.png,daa15d9f51eab9eca70197a7f05df7873e3eab75e432b0a81fe9488be552f37a,18.099136352539062,0.555323090990932,317.9022893309593,1,1,2,0,0,0,0,0.12037284450889696
test/A/rain + low resolution/023,A,rain+low resolution,023,/root/autodl-tmp/aaa/graphrestore/artifacts/formal_mio100/graphrestore_v7_1_stage4_step040000/methods/graphrestore_v7_1_stage4_step040000/d2/rain+low resolution/023.png,6061a8a2e98617cc46588ee204a2f25750bdc4d6a710efb64f00a24df7efd672,/root/autodl-tmp/graph/data/graphrestore/raw/agenticir/extracted/HQ/023.png,befde78eca5789c87200ca1e2ac905ba8ad5706b50af86454bd30bc857c90e02,21.02115249633789,0.6439424161398624,257.930263876915,1,1,2,0,0,0,0,0.12037284450889696
test/A/rain + low resolution/024,A,rain+low resolution,024,/root/autodl-tmp/aaa/graphrestore/artifacts/formal_mio100/graphrestore_v7_1_stage4_step040000/methods/graphrestore_v7_1_stage4_step040000/d2/rain+low resolution/024.png,fabaa631d034e4703ccf846daaca447e1b55bf844492e5425c54951baa0a81b1,/root/autodl-tmp/graph/data/graphrestore/raw/agenticir/extracted/HQ/024.png,e51441e174dd8dc0c47872ccb4221ab3f054b716588ee0f42d58a56098bd9538,23.005149841308594,0.7170824093129577,257.74188339710236,1,1,2,0,0,0,0,0.12037284450889696
test/A/rain + low resolution/025,A,rain+low resolution,025,/root/autodl-tmp/aaa/graphrestore/artifacts/formal_mio100/graphrestore_v7_1_stage4_step040000/methods/graphrestore_v7_1_stage4_step040000/d2/rain+low resolution/025.png,d10e4955cfd637c2baab3c9d3089158b1fa66f0c39c7445370d43e94bc6c8863,/root/autodl-tmp/graph/data/graphrestore/raw/agenticir/extracted/HQ/025.png,f384d4a9bc3c31bc29038378f849002dc4ff2db373d852b732f5cfc24ebed244,26.559001922607422,0.6680617820010676,259.9530443549156,1,1,2,0,0,0,0,0.12037284450889696
test/A/rain + low resolution/026,A,rain+low resolution,026,/root/autodl-tmp/aaa/graphrestore/artifacts/formal_mio100/graphrestore_v7_1_stage4_step040000/methods/graphrestore_v7_1_stage4_step040000/d2/rain+low resolution/026.png,167ed697a45ff2a00e8c99c554cf8ba880e7f2727fbfc621ccadb8764329d1d8,/root/autodl-tmp/graph/data/graphrestore/raw/agenticir/extracted/HQ/026.png,cfce1d4c02a00f28988a64f63cd538c4147c3a72c147a6549d71f1105d671224,27.942108154296875,0.809362345503965,315.14767557382584,1,1,2,0,0,0,0,0.12037284450889696
test/A/rain + low resolution/027,A,rain+low resolution,027,/root/autodl-tmp/aaa/graphrestore/artifacts/formal_mio100/graphrestore_v7_1_stage4_step040000/methods/graphrestore_v7_1_stage4_step040000/d2/rain+low resolution/027.png,aef7a19367a094eba346262a69fcda8f6b44a931745abda1f6d225a43bda9b02,/root/autodl-tmp/graph/data/graphrestore/raw/agenticir/extracted/HQ/027.png,d69be3d26f3d3c95ffd9de3bd8d565120e0f09fb4aa84c72ae18d8fc4f871aae,25.36634635925293,0.7295487523046613,318.5974657535553,1,1,2,0,0,0,0,0.12037284450889696
test/A/rain + low resolution/028,A,rain+low resolution,028,/root/autodl-tmp/aaa/graphrestore/artifacts/formal_mio100/graphrestore_v7_1_stage4_step040000/methods/graphrestore_v7_1_stage4_step040000/d2/rain+low resolution/028.png,27aa237d340ad8c43c0f2b06000b38ae92e34166d28ceb29cf314717db1d3f43,/root/autodl-tmp/graph/data/graphrestore/raw/agenticir/extracted/HQ/028.png,181f97da79059de1a93d1a0d30f6851393282c6af8b607d83ce29ab8c9dbf771,31.727006912231445,0.8728965350142132,264.63645696640015,1,1,2,0,0,0,0,0.12037284450889696
test/A/rain + low resolution/029,A,rain+low resolution,029,/root/autodl-tmp/aaa/graphrestore/artifacts/formal_mio100/graphrestore_v7_1_stage4_step040000/methods/graphrestore_v7_1_stage4_step040000/d2/rain+low resolution/029.png,d552b7efde2d27592167f7ddf6b6afc7d549ced45154e9e46afed946e21fb914,/root/autodl-tmp/graph/data/graphrestore/raw/agenticir/extracted/HQ/029.png,3c7f43d0544ada8d7b64d7bb197621349fa1dcdf8400fb6128afaf8787814556,26.455106735229492,0.7437385353121523,257.9007297754288,1,1,2,0,0,0,0,0.12037284450889696
test/A/rain + low resolution/030,A,rain+low resolution,030,/root/autodl-tmp/aaa/graphrestore/artifacts/formal_mio100/graphrestore_v7_1_stage4_step040000/methods/graphrestore_v7_1_stage4_step040000/d2/rain+low resolution/030.png,3e303867fee440c1550f56ac247e433f21266f191673e7f712701df9cdb208ba,/root/autodl-tmp/graph/data/graphrestore/raw/agenticir/extracted/HQ/030.png,576b0158cf5a541dd6aaf522902400e8ba3175aacca36d9df22951f52acf3f2f,22.7696533203125,0.6869337369367475,232.60565102100372,1,1,2,0,0,0,0,0.12037284450889696
test/A/rain + low resolution/033,A,rain+low resolution,033,/root/autodl-tmp/aaa/graphrestore/artifacts/formal_mio100/graphrestore_v7_1_stage4_step040000/methods/graphrestore_v7_1_stage4_step040000/d2/rain+low resolution/033.png,2b41f2be15c62ae1aa9315e422abf1f7d08aa0b793d53d854c7c249b61c01ea9,/root/autodl-tmp/graph/data/graphrestore/raw/agenticir/extracted/HQ/033.png,9590f1419e378254c01f330c248e12e8a62792b04a27b72daf2c0afd6c41c758,20.714611053466797,0.5056808389718664,207.92414993047714,1,1,2,0,0,0,0,0.12037284450889696
test/A/rain + low resolution/034,A,rain+low resolution,034,/root/autodl-tmp/aaa/graphrestore/artifacts/formal_mio100/graphrestore_v7_1_stage4_step040000/methods/graphrestore_v7_1_stage4_step040000/d2/rain+low resolution/034.png,1f83621b455844b2d6142df1ead876d7f4fcac82406451b76a9bde1455d1413a,/root/autodl-tmp/graph/data/graphrestore/raw/agenticir/extracted/HQ/034.png,0575cc2334f8f50fcbd3d9f58173645db8764f938ee55e8899084ca2b66fd018,25.172500610351562,0.48761865252286024,285.46474128961563,1,1,2,0,0,0,0,0.12037284450889696
test/A/rain + low resolution/035,A,rain+low resolution,035,/root/autodl-tmp/aaa/graphrestore/artifacts/formal_mio100/graphrestore_v7_1_stage4_step040000/methods/graphrestore_v7_1_stage4_step040000/d2/rain+low resolution/035.png,7f89e52cd0337fd53b060ab567a548c5d8a1da4d87a178c4edb9113dd29e5bc8,/root/autodl-tmp/graph/data/graphrestore/raw/agenticir/extracted/HQ/035.png,4e230744a9cb7c3ebe976ae7267155312b876fb355283b4938b34b758aef7ff9,27.701807022094727,0.7677058063441967,314.280703663826,1,1,2,0,0,0,0,0.12037284450889696
test/A/rain + low resolution/036,A,rain+low resolution,036,/root/autodl-tmp/aaa/graphrestore/artifacts/formal_mio100/graphrestore_v7_1_stage4_step040000/methods/graphrestore_v7_1_stage4_step040000/d2/rain+low resolution/036.png,0db481cb43d26eec01aaf375756cf9e09a887d5f47724597d9eb85ea49fb5d02,/root/autodl-tmp/graph/data/graphrestore/raw/agenticir/extracted/HQ/036.png,409fbd0ad51be33e9e2711cb7b22cb39999eaac6e278ca1621c20300be446d76,22.36858558654785,0.6048287192803748,263.71006667613983,1,1,2,0,0,0,0,0.12037284450889696
test/A/rain + low resolution/037,A,rain+low resolution,037,/root/autodl-tmp/aaa/graphrestore/artifacts/formal_mio100/graphrestore_v7_1_stage4_step040000/methods/graphrestore_v7_1_stage4_step040000/d2/rain+low resolution/037.png,9d85e39f176c3d9fb4ecbc2937bfea84914ff8b9156d9b035e89b6b3fa0bdddd,/root/autodl-tmp/graph/data/graphrestore/raw/agenticir/extracted/HQ/037.png,8f31abe11ce5d5377f131fdc788024ffb8d5cfdda501c06a64ca1fc80fab0d07,26.391742706298828,0.7914248723561264,258.4137097001076,1,1,2,0,0,0,0,0.12037284450889696
test/A/rain + low resolution/038,A,rain+low resolution,038,/root/autodl-tmp/aaa/graphrestore/artifacts/formal_mio100/graphrestore_v7_1_stage4_step040000/methods/graphrestore_v7_1_stage4_step040000/d2/rain+low resolution/038.png,739bd951526669581d9582c07351b7b27746e82136b92259fde835bad1c51f0f,/root/autodl-tmp/graph/data/graphrestore/raw/agenticir/extracted/HQ/038.png,fe7df2186482ca2cc105baed74cb1da9667b3b03e1629055880b6012db131aa1,25.06061363220215,0.6537869472629133,202.82762497663498,1,1,2,0,0,0,0,0.12037284450889696
test/A/rain + low resolution/039,A,rain+low resolution,039,/root/autodl-tmp/aaa/graphrestore/artifacts/formal_mio100/graphrestore_v7_1_stage4_step040000/methods/graphrestore_v7_1_stage4_step040000/d2/rain+low resolution/039.png,eb351189e6c9e585e3fe1064873657d6b29840a0163c5212fab3acf19db37ad3,/root/autodl-tmp/graph/data/graphrestore/raw/agenticir/extracted/HQ/039.png,a2038f7610363fb1916197e0557fa84b50b610d86885a2d6409f9e3aa75fbbcd,27.20210075378418,0.9157647849807605,259.53349471092224,1,1,2,0,0,0,0,0.12037284450889696
test/A/rain + low resolution/040,A,rain+low resolution,040,/root/autodl-tmp/aaa/graphrestore/artifacts/formal_mio100/graphrestore_v7_1_stage4_step040000/methods/graphrestore_v7_1_stage4_step040000/d2/rain+low resolution/040.png,f81b5f9eec2a0fd502ff4a8513a52c484ceba230b73f85472a2b60fa5825c498,/root/autodl-tmp/graph/data/graphrestore/raw/agenticir/extracted/HQ/040.png,c5a9e4bb9d84a6734bdc04c272c48c1b17b150a1e346afab2338eb0ba41f1464,25.16045570373535,0.7254049124534034,286.5423485636711,1,1,2,0,0,0,0,0.12037284450889696
test/A/rain + low resolution/043,A,rain+low resolution,043,/root/autodl-tmp/aaa/graphrestore/artifacts/formal_mio100/graphrestore_v7_1_stage4_step040000/methods/graphrestore_v7_1_stage4_step040000/d2/rain+low resolution/043.png,19a3b20a410878db4586eee2872981019905be0a6975d15da8aef725be4371e9,/root/autodl-tmp/graph/data/graphrestore/raw/agenticir/extracted/HQ/043.png,15880c27b3101797c4e5896dee7349ad832ac1c49fcd0c559b357f4e28296b4d,23.235597610473633,0.5942620048842474,263.076089322567,1,1,2,0,0,0,0,0.12037284450889696
test/A/rain + low resolution/044,A,rain+low resolution,044,/root/autodl-tmp/aaa/graphrestore/artifacts/formal_mio100/graphrestore_v7_1_stage4_step040000/methods/graphrestore_v7_1_stage4_step040000/d2/rain+low resolution/044.png,6a022f50029f1e06ac0bb78a373a9ca1cc04db7252742ccfa71977f128195adf,/root/autodl-tmp/graph/data/graphrestore/raw/agenticir/extracted/HQ/044.png,0645011c1dc3777ab263df617d1747b902c2d321de6f939549cfbe43eabc9245,27.124191284179688,0.726795870032864,260.77093929052353,1,1,2,0,0,0,0,0.12037284450889696
test/A/rain + low resolution/045,A,rain+low resolution,045,/root/autodl-tmp/aaa/graphrestore/artifacts/formal_mio100/graphrestore_v7_1_stage4_step040000/methods/graphrestore_v7_1_stage4_step040000/d2/rain+low resolution/045.png,98570246a54d302b52d616e4bdf71d1269c086b9c9c3dd4e955d2955be795793,/root/autodl-tmp/graph/data/graphrestore/raw/agenticir/extracted/HQ/045.png,d3e352c98c1fe9df1181c1e362bb9c3ba3a1d077456198796083821dab20d1fc,23.373638153076172,0.534798433685247,260.98497211933136,1,1,2,0,0,0,0,0.12037284450889696
test/A/rain + low resolution/046,A,rain+low resolution,046,/root/autodl-tmp/aaa/graphrestore/artifacts/formal_mio100/graphrestore_v7_1_stage4_step040000/methods/graphrestore_v7_1_stage4_step040000/d2/rain+low resolution/046.png,634fd62b3c0ef48a6a8efbc453ab754efa37cc351c72b088884059cd21931c25,/root/autodl-tmp/graph/data/graphrestore/raw/agenticir/extracted/HQ/046.png,af4b21bf96515f2ff4f97a4990856b43ae02a1d8f39909428228a2612b5f936f,20.542896270751953,0.4570667153946446,259.6595659852028,1,1,2,0,0,0,0,0.12037284450889696
test/A/rain + low resolution/047,A,rain+low resolution,047,/root/autodl-tmp/aaa/graphrestore/artifacts/formal_mio100/graphrestore_v7_1_stage4_step040000/methods/graphrestore_v7_1_stage4_step040000/d2/rain+low resolution/047.png,f063712ea6f6128e0ad025342f2e7257c30c020d7fc0ecb092acbda133baab99,/root/autodl-tmp/graph/data/graphrestore/raw/agenticir/extracted/HQ/047.png,8ecf454f7d68ca4ebf19b2b4a22275d3bb344666e4e483fda2c8cb84d5ff94db,25.11016082763672,0.6833219299889045,313.78795951604843,1,1,2,0,0,0,0,0.12037284450889696
test/A/rain + low resolution/048,A,rain+low resolution,048,/root/autodl-tmp/aaa/graphrestore/artifacts/formal_mio100/graphrestore_v7_1_stage4_step040000/methods/graphrestore_v7_1_stage4_step040000/d2/rain+low resolution/048.png,d3c54bcf2fafc52f5e8012844d9a3ad1cad10452a8902e03f0c98142ad04f616,/root/autodl-tmp/graph/data/graphrestore/raw/agenticir/extracted/HQ/048.png,b74e449ab10a96799f5e791f68de34dcfaf90a4befdb242cee372f6743841606,20.987014770507812,0.48669948282577363,259.99046117067337,1,1,2,0,0,0,0,0.12037284450889696
test/A/rain + low resolution/049,A,rain+low resolution,049,/root/autodl-tmp/aaa/graphrestore/artifacts/formal_mio100/graphrestore_v7_1_stage4_step040000/methods/graphrestore_v7_1_stage4_step040000/d2/rain+low resolution/049.png,e3a77f3ddcf8085e4408dff889abeabaef8651a93a33366e17f2ef89d438278e,/root/autodl-tmp/graph/data/graphrestore/raw/agenticir/extracted/HQ/049.png,bdd8f4cec02d5659a12541bb32718429d397d6be195679045764e31574c4f226,20.652048110961914,0.5128093951662022,258.8793486356735,1,1,2,0,0,0,0,0.12037284450889696
test/A/rain + low resolution/050,A,rain+low resolution,050,/root/autodl-tmp/aaa/graphrestore/artifacts/formal_mio100/graphrestore_v7_1_stage4_step040000/methods/graphrestore_v7_1_stage4_step040000/d2/rain+low resolution/050.png,0c9d2f8fbe59b98d9a7e31c8d04166d45854e054e63ef83ac9c54041109dab0c,/root/autodl-tmp/graph/data/graphrestore/raw/agenticir/extracted/HQ/050.png,c4cfbc77b28b145af37ea26b0b501d69633ebdedd3ce9a90d5760063ee95f492,21.044219970703125,0.5549095975587058,314.34324383735657,1,1,2,0,0,0,0,0.12037284450889696
test/A/rain + low resolution/053,A,rain+low resolution,053,/root/autodl-tmp/aaa/graphrestore/artifacts/formal_mio100/graphrestore_v7_1_stage4_step040000/methods/graphrestore_v7_1_stage4_step040000/d2/rain+low resolution/053.png,53e8884521b726254526d5e08c654da00179f696af515646df000e74636ab588,/root/autodl-tmp/graph/data/graphrestore/raw/agenticir/extracted/HQ/053.png,6b1f2208c72adcd28d96a15d538bbfbe27cb5a21be416b6f30fa836b12ac867d,33.290077209472656,0.913645766006195,258.391909301281,1,1,2,0,0,0,0,0.12037284450889696
test/A/rain + low resolution/054,A,rain+low resolution,054,/root/autodl-tmp/aaa/graphrestore/artifacts/formal_mio100/graphrestore_v7_1_stage4_step040000/methods/graphrestore_v7_1_stage4_step040000/d2/rain+low resolution/054.png,4a0cbb40fe7fbe64f49d0ffdaabb4ea55d9c2a7608467d3add882c9d3926e184,/root/autodl-tmp/graph/data/graphrestore/raw/agenticir/extracted/HQ/054.png,699ffde2d8d110e52811d39e5b9d745965d4211dd2312f453ce367f1bc0e66f5,30.517898559570312,0.8495167996418451,258.6718574166298,1,1,2,0,0,0,0,0.12037284450889696
test/A/rain + low resolution/055,A,rain+low resolution,055,/root/autodl-tmp/aaa/graphrestore/artifacts/formal_mio100/graphrestore_v7_1_stage4_step040000/methods/graphrestore_v7_1_stage4_step040000/d2/rain+low resolution/055.png,399eebd81e24dd4bfbb3475f6fb928021255829dccc0b244fc5006cc49f1ca8c,/root/autodl-tmp/graph/data/graphrestore/raw/agenticir/extracted/HQ/055.png,5a59c6f9051a70f1c3ad8e9550b2a21322ef8ad71bd70085fb2330f6f6da3948,35.826778411865234,0.902126843171752,313.9349967241287,1,1,2,0,0,0,0,0.12037284450889696
test/A/rain + low resolution/056,A,rain+low resolution,056,/root/autodl-tmp/aaa/graphrestore/artifacts/formal_mio100/graphrestore_v7_1_stage4_step040000/methods/graphrestore_v7_1_stage4_step040000/d2/rain+low resolution/056.png,a5ea53223f7949a473835df59a4789d48f890a1118f4c851b448bf80fd59f8a7,/root/autodl-tmp/graph/data/graphrestore/raw/agenticir/extracted/HQ/056.png,c5f28866f72e2d370875385eb6575124b0735f8f927fae1c07ff7151e200c956,30.05157470703125,0.8411001427031596,232.05097019672394,1,1,2,0,0,0,0,0.12037284450889696
test/A/rain + low resolution/057,A,rain+low resolution,057,/root/autodl-tmp/aaa/graphrestore/artifacts/formal_mio100/graphrestore_v7_1_stage4_step040000/methods/graphrestore_v7_1_stage4_step040000/d2/rain+low resolution/057.png,d1906a7e6e45d27fafdc27d6ae7f090704f69d57cf8bdc0fb12729f244919e07,/root/autodl-tmp/graph/data/graphrestore/raw/agenticir/extracted/HQ/057.png,42353ae75793843947c257055d87e0568db28ed51b9a5d87cc0d6a0dafb242af,31.20863914489746,0.8936414541534495,259.55311954021454,1,1,2,0,0,0,0,0.12037284450889696
test/A/rain + low resolution/058,A,rain+low resolution,058,/root/autodl-tmp/aaa/graphrestore/artifacts/formal_mio100/graphrestore_v7_1_stage4_step040000/methods/graphrestore_v7_1_stage4_step040000/d2/rain+low resolution/058.png,5fb370cb8c91dfd95bee7cece6dbbdf393225f590291d343d86440af045c7f25,/root/autodl-tmp/graph/data/graphrestore/raw/agenticir/extracted/HQ/058.png,e50e67dc4e57dc18d552546044c5ca169fdb26de4d5d81650d00d4b0f3ab7e76,28.575397491455078,0.8876290345233276,277.74904668331146,1,1,2,0,0,0,0,0.12037284450889696
test/A/rain + low resolution/059,A,rain+low resolution,059,/root/autodl-tmp/aaa/graphrestore/artifacts/formal_mio100/graphrestore_v7_1_stage4_step040000/methods/graphrestore_v7_1_stage4_step040000/d2/rain+low resolution/059.png,e81b86ff76a85afba077809df3e5c424fabd49ebff683b956b72f4b4b369a762,/root/autodl-tmp/graph/data/graphrestore/raw/agenticir/extracted/HQ/059.png,e60c8277194566df02c7cefc895d1390756059f7a29ac67206ec202f1b897add,32.33278274536133,0.9096145747528263,291.87530279159546,1,1,2,0,0,0,0,0.12037284450889696
test/A/rain + low resolution/060,A,rain+low resolution,060,/root/autodl-tmp/aaa/graphrestore/artifacts/formal_mio100/graphrestore_v7_1_stage4_step040000/methods/graphrestore_v7_1_stage4_step040000/d2/rain+low resolution/060.png,514ac3d89612551f3df43417ef13840a1c4b0eb09f2743d82e7541fae9caf7af,/root/autodl-tmp/graph/data/graphrestore/raw/agenticir/extracted/HQ/060.png,d173273231bf0b68767ae3e287f4f34baa71e7d986a98c43a41fa9668fd8a0d4,30.46367645263672,0.8514575067859145,259.451225399971,1,1,2,0,0,0,0,0.12037284450889696
test/A/rain + low resolution/063,A,rain+low resolution,063,/root/autodl-tmp/aaa/graphrestore/artifacts/formal_mio100/graphrestore_v7_1_stage4_step040000/methods/graphrestore_v7_1_stage4_step040000/d2/rain+low resolution/063.png,9572307ee194086bdab55b3bba0981cef5a56f9aa890b9cccaeaf804bf1c9d63,/root/autodl-tmp/graph/data/graphrestore/raw/agenticir/extracted/HQ/063.png,f7ccce7c58be38c16fb08060b8b379825cb0417a04e6813c72985768a480929c,24.31446075439453,0.8097619537013009,258.7028369307518,1,1,2,0,0,0,0,0.12037284450889696
test/A/rain + low resolution/064,A,rain+low resolution,064,/root/autodl-tmp/aaa/graphrestore/artifacts/formal_mio100/graphrestore_v7_1_stage4_step040000/methods/graphrestore_v7_1_stage4_step040000/d2/rain+low resolution/064.png,c3d75c1f916b716d77355ab4db7a7677145db142cb8a386adf5480aff5425860,/root/autodl-tmp/graph/data/graphrestore/raw/agenticir/extracted/HQ/064.png,b34caae8d574b2c008d53ceb0490df55c099e68844b2819f0c02fc50db26cee0,24.101486206054688,0.6959547869197832,286.2014025449753,1,1,2,0,0,0,0,0.12037284450889696
test/A/rain + low resolution/065,A,rain+low resolution,065,/root/autodl-tmp/aaa/graphrestore/artifacts/formal_mio100/graphrestore_v7_1_stage4_step040000/methods/graphrestore_v7_1_stage4_step040000/d2/rain+low resolution/065.png,85ad52082a30f93ac512d06ac71aa254936b22c011dbccfd5d900c4a3ba93ba6,/root/autodl-tmp/graph/data/graphrestore/raw/agenticir/extracted/HQ/065.png,f0770ae16bf79be3b5d94a7868da009f5ce1bbf54bfe5c879e352a4df590ef63,24.867380142211914,0.671596016562603,319.8050558567047,1,1,2,0,0,0,0,0.12037284450889696
test/A/rain + low resolution/066,A,rain+low resolution,066,/root/autodl-tmp/aaa/graphrestore/artifacts/formal_mio100/graphrestore_v7_1_stage4_step040000/methods/graphrestore_v7_1_stage4_step040000/d2/rain+low resolution/066.png,9757d9cf68ffa77361b89ae90cc0c1140812406ea33e4c7e5c7d3068d96314fe,/root/autodl-tmp/graph/data/graphrestore/raw/agenticir/extracted/HQ/066.png,a19230b326bd2fb5c26ae283f65bf0b85f39f90421056a47c7ecd6d683379aff,23.61785888671875,0.7367722824358873,314.8588091135025,1,1,2,0,0,0,0,0.12037284450889696
test/A/rain + low resolution/067,A,rain+low resolution,067,/root/autodl-tmp/aaa/graphrestore/artifacts/formal_mio100/graphrestore_v7_1_stage4_step040000/methods/graphrestore_v7_1_stage4_step040000/d2/rain+low resolution/067.png,4ccc08386dae118cc948300c40d16a3402e1eab766c20e9e8fafecc24d53c8f0,/root/autodl-tmp/graph/data/graphrestore/raw/agenticir/extracted/HQ/067.png,91cd9f021a6902b7f3220c6a373cba11f3bfbe4e4984c1d6fc4be0c76acb67a0,23.384151458740234,0.71296238480701,261.3917961716652,1,1,2,0,0,0,0,0.12037284450889696
test/A/rain + low resolution/068,A,rain+low resolution,068,/root/autodl-tmp/aaa/graphrestore/artifacts/formal_mio100/graphrestore_v7_1_stage4_step040000/methods/graphrestore_v7_1_stage4_step040000/d2/rain+low resolution/068.png,eaaff05e46949a3091f32200dfee222b7df8b0848d05092f0cd5222c020ee8f8,/root/autodl-tmp/graph/data/graphrestore/raw/agenticir/extracted/HQ/068.png,b8187d79db16002364f6017df807e6cac41e7ee9a68413a384b1bd69eddaa638,23.622783660888672,0.701748136438678,263.0971893668175,1,1,2,0,0,0,0,0.12037284450889696
test/A/rain + low resolution/069,A,rain+low resolution,069,/root/autodl-tmp/aaa/graphrestore/artifacts/formal_mio100/graphrestore_v7_1_stage4_step040000/methods/graphrestore_v7_1_stage4_step040000/d2/rain+low resolution/069.png,b168397d5b362f1a2e253d79d9f31b7b500891b28a29c4c0dcf6537bf827d82a,/root/autodl-tmp/graph/data/graphrestore/raw/agenticir/extracted/HQ/069.png,abb08be58f50075e5e6b1de44ddfe61c30ebb34882e9d72681edd73a5cdbb156,24.901752471923828,0.6522943308821836,314.3669366836548,1,1,2,0,0,0,0,0.12037284450889696
test/A/rain + low resolution/070,A,rain+low resolution,070,/root/autodl-tmp/aaa/graphrestore/artifacts/formal_mio100/graphrestore_v7_1_stage4_step040000/methods/graphrestore_v7_1_stage4_step040000/d2/rain+low resolution/070.png,39a3640f8431c9e2f340a8d2a82980710420b9cfaa483fd4b4531b3d2a916c15,/root/autodl-tmp/graph/data/graphrestore/raw/agenticir/extracted/HQ/070.png,718ae2570e431003fb32f2a40e19f813545164ace18230ac03f9ec96b2747f85,28.05269432067871,0.9078870072650644,258.81262868642807,1,1,2,0,0,0,0,0.12037284450889696
test/A/rain + low resolution/073,A,rain+low resolution,073,/root/autodl-tmp/aaa/graphrestore/artifacts/formal_mio100/graphrestore_v7_1_stage4_step040000/methods/graphrestore_v7_1_stage4_step040000/d2/rain+low resolution/073.png,46e1da4a0b22e8579bd87f4210368d156f10635429094098a28c0cbe668402ef,/root/autodl-tmp/graph/data/graphrestore/raw/agenticir/extracted/HQ/073.png,e4a8516954bfb4b79f2fc6194b6b4a8ed63250e14fe7ce0b6f6d77c922f84730,28.455312728881836,0.9049250220076637,313.0893185734749,1,1,2,0,0,0,0,0.12037284450889696
test/A/rain + low resolution/074,A,rain+low resolution,074,/root/autodl-tmp/aaa/graphrestore/artifacts/formal_mio100/graphrestore_v7_1_stage4_step040000/methods/graphrestore_v7_1_stage4_step040000/d2/rain+low resolution/074.png,677d36ba00a7cb353cf42acb453158d6150758df477e55836925076c05eae7f7,/root/autodl-tmp/graph/data/graphrestore/raw/agenticir/extracted/HQ/074.png,cfa80e9825a34173ab0d1810b1b63bf645aa1b6b743966a77d7d03463319fd8e,28.664119720458984,0.893031510546491,259.41044837236404,1,1,2,0,0,0,0,0.12037284450889696
test/A/rain + low resolution/075,A,rain+low resolution,075,/root/autodl-tmp/aaa/graphrestore/artifacts/formal_mio100/graphrestore_v7_1_stage4_step040000/methods/graphrestore_v7_1_stage4_step040000/d2/rain+low resolution/075.png,b1710592b15129dd904f6352699cbce93efc3c8e2e855a0a6c8e23d3d725d2ad,/root/autodl-tmp/graph/data/graphrestore/raw/agenticir/extracted/HQ/075.png,637e76a0398c825f3214d13b10485f7c180dc359b838ade377382c22c8f6b788,22.90308952331543,0.6472850828003327,261.4283189177513,1,1,2,0,0,0,0,0.12037284450889696
test/A/rain + low resolution/076,A,rain+low resolution,076,/root/autodl-tmp/aaa/graphrestore/artifacts/formal_mio100/graphrestore_v7_1_stage4_step040000/methods/graphrestore_v7_1_stage4_step040000/d2/rain+low resolution/076.png,68b59769710e056967fca6ef97de2c65ad7fc81a8154982326d338f0021bdbe3,/root/autodl-tmp/graph/data/graphrestore/raw/agenticir/extracted/HQ/076.png,28f7193b83d2979c14a7c73e95657ce02a2cc902196495bea289e190f48cecae,27.470495223999023,0.833304789929616,258.4804818034172,1,1,2,0,0,0,0,0.12037284450889696
test/A/rain + low resolution/077,A,rain+low resolution,077,/root/autodl-tmp/aaa/graphrestore/artifacts/formal_mio100/graphrestore_v7_1_stage4_step040000/methods/graphrestore_v7_1_stage4_step040000/d2/rain+low resolution/077.png,ca1d2f0040d378610b87328efcb6df8e6a1c4bb0618a05af25e42e14f30ed97f,/root/autodl-tmp/graph/data/graphrestore/raw/agenticir/extracted/HQ/077.png,6d0b3c0c4255ee2de7c3c275c114eb531248c06fce157913f4e69dacd492cc91,25.788049697875977,0.8346540053254359,259.64418798685074,1,1,2,0,0,0,0,0.12037284450889696
test/A/rain + low resolution/078,A,rain+low resolution,078,/root/autodl-tmp/aaa/graphrestore/artifacts/formal_mio100/graphrestore_v7_1_stage4_step040000/methods/graphrestore_v7_1_stage4_step040000/d2/rain+low resolution/078.png,285869e35e407b56b173fcaea44c5e6c7adcc68cb4785e9a346649bb0a00a5d4,/root/autodl-tmp/graph/data/graphrestore/raw/agenticir/extracted/HQ/078.png,ae84b8b3592a0f623d5bd2c5791b049e6fd87155614fbbad37f1ac00a2cfa870,25.49359130859375,0.7141173834456924,314.0530213713646,1,1,2,0,0,0,0,0.12037284450889696
test/A/rain + low resolution/079,A,rain+low resolution,079,/root/autodl-tmp/aaa/graphrestore/artifacts/formal_mio100/graphrestore_v7_1_stage4_step040000/methods/graphrestore_v7_1_stage4_step040000/d2/rain+low resolution/079.png,dc464403ec32773210f0e1a1f0b52d4356f7221ecea02cb6a56d3a234839f792,/root/autodl-tmp/graph/data/graphrestore/raw/agenticir/extracted/HQ/079.png,166cde30b17743be2ca3fb2c29004e0b38b126bfa1d8d5f41013c23eb248aad5,26.09369659423828,0.7063411393478307,287.31531649827957,1,1,2,0,0,0,0,0.12037284450889696
test/A/rain + low resolution/080,A,rain+low resolution,080,/root/autodl-tmp/aaa/graphrestore/artifacts/formal_mio100/graphrestore_v7_1_stage4_step040000/methods/graphrestore_v7_1_stage4_step040000/d2/rain+low resolution/080.png,ce80ba7fcda0ce42aa17b0fa8c06fb031cf1341df7c947f47a7581dadd4c8a6f,/root/autodl-tmp/graph/data/graphrestore/raw/agenticir/extracted/HQ/080.png,b208599722bce230536ae4db62272e883a7714d4bfca7d73e1361da3b2ca9225,30.190296173095703,0.9073089268466573,271.51601761579514,1,1,2,0,0,0,0,0.12037284450889696
test/A/rain + low resolution/083,A,rain+low resolution,083,/root/autodl-tmp/aaa/graphrestore/artifacts/formal_mio100/graphrestore_v7_1_stage4_step040000/methods/graphrestore_v7_1_stage4_step040000/d2/rain+low resolution/083.png,73d9d1d7f598461f3bda2f5e00c6966f2dba0e56f8eaa3aac3171d7d17009c50,/root/autodl-tmp/graph/data/graphrestore/raw/agenticir/extracted/HQ/083.png,4772b8d475dfc90626760cea35452db0ee8dfdd89f7cd8def57f8b4d74ecef44,22.667091369628906,0.7100513102339922,290.1657298207283,1,1,2,0,0,0,0,0.12037284450889696
test/A/rain + low resolution/084,A,rain+low resolution,084,/root/autodl-tmp/aaa/graphrestore/artifacts/formal_mio100/graphrestore_v7_1_stage4_step040000/methods/graphrestore_v7_1_stage4_step040000/d2/rain+low resolution/084.png,0d88b14cef8e3d04bf4bf08975ed2314e9324b896b7075296af3383241e1b1bc,/root/autodl-tmp/graph/data/graphrestore/raw/agenticir/extracted/HQ/084.png,1bc34c4607ba66d84248fe8e7d5e30546ae13841542d8b1cb9146f2a2485df64,32.32183837890625,0.8875278510230449,260.20535826683044,1,1,2,0,0,0,0,0.12037284450889696
test/A/rain + low resolution/085,A,rain+low resolution,085,/root/autodl-tmp/aaa/graphrestore/artifacts/formal_mio100/graphrestore_v7_1_stage4_step040000/methods/graphrestore_v7_1_stage4_step040000/d2/rain+low resolution/085.png,67ef9be2161bd701c85472ba1a84556451ddaf44af7c7200562aeb46a95921a9,/root/autodl-tmp/graph/data/graphrestore/raw/agenticir/extracted/HQ/085.png,6174b7cb004afd2a578ec1950d92b99c41115b5a6bf70a511f19156c62bd5274,31.694658279418945,0.943493997894046,259.83620434999466,1,1,2,0,0,0,0,0.12037284450889696
test/A/rain + low resolution/086,A,rain+low resolution,086,/root/autodl-tmp/aaa/graphrestore/artifacts/formal_mio100/graphrestore_v7_1_stage4_step040000/methods/graphrestore_v7_1_stage4_step040000/d2/rain+low resolution/086.png,7b1f96cf7eb974cc93dd58d39901ab7efd80992c382d2628a482d9998ba43b45,/root/autodl-tmp/graph/data/graphrestore/raw/agenticir/extracted/HQ/086.png,68a629299aaf0e4d70065c504c9b3e397721fa17a25c2585446914aa5c7bafb5,21.326419830322266,0.679508248649221,261.26980781555176,1,1,2,0,0,0,0,0.12037284450889696
test/A/rain + low resolution/087,A,rain+low resolution,087,/root/autodl-tmp/aaa/graphrestore/artifacts/formal_mio100/graphrestore_v7_1_stage4_step040000/methods/graphrestore_v7_1_stage4_step040000/d2/rain+low resolution/087.png,651ebacd8d00b377e9fc1a640fd9f41f80ee46853aed6d1705e0fcb4eda6bd7f,/root/autodl-tmp/graph/data/graphrestore/raw/agenticir/extracted/HQ/087.png,059a862de1498fc3b783bcfcce8fad399573aa912bb6638bbd3d43d23b88cdc6,24.060823440551758,0.7528522135426023,261.0255852341652,1,1,2,0,0,0,0,0.12037284450889696
test/A/rain + low resolution/088,A,rain+low resolution,088,/root/autodl-tmp/aaa/graphrestore/artifacts/formal_mio100/graphrestore_v7_1_stage4_step040000/methods/graphrestore_v7_1_stage4_step040000/d2/rain+low resolution/088.png,ae4889d24243b147d1fdca0287c1ac20ce4a1848c5912b742a730b1551bf60f3,/root/autodl-tmp/graph/data/graphrestore/raw/agenticir/extracted/HQ/088.png,e76841066e027bd2a2fa101a4598c597d4891a7c535e3cc3195b7afcc249d7ae,31.495357513427734,0.9203897017612751,319.2891776561737,1,1,2,0,0,0,0,0.12037284450889696
test/A/rain + low resolution/089,A,rain+low resolution,089,/root/autodl-tmp/aaa/graphrestore/artifacts/formal_mio100/graphrestore_v7_1_stage4_step040000/methods/graphrestore_v7_1_stage4_step040000/d2/rain+low resolution/089.png,11ff5920448cc7c2cfbf10f7ef8ff332eaea0f5f169711d5333501e0d2592964,/root/autodl-tmp/graph/data/graphrestore/raw/agenticir/extracted/HQ/089.png,046e493440ea7499fe07cec3853e6e170225ce6cdc903aac14730fa6b9bf36ab,25.094951629638672,0.7774589626024979,259.3602240085602,1,1,2,0,0,0,0,0.12037284450889696
test/A/rain + low resolution/090,A,rain+low resolution,090,/root/autodl-tmp/aaa/graphrestore/artifacts/formal_mio100/graphrestore_v7_1_stage4_step040000/methods/graphrestore_v7_1_stage4_step040000/d2/rain+low resolution/090.png,6f979d352426d3c3f151be29fa57bd6043933daac33d899efb498893d50a17ef,/root/autodl-tmp/graph/data/graphrestore/raw/agenticir/extracted/HQ/090.png,830f74b8389bfef595e56e910efc49cf4246f6f7bd552ea8c45d071a0113053c,22.141695022583008,0.7041658447815964,286.90965473651886,1,1,2,0,0,0,0,0.12037284450889696
test/A/rain + low resolution/093,A,rain+low resolution,093,/root/autodl-tmp/aaa/graphrestore/artifacts/formal_mio100/graphrestore_v7_1_stage4_step040000/methods/graphrestore_v7_1_stage4_step040000/d2/rain+low resolution/093.png,09092fd1c3efc42cdb467345af310434749da1e5906bed32d7181a3e84aa82fa,/root/autodl-tmp/graph/data/graphrestore/raw/agenticir/extracted/HQ/093.png,b9ef1df7a3be70176f064c2568ea12d8cd9c9c54b3e8fd72bca53d170eaf06f2,23.55586051940918,0.8431450550685002,424.3394136428833,1,1,2,0,0,0,0,0.12037284450889696
test/A/rain + low resolution/094,A,rain+low resolution,094,/root/autodl-tmp/aaa/graphrestore/artifacts/formal_mio100/graphrestore_v7_1_stage4_step040000/methods/graphrestore_v7_1_stage4_step040000/d2/rain+low resolution/094.png,551f9928497cd097bdaf5a0c145ce8a765b54aae26682179047a485bef73a0f8,/root/autodl-tmp/graph/data/graphrestore/raw/agenticir/extracted/HQ/094.png,45dab31fa407b6793844322a5e147cdfedc3bfa449cd28fc9605f41dba80966d,23.913249969482422,0.7772747150872328,264.77357000112534,1,1,2,0,0,0,0,0.12037284450889696
test/A/rain + low resolution/095,A,rain+low resolution,095,/root/autodl-tmp/aaa/graphrestore/artifacts/formal_mio100/graphrestore_v7_1_stage4_step040000/methods/graphrestore_v7_1_stage4_step040000/d2/rain+low resolution/095.png,c2cf6ade1f05171e17b1377b9279ba2997dbb3eca97b7f7552f32ec5636eaa5c,/root/autodl-tmp/graph/data/graphrestore/raw/agenticir/extracted/HQ/095.png,2f04f8c811593049180a1c6bdcf5d723d3c2f6443ba518c407e4976d7a6b2637,17.363304138183594,0.6982260059475153,238.59158903360367,1,1,2,0,0,0,0,0.12037284450889696
test/A/rain + low resolution/096,A,rain+low resolution,096,/root/autodl-tmp/aaa/graphrestore/artifacts/formal_mio100/graphrestore_v7_1_stage4_step040000/methods/graphrestore_v7_1_stage4_step040000/d2/rain+low resolution/096.png,0281bbb7b1838a257faa3753f0c148740365761f3a57fd6faaf1c38c652736d3,/root/autodl-tmp/graph/data/graphrestore/raw/agenticir/extracted/HQ/096.png,3ac9dbd626f9e294ae10a8ab11a34f6c0132ed355627d25ce3f8790f701fae29,23.270673751831055,0.7568737041727184,258.84222239255905,1,1,2,0,0,0,0,0.12037284450889696
test/A/rain + low resolution/097,A,rain+low resolution,097,/root/autodl-tmp/aaa/graphrestore/artifacts/formal_mio100/graphrestore_v7_1_stage4_step040000/methods/graphrestore_v7_1_stage4_step040000/d2/rain+low resolution/097.png,a2816b9bc95a2d4b6b5209f1b3e8f4a8cb26ae5af81ffb4ad6e742ca756e5e0c,/root/autodl-tmp/graph/data/graphrestore/raw/agenticir/extracted/HQ/097.png,9b6c3c0d294f54e89b51656b0163aa8d0715dd7904848721ea76c07ccf737d2e,23.898107528686523,0.8231881715414204,259.1410055756569,1,1,2,0,0,0,0,0.12037284450889696
test/A/rain + low resolution/098,A,rain+low resolution,098,/root/autodl-tmp/aaa/graphrestore/artifacts/formal_mio100/graphrestore_v7_1_stage4_step040000/methods/graphrestore_v7_1_stage4_step040000/d2/rain+low resolution/098.png,4d39730aec07db37901b15652e9cc2a4b73323cd0523a5f28a50cc647a6b5cc2,/root/autodl-tmp/graph/data/graphrestore/raw/agenticir/extracted/HQ/098.png,f0574e5262ab9942e66006e0df3aab8738de997489badc302e131ae74299181f,21.38138771057129,0.6766494073024393,314.5129084587097,1,1,2,0,0,0,0,0.12037284450889696
test/A/rain + low resolution/099,A,rain+low resolution,099,/root/autodl-tmp/aaa/graphrestore/artifacts/formal_mio100/graphrestore_v7_1_stage4_step040000/methods/graphrestore_v7_1_stage4_step040000/d2/rain+low resolution/099.png,52e6010cc42d4e98ad38cd8cd7293c8a95b62bdef8584f4bae07c3f7dfea08fb,/root/autodl-tmp/graph/data/graphrestore/raw/agenticir/extracted/HQ/099.png,15ddff6cab9869d7fe8a7cb6fd328b436bbfa9b089e6adcbba7a5048e4c97f8b,23.73570442199707,0.7225329999216372,258.1201568245888,1,1,2,0,0,0,0,0.12037284450889696
test/A/rain + low resolution/100,A,rain+low resolution,100,/root/autodl-tmp/aaa/graphrestore/artifacts/formal_mio100/graphrestore_v7_1_stage4_step040000/methods/graphrestore_v7_1_stage4_step040000/d2/rain+low resolution/100.png,8445ee0c4f1073b50bade1bf701da1c64701ec033451c4be8d195eb4dca6b899,/root/autodl-tmp/graph/data/graphrestore/raw/agenticir/extracted/HQ/100.png,b7f5d60dbb3e7047b9c62efc7d61db97052a2cde687d3fae367a14a6793a0c40,23.526552200317383,0.8069757234421933,260.8897089958191,1,1,2,0,0,0,0,0.12037284450889696
test/B/defocus blur + low resolution/001,B,defocus blur+low resolution,001,/root/autodl-tmp/aaa/graphrestore/artifacts/formal_mio100/graphrestore_v7_1_stage4_step040000/methods/graphrestore_v7_1_stage4_step040000/d2/defocus blur+low resolution/001.png,bbf93db8cdfe9e52d9232417031a67b1eee0eed6fe830364fea8eacc4664e273,/root/autodl-tmp/graph/data/graphrestore/raw/agenticir/extracted/HQ/001.png,501f9b012a3f9c95787db8151eddf07dcae5e163688c011649d3ff3f00372cae,28.53635025024414,0.8460913290551747,259.3856528401375,1,1,2,0,0,0,0,0.12037284450889696
test/B/defocus blur + low resolution/002,B,defocus blur+low resolution,002,/root/autodl-tmp/aaa/graphrestore/artifacts/formal_mio100/graphrestore_v7_1_stage4_step040000/methods/graphrestore_v7_1_stage4_step040000/d2/defocus blur+low resolution/002.png,1db38a211c9794b6cb4098259b38d87794b77321de3284a26350034d3055e1a2,/root/autodl-tmp/graph/data/graphrestore/raw/agenticir/extracted/HQ/002.png,e65fb0b7adb1176b47486303c8cc4f49a0173f91e00d28e0c3a4d3eccae286b4,23.719890594482422,0.8265642336335451,1387.7315446734428,1,1,2,0,0,0,0,0.12037284450889696
test/B/defocus blur + low resolution/003,B,defocus blur+low resolution,003,/root/autodl-tmp/aaa/graphrestore/artifacts/formal_mio100/graphrestore_v7_1_stage4_step040000/methods/graphrestore_v7_1_stage4_step040000/d2/defocus blur+low resolution/003.png,e8dc6e0d0c7dce6d8bb9987659f2d6307288d3af5dab64c7b2e4cfeeb112e1f2,/root/autodl-tmp/graph/data/graphrestore/raw/agenticir/extracted/HQ/003.png,c2a2513992db412a7160dfa2f82535dccaa188db91df80ee6ed5b0dd5c5d2d1a,25.337173461914062,0.6800380941835822,322.55635410547256,1,1,2,0,0,0,0,0.12037284450889696
test/B/defocus blur + low resolution/004,B,defocus blur+low resolution,004,/root/autodl-tmp/aaa/graphrestore/artifacts/formal_mio100/graphrestore_v7_1_stage4_step040000/methods/graphrestore_v7_1_stage4_step040000/d2/defocus blur+low resolution/004.png,a3689aff6edffb6bd43d5f4ca5360a030f10f59e4fc39b8e4099bee4ea10b00e,/root/autodl-tmp/graph/data/graphrestore/raw/agenticir/extracted/HQ/004.png,f1ad3f60cd8e680739263535ab1620a2490f3bc0c65a9355a965c7dff9be1fed,28.642520904541016,0.8091654873934642,342.02706068754196,1,1,2,0,0,0,0,0.12037284450889696
test/B/defocus blur + low resolution/005,B,defocus blur+low resolution,005,/root/autodl-tmp/aaa/graphrestore/artifacts/formal_mio100/graphrestore_v7_1_stage4_step040000/methods/graphrestore_v7_1_stage4_step040000/d2/defocus blur+low resolution/005.png,d717ba81162343a147e5e8134dc4c3c5445366ad12f22bca12c4cb417297478c,/root/autodl-tmp/graph/data/graphrestore/raw/agenticir/extracted/HQ/005.png,1d8eb1ef9c1817c087956135efa85be686e7169ef11eb532c768d32d7267a0ff,22.40603256225586,0.6535505446944394,313.4505823254585,1,1,2,0,0,0,0,0.12037284450889696
test/B/defocus blur + low resolution/006,B,defocus blur+low resolution,006,/root/autodl-tmp/aaa/graphrestore/artifacts/formal_mio100/graphrestore_v7_1_stage4_step040000/methods/graphrestore_v7_1_stage4_step040000/d2/defocus blur+low resolution/006.png,072a36699182dce63da7ab4f16682dac6238684966aab7cddffdd79e9937addf,/root/autodl-tmp/graph/data/graphrestore/raw/agenticir/extracted/HQ/006.png,f62feddd2f379d039dd1effe18b6368c79a6fe31fb8177f797c9f230eb8e1211,30.25741958618164,0.7828676501343886,259.295217692852,1,1,2,0,0,0,0,0.12037284450889696
test/B/defocus blur + low resolution/007,B,defocus blur+low resolution,007,/root/autodl-tmp/aaa/graphrestore/artifacts/formal_mio100/graphrestore_v7_1_stage4_step040000/methods/graphrestore_v7_1_stage4_step040000/d2/defocus blur+low resolution/007.png,d50fe79d8e124e370aa168ce861a779f09281cf3d596b4c0ec47060c6ab8dced,/root/autodl-tmp/graph/data/graphrestore/raw/agenticir/extracted/HQ/007.png,b876f087d5f42a9350f28383ff2df22156b6bbba702809d134b7713d9430881c,25.62710189819336,0.6660944873738109,258.63588601350784,1,1,2,0,0,0,0,0.12037284450889696
test/B/defocus blur + low resolution/008,B,defocus blur+low resolution,008,/root/autodl-tmp/aaa/graphrestore/artifacts/formal_mio100/graphrestore_v7_1_stage4_step040000/methods/graphrestore_v7_1_stage4_step040000/d2/defocus blur+low resolution/008.png,dedb9bfcd62d5be22a9fa225e54383fcad0dc884997dab6015716e29a7b29a8b,/root/autodl-tmp/graph/data/graphrestore/raw/agenticir/extracted/HQ/008.png,4efb8dbbd2ba5090b7b951a456ec5ed27a5d61360ab95cb1c5a9366f2868cb94,27.246437072753906,0.7297592509609803,367.75266379117966,1,1,2,0,0,0,0,0.12037284450889696
test/B/defocus blur + low resolution/009,B,defocus blur+low resolution,009,/root/autodl-tmp/aaa/graphrestore/artifacts/formal_mio100/graphrestore_v7_1_stage4_step040000/methods/graphrestore_v7_1_stage4_step040000/d2/defocus blur+low resolution/009.png,c79aeea861c0c29f73b1fda7833c5fe4f5e8080a1a7decedf0604776224d7dcb,/root/autodl-tmp/graph/data/graphrestore/raw/agenticir/extracted/HQ/009.png,5b779ac0fbe5d1e4d4126fd2864493dcc2ecdbde374ede7e29a054b2a9cb4f21,36.366966247558594,0.9506915308384702,400.25967359542847,1,1,2,0,0,0,0,0.12037284450889696
test/B/defocus blur + low resolution/010,B,defocus blur+low resolution,010,/root/autodl-tmp/aaa/graphrestore/artifacts/formal_mio100/graphrestore_v7_1_stage4_step040000/methods/graphrestore_v7_1_stage4_step040000/d2/defocus blur+low resolution/010.png,85dc831f4addce75ba269087fc19fe7dd9455efc1f35f90086573ab6ead17889,/root/autodl-tmp/graph/data/graphrestore/raw/agenticir/extracted/HQ/010.png,327492996d853f5c8873b435f98a91afd07db64567545baa61c9f4f64f717a0d,20.460304260253906,0.5568668238106217,424.55460131168365,1,1,2,0,0,0,0,0.12037284450889696
test/B/defocus blur + low resolution/011,B,defocus blur+low resolution,011,/root/autodl-tmp/aaa/graphrestore/artifacts/formal_mio100/graphrestore_v7_1_stage4_step040000/methods/graphrestore_v7_1_stage4_step040000/d2/defocus blur+low resolution/011.png,13725b206976fdbb751f4c6f6c658df8dc060adb70d8ec3a55791c322ef1848f,/root/autodl-tmp/graph/data/graphrestore/raw/agenticir/extracted/HQ/011.png,dcafe4ee2b43e667674ccc874b42e160ea37427b7c935297734ba69ece6b6f35,19.13118553161621,0.4348235877356614,266.53875410556793,1,1,2,0,0,0,0,0.12037284450889696
test/B/defocus blur + low resolution/012,B,defocus blur+low resolution,012,/root/autodl-tmp/aaa/graphrestore/artifacts/formal_mio100/graphrestore_v7_1_stage4_step040000/methods/graphrestore_v7_1_stage4_step040000/d2/defocus blur+low resolution/012.png,80c7ea6dcdda9e8f58f2419041051697f4fa40b26f6fc696c9d4ee0623836270,/root/autodl-tmp/graph/data/graphrestore/raw/agenticir/extracted/HQ/012.png,0884a3dabb3fa30cde26a4dfbf003a133139f708c65c3f8b02c24a87a6d073c3,27.21103286743164,0.8582252033720188,259.81663167476654,1,1,2,0,0,0,0,0.12037284450889696
test/B/defocus blur + low resolution/013,B,defocus blur+low resolution,013,/root/autodl-tmp/aaa/graphrestore/artifacts/formal_mio100/graphrestore_v7_1_stage4_step040000/methods/graphrestore_v7_1_stage4_step040000/d2/defocus blur+low resolution/013.png,a9ccbabee8b25661b3bb8324f562f10cc93e70459c1d81f6347d2b53e583837a,/root/autodl-tmp/graph/data/graphrestore/raw/agenticir/extracted/HQ/013.png,afe18305499bd0b8318392e8f34ede33aafb5a0df2371075fe9f30a1c81a75eb,19.80644989013672,0.3491515134160226,313.8827160000801,1,1,2,0,0,0,0,0.12037284450889696
test/B/defocus blur + low resolution/014,B,defocus blur+low resolution,014,/root/autodl-tmp/aaa/graphrestore/artifacts/formal_mio100/graphrestore_v7_1_stage4_step040000/methods/graphrestore_v7_1_stage4_step040000/d2/defocus blur+low resolution/014.png,2eba7b2787e87620cb5db5b47a970ab7e8a9f2ddcb2efe5d0a2fa677a67ef45b,/root/autodl-tmp/graph/data/graphrestore/raw/agenticir/extracted/HQ/014.png,2d569d9b923a96b1542c0b845dce0c7657794eba9f6f22ae5d02f335ef1bc4a0,23.558523178100586,0.7448571327581315,314.0839487314224,1,1,2,0,0,0,0,0.12037284450889696
test/B/defocus blur + low resolution/015,B,defocus blur+low resolution,015,/root/autodl-tmp/aaa/graphrestore/artifacts/formal_mio100/graphrestore_v7_1_stage4_step040000/methods/graphrestore_v7_1_stage4_step040000/d2/defocus blur+low resolution/015.png,a0f21b8722e751471ce8327086a7af8665132547564f97a1548a0da2b47b925e,/root/autodl-tmp/graph/data/graphrestore/raw/agenticir/extracted/HQ/015.png,286adb5a1c45ee88f14e1b16e3af420910584bf5ebdd72c40cf75317559c731f,18.260717391967773,0.4003631019484583,258.80665332078934,1,1,2,0,0,0,0,0.12037284450889696
test/B/defocus blur + low resolution/016,B,defocus blur+low resolution,016,/root/autodl-tmp/aaa/graphrestore/artifacts/formal_mio100/graphrestore_v7_1_stage4_step040000/methods/graphrestore_v7_1_stage4_step040000/d2/defocus blur+low resolution/016.png,08f749dd9994f5d7f5e3f653932515363ae7e3b28728f5d5d8603cef420213b8,/root/autodl-tmp/graph/data/graphrestore/raw/agenticir/extracted/HQ/016.png,ddc71b4b9bd2a57cabf985c7743b8ff7083a0d9205008603edb440ba27da9313,19.4210147857666,0.49223159352768936,341.75968170166016,1,1,2,0,0,0,0,0.12037284450889696
test/B/defocus blur + low resolution/017,B,defocus blur+low resolution,017,/root/autodl-tmp/aaa/graphrestore/artifacts/formal_mio100/graphrestore_v7_1_stage4_step040000/methods/graphrestore_v7_1_stage4_step040000/d2/defocus blur+low resolution/017.png,888ff502ce302ce7b12aba98d327e14f76c67ce6b3255ab11e97191e8dfb9ae5,/root/autodl-tmp/graph/data/graphrestore/raw/agenticir/extracted/HQ/017.png,ab3ab0c03c2d8c9c0befbcad219fae23c9795fdf99d664630f4f4febbd02c519,26.888790130615234,0.8292524641219536,259.0886056423187,1,1,2,0,0,0,0,0.12037284450889696
test/B/defocus blur + low resolution/018,B,defocus blur+low resolution,018,/root/autodl-tmp/aaa/graphrestore/artifacts/formal_mio100/graphrestore_v7_1_stage4_step040000/methods/graphrestore_v7_1_stage4_step040000/d2/defocus blur+low resolution/018.png,d8abc45be88e72577b7b30d74b21792a30d7b2fd05270da9efc2cf916d1fc472,/root/autodl-tmp/graph/data/graphrestore/raw/agenticir/extracted/HQ/018.png,66db8e4aeb78f506ae4415572eb910726c3f16ede70138093ab4eced187b8df1,18.125690460205078,0.3555819954885855,314.78680670261383,1,1,2,0,0,0,0,0.12037284450889696
test/B/defocus blur + low resolution/019,B,defocus blur+low resolution,019,/root/autodl-tmp/aaa/graphrestore/artifacts/formal_mio100/graphrestore_v7_1_stage4_step040000/methods/graphrestore_v7_1_stage4_step040000/d2/defocus blur+low resolution/019.png,2297244ebde090d3d27b62f1b63e44d3fae429baa04e62f52b54ac65d931bedb,/root/autodl-tmp/graph/data/graphrestore/raw/agenticir/extracted/HQ/019.png,fb026cef85a4f7e64ad7c5f064ed15de1f04a7a7b6bde70b28ee78a55db21aeb,20.392358779907227,0.6045403118976936,255.60200214385986,1,1,2,0,0,0,0,0.12037284450889696
test/B/defocus blur + low resolution/020,B,defocus blur+low resolution,020,/root/autodl-tmp/aaa/graphrestore/artifacts/formal_mio100/graphrestore_v7_1_stage4_step040000/methods/graphrestore_v7_1_stage4_step040000/d2/defocus blur+low resolution/020.png,1dc35f2d09dc632c8f045b7cec4efcd87f589402e8429a9c5e46412cc0b81305,/root/autodl-tmp/graph/data/graphrestore/raw/agenticir/extracted/HQ/020.png,daa15d9f51eab9eca70197a7f05df7873e3eab75e432b0a81fe9488be552f37a,17.94498062133789,0.48383514304009084,306.0358539223671,1,1,2,0,0,0,0,0.12037284450889696
test/B/defocus blur + low resolution/021,B,defocus blur+low resolution,021,/root/autodl-tmp/aaa/graphrestore/artifacts/formal_mio100/graphrestore_v7_1_stage4_step040000/methods/graphrestore_v7_1_stage4_step040000/d2/defocus blur+low resolution/021.png,29aaec18879ca77355786e677ee27a901e53fa55fc56d072ed2e7b59c90cab6e,/root/autodl-tmp/graph/data/graphrestore/raw/agenticir/extracted/HQ/021.png,9fcc8dda4bbbe5e54e419f5cbb07e7b4310dd291ad1f1cd3cd65a90f9809baa8,23.903779983520508,0.5400588871621697,362.08099871873856,1,1,2,0,0,0,0,0.12037284450889696
test/B/defocus blur + low resolution/022,B,defocus blur+low resolution,022,/root/autodl-tmp/aaa/graphrestore/artifacts/formal_mio100/graphrestore_v7_1_stage4_step040000/methods/graphrestore_v7_1_stage4_step040000/d2/defocus blur+low resolution/022.png,da83731c56f36284029880c90651c412f33192a48e55e7fd9e70ae015e4903fa,/root/autodl-tmp/graph/data/graphrestore/raw/agenticir/extracted/HQ/022.png,70c41dc6f249472324664323044853cb85a1256f39b4a31853ddbd89fcc1e191,23.784339904785156,0.6961325213475323,261.9450241327286,1,1,2,0,0,0,0,0.12037284450889696
test/B/defocus blur + low resolution/023,B,defocus blur+low resolution,023,/root/autodl-tmp/aaa/graphrestore/artifacts/formal_mio100/graphrestore_v7_1_stage4_step040000/methods/graphrestore_v7_1_stage4_step040000/d2/defocus blur+low resolution/023.png,b676ae3ab05525448bca02ff91dbaf0905a9da684abf9a1d73f64da190b41f33,/root/autodl-tmp/graph/data/graphrestore/raw/agenticir/extracted/HQ/023.png,befde78eca5789c87200ca1e2ac905ba8ad5706b50af86454bd30bc857c90e02,21.276552200317383,0.6196835052217123,256.0650110244751,1,1,2,0,0,0,0,0.12037284450889696
test/B/defocus blur + low resolution/024,B,defocus blur+low resolution,024,/root/autodl-tmp/aaa/graphrestore/artifacts/formal_mio100/graphrestore_v7_1_stage4_step040000/methods/graphrestore_v7_1_stage4_step040000/d2/defocus blur+low resolution/024.png,d310a4788c22d133efc6ebf52967c9357672ead2df9d6b515b9b7716fcc10be3,/root/autodl-tmp/graph/data/graphrestore/raw/agenticir/extracted/HQ/024.png,e51441e174dd8dc0c47872ccb4221ab3f054b716588ee0f42d58a56098bd9538,22.168033599853516,0.6479894658871854,256.3597187399864,1,1,2,0,0,0,0,0.12037284450889696
test/B/defocus blur + low resolution/025,B,defocus blur+low resolution,025,/root/autodl-tmp/aaa/graphrestore/artifacts/formal_mio100/graphrestore_v7_1_stage4_step040000/methods/graphrestore_v7_1_stage4_step040000/d2/defocus blur+low resolution/025.png,305ae32a15156090aaf97a3ea649c78221d388cedd360f134f1fa3a4cdf484b1,/root/autodl-tmp/graph/data/graphrestore/raw/agenticir/extracted/HQ/025.png,f384d4a9bc3c31bc29038378f849002dc4ff2db373d852b732f5cfc24ebed244,26.610713958740234,0.6258175169362835,256.2668099999428,1,1,2,0,0,0,0,0.12037284450889696
test/B/defocus blur + low resolution/026,B,defocus blur+low resolution,026,/root/autodl-tmp/aaa/graphrestore/artifacts/formal_mio100/graphrestore_v7_1_stage4_step040000/methods/graphrestore_v7_1_stage4_step040000/d2/defocus blur+low resolution/026.png,1d7053cddeebf75bdd77c173067798a644422db3bf099e367fb7d572459bb0a2,/root/autodl-tmp/graph/data/graphrestore/raw/agenticir/extracted/HQ/026.png,cfce1d4c02a00f28988a64f63cd538c4147c3a72c147a6549d71f1105d671224,30.175682067871094,0.8471312779270591,310.67971140146255,1,1,2,0,0,0,0,0.12037284450889696
test/B/defocus blur + low resolution/027,B,defocus blur+low resolution,027,/root/autodl-tmp/aaa/graphrestore/artifacts/formal_mio100/graphrestore_v7_1_stage4_step040000/methods/graphrestore_v7_1_stage4_step040000/d2/defocus blur+low resolution/027.png,8742feb7ac853f8bad22c6c0c4f758d4948e986b32705e1b1f43a22fd2ad5a36,/root/autodl-tmp/graph/data/graphrestore/raw/agenticir/extracted/HQ/027.png,d69be3d26f3d3c95ffd9de3bd8d565120e0f09fb4aa84c72ae18d8fc4f871aae,25.262144088745117,0.6894846221945904,311.6646111011505,1,1,2,0,0,0,0,0.12037284450889696
test/B/defocus blur + low resolution/028,B,defocus blur+low resolution,028,/root/autodl-tmp/aaa/graphrestore/artifacts/formal_mio100/graphrestore_v7_1_stage4_step040000/methods/graphrestore_v7_1_stage4_step040000/d2/defocus blur+low resolution/028.png,d7f0951c5b59164ecf064f2ae69ce4db3897d763d3026208fe9f7854217f6628,/root/autodl-tmp/graph/data/graphrestore/raw/agenticir/extracted/HQ/028.png,181f97da79059de1a93d1a0d30f6851393282c6af8b607d83ce29ab8c9dbf771,32.01653289794922,0.8711375655086724,258.33751261234283,1,1,2,0,0,0,0,0.12037284450889696
test/B/defocus blur + low resolution/029,B,defocus blur+low resolution,029,/root/autodl-tmp/aaa/graphrestore/artifacts/formal_mio100/graphrestore_v7_1_stage4_step040000/methods/graphrestore_v7_1_stage4_step040000/d2/defocus blur+low resolution/029.png,62f15fb1828e4d7e0d058906ffbd9cba6e536f159014673dd3ce85b5269b5a54,/root/autodl-tmp/graph/data/graphrestore/raw/agenticir/extracted/HQ/029.png,3c7f43d0544ada8d7b64d7bb197621349fa1dcdf8400fb6128afaf8787814556,27.41543197631836,0.7646341925925373,257.7315643429756,1,1,2,0,0,0,0,0.12037284450889696
test/B/defocus blur + low resolution/030,B,defocus blur+low resolution,030,/root/autodl-tmp/aaa/graphrestore/artifacts/formal_mio100/graphrestore_v7_1_stage4_step040000/methods/graphrestore_v7_1_stage4_step040000/d2/defocus blur+low resolution/030.png,3e18110e40b1044cbac2c53cde77c219336cf9281548210ffd15fee680ab63ea,/root/autodl-tmp/graph/data/graphrestore/raw/agenticir/extracted/HQ/030.png,576b0158cf5a541dd6aaf522902400e8ba3175aacca36d9df22951f52acf3f2f,23.0631046295166,0.6738495039650944,230.34744709730148,1,1,2,0,0,0,0,0.12037284450889696
test/B/defocus blur + low resolution/031,B,defocus blur+low resolution,031,/root/autodl-tmp/aaa/graphrestore/artifacts/formal_mio100/graphrestore_v7_1_stage4_step040000/methods/graphrestore_v7_1_stage4_step040000/d2/defocus blur+low resolution/031.png,94fd788b8887e487a0e80ba312a0e80a0190b9ae2732c25097902b80f24f2285,/root/autodl-tmp/graph/data/graphrestore/raw/agenticir/extracted/HQ/031.png,ee314f8cd1954636c1817c95d1cb0db5aa871e179961c3463869d5dc2100d422,23.464683532714844,0.5290144089098153,285.4357585310936,1,1,2,0,0,0,0,0.12037284450889696
test/B/defocus blur + low resolution/032,B,defocus blur+low resolution,032,/root/autodl-tmp/aaa/graphrestore/artifacts/formal_mio100/graphrestore_v7_1_stage4_step040000/methods/graphrestore_v7_1_stage4_step040000/d2/defocus blur+low resolution/032.png,6c7c435ef10e5769376671530b3dd5ef422e2b43228c4a66e0a74c2c26ce9ccb,/root/autodl-tmp/graph/data/graphrestore/raw/agenticir/extracted/HQ/032.png,e9749385ec471240dd782d677482b0d949b80ccb7472dc409fa260d1748ed9b9,27.394603729248047,0.733817502462515,206.4424529671669,1,1,2,0,0,0,0,0.12037284450889696
test/B/defocus blur + low resolution/033,B,defocus blur+low resolution,033,/root/autodl-tmp/aaa/graphrestore/artifacts/formal_mio100/graphrestore_v7_1_stage4_step040000/methods/graphrestore_v7_1_stage4_step040000/d2/defocus blur+low resolution/033.png,ce415fcd4bfcac5f14c499a68ec50bb22e6dfcaab917c31b46ca3dcf2ef4a3e0,/root/autodl-tmp/graph/data/graphrestore/raw/agenticir/extracted/HQ/033.png,9590f1419e378254c01f330c248e12e8a62792b04a27b72daf2c0afd6c41c758,20.858842849731445,0.4340103425067976,201.97689533233643,1,1,2,0,0,0,0,0.12037284450889696
test/B/defocus blur + low resolution/034,B,defocus blur+low resolution,034,/root/autodl-tmp/aaa/graphrestore/artifacts/formal_mio100/graphrestore_v7_1_stage4_step040000/methods/graphrestore_v7_1_stage4_step040000/d2/defocus blur+low resolution/034.png,3a63dac443f42dc124a9fa0ad7a3b105986234121cbfa1d42fc14875eb76361b,/root/autodl-tmp/graph/data/graphrestore/raw/agenticir/extracted/HQ/034.png,0575cc2334f8f50fcbd3d9f58173645db8764f938ee55e8899084ca2b66fd018,25.526966094970703,0.489029792454598,285.52041947841644,1,1,2,0,0,0,0,0.12037284450889696
test/B/defocus blur + low resolution/035,B,defocus blur+low resolution,035,/root/autodl-tmp/aaa/graphrestore/artifacts/formal_mio100/graphrestore_v7_1_stage4_step040000/methods/graphrestore_v7_1_stage4_step040000/d2/defocus blur+low resolution/035.png,3e9c79f68f98613b3d18210af465336cf8b7d1d0557fa43ec9d600d47b53b5b0,/root/autodl-tmp/graph/data/graphrestore/raw/agenticir/extracted/HQ/035.png,4e230744a9cb7c3ebe976ae7267155312b876fb355283b4938b34b758aef7ff9,27.59485626220703,0.7533863477405791,312.0177686214447,1,1,2,0,0,0,0,0.12037284450889696
test/B/defocus blur + low resolution/036,B,defocus blur+low resolution,036,/root/autodl-tmp/aaa/graphrestore/artifacts/formal_mio100/graphrestore_v7_1_stage4_step040000/methods/graphrestore_v7_1_stage4_step040000/d2/defocus blur+low resolution/036.png,a891bd6b4f09c6011a75e9fa8694f9ebd99dcb7c9fae54c3de3ee5f0ce5a3226,/root/autodl-tmp/graph/data/graphrestore/raw/agenticir/extracted/HQ/036.png,409fbd0ad51be33e9e2711cb7b22cb39999eaac6e278ca1621c20300be446d76,20.32024383544922,0.4408261702726075,258.1455484032631,1,1,2,0,0,0,0,0.12037284450889696
test/B/defocus blur + low resolution/037,B,defocus blur+low resolution,037,/root/autodl-tmp/aaa/graphrestore/artifacts/formal_mio100/graphrestore_v7_1_stage4_step040000/methods/graphrestore_v7_1_stage4_step040000/d2/defocus blur+low resolution/037.png,de27eba91b6914a79d72388dac284083594a89b536c579887bdc7d74915b27be,/root/autodl-tmp/graph/data/graphrestore/raw/agenticir/extracted/HQ/037.png,8f31abe11ce5d5377f131fdc788024ffb8d5cfdda501c06a64ca1fc80fab0d07,26.088838577270508,0.7653818428123678,258.5795447230339,1,1,2,0,0,0,0,0.12037284450889696
test/B/defocus blur + low resolution/038,B,defocus blur+low resolution,038,/root/autodl-tmp/aaa/graphrestore/artifacts/formal_mio100/graphrestore_v7_1_stage4_step040000/methods/graphrestore_v7_1_stage4_step040000/d2/defocus blur+low resolution/038.png,f7197e2eae8ba083513a9a268522a31f84d125f8d43ec569040ee3be6a1ee6dc,/root/autodl-tmp/graph/data/graphrestore/raw/agenticir/extracted/HQ/038.png,fe7df2186482ca2cc105baed74cb1da9667b3b03e1629055880b6012db131aa1,25.23056983947754,0.6245881927022618,203.50322872400284,1,1,2,0,0,0,0,0.12037284450889696
test/B/defocus blur + low resolution/039,B,defocus blur+low resolution,039,/root/autodl-tmp/aaa/graphrestore/artifacts/formal_mio100/graphrestore_v7_1_stage4_step040000/methods/graphrestore_v7_1_stage4_step040000/d2/defocus blur+low resolution/039.png,617a6a214db2fdbe26eaae1fad17ea6098af7f5935677518de3f0c4c9edf501f,/root/autodl-tmp/graph/data/graphrestore/raw/agenticir/extracted/HQ/039.png,a2038f7610363fb1916197e0557fa84b50b610d86885a2d6409f9e3aa75fbbcd,26.463626861572266,0.892544594681481,259.2562288045883,1,1,2,0,0,0,0,0.12037284450889696
test/B/defocus blur + low resolution/040,B,defocus blur+low resolution,040,/root/autodl-tmp/aaa/graphrestore/artifacts/formal_mio100/graphrestore_v7_1_stage4_step040000/methods/graphrestore_v7_1_stage4_step040000/d2/defocus blur+low resolution/040.png,9071eff7f41314f9be439a56dd7987b35ab1ef75006bf4201294382533d21c74,/root/autodl-tmp/graph/data/graphrestore/raw/agenticir/extracted/HQ/040.png,c5a9e4bb9d84a6734bdc04c272c48c1b17b150a1e346afab2338eb0ba41f1464,25.98102378845215,0.7471172440959399,289.0099212527275,1,1,2,0,0,0,0,0.12037284450889696
test/B/defocus blur + low resolution/041,B,defocus blur+low resolution,041,/root/autodl-tmp/aaa/graphrestore/artifacts/formal_mio100/graphrestore_v7_1_stage4_step040000/methods/graphrestore_v7_1_stage4_step040000/d2/defocus blur+low resolution/041.png,6a53025fdd5cb068aa0ab4de2b71807dd0697c7592248c4507f4d5738eb69a23,/root/autodl-tmp/graph/data/graphrestore/raw/agenticir/extracted/HQ/041.png,8d928c89de2952ccb40028ba7ecd3f9fee3f3907c9a371fbbcb7fdaf683bc27e,19.171920776367188,0.38675187214152795,315.6025633215904,1,1,2,0,0,0,0,0.12037284450889696
test/B/defocus blur + low resolution/042,B,defocus blur+low resolution,042,/root/autodl-tmp/aaa/graphrestore/artifacts/formal_mio100/graphrestore_v7_1_stage4_step040000/methods/graphrestore_v7_1_stage4_step040000/d2/defocus blur+low resolution/042.png,60c9fbb4ed3f81154cabd1527d0438183c7a5e25c591e4131e06850e7aed5948,/root/autodl-tmp/graph/data/graphrestore/raw/agenticir/extracted/HQ/042.png,9ae42a00babed185468a76384204ff947b6baab53a82ca9b3cff6ef951f461bf,26.965314865112305,0.5420356269848354,287.40203380584717,1,1,2,0,0,0,0,0.12037284450889696
test/B/defocus blur + low resolution/043,B,defocus blur+low resolution,043,/root/autodl-tmp/aaa/graphrestore/artifacts/formal_mio100/graphrestore_v7_1_stage4_step040000/methods/graphrestore_v7_1_stage4_step040000/d2/defocus blur+low resolution/043.png,95b6343b4f0478fbb8e5115029d8ba1bf994012b5f0557b36ebfb5b3117962a4,/root/autodl-tmp/graph/data/graphrestore/raw/agenticir/extracted/HQ/043.png,15880c27b3101797c4e5896dee7349ad832ac1c49fcd0c559b357f4e28296b4d,21.421220779418945,0.4131402694587038,240.62089622020721,1,0,1,0,0,0,0,0.12037284450889696
test/B/defocus blur + low resolution/044,B,defocus blur+low resolution,044,/root/autodl-tmp/aaa/graphrestore/artifacts/formal_mio100/graphrestore_v7_1_stage4_step040000/methods/graphrestore_v7_1_stage4_step040000/d2/defocus blur+low resolution/044.png,f25708cd60ece1e45c24a25eaf1cfd2eb7427e902f2afe9a15726738c9f3201a,/root/autodl-tmp/graph/data/graphrestore/raw/agenticir/extracted/HQ/044.png,0645011c1dc3777ab263df617d1747b902c2d321de6f939549cfbe43eabc9245,27.99892234802246,0.7130354862683436,260.46019047498703,1,1,2,0,0,0,0,0.12037284450889696
test/B/defocus blur + low resolution/045,B,defocus blur+low resolution,045,/root/autodl-tmp/aaa/graphrestore/artifacts/formal_mio100/graphrestore_v7_1_stage4_step040000/methods/graphrestore_v7_1_stage4_step040000/d2/defocus blur+low resolution/045.png,2dc6538f26bce6a2641eb5bd3066a8a017d59f554c02af706461558abd23582c,/root/autodl-tmp/graph/data/graphrestore/raw/agenticir/extracted/HQ/045.png,d3e352c98c1fe9df1181c1e362bb9c3ba3a1d077456198796083821dab20d1fc,23.32769775390625,0.4895274421009996,259.71096754074097,1,1,2,0,0,0,0,0.12037284450889696
test/B/defocus blur + low resolution/046,B,defocus blur+low resolution,046,/root/autodl-tmp/aaa/graphrestore/artifacts/formal_mio100/graphrestore_v7_1_stage4_step040000/methods/graphrestore_v7_1_stage4_step040000/d2/defocus blur+low resolution/046.png,1447c95d7064816b57db93c0e61347fbfe29cfbbe850b0fe1ebd43c3e1e4fd70,/root/autodl-tmp/graph/data/graphrestore/raw/agenticir/extracted/HQ/046.png,af4b21bf96515f2ff4f97a4990856b43ae02a1d8f39909428228a2612b5f936f,19.88227081298828,0.3080084792001108,259.99675691127777,1,1,2,0,0,0,0,0.12037284450889696
test/B/defocus blur + low resolution/047,B,defocus blur+low resolution,047,/root/autodl-tmp/aaa/graphrestore/artifacts/formal_mio100/graphrestore_v7_1_stage4_step040000/methods/graphrestore_v7_1_stage4_step040000/d2/defocus blur+low resolution/047.png,b20fbdfc881e192a3c01487447fff5bef59613385b24863614860d9bb3c8f7d5,/root/autodl-tmp/graph/data/graphrestore/raw/agenticir/extracted/HQ/047.png,8ecf454f7d68ca4ebf19b2b4a22275d3bb344666e4e483fda2c8cb84d5ff94db,23.479595184326172,0.5830756714617872,314.6231099963188,1,1,2,0,0,0,0,0.12037284450889696
test/B/defocus blur + low resolution/048,B,defocus blur+low resolution,048,/root/autodl-tmp/aaa/graphrestore/artifacts/formal_mio100/graphrestore_v7_1_stage4_step040000/methods/graphrestore_v7_1_stage4_step040000/d2/defocus blur+low resolution/048.png,119d3493d2a8324802b43491314cf4c68f969c846abcc6d9835db9e62aa8cdcb,/root/autodl-tmp/graph/data/graphrestore/raw/agenticir/extracted/HQ/048.png,b74e449ab10a96799f5e791f68de34dcfaf90a4befdb242cee372f6743841606,20.368755340576172,0.31947815376792826,259.6062645316124,1,1,2,0,0,0,0,0.12037284450889696
test/B/defocus blur + low resolution/049,B,defocus blur+low resolution,049,/root/autodl-tmp/aaa/graphrestore/artifacts/formal_mio100/graphrestore_v7_1_stage4_step040000/methods/graphrestore_v7_1_stage4_step040000/d2/defocus blur+low resolution/049.png,53074fef0ec7c3fe4c48154486e4d4bc070f101e02a5e1c4bad0e8b10f00b192,/root/autodl-tmp/graph/data/graphrestore/raw/agenticir/extracted/HQ/049.png,bdd8f4cec02d5659a12541bb32718429d397d6be195679045764e31574c4f226,20.282697677612305,0.4029730465649523,259.49227064847946,1,1,2,0,0,0,0,0.12037284450889696
test/B/defocus blur + low resolution/050,B,defocus blur+low resolution,050,/root/autodl-tmp/aaa/graphrestore/artifacts/formal_mio100/graphrestore_v7_1_stage4_step040000/methods/graphrestore_v7_1_stage4_step040000/d2/defocus blur+low resolution/050.png,2d6e1f52b705a27b78358aeb9ce97608325d341b7a98b61e97bcd32deb8c9e09,/root/autodl-tmp/graph/data/graphrestore/raw/agenticir/extracted/HQ/050.png,c4cfbc77b28b145af37ea26b0b501d69633ebdedd3ce9a90d5760063ee95f492,20.192337036132812,0.44520093066848376,314.4426643848419,1,1,2,0,0,0,0,0.12037284450889696
test/B/defocus blur + low resolution/051,B,defocus blur+low resolution,051,/root/autodl-tmp/aaa/graphrestore/artifacts/formal_mio100/graphrestore_v7_1_stage4_step040000/methods/graphrestore_v7_1_stage4_step040000/d2/defocus blur+low resolution/051.png,ef511129b430ae4c85aaa732b7f867697461edda69e8b4de1c4b47a8fbcfd348,/root/autodl-tmp/graph/data/graphrestore/raw/agenticir/extracted/HQ/051.png,433269b5d76ea42b944162d49085d86b82a4eab52705e69d4dfa7c8a0ccbe187,21.991214752197266,0.6940453801684324,260.77239215373993,1,1,2,0,0,0,0,0.12037284450889696
test/B/defocus blur + low resolution/052,B,defocus blur+low resolution,052,/root/autodl-tmp/aaa/graphrestore/artifacts/formal_mio100/graphrestore_v7_1_stage4_step040000/methods/graphrestore_v7_1_stage4_step040000/d2/defocus blur+low resolution/052.png,bd48cab3c7731590c4d3ca2cf288ecb05b021b8514bc11dfafd5c63b87558d91,/root/autodl-tmp/graph/data/graphrestore/raw/agenticir/extracted/HQ/052.png,b0fe4f61cfdf3e31caa56791dcd8d50f729c75652d7970a654be64494341ada3,26.898557662963867,0.6849755931522357,258.50147008895874,1,1,2,0,0,0,0,0.12037284450889696
test/B/defocus blur + low resolution/053,B,defocus blur+low resolution,053,/root/autodl-tmp/aaa/graphrestore/artifacts/formal_mio100/graphrestore_v7_1_stage4_step040000/methods/graphrestore_v7_1_stage4_step040000/d2/defocus blur+low resolution/053.png,4227e683745465d285e032c37ef081f4b206cd91a340559b899fcf0d4f08a8ab,/root/autodl-tmp/graph/data/graphrestore/raw/agenticir/extracted/HQ/053.png,6b1f2208c72adcd28d96a15d538bbfbe27cb5a21be416b6f30fa836b12ac867d,32.26984405517578,0.8957862691953505,258.11751186847687,1,1,2,0,0,0,0,0.12037284450889696
test/B/defocus blur + low resolution/054,B,defocus blur+low resolution,054,/root/autodl-tmp/aaa/graphrestore/artifacts/formal_mio100/graphrestore_v7_1_stage4_step040000/methods/graphrestore_v7_1_stage4_step040000/d2/defocus blur+low resolution/054.png,269aed62776c41d288ec1c39c631a7a886603ef8341d326da4edd9ba2e9ce1df,/root/autodl-tmp/graph/data/graphrestore/raw/agenticir/extracted/HQ/054.png,699ffde2d8d110e52811d39e5b9d745965d4211dd2312f453ce367f1bc0e66f5,32.25724411010742,0.874174299183681,263.6038213968277,1,1,2,0,0,0,0,0.12037284450889696
test/B/defocus blur + low resolution/055,B,defocus blur+low resolution,055,/root/autodl-tmp/aaa/graphrestore/artifacts/formal_mio100/graphrestore_v7_1_stage4_step040000/methods/graphrestore_v7_1_stage4_step040000/d2/defocus blur+low resolution/055.png,8eb2a83281760da48df7bc3676ccecab3a4cd6ed025a88ab73c327c830e7ab50,/root/autodl-tmp/graph/data/graphrestore/raw/agenticir/extracted/HQ/055.png,5a59c6f9051a70f1c3ad8e9550b2a21322ef8ad71bd70085fb2330f6f6da3948,36.19105911254883,0.9005775229479004,313.44540417194366,1,1,2,0,0,0,0,0.12037284450889696
test/B/defocus blur + low resolution/056,B,defocus blur+low resolution,056,/root/autodl-tmp/aaa/graphrestore/artifacts/formal_mio100/graphrestore_v7_1_stage4_step040000/methods/graphrestore_v7_1_stage4_step040000/d2/defocus blur+low resolution/056.png,a9a76d1c6b845d7a0ea8ef0f88c6d15ca63e9fbad1649d92a8926efc1fb2e10c,/root/autodl-tmp/graph/data/graphrestore/raw/agenticir/extracted/HQ/056.png,c5f28866f72e2d370875385eb6575124b0735f8f927fae1c07ff7151e200c956,30.562744140625,0.8364294479159966,232.80619829893112,1,1,2,0,0,0,0,0.12037284450889696
test/B/defocus blur + low resolution/057,B,defocus blur+low resolution,057,/root/autodl-tmp/aaa/graphrestore/artifacts/formal_mio100/graphrestore_v7_1_stage4_step040000/methods/graphrestore_v7_1_stage4_step040000/d2/defocus blur+low resolution/057.png,e10d4d48e23945fbd717ae8e503c7e56faa145be3dc02077bdac104e5572b0bc,/root/autodl-tmp/graph/data/graphrestore/raw/agenticir/extracted/HQ/057.png,42353ae75793843947c257055d87e0568db28ed51b9a5d87cc0d6a0dafb242af,33.5944938659668,0.9137034035583106,259.8446160554886,1,1,2,0,0,0,0,0.12037284450889696
test/B/defocus blur + low resolution/058,B,defocus blur+low resolution,058,/root/autodl-tmp/aaa/graphrestore/artifacts/formal_mio100/graphrestore_v7_1_stage4_step040000/methods/graphrestore_v7_1_stage4_step040000/d2/defocus blur+low resolution/058.png,89dcd28093aecc0e7ce188390f323c5801a778109abe762cda47b8bb1b9f6b68,/root/autodl-tmp/graph/data/graphrestore/raw/agenticir/extracted/HQ/058.png,e50e67dc4e57dc18d552546044c5ca169fdb26de4d5d81650d00d4b0f3ab7e76,28.235502243041992,0.8840862098599864,263.11956346035004,1,1,2,0,0,0,0,0.12037284450889696
test/B/defocus blur + low resolution/059,B,defocus blur+low resolution,059,/root/autodl-tmp/aaa/graphrestore/artifacts/formal_mio100/graphrestore_v7_1_stage4_step040000/methods/graphrestore_v7_1_stage4_step040000/d2/defocus blur+low resolution/059.png,7ea47a6313585a807c36297495568b32dd3ceb3797dd057f015ca111b5f4dd34,/root/autodl-tmp/graph/data/graphrestore/raw/agenticir/extracted/HQ/059.png,e60c8277194566df02c7cefc895d1390756059f7a29ac67206ec202f1b897add,33.72745895385742,0.9154959849451934,285.67471355199814,1,1,2,0,0,0,0,0.12037284450889696
test/B/defocus blur + low resolution/060,B,defocus blur+low resolution,060,/root/autodl-tmp/aaa/graphrestore/artifacts/formal_mio100/graphrestore_v7_1_stage4_step040000/methods/graphrestore_v7_1_stage4_step040000/d2/defocus blur+low resolution/060.png,fb83c2b677f27e065cea2a5ca7c452fdf377dd515fefed41e6d9fdc0a9f6892c,/root/autodl-tmp/graph/data/graphrestore/raw/agenticir/extracted/HQ/060.png,d173273231bf0b68767ae3e287f4f34baa71e7d986a98c43a41fa9668fd8a0d4,30.7111759185791,0.8352393464283867,262.2784301638603,1,1,2,0,0,0,0,0.12037284450889696
test/B/defocus blur + low resolution/061,B,defocus blur+low resolution,061,/root/autodl-tmp/aaa/graphrestore/artifacts/formal_mio100/graphrestore_v7_1_stage4_step040000/methods/graphrestore_v7_1_stage4_step040000/d2/defocus blur+low resolution/061.png,198cc4125574273227afa84633b1a8e3159f96476426f735e3354cc67fa1bd81,/root/autodl-tmp/graph/data/graphrestore/raw/agenticir/extracted/HQ/061.png,a7818ddc00c398726bcd4724e9a51456bf18e4eb573f2f68b79ea2dedf0e699c,20.78437614440918,0.6083935903398366,260.37561148405075,1,1,2,0,0,0,0,0.12037284450889696
test/B/defocus blur + low resolution/062,B,defocus blur+low resolution,062,/root/autodl-tmp/aaa/graphrestore/artifacts/formal_mio100/graphrestore_v7_1_stage4_step040000/methods/graphrestore_v7_1_stage4_step040000/d2/defocus blur+low resolution/062.png,b02463a23981c243a459ce2b1b904d9c4b480008dc4aa78e36fcec2edbd59fd9,/root/autodl-tmp/graph/data/graphrestore/raw/agenticir/extracted/HQ/062.png,7829e8bf6fee7705051b0e4486c3abb2cdf412c83ac15b9f5ed9d9036c296d40,24.002670288085938,0.735672434819873,324.02586191892624,1,1,2,0,0,0,0,0.12037284450889696
test/B/defocus blur + low resolution/063,B,defocus blur+low resolution,063,/root/autodl-tmp/aaa/graphrestore/artifacts/formal_mio100/graphrestore_v7_1_stage4_step040000/methods/graphrestore_v7_1_stage4_step040000/d2/defocus blur+low resolution/063.png,a08819b4e58cf339d293ca12da5fbe4384317a0d765d21880ee807b5a04d0c09,/root/autodl-tmp/graph/data/graphrestore/raw/agenticir/extracted/HQ/063.png,f7ccce7c58be38c16fb08060b8b379825cb0417a04e6813c72985768a480929c,21.076587677001953,0.6602315513511918,266.2934139370918,1,1,2,0,0,0,0,0.12037284450889696
test/B/defocus blur + low resolution/064,B,defocus blur+low resolution,064,/root/autodl-tmp/aaa/graphrestore/artifacts/formal_mio100/graphrestore_v7_1_stage4_step040000/methods/graphrestore_v7_1_stage4_step040000/d2/defocus blur+low resolution/064.png,9ebb472b3cca0d145188df1c4c59f8162e483085d670ee6b99a4325ae43987ee,/root/autodl-tmp/graph/data/graphrestore/raw/agenticir/extracted/HQ/064.png,b34caae8d574b2c008d53ceb0490df55c099e68844b2819f0c02fc50db26cee0,21.861087799072266,0.538519086340908,286.78176552057266,1,1,2,0,0,0,0,0.12037284450889696
test/B/defocus blur + low resolution/065,B,defocus blur+low resolution,065,/root/autodl-tmp/aaa/graphrestore/artifacts/formal_mio100/graphrestore_v7_1_stage4_step040000/methods/graphrestore_v7_1_stage4_step040000/d2/defocus blur+low resolution/065.png,fc9e9fba92882328cac6ae1cc93dacb678e5f2abbe9343684b945a6df5477ae1,/root/autodl-tmp/graph/data/graphrestore/raw/agenticir/extracted/HQ/065.png,f0770ae16bf79be3b5d94a7868da009f5ce1bbf54bfe5c879e352a4df590ef63,25.868377685546875,0.6905041810121492,319.10138577222824,1,1,2,0,0,0,0,0.12037284450889696
test/B/defocus blur + low resolution/066,B,defocus blur+low resolution,066,/root/autodl-tmp/aaa/graphrestore/artifacts/formal_mio100/graphrestore_v7_1_stage4_step040000/methods/graphrestore_v7_1_stage4_step040000/d2/defocus blur+low resolution/066.png,ebb857e2f6fceb90987123f0893cac0c8d529ee0cf75396c852e684fc470f061,/root/autodl-tmp/graph/data/graphrestore/raw/agenticir/extracted/HQ/066.png,a19230b326bd2fb5c26ae283f65bf0b85f39f90421056a47c7ecd6d683379aff,20.690505981445312,0.5632793298935054,315.5265972018242,1,1,2,0,0,0,0,0.12037284450889696
test/B/defocus blur + low resolution/067,B,defocus blur+low resolution,067,/root/autodl-tmp/aaa/graphrestore/artifacts/formal_mio100/graphrestore_v7_1_stage4_step040000/methods/graphrestore_v7_1_stage4_step040000/d2/defocus blur+low resolution/067.png,e4857dd14070146eecb822c1d51e9de80c48d8731d766966a5ccde9b1c257328,/root/autodl-tmp/graph/data/graphrestore/raw/agenticir/extracted/HQ/067.png,91cd9f021a6902b7f3220c6a373cba11f3bfbe4e4984c1d6fc4be0c76acb67a0,21.912220001220703,0.6353432123098778,259.25277173519135,1,1,2,0,0,0,0,0.12037284450889696
test/B/defocus blur + low resolution/068,B,defocus blur+low resolution,068,/root/autodl-tmp/aaa/graphrestore/artifacts/formal_mio100/graphrestore_v7_1_stage4_step040000/methods/graphrestore_v7_1_stage4_step040000/d2/defocus blur+low resolution/068.png,5eb59398fd3b528384efcb1f830d366b443dd7fbabdc5797fc372f2299064e5e,/root/autodl-tmp/graph/data/graphrestore/raw/agenticir/extracted/HQ/068.png,b8187d79db16002364f6017df807e6cac41e7ee9a68413a384b1bd69eddaa638,23.13210678100586,0.6519023205899648,263.9854997396469,1,1,2,0,0,0,0,0.12037284450889696
test/B/defocus blur + low resolution/069,B,defocus blur+low resolution,069,/root/autodl-tmp/aaa/graphrestore/artifacts/formal_mio100/graphrestore_v7_1_stage4_step040000/methods/graphrestore_v7_1_stage4_step040000/d2/defocus blur+low resolution/069.png,6298e8d8ca25fa6d09f80ac1338323e90e88fac3bb42f31cfed54f3b2a0fa219,/root/autodl-tmp/graph/data/graphrestore/raw/agenticir/extracted/HQ/069.png,abb08be58f50075e5e6b1de44ddfe61c30ebb34882e9d72681edd73a5cdbb156,23.357303619384766,0.5063890058504118,314.5348057150841,1,1,2,0,0,0,0,0.12037284450889696
test/B/defocus blur + low resolution/070,B,defocus blur+low resolution,070,/root/autodl-tmp/aaa/graphrestore/artifacts/formal_mio100/graphrestore_v7_1_stage4_step040000/methods/graphrestore_v7_1_stage4_step040000/d2/defocus blur+low resolution/070.png,ef3ed45c572b5208a5d3e2d905048c1820b01dbcc3d78ca51c9f92b7b767a7f5,/root/autodl-tmp/graph/data/graphrestore/raw/agenticir/extracted/HQ/070.png,718ae2570e431003fb32f2a40e19f813545164ace18230ac03f9ec96b2747f85,28.521242141723633,0.9174153740459372,259.26829874515533,1,1,2,0,0,0,0,0.12037284450889696
test/B/defocus blur + low resolution/071,B,defocus blur+low resolution,071,/root/autodl-tmp/aaa/graphrestore/artifacts/formal_mio100/graphrestore_v7_1_stage4_step040000/methods/graphrestore_v7_1_stage4_step040000/d2/defocus blur+low resolution/071.png,3df62a75ed6577395ec99e47a72cb2bbcbf757578c5ebe777cd7f50399ae5fe0,/root/autodl-tmp/graph/data/graphrestore/raw/agenticir/extracted/HQ/071.png,e8bc40490eabb437e225b0acde6b8dc1d8942f2b9657e042051c166804b07b15,28.377370834350586,0.85770028619755,258.2355663180351,1,1,2,0,0,0,0,0.12037284450889696
test/B/defocus blur + low resolution/072,B,defocus blur+low resolution,072,/root/autodl-tmp/aaa/graphrestore/artifacts/formal_mio100/graphrestore_v7_1_stage4_step040000/methods/graphrestore_v7_1_stage4_step040000/d2/defocus blur+low resolution/072.png,5f511f5879e25b14e2cc2d410d64731e97f1cab8cbd5e139ee8834e95ba390c4,/root/autodl-tmp/graph/data/graphrestore/raw/agenticir/extracted/HQ/072.png,6b887c3fd578dc80ca3b15a823f1b43d80db2d30abc07d144e03f7228acb8144,28.37511444091797,0.8398890972516333,286.51992231607437,1,1,2,0,0,0,0,0.12037284450889696
test/B/defocus blur + low resolution/073,B,defocus blur+low resolution,073,/root/autodl-tmp/aaa/graphrestore/artifacts/formal_mio100/graphrestore_v7_1_stage4_step040000/methods/graphrestore_v7_1_stage4_step040000/d2/defocus blur+low resolution/073.png,b445c3bfcf44c22420d118f5a8f044c1d7e3bc7c118430ef85f01f89abd8a364,/root/autodl-tmp/graph/data/graphrestore/raw/agenticir/extracted/HQ/073.png,e4a8516954bfb4b79f2fc6194b6b4a8ed63250e14fe7ce0b6f6d77c922f84730,24.41850471496582,0.8225789653706814,320.7116797566414,1,1,2,0,0,0,0,0.12037284450889696
test/B/defocus blur + low resolution/074,B,defocus blur+low resolution,074,/root/autodl-tmp/aaa/graphrestore/artifacts/formal_mio100/graphrestore_v7_1_stage4_step040000/methods/graphrestore_v7_1_stage4_step040000/d2/defocus blur+low resolution/074.png,a30a983240f9620c76d0fae51f1d4a793f4f242624972197d4df88f7ece1d6f6,/root/autodl-tmp/graph/data/graphrestore/raw/agenticir/extracted/HQ/074.png,cfa80e9825a34173ab0d1810b1b63bf645aa1b6b743966a77d7d03463319fd8e,27.956960678100586,0.875063594492804,258.9685618877411,1,1,2,0,0,0,0,0.12037284450889696
test/B/defocus blur + low resolution/075,B,defocus blur+low resolution,075,/root/autodl-tmp/aaa/graphrestore/artifacts/formal_mio100/graphrestore_v7_1_stage4_step040000/methods/graphrestore_v7_1_stage4_step040000/d2/defocus blur+low resolution/075.png,a31a1b8168cd977ca1497ddcd3683649322552cdfef837779768805a73084086,/root/autodl-tmp/graph/data/graphrestore/raw/agenticir/extracted/HQ/075.png,637e76a0398c825f3214d13b10485f7c180dc359b838ade377382c22c8f6b788,22.92113494873047,0.6264811082754501,258.27711820602417,1,1,2,0,0,0,0,0.12037284450889696
test/B/defocus blur + low resolution/076,B,defocus blur+low resolution,076,/root/autodl-tmp/aaa/graphrestore/artifacts/formal_mio100/graphrestore_v7_1_stage4_step040000/methods/graphrestore_v7_1_stage4_step040000/d2/defocus blur+low resolution/076.png,bcdd29dc11173ed241c699f022977f826b2d71dd2be732a7500b246f236f011a,/root/autodl-tmp/graph/data/graphrestore/raw/agenticir/extracted/HQ/076.png,28f7193b83d2979c14a7c73e95657ce02a2cc902196495bea289e190f48cecae,26.565067291259766,0.7766441124930937,258.90834629535675,1,1,2,0,0,0,0,0.12037284450889696
test/B/defocus blur + low resolution/077,B,defocus blur+low resolution,077,/root/autodl-tmp/aaa/graphrestore/artifacts/formal_mio100/graphrestore_v7_1_stage4_step040000/methods/graphrestore_v7_1_stage4_step040000/d2/defocus blur+low resolution/077.png,344e798741570e93fa02d984c983a641b4c361c2f5bab1fd061c31ff30603bca,/root/autodl-tmp/graph/data/graphrestore/raw/agenticir/extracted/HQ/077.png,6d0b3c0c4255ee2de7c3c275c114eb531248c06fce157913f4e69dacd492cc91,24.49138641357422,0.7350840876435187,265.56818187236786,1,1,3,0,0,0,0,0.12037284450889696
test/B/defocus blur + low resolution/078,B,defocus blur+low resolution,078,/root/autodl-tmp/aaa/graphrestore/artifacts/formal_mio100/graphrestore_v7_1_stage4_step040000/methods/graphrestore_v7_1_stage4_step040000/d2/defocus blur+low resolution/078.png,9ee0570845c4de6162839320b58562e166a4bb75c373b9136411229e299d5d2c,/root/autodl-tmp/graph/data/graphrestore/raw/agenticir/extracted/HQ/078.png,ae84b8b3592a0f623d5bd2c5791b049e6fd87155614fbbad37f1ac00a2cfa870,23.14203453063965,0.5877736630479785,312.02467530965805,1,1,2,0,0,0,0,0.12037284450889696
test/B/defocus blur + low resolution/079,B,defocus blur+low resolution,079,/root/autodl-tmp/aaa/graphrestore/artifacts/formal_mio100/graphrestore_v7_1_stage4_step040000/methods/graphrestore_v7_1_stage4_step040000/d2/defocus blur+low resolution/079.png,f228bcf534d8a32f84b7a9a51f25afd4b6f3d481067a5627d1eab26676eebeb4,/root/autodl-tmp/graph/data/graphrestore/raw/agenticir/extracted/HQ/079.png,166cde30b17743be2ca3fb2c29004e0b38b126bfa1d8d5f41013c23eb248aad5,26.560861587524414,0.7003762386131192,285.01638770103455,1,1,2,0,0,0,0,0.12037284450889696
test/B/defocus blur + low resolution/080,B,defocus blur+low resolution,080,/root/autodl-tmp/aaa/graphrestore/artifacts/formal_mio100/graphrestore_v7_1_stage4_step040000/methods/graphrestore_v7_1_stage4_step040000/d2/defocus blur+low resolution/080.png,af2b466451de6293821324f4a388ab96d32067194cc32a020bf08ceccccc6a01,/root/autodl-tmp/graph/data/graphrestore/raw/agenticir/extracted/HQ/080.png,b208599722bce230536ae4db62272e883a7714d4bfca7d73e1361da3b2ca9225,30.280506134033203,0.9133228431612783,258.56585055589676,1,1,2,0,0,0,0,0.12037284450889696
test/B/defocus blur + low resolution/081,B,defocus blur+low resolution,081,/root/autodl-tmp/aaa/graphrestore/artifacts/formal_mio100/graphrestore_v7_1_stage4_step040000/methods/graphrestore_v7_1_stage4_step040000/d2/defocus blur+low resolution/081.png,76a59051e5e723ebe2acb36715d04e7574c204ae4abfd2d3e04b656c5e3284ab,/root/autodl-tmp/graph/data/graphrestore/raw/agenticir/extracted/HQ/081.png,f86df1e220755af6ab50844f797e3fb45165c5dde9ac8ee1750544154cfd1ad7,25.349138259887695,0.7171391810583932,312.2851327061653,1,1,2,0,0,0,0,0.12037284450889696
test/B/defocus blur + low resolution/082,B,defocus blur+low resolution,082,/root/autodl-tmp/aaa/graphrestore/artifacts/formal_mio100/graphrestore_v7_1_stage4_step040000/methods/graphrestore_v7_1_stage4_step040000/d2/defocus blur+low resolution/082.png,27faf82f0ef9061ae39a59a4dad4ab65ffc1bfa5528c32d94af78cb6f66c6e1c,/root/autodl-tmp/graph/data/graphrestore/raw/agenticir/extracted/HQ/082.png,698a641215db75e2471381c00fc2a84208122a4a0115beeb5679de746977682e,24.435443878173828,0.8411647613940296,259.25716757774353,1,1,2,0,0,0,0,0.12037284450889696
test/B/defocus blur + low resolution/083,B,defocus blur+low resolution,083,/root/autodl-tmp/aaa/graphrestore/artifacts/formal_mio100/graphrestore_v7_1_stage4_step040000/methods/graphrestore_v7_1_stage4_step040000/d2/defocus blur+low resolution/083.png,e4a5052a90f9c2dab7e2d4d33210ab4ea96d5ea462cc401e88052c61d25c278e,/root/autodl-tmp/graph/data/graphrestore/raw/agenticir/extracted/HQ/083.png,4772b8d475dfc90626760cea35452db0ee8dfdd89f7cd8def57f8b4d74ecef44,21.913930892944336,0.6499825115486162,288.50313276052475,1,1,2,0,0,0,0,0.12037284450889696
test/B/defocus blur + low resolution/084,B,defocus blur+low resolution,084,/root/autodl-tmp/aaa/graphrestore/artifacts/formal_mio100/graphrestore_v7_1_stage4_step040000/methods/graphrestore_v7_1_stage4_step040000/d2/defocus blur+low resolution/084.png,f70f2c1ee7837444354cf7668a9d6487f96caeaa67750b575609ceb154bf26c7,/root/autodl-tmp/graph/data/graphrestore/raw/agenticir/extracted/HQ/084.png,1bc34c4607ba66d84248fe8e7d5e30546ae13841542d8b1cb9146f2a2485df64,32.98918151855469,0.8916540909953705,264.1521021723747,1,1,2,0,0,0,0,0.12037284450889696
test/B/defocus blur + low resolution/085,B,defocus blur+low resolution,085,/root/autodl-tmp/aaa/graphrestore/artifacts/formal_mio100/graphrestore_v7_1_stage4_step040000/methods/graphrestore_v7_1_stage4_step040000/d2/defocus blur+low resolution/085.png,976b59f976962c029fde2f8c7c0bb193da5471de7412101a87f2626609058d22,/root/autodl-tmp/graph/data/graphrestore/raw/agenticir/extracted/HQ/085.png,6174b7cb004afd2a578ec1950d92b99c41115b5a6bf70a511f19156c62bd5274,32.397438049316406,0.9485698897762327,259.2078149318695,1,1,2,0,0,0,0,0.12037284450889696
test/B/defocus blur + low resolution/086,B,defocus blur+low resolution,086,/root/autodl-tmp/aaa/graphrestore/artifacts/formal_mio100/graphrestore_v7_1_stage4_step040000/methods/graphrestore_v7_1_stage4_step040000/d2/defocus blur+low resolution/086.png,82c7baf1f5d9cd0c489949862097c6746406d9ab91dfd2287635475dd34d2f25,/root/autodl-tmp/graph/data/graphrestore/raw/agenticir/extracted/HQ/086.png,68a629299aaf0e4d70065c504c9b3e397721fa17a25c2585446914aa5c7bafb5,21.236303329467773,0.6351997862237323,258.09888541698456,1,1,2,0,0,0,0,0.12037284450889696
test/B/defocus blur + low resolution/087,B,defocus blur+low resolution,087,/root/autodl-tmp/aaa/graphrestore/artifacts/formal_mio100/graphrestore_v7_1_stage4_step040000/methods/graphrestore_v7_1_stage4_step040000/d2/defocus blur+low resolution/087.png,3e4e635bb1feccfdaba5ca719f049c5d2a85a10342cc1ef66fa804dd4f82cc99,/root/autodl-tmp/graph/data/graphrestore/raw/agenticir/extracted/HQ/087.png,059a862de1498fc3b783bcfcce8fad399573aa912bb6638bbd3d43d23b88cdc6,23.728532791137695,0.7319880991577301,258.3417147397995,1,1,2,0,0,0,0,0.12037284450889696
test/B/defocus blur + low resolution/088,B,defocus blur+low resolution,088,/root/autodl-tmp/aaa/graphrestore/artifacts/formal_mio100/graphrestore_v7_1_stage4_step040000/methods/graphrestore_v7_1_stage4_step040000/d2/defocus blur+low resolution/088.png,c2f05f639456436292b4783e3dcdd320813f776388ec26c7bf2382ae205be54c,/root/autodl-tmp/graph/data/graphrestore/raw/agenticir/extracted/HQ/088.png,e76841066e027bd2a2fa101a4598c597d4891a7c535e3cc3195b7afcc249d7ae,29.643945693969727,0.8856817658345599,313.85722011327744,1,1,2,0,0,0,0,0.12037284450889696
test/B/defocus blur + low resolution/089,B,defocus blur+low resolution,089,/root/autodl-tmp/aaa/graphrestore/artifacts/formal_mio100/graphrestore_v7_1_stage4_step040000/methods/graphrestore_v7_1_stage4_step040000/d2/defocus blur+low resolution/089.png,d0a07b876d191cbc37b9415669545f173bbfced598357530b40b065140eb0e77,/root/autodl-tmp/graph/data/graphrestore/raw/agenticir/extracted/HQ/089.png,046e493440ea7499fe07cec3853e6e170225ce6cdc903aac14730fa6b9bf36ab,22.734294891357422,0.6883327661641544,257.41711258888245,1,1,2,0,0,0,0,0.12037284450889696
test/B/defocus blur + low resolution/090,B,defocus blur+low resolution,090,/root/autodl-tmp/aaa/graphrestore/artifacts/formal_mio100/graphrestore_v7_1_stage4_step040000/methods/graphrestore_v7_1_stage4_step040000/d2/defocus blur+low resolution/090.png,bd07b579f62cb7b1d738819d9e43a24eb0fac6a8025a160fda7dd25d41204bd4,/root/autodl-tmp/graph/data/graphrestore/raw/agenticir/extracted/HQ/090.png,830f74b8389bfef595e56e910efc49cf4246f6f7bd552ea8c45d071a0113053c,20.650882720947266,0.5472759866453013,293.4970557689667,1,1,2,0,0,0,0,0.12037284450889696
test/B/defocus blur + low resolution/091,B,defocus blur+low resolution,091,/root/autodl-tmp/aaa/graphrestore/artifacts/formal_mio100/graphrestore_v7_1_stage4_step040000/methods/graphrestore_v7_1_stage4_step040000/d2/defocus blur+low resolution/091.png,b3e3d9757b4e0cc86d1f0c74eb29b2d9c2cc30e9cba9140d9c39ce77ab961f05,/root/autodl-tmp/graph/data/graphrestore/raw/agenticir/extracted/HQ/091.png,5e553db9d41f0f077260ca811d0fc988002511f536fd217035e5495bab201d6c,21.880826950073242,0.732839745031586,258.4335133433342,1,1,2,0,0,0,0,0.12037284450889696
test/B/defocus blur + low resolution/092,B,defocus blur+low resolution,092,/root/autodl-tmp/aaa/graphrestore/artifacts/formal_mio100/graphrestore_v7_1_stage4_step040000/methods/graphrestore_v7_1_stage4_step040000/d2/defocus blur+low resolution/092.png,445666f9766e1e098ec1e22f19144b45ed21be888a2d10a719998c5afe2c50d4,/root/autodl-tmp/graph/data/graphrestore/raw/agenticir/extracted/HQ/092.png,d2fdbb69f6828c6707d3f41abfcb56dcb6e0d8e75181ac8d0c55eea107f20d48,18.828121185302734,0.41593470213184924,290.50565510988235,1,1,2,0,0,0,0,0.12037284450889696
test/B/defocus blur + low resolution/093,B,defocus blur+low resolution,093,/root/autodl-tmp/aaa/graphrestore/artifacts/formal_mio100/graphrestore_v7_1_stage4_step040000/methods/graphrestore_v7_1_stage4_step040000/d2/defocus blur+low resolution/093.png,f9f8f07c22d67ad00a115c68d5f96f44fa67ef3b410389dd1b3237c0cb510f1e,/root/autodl-tmp/graph/data/graphrestore/raw/agenticir/extracted/HQ/093.png,b9ef1df7a3be70176f064c2568ea12d8cd9c9c54b3e8fd72bca53d170eaf06f2,21.809585571289062,0.7573922295090953,426.8977418541908,1,1,2,0,0,0,0,0.12037284450889696
test/B/defocus blur + low resolution/094,B,defocus blur+low resolution,094,/root/autodl-tmp/aaa/graphrestore/artifacts/formal_mio100/graphrestore_v7_1_stage4_step040000/methods/graphrestore_v7_1_stage4_step040000/d2/defocus blur+low resolution/094.png,c2a485ee91f32a868b9465b07f6db180ebaef3a5967e5054ec56fd5ebf881e5a,/root/autodl-tmp/graph/data/graphrestore/raw/agenticir/extracted/HQ/094.png,45dab31fa407b6793844322a5e147cdfedc3bfa449cd28fc9605f41dba80966d,20.509868621826172,0.6429469628279935,271.0592672228813,1,1,2,0,0,0,0,0.12037284450889696
test/B/defocus blur + low resolution/095,B,defocus blur+low resolution,095,/root/autodl-tmp/aaa/graphrestore/artifacts/formal_mio100/graphrestore_v7_1_stage4_step040000/methods/graphrestore_v7_1_stage4_step040000/d2/defocus blur+low resolution/095.png,9d894c3c22a8310daaea38703f64240d5cb1cb0552804e405b7960bb815be47f,/root/autodl-tmp/graph/data/graphrestore/raw/agenticir/extracted/HQ/095.png,2f04f8c811593049180a1c6bdcf5d723d3c2f6443ba518c407e4976d7a6b2637,15.27112865447998,0.5296711551468801,235.7260286808014,1,1,2,0,0,0,0,0.12037284450889696
test/B/defocus blur + low resolution/096,B,defocus blur+low resolution,096,/root/autodl-tmp/aaa/graphrestore/artifacts/formal_mio100/graphrestore_v7_1_stage4_step040000/methods/graphrestore_v7_1_stage4_step040000/d2/defocus blur+low resolution/096.png,9f1dfe61ea7c1289b03d9a70e0dc92b8c8a0f781d98664fa2049a886171807cf,/root/autodl-tmp/graph/data/graphrestore/raw/agenticir/extracted/HQ/096.png,3ac9dbd626f9e294ae10a8ab11a34f6c0132ed355627d25ce3f8790f701fae29,23.591991424560547,0.7568602780238396,260.07506996393204,1,1,2,0,0,0,0,0.12037284450889696
test/B/defocus blur + low resolution/097,B,defocus blur+low resolution,097,/root/autodl-tmp/aaa/graphrestore/artifacts/formal_mio100/graphrestore_v7_1_stage4_step040000/methods/graphrestore_v7_1_stage4_step040000/d2/defocus blur+low resolution/097.png,231ca4224db674a900af03ecf95aa6d233a81b64dba0fd2ac144e4971a71ecfe,/root/autodl-tmp/graph/data/graphrestore/raw/agenticir/extracted/HQ/097.png,9b6c3c0d294f54e89b51656b0163aa8d0715dd7904848721ea76c07ccf737d2e,22.447555541992188,0.7626704100421243,275.98951756954193,1,1,2,0,0,0,0,0.12037284450889696
test/B/defocus blur + low resolution/098,B,defocus blur+low resolution,098,/root/autodl-tmp/aaa/graphrestore/artifacts/formal_mio100/graphrestore_v7_1_stage4_step040000/methods/graphrestore_v7_1_stage4_step040000/d2/defocus blur+low resolution/098.png,10517b45e1502080d914b57443e1fd1490978d4742bf1d3b0a253f37f9d8590d,/root/autodl-tmp/graph/data/graphrestore/raw/agenticir/extracted/HQ/098.png,f0574e5262ab9942e66006e0df3aab8738de997489badc302e131ae74299181f,20.480287551879883,0.6064955085536093,322.0333009958267,1,1,2,0,0,0,0,0.12037284450889696
test/B/defocus blur + low resolution/099,B,defocus blur+low resolution,099,/root/autodl-tmp/aaa/graphrestore/artifacts/formal_mio100/graphrestore_v7_1_stage4_step040000/methods/graphrestore_v7_1_stage4_step040000/d2/defocus blur+low resolution/099.png,704a3d7d63f1e23176503baab594b8c76f7d6ab25e343e14b41f4ad7647b12c9,/root/autodl-tmp/graph/data/graphrestore/raw/agenticir/extracted/HQ/099.png,15ddff6cab9869d7fe8a7cb6fd328b436bbfa9b089e6adcbba7a5048e4c97f8b,24.12482452392578,0.7098917099929702,263.6498659849167,1,1,2,0,0,0,0,0.12037284450889696
test/B/defocus blur + low resolution/100,B,defocus blur+low resolution,100,/root/autodl-tmp/aaa/graphrestore/artifacts/formal_mio100/graphrestore_v7_1_stage4_step040000/methods/graphrestore_v7_1_stage4_step040000/d2/defocus blur+low resolution/100.png,759023a1a41c9268c68ef4df0562d5a6c343f2bbd6cf918787c2cfc2877d211a,/root/autodl-tmp/graph/data/graphrestore/raw/agenticir/extracted/HQ/100.png,b7f5d60dbb3e7047b9c62efc7d61db97052a2cde687d3fae367a14a6793a0c40,19.395954132080078,0.5990703621840305,261.3196521997452,1,1,2,0,0,0,0,0.12037284450889696
test/B/haze + noise/001,B,haze+noise,001,/root/autodl-tmp/aaa/graphrestore/artifacts/formal_mio100/graphrestore_v7_1_stage4_step040000/methods/graphrestore_v7_1_stage4_step040000/d2/haze+noise/001.png,5e5ee9fc0e5fc8f7db466a46d6f472c4b34119759c2d3af9c1d97395898e14d8,/root/autodl-tmp/graph/data/graphrestore/raw/agenticir/extracted/HQ/001.png,501f9b012a3f9c95787db8151eddf07dcae5e163688c011649d3ff3f00372cae,9.368193626403809,0.5844560210965036,241.773784160614,1,0,1,0,0,0,0,0.12037284450889696
test/B/haze + noise/002,B,haze+noise,002,/root/autodl-tmp/aaa/graphrestore/artifacts/formal_mio100/graphrestore_v7_1_stage4_step040000/methods/graphrestore_v7_1_stage4_step040000/d2/haze+noise/002.png,ffc54370af9c88cce38dc36cc9829d30ca43748415026029ff264ab1a0d8db07,/root/autodl-tmp/graph/data/graphrestore/raw/agenticir/extracted/HQ/002.png,e65fb0b7adb1176b47486303c8cc4f49a0173f91e00d28e0c3a4d3eccae286b4,13.280672073364258,0.7127337809583211,342.2502726316452,1,0,1,0,0,0,0,0.12037284450889696
test/B/haze + noise/003,B,haze+noise,003,/root/autodl-tmp/aaa/graphrestore/artifacts/formal_mio100/graphrestore_v7_1_stage4_step040000/methods/graphrestore_v7_1_stage4_step040000/d2/haze+noise/003.png,5cd31ee1403f70e17878941872fe38089b7cde26b3f944a5315385ebcc4bf25b,/root/autodl-tmp/graph/data/graphrestore/raw/agenticir/extracted/HQ/003.png,c2a2513992db412a7160dfa2f82535dccaa188db91df80ee6ed5b0dd5c5d2d1a,15.814739227294922,0.6497402990796203,291.8499782681465,1,0,1,0,0,0,0,0.12037284450889696
test/B/haze + noise/004,B,haze+noise,004,/root/autodl-tmp/aaa/graphrestore/artifacts/formal_mio100/graphrestore_v7_1_stage4_step040000/methods/graphrestore_v7_1_stage4_step040000/d2/haze+noise/004.png,f4cd5ef4380a95b0beeea96fb6cffd6aa0770e7e075917681e62d419c6a0ad1a,/root/autodl-tmp/graph/data/graphrestore/raw/agenticir/extracted/HQ/004.png,f1ad3f60cd8e680739263535ab1620a2490f3bc0c65a9355a965c7dff9be1fed,17.208580017089844,0.7539116956576081,316.26198440790176,1,0,1,0,0,0,0,0.12037284450889696
test/B/haze + noise/005,B,haze+noise,005,/root/autodl-tmp/aaa/graphrestore/artifacts/formal_mio100/graphrestore_v7_1_stage4_step040000/methods/graphrestore_v7_1_stage4_step040000/d2/haze+noise/005.png,a8fc17e6fda66c71c017c6594786db547811f4efa78c5f45655514af075f2dbe,/root/autodl-tmp/graph/data/graphrestore/raw/agenticir/extracted/HQ/005.png,1d8eb1ef9c1817c087956135efa85be686e7169ef11eb532c768d32d7267a0ff,15.421799659729004,0.7030937516677301,293.35398972034454,1,0,1,0,0,0,0,0.12037284450889696
test/B/haze + noise/006,B,haze+noise,006,/root/autodl-tmp/aaa/graphrestore/artifacts/formal_mio100/graphrestore_v7_1_stage4_step040000/methods/graphrestore_v7_1_stage4_step040000/d2/haze+noise/006.png,c1033e748ec40fed0b247ed8598226c0658b0358df91f354a5a8f12210f6b292,/root/autodl-tmp/graph/data/graphrestore/raw/agenticir/extracted/HQ/006.png,f62feddd2f379d039dd1effe18b6368c79a6fe31fb8177f797c9f230eb8e1211,13.038778305053711,0.6465527110805822,465.13721346855164,2,0,2,1,0,0,0,0.12037284450889696
test/B/haze + noise/007,B,haze+noise,007,/root/autodl-tmp/aaa/graphrestore/artifacts/formal_mio100/graphrestore_v7_1_stage4_step040000/methods/graphrestore_v7_1_stage4_step040000/d2/haze+noise/007.png,27b578f01f7b94acc6182e0cf322f977035ced75a1395b617741b2c288008f94,/root/autodl-tmp/graph/data/graphrestore/raw/agenticir/extracted/HQ/007.png,b876f087d5f42a9350f28383ff2df22156b6bbba702809d134b7713d9430881c,13.568157196044922,0.7513278022830743,239.71395194530487,1,0,1,0,0,0,0,0.12037284450889696
test/B/haze + noise/008,B,haze+noise,008,/root/autodl-tmp/aaa/graphrestore/artifacts/formal_mio100/graphrestore_v7_1_stage4_step040000/methods/graphrestore_v7_1_stage4_step040000/d2/haze+noise/008.png,e17e2cb49854d8a051a724a80ae3de8aa080cdbde323201d7c1c6e834f6756f7,/root/autodl-tmp/graph/data/graphrestore/raw/agenticir/extracted/HQ/008.png,4efb8dbbd2ba5090b7b951a456ec5ed27a5d61360ab95cb1c5a9366f2868cb94,21.19867515563965,0.7885288230485286,339.7626057267189,1,0,1,0,0,0,0,0.12037284450889696
test/B/haze + noise/009,B,haze+noise,009,/root/autodl-tmp/aaa/graphrestore/artifacts/formal_mio100/graphrestore_v7_1_stage4_step040000/methods/graphrestore_v7_1_stage4_step040000/d2/haze+noise/009.png,e1ea78cd8e0902b2c128d8add9de8ea6c167e7d9860460311c53e41dd3dd3185,/root/autodl-tmp/graph/data/graphrestore/raw/agenticir/extracted/HQ/009.png,5b779ac0fbe5d1e4d4126fd2864493dcc2ecdbde374ede7e29a054b2a9cb4f21,15.581205368041992,0.8690504796638271,367.0240715146065,1,0,1,0,0,0,0,0.12037284450889696
test/B/haze + noise/010,B,haze+noise,010,/root/autodl-tmp/aaa/graphrestore/artifacts/formal_mio100/graphrestore_v7_1_stage4_step040000/methods/graphrestore_v7_1_stage4_step040000/d2/haze+noise/010.png,84a198d366fbef53cdfd54f0bd5bb0bb5fe89a37fb02af840ed77eea828abe5e,/root/autodl-tmp/graph/data/graphrestore/raw/agenticir/extracted/HQ/010.png,327492996d853f5c8873b435f98a91afd07db64567545baa61c9f4f64f717a0d,23.8154296875,0.9095837548989723,388.92174512147903,1,0,1,0,0,0,0,0.12037284450889696
test/B/haze + noise/011,B,haze+noise,011,/root/autodl-tmp/aaa/graphrestore/artifacts/formal_mio100/graphrestore_v7_1_stage4_step040000/methods/graphrestore_v7_1_stage4_step040000/d2/haze+noise/011.png,33df8a2f13d29d233bcc73ab0ad259edd4c4910f5090e2da00ea9bd90cb1b505,/root/autodl-tmp/graph/data/graphrestore/raw/agenticir/extracted/HQ/011.png,dcafe4ee2b43e667674ccc874b42e160ea37427b7c935297734ba69ece6b6f35,10.37224292755127,0.42161198938393263,247.48770892620087,1,0,1,0,0,0,0,0.12037284450889696
test/B/haze + noise/012,B,haze+noise,012,/root/autodl-tmp/aaa/graphrestore/artifacts/formal_mio100/graphrestore_v7_1_stage4_step040000/methods/graphrestore_v7_1_stage4_step040000/d2/haze+noise/012.png,a1d4e1db3182f2bcb812a737c8d0dc4637c689de1d70a1882df31a586ea502d9,/root/autodl-tmp/graph/data/graphrestore/raw/agenticir/extracted/HQ/012.png,0884a3dabb3fa30cde26a4dfbf003a133139f708c65c3f8b02c24a87a6d073c3,10.969154357910156,0.6485366841111293,239.7364005446434,1,0,1,0,0,0,0,0.12037284450889696
test/B/haze + noise/013,B,haze+noise,013,/root/autodl-tmp/aaa/graphrestore/artifacts/formal_mio100/graphrestore_v7_1_stage4_step040000/methods/graphrestore_v7_1_stage4_step040000/d2/haze+noise/013.png,fb52fc5e314f0cf6ae446e8fc9b3e10f0b777fb08a20a6fedd59df467fba8bba,/root/autodl-tmp/graph/data/graphrestore/raw/agenticir/extracted/HQ/013.png,afe18305499bd0b8318392e8f34ede33aafb5a0df2371075fe9f30a1c81a75eb,13.807924270629883,0.6680035076417589,289.2809882760048,1,0,1,0,0,0,0,0.12037284450889696
test/B/haze + noise/014,B,haze+noise,014,/root/autodl-tmp/aaa/graphrestore/artifacts/formal_mio100/graphrestore_v7_1_stage4_step040000/methods/graphrestore_v7_1_stage4_step040000/d2/haze+noise/014.png,af030bc767057a01f1b6089571f626536058c8e164fce2c423c09ca565d7e2c7,/root/autodl-tmp/graph/data/graphrestore/raw/agenticir/extracted/HQ/014.png,2d569d9b923a96b1542c0b845dce0c7657794eba9f6f22ae5d02f335ef1bc4a0,22.626588821411133,0.8365736626795193,289.77885097265244,1,0,1,0,0,0,0,0.12037284450889696
test/B/haze + noise/015,B,haze+noise,015,/root/autodl-tmp/aaa/graphrestore/artifacts/formal_mio100/graphrestore_v7_1_stage4_step040000/methods/graphrestore_v7_1_stage4_step040000/d2/haze+noise/015.png,3bab344ceaf65ef8123dcb03563f245c297c72f44ec8f697619aec3057770748,/root/autodl-tmp/graph/data/graphrestore/raw/agenticir/extracted/HQ/015.png,286adb5a1c45ee88f14e1b16e3af420910584bf5ebdd72c40cf75317559c731f,12.1736478805542,0.4864060011185207,233.78120362758636,1,0,1,0,0,0,0,0.12037284450889696
test/B/haze + noise/016,B,haze+noise,016,/root/autodl-tmp/aaa/graphrestore/artifacts/formal_mio100/graphrestore_v7_1_stage4_step040000/methods/graphrestore_v7_1_stage4_step040000/d2/haze+noise/016.png,446659a23ff8b855106f190f86eb0e924c8af0243935db8d2481a087bf43eb4b,/root/autodl-tmp/graph/data/graphrestore/raw/agenticir/extracted/HQ/016.png,ddc71b4b9bd2a57cabf985c7743b8ff7083a0d9205008603edb440ba27da9313,11.917512893676758,0.5691341285877319,307.66618996858597,1,0,1,0,0,0,0,0.12037284450889696
test/B/haze + noise/017,B,haze+noise,017,/root/autodl-tmp/aaa/graphrestore/artifacts/formal_mio100/graphrestore_v7_1_stage4_step040000/methods/graphrestore_v7_1_stage4_step040000/d2/haze+noise/017.png,ed8f2c6a9f799d217f738c70e739c71d197cc7f61801676a4f25d8e89bbb3f1e,/root/autodl-tmp/graph/data/graphrestore/raw/agenticir/extracted/HQ/017.png,ab3ab0c03c2d8c9c0befbcad219fae23c9795fdf99d664630f4f4febbd02c519,9.98409366607666,0.5086754325263652,234.91547256708145,1,0,1,0,0,0,0,0.12037284450889696
test/B/haze + noise/018,B,haze+noise,018,/root/autodl-tmp/aaa/graphrestore/artifacts/formal_mio100/graphrestore_v7_1_stage4_step040000/methods/graphrestore_v7_1_stage4_step040000/d2/haze+noise/018.png,1551d23735a39de9821fb4ffdeedc83ab6be05c88d12386808fb39f54c704636,/root/autodl-tmp/graph/data/graphrestore/raw/agenticir/extracted/HQ/018.png,66db8e4aeb78f506ae4415572eb910726c3f16ede70138093ab4eced187b8df1,12.447662353515625,0.5533439290126795,284.40380096435547,1,0,1,0,0,0,0,0.12037284450889696
test/B/haze + noise/019,B,haze+noise,019,/root/autodl-tmp/aaa/graphrestore/artifacts/formal_mio100/graphrestore_v7_1_stage4_step040000/methods/graphrestore_v7_1_stage4_step040000/d2/haze+noise/019.png,9c5f7f7190a45a43b3c8511a30cbd55a55994c0f85cf8a2c1f8bf59457bd9768,/root/autodl-tmp/graph/data/graphrestore/raw/agenticir/extracted/HQ/019.png,fb026cef85a4f7e64ad7c5f064ed15de1f04a7a7b6bde70b28ee78a55db21aeb,8.258068084716797,0.2858196310342506,236.08306050300598,1,0,1,0,0,0,0,0.12037284450889696
test/B/haze + noise/020,B,haze+noise,020,/root/autodl-tmp/aaa/graphrestore/artifacts/formal_mio100/graphrestore_v7_1_stage4_step040000/methods/graphrestore_v7_1_stage4_step040000/d2/haze+noise/020.png,582605f8327f2e415e7336e6755c2e6c86bbf0c557ca400a218ea36c89040b53,/root/autodl-tmp/graph/data/graphrestore/raw/agenticir/extracted/HQ/020.png,daa15d9f51eab9eca70197a7f05df7873e3eab75e432b0a81fe9488be552f37a,17.056842803955078,0.7859116156476709,288.1048247218132,1,0,1,0,0,0,0,0.12037284450889696
test/B/haze + noise/021,B,haze+noise,021,/root/autodl-tmp/aaa/graphrestore/artifacts/formal_mio100/graphrestore_v7_1_stage4_step040000/methods/graphrestore_v7_1_stage4_step040000/d2/haze+noise/021.png,60958bc97644ad725ee76219d345e85f81a60b1498ca44e08ed263f21856fc92,/root/autodl-tmp/graph/data/graphrestore/raw/agenticir/extracted/HQ/021.png,9fcc8dda4bbbe5e54e419f5cbb07e7b4310dd291ad1f1cd3cd65a90f9809baa8,17.9808406829834,0.7776217155146117,336.0854238271713,1,0,1,0,0,0,0,0.12037284450889696
test/B/haze + noise/022,B,haze+noise,022,/root/autodl-tmp/aaa/graphrestore/artifacts/formal_mio100/graphrestore_v7_1_stage4_step040000/methods/graphrestore_v7_1_stage4_step040000/d2/haze+noise/022.png,a11a05b15d775f8f8d7a0d7665900aff8c21e9e595f6c46013d28b11aba144e3,/root/autodl-tmp/graph/data/graphrestore/raw/agenticir/extracted/HQ/022.png,70c41dc6f249472324664323044853cb85a1256f39b4a31853ddbd89fcc1e191,14.907316207885742,0.7118625361399872,243.50383877754211,1,0,1,0,0,0,0,0.12037284450889696
test/B/haze + noise/023,B,haze+noise,023,/root/autodl-tmp/aaa/graphrestore/artifacts/formal_mio100/graphrestore_v7_1_stage4_step040000/methods/graphrestore_v7_1_stage4_step040000/d2/haze+noise/023.png,8cd472518746341ce0de0a98725ce2dbf404743fa9a62084e5ca8c05d8c6204d,/root/autodl-tmp/graph/data/graphrestore/raw/agenticir/extracted/HQ/023.png,befde78eca5789c87200ca1e2ac905ba8ad5706b50af86454bd30bc857c90e02,19.27389144897461,0.8535463858304467,237.5871241092682,1,0,1,0,0,0,0,0.12037284450889696
test/B/haze + noise/024,B,haze+noise,024,/root/autodl-tmp/aaa/graphrestore/artifacts/formal_mio100/graphrestore_v7_1_stage4_step040000/methods/graphrestore_v7_1_stage4_step040000/d2/haze+noise/024.png,70fb72376f35cd7d51767dd2c951c7b47e15f8a6f4ee5ec1c49de5eefb4afa10,/root/autodl-tmp/graph/data/graphrestore/raw/agenticir/extracted/HQ/024.png,e51441e174dd8dc0c47872ccb4221ab3f054b716588ee0f42d58a56098bd9538,21.56874656677246,0.845898958127137,237.689308822155,1,0,1,0,0,0,0,0.12037284450889696
test/B/haze + noise/025,B,haze+noise,025,/root/autodl-tmp/aaa/graphrestore/artifacts/formal_mio100/graphrestore_v7_1_stage4_step040000/methods/graphrestore_v7_1_stage4_step040000/d2/haze+noise/025.png,29e18efb1d65b306d5e75780af02c18df9f69b9b3a0cb02033cd5d00aff59b52,/root/autodl-tmp/graph/data/graphrestore/raw/agenticir/extracted/HQ/025.png,f384d4a9bc3c31bc29038378f849002dc4ff2db373d852b732f5cfc24ebed244,18.76403045654297,0.6849187844938566,237.76666820049286,1,0,1,0,0,0,0,0.12037284450889696
test/B/haze + noise/026,B,haze+noise,026,/root/autodl-tmp/aaa/graphrestore/artifacts/formal_mio100/graphrestore_v7_1_stage4_step040000/methods/graphrestore_v7_1_stage4_step040000/d2/haze+noise/026.png,02e2f4002e352cf04dd45706581a3cfcce5dfd47d9148e67c8db32405e1e15b8,/root/autodl-tmp/graph/data/graphrestore/raw/agenticir/extracted/HQ/026.png,cfce1d4c02a00f28988a64f63cd538c4147c3a72c147a6549d71f1105d671224,13.901762008666992,0.6823644014880365,561.0102787613869,2,0,2,1,0,0,0,0.12037284450889696
test/B/haze + noise/027,B,haze+noise,027,/root/autodl-tmp/aaa/graphrestore/artifacts/formal_mio100/graphrestore_v7_1_stage4_step040000/methods/graphrestore_v7_1_stage4_step040000/d2/haze+noise/027.png,ee82b01cde73371a4106e66e997c6ed33cfdf94bf452e08e5e09649ed3c54950,/root/autodl-tmp/graph/data/graphrestore/raw/agenticir/extracted/HQ/027.png,d69be3d26f3d3c95ffd9de3bd8d565120e0f09fb4aa84c72ae18d8fc4f871aae,13.622998237609863,0.7276468174556723,569.2722126841545,2,0,2,1,0,0,0,0.12037284450889696
test/B/haze + noise/028,B,haze+noise,028,/root/autodl-tmp/aaa/graphrestore/artifacts/formal_mio100/graphrestore_v7_1_stage4_step040000/methods/graphrestore_v7_1_stage4_step040000/d2/haze+noise/028.png,38bba1bbb1889befcb918797b35efe199227260743be5da1b9c4cde47af56b4d,/root/autodl-tmp/graph/data/graphrestore/raw/agenticir/extracted/HQ/028.png,181f97da79059de1a93d1a0d30f6851393282c6af8b607d83ce29ab8c9dbf771,24.40511703491211,0.8954183767252067,238.4979948401451,1,0,1,0,0,0,0,0.12037284450889696
test/B/haze + noise/029,B,haze+noise,029,/root/autodl-tmp/aaa/graphrestore/artifacts/formal_mio100/graphrestore_v7_1_stage4_step040000/methods/graphrestore_v7_1_stage4_step040000/d2/haze+noise/029.png,048912f680d1863a07b09aa238207dbd2cae4c313508ff188094de5a7226851e,/root/autodl-tmp/graph/data/graphrestore/raw/agenticir/extracted/HQ/029.png,3c7f43d0544ada8d7b64d7bb197621349fa1dcdf8400fb6128afaf8787814556,13.649072647094727,0.443618172470798,239.0507310628891,1,0,1,0,0,0,0,0.12037284450889696
test/B/haze + noise/030,B,haze+noise,030,/root/autodl-tmp/aaa/graphrestore/artifacts/formal_mio100/graphrestore_v7_1_stage4_step040000/methods/graphrestore_v7_1_stage4_step040000/d2/haze+noise/030.png,f88c1d751db1a6ac64eeef6077ae0fa52c006017cbace602c89847e67060e884,/root/autodl-tmp/graph/data/graphrestore/raw/agenticir/extracted/HQ/030.png,576b0158cf5a541dd6aaf522902400e8ba3175aacca36d9df22951f52acf3f2f,10.191126823425293,0.5602236543995236,415.1010066270828,2,0,2,0,0,0,0,0.12037284450889696
test/B/haze + noise/031,B,haze+noise,031,/root/autodl-tmp/aaa/graphrestore/artifacts/formal_mio100/graphrestore_v7_1_stage4_step040000/methods/graphrestore_v7_1_stage4_step040000/d2/haze+noise/031.png,0c3f32cbb35b7d70961c1a14bad4e76fb93b175f756612c585077a1d2b1c9705,/root/autodl-tmp/graph/data/graphrestore/raw/agenticir/extracted/HQ/031.png,ee314f8cd1954636c1817c95d1cb0db5aa871e179961c3463869d5dc2100d422,18.076740264892578,0.7474481831623442,264.52184468507767,1,0,1,0,0,0,0,0.12037284450889696
test/B/haze + noise/032,B,haze+noise,032,/root/autodl-tmp/aaa/graphrestore/artifacts/formal_mio100/graphrestore_v7_1_stage4_step040000/methods/graphrestore_v7_1_stage4_step040000/d2/haze+noise/032.png,2215baa3b5d0668e9c6950dd8f5ff110817f89f37afebc4641b7e04efbfc512e,/root/autodl-tmp/graph/data/graphrestore/raw/agenticir/extracted/HQ/032.png,e9749385ec471240dd782d677482b0d949b80ccb7472dc409fa260d1748ed9b9,17.438377380371094,0.7689345978558446,199.901781976223,1,0,1,0,0,0,0,0.12037284450889696
test/B/haze + noise/033,B,haze+noise,033,/root/autodl-tmp/aaa/graphrestore/artifacts/formal_mio100/graphrestore_v7_1_stage4_step040000/methods/graphrestore_v7_1_stage4_step040000/d2/haze+noise/033.png,2fc4ded01b5354bd2d45420d38eb315a28d87e756a656ae66409f7305e6ef249,/root/autodl-tmp/graph/data/graphrestore/raw/agenticir/extracted/HQ/033.png,9590f1419e378254c01f330c248e12e8a62792b04a27b72daf2c0afd6c41c758,12.756052017211914,0.5097147763325894,194.92214173078537,1,0,1,0,0,0,0,0.12037284450889696
test/B/haze + noise/034,B,haze+noise,034,/root/autodl-tmp/aaa/graphrestore/artifacts/formal_mio100/graphrestore_v7_1_stage4_step040000/methods/graphrestore_v7_1_stage4_step040000/d2/haze+noise/034.png,70fc934839830eeed0224cddd41bbb614719bcc759c24215438d6028830b1de5,/root/autodl-tmp/graph/data/graphrestore/raw/agenticir/extracted/HQ/034.png,0575cc2334f8f50fcbd3d9f58173645db8764f938ee55e8899084ca2b66fd018,6.687122344970703,0.23099038118721188,520.8094567060471,2,0,2,1,0,0,0,0.12037284450889696
test/B/haze + noise/035,B,haze+noise,035,/root/autodl-tmp/aaa/graphrestore/artifacts/formal_mio100/graphrestore_v7_1_stage4_step040000/methods/graphrestore_v7_1_stage4_step040000/d2/haze+noise/035.png,d7924137dfe6ae64affcc87eed5a9ad0e09744939cc1a3fbdf10d9e23650147b,/root/autodl-tmp/graph/data/graphrestore/raw/agenticir/extracted/HQ/035.png,4e230744a9cb7c3ebe976ae7267155312b876fb355283b4938b34b758aef7ff9,11.56925106048584,0.5966425507955374,292.10054874420166,1,0,1,0,0,0,0,0.12037284450889696
test/B/haze + noise/036,B,haze+noise,036,/root/autodl-tmp/aaa/graphrestore/artifacts/formal_mio100/graphrestore_v7_1_stage4_step040000/methods/graphrestore_v7_1_stage4_step040000/d2/haze+noise/036.png,96f93fa025c2c5c931ce006cb3ed8b5ce6aced8b959514d4fc3b0b540510a117,/root/autodl-tmp/graph/data/graphrestore/raw/agenticir/extracted/HQ/036.png,409fbd0ad51be33e9e2711cb7b22cb39999eaac6e278ca1621c20300be446d76,16.74837875366211,0.49159620220614325,250.21012127399445,1,0,1,0,0,0,0,0.12037284450889696
test/B/haze + noise/037,B,haze+noise,037,/root/autodl-tmp/aaa/graphrestore/artifacts/formal_mio100/graphrestore_v7_1_stage4_step040000/methods/graphrestore_v7_1_stage4_step040000/d2/haze+noise/037.png,54c04704c402e930964d65cfc18c02cfda4ad341291df4d90fb91de07fdfb463,/root/autodl-tmp/graph/data/graphrestore/raw/agenticir/extracted/HQ/037.png,8f31abe11ce5d5377f131fdc788024ffb8d5cfdda501c06a64ca1fc80fab0d07,18.93097686767578,0.7979777270502136,483.6038500070572,2,0,2,0,0,0,0,0.12037284450889696
test/B/haze + noise/038,B,haze+noise,038,/root/autodl-tmp/aaa/graphrestore/artifacts/formal_mio100/graphrestore_v7_1_stage4_step040000/methods/graphrestore_v7_1_stage4_step040000/d2/haze+noise/038.png,7d336463e846d25d8d7ac889f9721f7d23c11038b6536467f48af95267cd8411,/root/autodl-tmp/graph/data/graphrestore/raw/agenticir/extracted/HQ/038.png,fe7df2186482ca2cc105baed74cb1da9667b3b03e1629055880b6012db131aa1,9.952486991882324,0.5207684378785041,193.16141307353973,1,0,1,0,0,0,0,0.12037284450889696
test/B/haze + noise/039,B,haze+noise,039,/root/autodl-tmp/aaa/graphrestore/artifacts/formal_mio100/graphrestore_v7_1_stage4_step040000/methods/graphrestore_v7_1_stage4_step040000/d2/haze+noise/039.png,0857e492fcf11d9d8546d56b900ee3b763e041ee1021c67f5c98d322b6a61e5b,/root/autodl-tmp/graph/data/graphrestore/raw/agenticir/extracted/HQ/039.png,a2038f7610363fb1916197e0557fa84b50b610d86885a2d6409f9e3aa75fbbcd,10.940288543701172,0.5668497400180472,239.3687590956688,1,0,1,0,0,0,0,0.12037284450889696
test/B/haze + noise/040,B,haze+noise,040,/root/autodl-tmp/aaa/graphrestore/artifacts/formal_mio100/graphrestore_v7_1_stage4_step040000/methods/graphrestore_v7_1_stage4_step040000/d2/haze+noise/040.png,84ec290c9d36d98bc52f49ca9440ee2668e0523f1ae0beb5a7c43f79637dcd54,/root/autodl-tmp/graph/data/graphrestore/raw/agenticir/extracted/HQ/040.png,c5a9e4bb9d84a6734bdc04c272c48c1b17b150a1e346afab2338eb0ba41f1464,7.916347980499268,0.42123583794070074,264.27386701107025,1,0,1,0,0,0,0,0.12037284450889696
test/B/haze + noise/041,B,haze+noise,041,/root/autodl-tmp/aaa/graphrestore/artifacts/formal_mio100/graphrestore_v7_1_stage4_step040000/methods/graphrestore_v7_1_stage4_step040000/d2/haze+noise/041.png,1674d05631630b7fa21b4ed546cd5f6ab6815225bd9773135b478f6341615841,/root/autodl-tmp/graph/data/graphrestore/raw/agenticir/extracted/HQ/041.png,8d928c89de2952ccb40028ba7ecd3f9fee3f3907c9a371fbbcb7fdaf683bc27e,18.290098190307617,0.6497323721463735,294.436015188694,1,0,1,0,0,0,0,0.12037284450889696
test/B/haze + noise/042,B,haze+noise,042,/root/autodl-tmp/aaa/graphrestore/artifacts/formal_mio100/graphrestore_v7_1_stage4_step040000/methods/graphrestore_v7_1_stage4_step040000/d2/haze+noise/042.png,28d9d0789ed9bb1afa7393691970e5486eeab1781e654310a1d270fe23b1b81f,/root/autodl-tmp/graph/data/graphrestore/raw/agenticir/extracted/HQ/042.png,9ae42a00babed185468a76384204ff947b6baab53a82ca9b3cff6ef951f461bf,12.6788330078125,0.5182110858524567,518.811471760273,2,0,2,1,0,0,0,0.12037284450889696
test/B/haze + noise/043,B,haze+noise,043,/root/autodl-tmp/aaa/graphrestore/artifacts/formal_mio100/graphrestore_v7_1_stage4_step040000/methods/graphrestore_v7_1_stage4_step040000/d2/haze+noise/043.png,b0dbc82a43249a18ac445b9105da3f031b1e80a85fd8bcb28b995fcc5908e003,/root/autodl-tmp/graph/data/graphrestore/raw/agenticir/extracted/HQ/043.png,15880c27b3101797c4e5896dee7349ad832ac1c49fcd0c559b357f4e28296b4d,12.512961387634277,0.503389333317898,246.00719660520554,1,0,1,0,0,0,0,0.12037284450889696
test/B/haze + noise/044,B,haze+noise,044,/root/autodl-tmp/aaa/graphrestore/artifacts/formal_mio100/graphrestore_v7_1_stage4_step040000/methods/graphrestore_v7_1_stage4_step040000/d2/haze+noise/044.png,48a90b50cc5f3e671645da3e8cf8a58827295fc503cbbfc16ea357a5717a859f,/root/autodl-tmp/graph/data/graphrestore/raw/agenticir/extracted/HQ/044.png,0645011c1dc3777ab263df617d1747b902c2d321de6f939549cfbe43eabc9245,6.9616265296936035,0.3064123917880139,463.75004202127457,2,0,2,0,0,0,0,0.12037284450889696
test/B/haze + noise/045,B,haze+noise,045,/root/autodl-tmp/aaa/graphrestore/artifacts/formal_mio100/graphrestore_v7_1_stage4_step040000/methods/graphrestore_v7_1_stage4_step040000/d2/haze+noise/045.png,fff7a771b969d2f4fcdb6affb82f0990babb3898a73d2295d14747f46e816d9c,/root/autodl-tmp/graph/data/graphrestore/raw/agenticir/extracted/HQ/045.png,d3e352c98c1fe9df1181c1e362bb9c3ba3a1d077456198796083821dab20d1fc,12.314056396484375,0.41087741199697847,238.86533826589584,1,0,1,0,0,0,0,0.12037284450889696
test/B/haze + noise/046,B,haze+noise,046,/root/autodl-tmp/aaa/graphrestore/artifacts/formal_mio100/graphrestore_v7_1_stage4_step040000/methods/graphrestore_v7_1_stage4_step040000/d2/haze+noise/046.png,f15dedf0703e211560fd4967521d1da361d694dcd7420c7cfa1104d75ececa1d,/root/autodl-tmp/graph/data/graphrestore/raw/agenticir/extracted/HQ/046.png,af4b21bf96515f2ff4f97a4990856b43ae02a1d8f39909428228a2612b5f936f,13.743074417114258,0.49080381970285336,239.39242959022522,1,0,1,0,0,0,0,0.12037284450889696
test/B/haze + noise/047,B,haze+noise,047,/root/autodl-tmp/aaa/graphrestore/artifacts/formal_mio100/graphrestore_v7_1_stage4_step040000/methods/graphrestore_v7_1_stage4_step040000/d2/haze+noise/047.png,09b3641e01dadb23d254866a640ff8ce73ba9ffa9f6a36e865e4c3c1c5edddde,/root/autodl-tmp/graph/data/graphrestore/raw/agenticir/extracted/HQ/047.png,8ecf454f7d68ca4ebf19b2b4a22275d3bb344666e4e483fda2c8cb84d5ff94db,14.429805755615234,0.6324860751648648,291.0030707716942,1,0,1,0,0,0,0,0.12037284450889696
test/B/haze + noise/048,B,haze+noise,048,/root/autodl-tmp/aaa/graphrestore/artifacts/formal_mio100/graphrestore_v7_1_stage4_step040000/methods/graphrestore_v7_1_stage4_step040000/d2/haze+noise/048.png,d7558af8ecea04dc3d1393d14ae29cdbf5f6771bde4bf06c5e85a5cd74eca7de,/root/autodl-tmp/graph/data/graphrestore/raw/agenticir/extracted/HQ/048.png,b74e449ab10a96799f5e791f68de34dcfaf90a4befdb242cee372f6743841606,12.463727951049805,0.6391890744603911,239.76332694292068,1,0,1,0,0,0,0,0.12037284450889696
test/B/haze + noise/049,B,haze+noise,049,/root/autodl-tmp/aaa/graphrestore/artifacts/formal_mio100/graphrestore_v7_1_stage4_step040000/methods/graphrestore_v7_1_stage4_step040000/d2/haze+noise/049.png,5da0883659a6577f2a47adae3ac41d54203868a61d3a38797fb1bac35c7fbcc0,/root/autodl-tmp/graph/data/graphrestore/raw/agenticir/extracted/HQ/049.png,bdd8f4cec02d5659a12541bb32718429d397d6be195679045764e31574c4f226,13.183683395385742,0.6996811819889648,461.31105720996857,2,0,2,1,0,0,0,0.12037284450889696
test/B/haze + noise/050,B,haze+noise,050,/root/autodl-tmp/aaa/graphrestore/artifacts/formal_mio100/graphrestore_v7_1_stage4_step040000/methods/graphrestore_v7_1_stage4_step040000/d2/haze+noise/050.png,5c0c049e5415278b2e3618e3ea727ebf202636ae7df1f8f884dd179123a2c349,/root/autodl-tmp/graph/data/graphrestore/raw/agenticir/extracted/HQ/050.png,c4cfbc77b28b145af37ea26b0b501d69633ebdedd3ce9a90d5760063ee95f492,13.784950256347656,0.6949180247675008,288.3472740650177,1,0,1,0,0,0,0,0.12037284450889696
test/B/haze + noise/051,B,haze+noise,051,/root/autodl-tmp/aaa/graphrestore/artifacts/formal_mio100/graphrestore_v7_1_stage4_step040000/methods/graphrestore_v7_1_stage4_step040000/d2/haze+noise/051.png,97713b3548a49d95f8982dccd87e75ea704c62b6bf6979b4895c10b37037c189,/root/autodl-tmp/graph/data/graphrestore/raw/agenticir/extracted/HQ/051.png,433269b5d76ea42b944162d49085d86b82a4eab52705e69d4dfa7c8a0ccbe187,7.238574504852295,0.4228187474198469,237.83311247825623,1,0,1,0,0,0,0,0.12037284450889696
test/B/haze + noise/052,B,haze+noise,052,/root/autodl-tmp/aaa/graphrestore/artifacts/formal_mio100/graphrestore_v7_1_stage4_step040000/methods/graphrestore_v7_1_stage4_step040000/d2/haze+noise/052.png,3ae314e937ddc2fde20245d9e0ff85d293e655b34757bd21261f683775dce61e,/root/autodl-tmp/graph/data/graphrestore/raw/agenticir/extracted/HQ/052.png,b0fe4f61cfdf3e31caa56791dcd8d50f729c75652d7970a654be64494341ada3,15.855866432189941,0.6463762940270981,237.88631707429886,1,0,1,0,0,0,0,0.12037284450889696
test/B/haze + noise/053,B,haze+noise,053,/root/autodl-tmp/aaa/graphrestore/artifacts/formal_mio100/graphrestore_v7_1_stage4_step040000/methods/graphrestore_v7_1_stage4_step040000/d2/haze+noise/053.png,380b82189d6f1b0d8e804833b67acd6ff1b417c17af1ef8cd1c916f5c10f5725,/root/autodl-tmp/graph/data/graphrestore/raw/agenticir/extracted/HQ/053.png,6b1f2208c72adcd28d96a15d538bbfbe27cb5a21be416b6f30fa836b12ac867d,16.05829429626465,0.7165404283251235,238.16116154193878,1,0,1,0,0,0,0,0.12037284450889696
test/B/haze + noise/054,B,haze+noise,054,/root/autodl-tmp/aaa/graphrestore/artifacts/formal_mio100/graphrestore_v7_1_stage4_step040000/methods/graphrestore_v7_1_stage4_step040000/d2/haze+noise/054.png,087971a4ab5f80443b4aa3e8e0b5f71d5ce316e289606dc366e8870fde914140,/root/autodl-tmp/graph/data/graphrestore/raw/agenticir/extracted/HQ/054.png,699ffde2d8d110e52811d39e5b9d745965d4211dd2312f453ce367f1bc0e66f5,14.312739372253418,0.717970786120749,240.3835877776146,1,0,1,0,0,0,0,0.12037284450889696
test/B/haze + noise/055,B,haze+noise,055,/root/autodl-tmp/aaa/graphrestore/artifacts/formal_mio100/graphrestore_v7_1_stage4_step040000/methods/graphrestore_v7_1_stage4_step040000/d2/haze+noise/055.png,28dfc5da3caf44145d8b89f2492fee8dea50dbb733f2e9e09078e30fbefa20c3,/root/autodl-tmp/graph/data/graphrestore/raw/agenticir/extracted/HQ/055.png,5a59c6f9051a70f1c3ad8e9550b2a21322ef8ad71bd70085fb2330f6f6da3948,10.58261775970459,0.7513126359131673,288.6807844042778,1,0,1,0,0,0,0,0.12037284450889696
test/B/haze + noise/056,B,haze+noise,056,/root/autodl-tmp/aaa/graphrestore/artifacts/formal_mio100/graphrestore_v7_1_stage4_step040000/methods/graphrestore_v7_1_stage4_step040000/d2/haze+noise/056.png,f51014e1302cde8072fdf67bfeccc4f701e6184b25ae19b5c048a8f12167b636,/root/autodl-tmp/graph/data/graphrestore/raw/agenticir/extracted/HQ/056.png,c5f28866f72e2d370875385eb6575124b0735f8f927fae1c07ff7151e200c956,9.950418472290039,0.5997186270202948,220.90569883584976,1,0,1,0,0,0,0,0.12037284450889696
test/B/haze + noise/057,B,haze+noise,057,/root/autodl-tmp/aaa/graphrestore/artifacts/formal_mio100/graphrestore_v7_1_stage4_step040000/methods/graphrestore_v7_1_stage4_step040000/d2/haze+noise/057.png,b0603661753e570ab1018cffae53fcaf8a9d53bb068e59fee3ceda3303fedf77,/root/autodl-tmp/graph/data/graphrestore/raw/agenticir/extracted/HQ/057.png,42353ae75793843947c257055d87e0568db28ed51b9a5d87cc0d6a0dafb242af,14.92392349243164,0.8105335635374097,239.88457024097443,1,0,1,0,0,0,0,0.12037284450889696
test/B/haze + noise/058,B,haze+noise,058,/root/autodl-tmp/aaa/graphrestore/artifacts/formal_mio100/graphrestore_v7_1_stage4_step040000/methods/graphrestore_v7_1_stage4_step040000/d2/haze+noise/058.png,27c4723b8b1debc9f5763a34b74ceb7013100ec955764a3dc03cdb78c58f3d36,/root/autodl-tmp/graph/data/graphrestore/raw/agenticir/extracted/HQ/058.png,e50e67dc4e57dc18d552546044c5ca169fdb26de4d5d81650d00d4b0f3ab7e76,11.786907196044922,0.7023767622308313,240.47722667455673,1,0,1,0,0,0,0,0.12037284450889696
test/B/haze + noise/059,B,haze+noise,059,/root/autodl-tmp/aaa/graphrestore/artifacts/formal_mio100/graphrestore_v7_1_stage4_step040000/methods/graphrestore_v7_1_stage4_step040000/d2/haze+noise/059.png,33d40942b9f9aca17c268103c38d88702561f8876a96fc937dea39a742796a01,/root/autodl-tmp/graph/data/graphrestore/raw/agenticir/extracted/HQ/059.png,e60c8277194566df02c7cefc895d1390756059f7a29ac67206ec202f1b897add,12.20736312866211,0.599255974000539,264.4699290394783,1,0,1,0,0,0,0,0.12037284450889696
test/B/haze + noise/060,B,haze+noise,060,/root/autodl-tmp/aaa/graphrestore/artifacts/formal_mio100/graphrestore_v7_1_stage4_step040000/methods/graphrestore_v7_1_stage4_step040000/d2/haze+noise/060.png,c624017dfd4d48fb6c74e14db71d902fef7c17f411cccb2ea0f1a20e51b42ed4,/root/autodl-tmp/graph/data/graphrestore/raw/agenticir/extracted/HQ/060.png,d173273231bf0b68767ae3e287f4f34baa71e7d986a98c43a41fa9668fd8a0d4,12.046028137207031,0.5957755964905813,462.95066177845,2,0,2,0,0,0,0,0.12037284450889696
test/B/haze + noise/061,B,haze+noise,061,/root/autodl-tmp/aaa/graphrestore/artifacts/formal_mio100/graphrestore_v7_1_stage4_step040000/methods/graphrestore_v7_1_stage4_step040000/d2/haze+noise/061.png,8bf359bf8d17cc8bff33363e92d7ae1219a4cd8c06e0d6569403f7cc1a11d20c,/root/autodl-tmp/graph/data/graphrestore/raw/agenticir/extracted/HQ/061.png,a7818ddc00c398726bcd4724e9a51456bf18e4eb573f2f68b79ea2dedf0e699c,15.835017204284668,0.7140254291158195,240.35633355379105,1,0,1,0,0,0,0,0.12037284450889696
test/B/haze + noise/062,B,haze+noise,062,/root/autodl-tmp/aaa/graphrestore/artifacts/formal_mio100/graphrestore_v7_1_stage4_step040000/methods/graphrestore_v7_1_stage4_step040000/d2/haze+noise/062.png,f5fca1d8a4664e38d3f7491481652534a8978f59d5d25bfb67bbb720069d969f,/root/autodl-tmp/graph/data/graphrestore/raw/agenticir/extracted/HQ/062.png,7829e8bf6fee7705051b0e4486c3abb2cdf412c83ac15b9f5ed9d9036c296d40,8.620656967163086,0.48827934215977964,290.041483938694,1,0,1,0,0,0,0,0.12037284450889696
test/B/haze + noise/063,B,haze+noise,063,/root/autodl-tmp/aaa/graphrestore/artifacts/formal_mio100/graphrestore_v7_1_stage4_step040000/methods/graphrestore_v7_1_stage4_step040000/d2/haze+noise/063.png,77563ebb2a675e2e2e8c6fc29b0e197dadf2631e1d3b36e2904c5193b1b9602a,/root/autodl-tmp/graph/data/graphrestore/raw/agenticir/extracted/HQ/063.png,f7ccce7c58be38c16fb08060b8b379825cb0417a04e6813c72985768a480929c,13.248668670654297,0.5408334044874599,247.94519692659378,1,0,1,0,0,0,0,0.12037284450889696
test/B/haze + noise/064,B,haze+noise,064,/root/autodl-tmp/aaa/graphrestore/artifacts/formal_mio100/graphrestore_v7_1_stage4_step040000/methods/graphrestore_v7_1_stage4_step040000/d2/haze+noise/064.png,5a8566b41e20518fa333d7c7ab3688033d6c3e5f24ca32eb6c53a17cbabad1e4,/root/autodl-tmp/graph/data/graphrestore/raw/agenticir/extracted/HQ/064.png,b34caae8d574b2c008d53ceb0490df55c099e68844b2819f0c02fc50db26cee0,18.54145622253418,0.6078802479181881,268.7526345252991,1,0,1,0,0,0,0,0.12037284450889696
test/B/haze + noise/065,B,haze+noise,065,/root/autodl-tmp/aaa/graphrestore/artifacts/formal_mio100/graphrestore_v7_1_stage4_step040000/methods/graphrestore_v7_1_stage4_step040000/d2/haze+noise/065.png,7d6d847cff7537d911ffc2cdf9efc0b1119fd00940e8a0b0f54f564c0c81c5e1,/root/autodl-tmp/graph/data/graphrestore/raw/agenticir/extracted/HQ/065.png,f0770ae16bf79be3b5d94a7868da009f5ce1bbf54bfe5c879e352a4df590ef63,14.923914909362793,0.6079189220572037,296.4892238378525,1,0,1,0,0,0,0,0.12037284450889696
test/B/haze + noise/066,B,haze+noise,066,/root/autodl-tmp/aaa/graphrestore/artifacts/formal_mio100/graphrestore_v7_1_stage4_step040000/methods/graphrestore_v7_1_stage4_step040000/d2/haze+noise/066.png,950c36eb569ec3f29a2d7f6ad4223e8a2e98a6387ecf9827d2703e24f3c513ec,/root/autodl-tmp/graph/data/graphrestore/raw/agenticir/extracted/HQ/066.png,a19230b326bd2fb5c26ae283f65bf0b85f39f90421056a47c7ecd6d683379aff,10.762721061706543,0.5897138515668047,294.98088359832764,1,0,1,0,0,0,0,0.12037284450889696
test/B/haze + noise/067,B,haze+noise,067,/root/autodl-tmp/aaa/graphrestore/artifacts/formal_mio100/graphrestore_v7_1_stage4_step040000/methods/graphrestore_v7_1_stage4_step040000/d2/haze+noise/067.png,8aec478b3ca78abb49162e277a2d8e0cd4344c3ba4b2318766142437f0578409,/root/autodl-tmp/graph/data/graphrestore/raw/agenticir/extracted/HQ/067.png,91cd9f021a6902b7f3220c6a373cba11f3bfbe4e4984c1d6fc4be0c76acb67a0,20.660057067871094,0.7747540278617454,244.52805519104004,1,0,1,0,0,0,0,0.12037284450889696
test/B/haze + noise/068,B,haze+noise,068,/root/autodl-tmp/aaa/graphrestore/artifacts/formal_mio100/graphrestore_v7_1_stage4_step040000/methods/graphrestore_v7_1_stage4_step040000/d2/haze+noise/068.png,a7f4b364f2927ff315b5e1293ad205650c09a57c98d700b80b4c9fe5d9330250,/root/autodl-tmp/graph/data/graphrestore/raw/agenticir/extracted/HQ/068.png,b8187d79db16002364f6017df807e6cac41e7ee9a68413a384b1bd69eddaa638,11.020512580871582,0.5793912520836256,243.09907853603363,1,0,1,0,0,0,0,0.12037284450889696
test/B/haze + noise/069,B,haze+noise,069,/root/autodl-tmp/aaa/graphrestore/artifacts/formal_mio100/graphrestore_v7_1_stage4_step040000/methods/graphrestore_v7_1_stage4_step040000/d2/haze+noise/069.png,2dc9e3e943bb871af9a7cf4abf1fc10782d397ac2dbc07d988133ccc22436fba,/root/autodl-tmp/graph/data/graphrestore/raw/agenticir/extracted/HQ/069.png,abb08be58f50075e5e6b1de44ddfe61c30ebb34882e9d72681edd73a5cdbb156,16.47498893737793,0.651697228723336,298.94789308309555,1,0,1,0,0,0,0,0.12037284450889696
test/B/haze + noise/070,B,haze+noise,070,/root/autodl-tmp/aaa/graphrestore/artifacts/formal_mio100/graphrestore_v7_1_stage4_step040000/methods/graphrestore_v7_1_stage4_step040000/d2/haze+noise/070.png,c7ae345cb7e447f9da1cca6a1db6f467d8d304a39a4c7241faead657cdc742bb,/root/autodl-tmp/graph/data/graphrestore/raw/agenticir/extracted/HQ/070.png,718ae2570e431003fb32f2a40e19f813545164ace18230ac03f9ec96b2747f85,11.744671821594238,0.6874665336020804,248.77943843603134,1,0,1,0,0,0,0,0.12037284450889696
test/B/haze + noise/071,B,haze+noise,071,/root/autodl-tmp/aaa/graphrestore/artifacts/formal_mio100/graphrestore_v7_1_stage4_step040000/methods/graphrestore_v7_1_stage4_step040000/d2/haze+noise/071.png,c25af5a1cca7f392a73147e460b79f447adc724913ddee6d607151582d9243fb,/root/autodl-tmp/graph/data/graphrestore/raw/agenticir/extracted/HQ/071.png,e8bc40490eabb437e225b0acde6b8dc1d8942f2b9657e042051c166804b07b15,11.11720085144043,0.7078460502102344,242.59862303733826,1,0,1,0,0,0,0,0.12037284450889696
test/B/haze + noise/072,B,haze+noise,072,/root/autodl-tmp/aaa/graphrestore/artifacts/formal_mio100/graphrestore_v7_1_stage4_step040000/methods/graphrestore_v7_1_stage4_step040000/d2/haze+noise/072.png,c8d7d30b67496ffe8352a387394e3eb80b484c1b04e16047e772a579edc40354,/root/autodl-tmp/graph/data/graphrestore/raw/agenticir/extracted/HQ/072.png,6b887c3fd578dc80ca3b15a823f1b43d80db2d30abc07d144e03f7228acb8144,19.166175842285156,0.8420949133240071,266.35783165693283,1,0,1,0,0,0,0,0.12037284450889696
test/B/haze + noise/073,B,haze+noise,073,/root/autodl-tmp/aaa/graphrestore/artifacts/formal_mio100/graphrestore_v7_1_stage4_step040000/methods/graphrestore_v7_1_stage4_step040000/d2/haze+noise/073.png,fd4bd2184ec4f874fe775463e63c00f540afad4fefb436d6bf4b911c6b3f85b0,/root/autodl-tmp/graph/data/graphrestore/raw/agenticir/extracted/HQ/073.png,e4a8516954bfb4b79f2fc6194b6b4a8ed63250e14fe7ce0b6f6d77c922f84730,8.614614486694336,0.48759835679799174,294.8194369673729,1,0,1,0,0,0,0,0.12037284450889696
test/B/haze + noise/074,B,haze+noise,074,/root/autodl-tmp/aaa/graphrestore/artifacts/formal_mio100/graphrestore_v7_1_stage4_step040000/methods/graphrestore_v7_1_stage4_step040000/d2/haze+noise/074.png,eaf45494a67541163643c625b89c9b507e88e07f8c9d47ee82b119207d26f6c4,/root/autodl-tmp/graph/data/graphrestore/raw/agenticir/extracted/HQ/074.png,cfa80e9825a34173ab0d1810b1b63bf645aa1b6b743966a77d7d03463319fd8e,11.654058456420898,0.5629977727551366,244.90264803171158,1,0,1,0,0,0,0,0.12037284450889696
test/B/haze + noise/075,B,haze+noise,075,/root/autodl-tmp/aaa/graphrestore/artifacts/formal_mio100/graphrestore_v7_1_stage4_step040000/methods/graphrestore_v7_1_stage4_step040000/d2/haze+noise/075.png,03e02970371a2422c3040fe70dd762bcdfeaec2a15f634cf857359894d91838d,/root/autodl-tmp/graph/data/graphrestore/raw/agenticir/extracted/HQ/075.png,637e76a0398c825f3214d13b10485f7c180dc359b838ade377382c22c8f6b788,16.698680877685547,0.7374429919814492,244.93908882141113,1,0,1,0,0,0,0,0.12037284450889696
test/B/haze + noise/076,B,haze+noise,076,/root/autodl-tmp/aaa/graphrestore/artifacts/formal_mio100/graphrestore_v7_1_stage4_step040000/methods/graphrestore_v7_1_stage4_step040000/d2/haze+noise/076.png,ffab21e31a68ec768c74c5d4801e4bba408fd07985ee5672bfe603f216a625db,/root/autodl-tmp/graph/data/graphrestore/raw/agenticir/extracted/HQ/076.png,28f7193b83d2979c14a7c73e95657ce02a2cc902196495bea289e190f48cecae,13.407479286193848,0.7597472014632906,239.28970098495483,1,0,1,0,0,0,0,0.12037284450889696
test/B/haze + noise/077,B,haze+noise,077,/root/autodl-tmp/aaa/graphrestore/artifacts/formal_mio100/graphrestore_v7_1_stage4_step040000/methods/graphrestore_v7_1_stage4_step040000/d2/haze+noise/077.png,0d2151c6140917db5732b27a73aa51b1203573245353cfecda1b9334a3c8b2f9,/root/autodl-tmp/graph/data/graphrestore/raw/agenticir/extracted/HQ/077.png,6d0b3c0c4255ee2de7c3c275c114eb531248c06fce157913f4e69dacd492cc91,24.554779052734375,0.9066650119739398,239.50769752264023,1,0,1,0,0,0,0,0.12037284450889696
test/B/haze + noise/078,B,haze+noise,078,/root/autodl-tmp/aaa/graphrestore/artifacts/formal_mio100/graphrestore_v7_1_stage4_step040000/methods/graphrestore_v7_1_stage4_step040000/d2/haze+noise/078.png,44825f74b0e06f63c19d2091718c97036fc463c9a63130d79d66c6fd39977a55,/root/autodl-tmp/graph/data/graphrestore/raw/agenticir/extracted/HQ/078.png,ae84b8b3592a0f623d5bd2c5791b049e6fd87155614fbbad37f1ac00a2cfa870,18.158733367919922,0.7264462652756531,289.08931463956833,1,0,1,0,0,0,0,0.12037284450889696
test/B/haze + noise/079,B,haze+noise,079,/root/autodl-tmp/aaa/graphrestore/artifacts/formal_mio100/graphrestore_v7_1_stage4_step040000/methods/graphrestore_v7_1_stage4_step040000/d2/haze+noise/079.png,49eda6eeea0eafdc8b237584705b2ba3e593de450b79d78da64e18d0e9fa1892,/root/autodl-tmp/graph/data/graphrestore/raw/agenticir/extracted/HQ/079.png,166cde30b17743be2ca3fb2c29004e0b38b126bfa1d8d5f41013c23eb248aad5,9.838650703430176,0.4516797997938237,270.93829959630966,1,0,1,0,0,0,0,0.12037284450889696
test/B/haze + noise/080,B,haze+noise,080,/root/autodl-tmp/aaa/graphrestore/artifacts/formal_mio100/graphrestore_v7_1_stage4_step040000/methods/graphrestore_v7_1_stage4_step040000/d2/haze+noise/080.png,fd503a86f2f957ad0304126afb765bdce64536e37a04aaef1cc97b2e4253b159,/root/autodl-tmp/graph/data/graphrestore/raw/agenticir/extracted/HQ/080.png,b208599722bce230536ae4db62272e883a7714d4bfca7d73e1361da3b2ca9225,15.813189506530762,0.7367503486256228,469.45134550333023,2,0,2,0,0,0,0,0.12037284450889696
test/B/haze + noise/081,B,haze+noise,081,/root/autodl-tmp/aaa/graphrestore/artifacts/formal_mio100/graphrestore_v7_1_stage4_step040000/methods/graphrestore_v7_1_stage4_step040000/d2/haze+noise/081.png,dfdf721d6c1c58784fdb141e27d1f6b658c066ed6d76401e060b57a6b137828a,/root/autodl-tmp/graph/data/graphrestore/raw/agenticir/extracted/HQ/081.png,f86df1e220755af6ab50844f797e3fb45165c5dde9ac8ee1750544154cfd1ad7,12.377246856689453,0.6359969535703848,289.6200641989708,1,0,1,0,0,0,0,0.12037284450889696
test/B/haze + noise/082,B,haze+noise,082,/root/autodl-tmp/aaa/graphrestore/artifacts/formal_mio100/graphrestore_v7_1_stage4_step040000/methods/graphrestore_v7_1_stage4_step040000/d2/haze+noise/082.png,866c38226e83b8794769ead2674ba045a0a96b052717749ca5d47884d8dc4247,/root/autodl-tmp/graph/data/graphrestore/raw/agenticir/extracted/HQ/082.png,698a641215db75e2471381c00fc2a84208122a4a0115beeb5679de746977682e,11.53535270690918,0.39673048353013146,243.15349012613297,1,0,1,0,0,0,0,0.12037284450889696
test/B/haze + noise/083,B,haze+noise,083,/root/autodl-tmp/aaa/graphrestore/artifacts/formal_mio100/graphrestore_v7_1_stage4_step040000/methods/graphrestore_v7_1_stage4_step040000/d2/haze+noise/083.png,41412b4fd3cf53982b6eb02def18e9546be7d6b84be50893465f49353aa3034f,/root/autodl-tmp/graph/data/graphrestore/raw/agenticir/extracted/HQ/083.png,4772b8d475dfc90626760cea35452db0ee8dfdd89f7cd8def57f8b4d74ecef44,8.302146911621094,0.4312033414197003,503.54690104722977,2,0,2,1,0,0,0,0.12037284450889696
test/B/haze + noise/084,B,haze+noise,084,/root/autodl-tmp/aaa/graphrestore/artifacts/formal_mio100/graphrestore_v7_1_stage4_step040000/methods/graphrestore_v7_1_stage4_step040000/d2/haze+noise/084.png,b7e8efff7777d6797c81737c1e275f17fbfada71cf85f6cab066d9768b0a3c35,/root/autodl-tmp/graph/data/graphrestore/raw/agenticir/extracted/HQ/084.png,1bc34c4607ba66d84248fe8e7d5e30546ae13841542d8b1cb9146f2a2485df64,22.44502830505371,0.8589918639209045,235.0645288825035,1,0,1,0,0,0,0,0.12037284450889696
test/B/haze + noise/085,B,haze+noise,085,/root/autodl-tmp/aaa/graphrestore/artifacts/formal_mio100/graphrestore_v7_1_stage4_step040000/methods/graphrestore_v7_1_stage4_step040000/d2/haze+noise/085.png,b9586d76f5227476973f8c75b239f11c17e3081de03912296d5d5e2f4d932cb7,/root/autodl-tmp/graph/data/graphrestore/raw/agenticir/extracted/HQ/085.png,6174b7cb004afd2a578ec1950d92b99c41115b5a6bf70a511f19156c62bd5274,13.823119163513184,0.6903518425529326,241.17814749479294,1,0,1,0,0,0,0,0.12037284450889696
test/B/haze + noise/086,B,haze+noise,086,/root/autodl-tmp/aaa/graphrestore/artifacts/formal_mio100/graphrestore_v7_1_stage4_step040000/methods/graphrestore_v7_1_stage4_step040000/d2/haze+noise/086.png,c5c8eda11c978ec9cff1d11d906e684652b49dbe0796d1a47feae21b4d69eb26,/root/autodl-tmp/graph/data/graphrestore/raw/agenticir/extracted/HQ/086.png,68a629299aaf0e4d70065c504c9b3e397721fa17a25c2585446914aa5c7bafb5,24.01422119140625,0.9139324335278779,247.96727299690247,1,0,1,0,0,0,0,0.12037284450889696
test/B/haze + noise/087,B,haze+noise,087,/root/autodl-tmp/aaa/graphrestore/artifacts/formal_mio100/graphrestore_v7_1_stage4_step040000/methods/graphrestore_v7_1_stage4_step040000/d2/haze+noise/087.png,16dfba8b1b4f71fbc4e3217caf960d2b8ffc21e7e6a41847743c4474a4055826,/root/autodl-tmp/graph/data/graphrestore/raw/agenticir/extracted/HQ/087.png,059a862de1498fc3b783bcfcce8fad399573aa912bb6638bbd3d43d23b88cdc6,10.620575904846191,0.5300997497293326,237.7067133784294,1,0,1,0,0,0,0,0.12037284450889696
test/B/haze + noise/088,B,haze+noise,088,/root/autodl-tmp/aaa/graphrestore/artifacts/formal_mio100/graphrestore_v7_1_stage4_step040000/methods/graphrestore_v7_1_stage4_step040000/d2/haze+noise/088.png,2274ec964e826f29fca8480d10161c438330469a2532170d1795124f4436a273,/root/autodl-tmp/graph/data/graphrestore/raw/agenticir/extracted/HQ/088.png,e76841066e027bd2a2fa101a4598c597d4891a7c535e3cc3195b7afcc249d7ae,9.159818649291992,0.5378269488637324,286.2798199057579,1,0,1,0,0,0,0,0.12037284450889696
test/B/haze + noise/089,B,haze+noise,089,/root/autodl-tmp/aaa/graphrestore/artifacts/formal_mio100/graphrestore_v7_1_stage4_step040000/methods/graphrestore_v7_1_stage4_step040000/d2/haze+noise/089.png,bfa6561a56835e190646f2d9e42c725e386a49e768ab57e781deee0f414db2a6,/root/autodl-tmp/graph/data/graphrestore/raw/agenticir/extracted/HQ/089.png,046e493440ea7499fe07cec3853e6e170225ce6cdc903aac14730fa6b9bf36ab,13.718978881835938,0.6789202458572073,241.3722351193428,1,0,1,0,0,0,0,0.12037284450889696
test/B/haze + noise/090,B,haze+noise,090,/root/autodl-tmp/aaa/graphrestore/artifacts/formal_mio100/graphrestore_v7_1_stage4_step040000/methods/graphrestore_v7_1_stage4_step040000/d2/haze+noise/090.png,e4f4819c2144304aa32c12f0724664e232dbdf9b289be23783dd03f9571bd04f,/root/autodl-tmp/graph/data/graphrestore/raw/agenticir/extracted/HQ/090.png,830f74b8389bfef595e56e910efc49cf4246f6f7bd552ea8c45d071a0113053c,14.091180801391602,0.7011248566509463,265.8369764685631,1,0,1,0,0,0,0,0.12037284450889696
test/B/haze + noise/091,B,haze+noise,091,/root/autodl-tmp/aaa/graphrestore/artifacts/formal_mio100/graphrestore_v7_1_stage4_step040000/methods/graphrestore_v7_1_stage4_step040000/d2/haze+noise/091.png,71373d5788967acc343feac4012841db2267dd0719f2801d027e334f88a6c695,/root/autodl-tmp/graph/data/graphrestore/raw/agenticir/extracted/HQ/091.png,5e553db9d41f0f077260ca811d0fc988002511f536fd217035e5495bab201d6c,12.218318939208984,0.6758194015397461,238.95122110843658,1,0,1,0,0,0,0,0.12037284450889696
test/B/haze + noise/092,B,haze+noise,092,/root/autodl-tmp/aaa/graphrestore/artifacts/formal_mio100/graphrestore_v7_1_stage4_step040000/methods/graphrestore_v7_1_stage4_step040000/d2/haze+noise/092.png,78411ebb78552145eba765483f1469b1d63f5abe33a41169e4d0e1cc4e1c20ce,/root/autodl-tmp/graph/data/graphrestore/raw/agenticir/extracted/HQ/092.png,d2fdbb69f6828c6707d3f41abfcb56dcb6e0d8e75181ac8d0c55eea107f20d48,15.701788902282715,0.5935921996365996,263.7059688568115,1,0,1,0,0,0,0,0.12037284450889696
test/B/haze + noise/093,B,haze+noise,093,/root/autodl-tmp/aaa/graphrestore/artifacts/formal_mio100/graphrestore_v7_1_stage4_step040000/methods/graphrestore_v7_1_stage4_step040000/d2/haze+noise/093.png,b61273e760f326d5dfc5a902be4d358969b67c24c337c9b4232c8421f3ed0cde,/root/autodl-tmp/graph/data/graphrestore/raw/agenticir/extracted/HQ/093.png,b9ef1df7a3be70176f064c2568ea12d8cd9c9c54b3e8fd72bca53d170eaf06f2,19.123130798339844,0.8423480298807863,763.5022550821304,2,0,2,0,0,0,0,0.12120300205723418
test/B/haze + noise/094,B,haze+noise,094,/root/autodl-tmp/aaa/graphrestore/artifacts/formal_mio100/graphrestore_v7_1_stage4_step040000/methods/graphrestore_v7_1_stage4_step040000/d2/haze+noise/094.png,41df341238bfd193604b6c3f6cf9d4480a09b429ad4b126114aace908fb1947b,/root/autodl-tmp/graph/data/graphrestore/raw/agenticir/extracted/HQ/094.png,45dab31fa407b6793844322a5e147cdfedc3bfa449cd28fc9605f41dba80966d,11.019660949707031,0.5929025019721627,243.64310503005981,1,0,1,0,0,0,0,0.12120300205723418
test/B/haze + noise/095,B,haze+noise,095,/root/autodl-tmp/aaa/graphrestore/artifacts/formal_mio100/graphrestore_v7_1_stage4_step040000/methods/graphrestore_v7_1_stage4_step040000/d2/haze+noise/095.png,5575d5f3133aa9a8e3e3e1087c33853f9bf400988ceac9785f3c277a3d03dc0f,/root/autodl-tmp/graph/data/graphrestore/raw/agenticir/extracted/HQ/095.png,2f04f8c811593049180a1c6bdcf5d723d3c2f6443ba518c407e4976d7a6b2637,19.717140197753906,0.8676776817671968,220.89147567749023,1,0,1,0,0,0,0,0.12120300205723418
test/B/haze + noise/096,B,haze+noise,096,/root/autodl-tmp/aaa/graphrestore/artifacts/formal_mio100/graphrestore_v7_1_stage4_step040000/methods/graphrestore_v7_1_stage4_step040000/d2/haze+noise/096.png,75ab1c39f6d3aa4a3deb6fe79327ecef16400b1986b793dacbf207a2db1d87cc,/root/autodl-tmp/graph/data/graphrestore/raw/agenticir/extracted/HQ/096.png,3ac9dbd626f9e294ae10a8ab11a34f6c0132ed355627d25ce3f8790f701fae29,16.228776931762695,0.8259726407363535,239.50906097888947,1,0,1,0,0,0,0,0.12120300205723418
test/B/haze + noise/097,B,haze+noise,097,/root/autodl-tmp/aaa/graphrestore/artifacts/formal_mio100/graphrestore_v7_1_stage4_step040000/methods/graphrestore_v7_1_stage4_step040000/d2/haze+noise/097.png,857d77417fadd2ce8fa5dbdc9c8400bd458a9da29112a05630e2eba7b65a39b7,/root/autodl-tmp/graph/data/graphrestore/raw/agenticir/extracted/HQ/097.png,9b6c3c0d294f54e89b51656b0163aa8d0715dd7904848721ea76c07ccf737d2e,17.781980514526367,0.836746416730996,239.65559154748917,1,0,1,0,0,0,0,0.12120300205723418
test/B/haze + noise/098,B,haze+noise,098,/root/autodl-tmp/aaa/graphrestore/artifacts/formal_mio100/graphrestore_v7_1_stage4_step040000/methods/graphrestore_v7_1_stage4_step040000/d2/haze+noise/098.png,b5a71161b5a9b0cce9c30f42931bcf3db17373711f0743994fc54e257864b7a0,/root/autodl-tmp/graph/data/graphrestore/raw/agenticir/extracted/HQ/098.png,f0574e5262ab9942e66006e0df3aab8738de997489badc302e131ae74299181f,10.931203842163086,0.5623437756314391,289.27450627088547,1,0,1,0,0,0,0,0.12120300205723418
test/B/haze + noise/099,B,haze+noise,099,/root/autodl-tmp/aaa/graphrestore/artifacts/formal_mio100/graphrestore_v7_1_stage4_step040000/methods/graphrestore_v7_1_stage4_step040000/d2/haze+noise/099.png,b4faaff74f26924d20a5569c3cb46f2ca8570d07eef60a674c2c2f257e0b0d9d,/root/autodl-tmp/graph/data/graphrestore/raw/agenticir/extracted/HQ/099.png,15ddff6cab9869d7fe8a7cb6fd328b436bbfa9b089e6adcbba7a5048e4c97f8b,10.01837158203125,0.4307469454475643,244.67477947473526,1,0,1,0,0,0,0,0.12120300205723418
test/B/haze + noise/100,B,haze+noise,100,/root/autodl-tmp/aaa/graphrestore/artifacts/formal_mio100/graphrestore_v7_1_stage4_step040000/methods/graphrestore_v7_1_stage4_step040000/d2/haze+noise/100.png,5fe897fe920288851ecdb726386591b84236d8ac544fac659fc752fdc7c0574e,/root/autodl-tmp/graph/data/graphrestore/raw/agenticir/extracted/HQ/100.png,b7f5d60dbb3e7047b9c62efc7d61db97052a2cde687d3fae367a14a6793a0c40,14.416991233825684,0.6782637615799503,241.82038754224777,1,0,1,0,0,0,0,0.12120300205723418
test/B/motion blur + jpeg compression artifact/001,B,motion blur+jpeg compression artifact,001,/root/autodl-tmp/aaa/graphrestore/artifacts/formal_mio100/graphrestore_v7_1_stage4_step040000/methods/graphrestore_v7_1_stage4_step040000/d2/motion blur+jpeg compression artifact/001.png,dcfcd34044927fc8e5297b1887efd5314828df328afb35278a81bc60f3a9ce23,/root/autodl-tmp/graph/data/graphrestore/raw/agenticir/extracted/HQ/001.png,501f9b012a3f9c95787db8151eddf07dcae5e163688c011649d3ff3f00372cae,24.11461067199707,0.7946877012860643,260.319322347641,1,1,2,0,0,0,0,0.12120300205723418
test/B/motion blur + jpeg compression artifact/002,B,motion blur+jpeg compression artifact,002,/root/autodl-tmp/aaa/graphrestore/artifacts/formal_mio100/graphrestore_v7_1_stage4_step040000/methods/graphrestore_v7_1_stage4_step040000/d2/motion blur+jpeg compression artifact/002.png,1f2b346eface6412c320fd4d0e173c772f1d7d3e009731071680749f20fafe8f,/root/autodl-tmp/graph/data/graphrestore/raw/agenticir/extracted/HQ/002.png,e65fb0b7adb1176b47486303c8cc4f49a0173f91e00d28e0c3a4d3eccae286b4,21.45636558532715,0.8333033366760374,370.4521730542183,1,1,2,0,0,0,0,0.12120300205723418
test/B/motion blur + jpeg compression artifact/003,B,motion blur+jpeg compression artifact,003,/root/autodl-tmp/aaa/graphrestore/artifacts/formal_mio100/graphrestore_v7_1_stage4_step040000/methods/graphrestore_v7_1_stage4_step040000/d2/motion blur+jpeg compression artifact/003.png,ec6b2588c45051d9c38e6e10238dcb9a01b076bcc54c9668d48a73fb958fecac,/root/autodl-tmp/graph/data/graphrestore/raw/agenticir/extracted/HQ/003.png,c2a2513992db412a7160dfa2f82535dccaa188db91df80ee6ed5b0dd5c5d2d1a,23.66114616394043,0.6576675733974586,321.2967738509178,1,1,2,0,0,0,0,0.12120300205723418
test/B/motion blur + jpeg compression artifact/004,B,motion blur+jpeg compression artifact,004,/root/autodl-tmp/aaa/graphrestore/artifacts/formal_mio100/graphrestore_v7_1_stage4_step040000/methods/graphrestore_v7_1_stage4_step040000/d2/motion blur+jpeg compression artifact/004.png,3a5de44ec9e6246fa0aeded43f429e60376784eea5d88e69b1b02d3a4d572334,/root/autodl-tmp/graph/data/graphrestore/raw/agenticir/extracted/HQ/004.png,f1ad3f60cd8e680739263535ab1620a2490f3bc0c65a9355a965c7dff9be1fed,23.767559051513672,0.7480663827460232,348.4118804335594,1,1,2,0,0,0,0,0.12120300205723418
test/B/motion blur + jpeg compression artifact/005,B,motion blur+jpeg compression artifact,005,/root/autodl-tmp/aaa/graphrestore/artifacts/formal_mio100/graphrestore_v7_1_stage4_step040000/methods/graphrestore_v7_1_stage4_step040000/d2/motion blur+jpeg compression artifact/005.png,e33dbe27b71db97fb5762a06a4ba99158e01da96442843676e3d1307d41a2176,/root/autodl-tmp/graph/data/graphrestore/raw/agenticir/extracted/HQ/005.png,1d8eb1ef9c1817c087956135efa85be686e7169ef11eb532c768d32d7267a0ff,20.27776336669922,0.641497813937295,298.5876798629761,1,0,1,0,0,0,0,0.12120300205723418
test/B/motion blur + jpeg compression artifact/006,B,motion blur+jpeg compression artifact,006,/root/autodl-tmp/aaa/graphrestore/artifacts/formal_mio100/graphrestore_v7_1_stage4_step040000/methods/graphrestore_v7_1_stage4_step040000/d2/motion blur+jpeg compression artifact/006.png,855a892d808e0dce96acd97d05285b4bd84025eb9671aabe0cee76cbc78c82e7,/root/autodl-tmp/graph/data/graphrestore/raw/agenticir/extracted/HQ/006.png,f62feddd2f379d039dd1effe18b6368c79a6fe31fb8177f797c9f230eb8e1211,24.60525131225586,0.6952735449829996,265.3571367263794,1,1,2,0,0,0,0,0.12120300205723418
test/B/motion blur + jpeg compression artifact/007,B,motion blur+jpeg compression artifact,007,/root/autodl-tmp/aaa/graphrestore/artifacts/formal_mio100/graphrestore_v7_1_stage4_step040000/methods/graphrestore_v7_1_stage4_step040000/d2/motion blur+jpeg compression artifact/007.png,e500078e9f190a24f1fe1b5ea2aa0398114aaa8c49b982bbd10ab058b9bb11fe,/root/autodl-tmp/graph/data/graphrestore/raw/agenticir/extracted/HQ/007.png,b876f087d5f42a9350f28383ff2df22156b6bbba702809d134b7713d9430881c,24.19246482849121,0.6824917316613593,277.85561233758926,1,1,2,0,0,0,0,0.12120300205723418
test/B/motion blur + jpeg compression artifact/008,B,motion blur+jpeg compression artifact,008,/root/autodl-tmp/aaa/graphrestore/artifacts/formal_mio100/graphrestore_v7_1_stage4_step040000/methods/graphrestore_v7_1_stage4_step040000/d2/motion blur+jpeg compression artifact/008.png,1384b03a0f8fda20130522cd27e8a08deb53c4d429fd6a6944ca5a7b2f956df3,/root/autodl-tmp/graph/data/graphrestore/raw/agenticir/extracted/HQ/008.png,4efb8dbbd2ba5090b7b951a456ec5ed27a5d61360ab95cb1c5a9366f2868cb94,22.968631744384766,0.622106095293879,370.75547873973846,1,1,2,0,0,0,0,0.12120300205723418
test/B/motion blur + jpeg compression artifact/009,B,motion blur+jpeg compression artifact,009,/root/autodl-tmp/aaa/graphrestore/artifacts/formal_mio100/graphrestore_v7_1_stage4_step040000/methods/graphrestore_v7_1_stage4_step040000/d2/motion blur+jpeg compression artifact/009.png,0820b045284996578f2380f51f073172b906e7608000463801bee1983aefeee7,/root/autodl-tmp/graph/data/graphrestore/raw/agenticir/extracted/HQ/009.png,5b779ac0fbe5d1e4d4126fd2864493dcc2ecdbde374ede7e29a054b2a9cb4f21,30.336959838867188,0.9271897017777598,403.4356325864792,1,1,2,0,0,0,0,0.12120300205723418
test/B/motion blur + jpeg compression artifact/010,B,motion blur+jpeg compression artifact,010,/root/autodl-tmp/aaa/graphrestore/artifacts/formal_mio100/graphrestore_v7_1_stage4_step040000/methods/graphrestore_v7_1_stage4_step040000/d2/motion blur+jpeg compression artifact/010.png,f8fb3561be16ab7514da0b5150d2acb11efce6bfb93fdf6042ea1f704c879904,/root/autodl-tmp/graph/data/graphrestore/raw/agenticir/extracted/HQ/010.png,327492996d853f5c8873b435f98a91afd07db64567545baa61c9f4f64f717a0d,21.135719299316406,0.6761545069292694,393.93992722034454,1,0,1,0,0,0,0,0.12120300205723418
test/B/motion blur + jpeg compression artifact/011,B,motion blur+jpeg compression artifact,011,/root/autodl-tmp/aaa/graphrestore/artifacts/formal_mio100/graphrestore_v7_1_stage4_step040000/methods/graphrestore_v7_1_stage4_step040000/d2/motion blur+jpeg compression artifact/011.png,d46d28bded529ecb92e09a277e64a97ee8fe33effc6df6cc87d20dca12ac34ba,/root/autodl-tmp/graph/data/graphrestore/raw/agenticir/extracted/HQ/011.png,dcafe4ee2b43e667674ccc874b42e160ea37427b7c935297734ba69ece6b6f35,18.77871322631836,0.4991750399126182,246.3153675198555,1,0,1,0,0,0,0,0.12120300205723418
test/B/motion blur + jpeg compression artifact/012,B,motion blur+jpeg compression artifact,012,/root/autodl-tmp/aaa/graphrestore/artifacts/formal_mio100/graphrestore_v7_1_stage4_step040000/methods/graphrestore_v7_1_stage4_step040000/d2/motion blur+jpeg compression artifact/012.png,8bbde8febb5820363c312612ebd68c9f66c31c37e32b1c01927611e30519561d,/root/autodl-tmp/graph/data/graphrestore/raw/agenticir/extracted/HQ/012.png,0884a3dabb3fa30cde26a4dfbf003a133139f708c65c3f8b02c24a87a6d073c3,20.022254943847656,0.6726423929056847,259.25683230161667,1,1,2,0,0,0,0,0.12120300205723418
test/B/motion blur + jpeg compression artifact/013,B,motion blur+jpeg compression artifact,013,/root/autodl-tmp/aaa/graphrestore/artifacts/formal_mio100/graphrestore_v7_1_stage4_step040000/methods/graphrestore_v7_1_stage4_step040000/d2/motion blur+jpeg compression artifact/013.png,f86b52eb092b4f99197da0988f9f8d9fb8791dc43f80a0daa1441e165a2f3c06,/root/autodl-tmp/graph/data/graphrestore/raw/agenticir/extracted/HQ/013.png,afe18305499bd0b8318392e8f34ede33aafb5a0df2371075fe9f30a1c81a75eb,19.32738494873047,0.4500020109360285,289.5176410675049,1,0,1,0,0,0,0,0.12120300205723418
test/B/motion blur + jpeg compression artifact/014,B,motion blur+jpeg compression artifact,014,/root/autodl-tmp/aaa/graphrestore/artifacts/formal_mio100/graphrestore_v7_1_stage4_step040000/methods/graphrestore_v7_1_stage4_step040000/d2/motion blur+jpeg compression artifact/014.png,1885c5e55f896a6f0faa6dcbddb7414f355dbbb6c24cb49b9378b9b10c317646,/root/autodl-tmp/graph/data/graphrestore/raw/agenticir/extracted/HQ/014.png,2d569d9b923a96b1542c0b845dce0c7657794eba9f6f22ae5d02f335ef1bc4a0,18.915000915527344,0.6363102282999726,318.5834363102913,1,1,2,0,0,0,0,0.12120300205723418
test/B/motion blur + jpeg compression artifact/015,B,motion blur+jpeg compression artifact,015,/root/autodl-tmp/aaa/graphrestore/artifacts/formal_mio100/graphrestore_v7_1_stage4_step040000/methods/graphrestore_v7_1_stage4_step040000/d2/motion blur+jpeg compression artifact/015.png,27f6a795d8b3a7f949b70a4c381b6f9e035459f42e796b3e5324df24db5d59f8,/root/autodl-tmp/graph/data/graphrestore/raw/agenticir/extracted/HQ/015.png,286adb5a1c45ee88f14e1b16e3af420910584bf5ebdd72c40cf75317559c731f,19.263050079345703,0.6226061897020849,245.59902399778366,1,0,1,0,0,0,0,0.12120300205723418
test/B/motion blur + jpeg compression artifact/016,B,motion blur+jpeg compression artifact,016,/root/autodl-tmp/aaa/graphrestore/artifacts/formal_mio100/graphrestore_v7_1_stage4_step040000/methods/graphrestore_v7_1_stage4_step040000/d2/motion blur+jpeg compression artifact/016.png,42440ead97ca91c4692d1e50f23e61968a8fb4345c1139b15cfa91a5648849ab,/root/autodl-tmp/graph/data/graphrestore/raw/agenticir/extracted/HQ/016.png,ddc71b4b9bd2a57cabf985c7743b8ff7083a0d9205008603edb440ba27da9313,17.83689308166504,0.45052838339959006,316.36248528957367,1,0,1,0,0,0,0,0.12120300205723418
test/B/motion blur + jpeg compression artifact/017,B,motion blur+jpeg compression artifact,017,/root/autodl-tmp/aaa/graphrestore/artifacts/formal_mio100/graphrestore_v7_1_stage4_step040000/methods/graphrestore_v7_1_stage4_step040000/d2/motion blur+jpeg compression artifact/017.png,12b5ff9a652af5c745f5e18f8eed6ab717fb12d5da455c94d3b6b3e8ff9526d6,/root/autodl-tmp/graph/data/graphrestore/raw/agenticir/extracted/HQ/017.png,ab3ab0c03c2d8c9c0befbcad219fae23c9795fdf99d664630f4f4febbd02c519,18.16007423400879,0.5759195750829641,265.4506340622902,1,1,2,0,0,0,0,0.12120300205723418
test/B/motion blur + jpeg compression artifact/018,B,motion blur+jpeg compression artifact,018,/root/autodl-tmp/aaa/graphrestore/artifacts/formal_mio100/graphrestore_v7_1_stage4_step040000/methods/graphrestore_v7_1_stage4_step040000/d2/motion blur+jpeg compression artifact/018.png,481aaee53f01b1acfd67c10f56733b119a50992ad50f661d268e9e5027891d85,/root/autodl-tmp/graph/data/graphrestore/raw/agenticir/extracted/HQ/018.png,66db8e4aeb78f506ae4415572eb910726c3f16ede70138093ab4eced187b8df1,15.927984237670898,0.2884176796545432,288.1668508052826,1,0,1,0,0,0,0,0.12120300205723418
test/B/motion blur + jpeg compression artifact/019,B,motion blur+jpeg compression artifact,019,/root/autodl-tmp/aaa/graphrestore/artifacts/formal_mio100/graphrestore_v7_1_stage4_step040000/methods/graphrestore_v7_1_stage4_step040000/d2/motion blur+jpeg compression artifact/019.png,451c85c8a53e562fb494f86769d8d57addc9651fec1ecff74356ede6987ffd09,/root/autodl-tmp/graph/data/graphrestore/raw/agenticir/extracted/HQ/019.png,fb026cef85a4f7e64ad7c5f064ed15de1f04a7a7b6bde70b28ee78a55db21aeb,18.782445907592773,0.5499435107476772,243.58252435922623,1,0,1,0,0,0,0,0.12120300205723418
test/B/motion blur + jpeg compression artifact/020,B,motion blur+jpeg compression artifact,020,/root/autodl-tmp/aaa/graphrestore/artifacts/formal_mio100/graphrestore_v7_1_stage4_step040000/methods/graphrestore_v7_1_stage4_step040000/d2/motion blur+jpeg compression artifact/020.png,aebc77aef3d87eeceb9bf40315d601a3a702946f29d8423d9a94caf9fa05734b,/root/autodl-tmp/graph/data/graphrestore/raw/agenticir/extracted/HQ/020.png,daa15d9f51eab9eca70197a7f05df7873e3eab75e432b0a81fe9488be552f37a,16.86328125,0.4858220654098897,290.3183773159981,1,0,1,0,0,0,0,0.12120300205723418
test/B/motion blur + jpeg compression artifact/021,B,motion blur+jpeg compression artifact,021,/root/autodl-tmp/aaa/graphrestore/artifacts/formal_mio100/graphrestore_v7_1_stage4_step040000/methods/graphrestore_v7_1_stage4_step040000/d2/motion blur+jpeg compression artifact/021.png,23da3c93ab6b573b5e1bb1ff83663ce131696132b2255ff1172e47f249423d2d,/root/autodl-tmp/graph/data/graphrestore/raw/agenticir/extracted/HQ/021.png,9fcc8dda4bbbe5e54e419f5cbb07e7b4310dd291ad1f1cd3cd65a90f9809baa8,22.736482620239258,0.5272131755834717,345.0884744524956,1,0,1,0,0,0,0,0.12120300205723418
test/B/motion blur + jpeg compression artifact/022,B,motion blur+jpeg compression artifact,022,/root/autodl-tmp/aaa/graphrestore/artifacts/formal_mio100/graphrestore_v7_1_stage4_step040000/methods/graphrestore_v7_1_stage4_step040000/d2/motion blur+jpeg compression artifact/022.png,78d905bf8a4e536231f382b0e99c7ade78384fcbc35db9a6413734da3dfd0b3c,/root/autodl-tmp/graph/data/graphrestore/raw/agenticir/extracted/HQ/022.png,70c41dc6f249472324664323044853cb85a1256f39b4a31853ddbd89fcc1e191,20.498188018798828,0.6149066648435024,243.22395026683807,1,0,1,0,0,0,0,0.12120300205723418
test/B/motion blur + jpeg compression artifact/023,B,motion blur+jpeg compression artifact,023,/root/autodl-tmp/aaa/graphrestore/artifacts/formal_mio100/graphrestore_v7_1_stage4_step040000/methods/graphrestore_v7_1_stage4_step040000/d2/motion blur+jpeg compression artifact/023.png,f44bbe4e1343b6ba8b88dea46f07649f0945e86c4a7e726f5e43ad9f308efc3f,/root/autodl-tmp/graph/data/graphrestore/raw/agenticir/extracted/HQ/023.png,befde78eca5789c87200ca1e2ac905ba8ad5706b50af86454bd30bc857c90e02,20.408477783203125,0.6366172585640378,240.46394228935242,1,0,1,0,0,0,0,0.12120300205723418
test/B/motion blur + jpeg compression artifact/024,B,motion blur+jpeg compression artifact,024,/root/autodl-tmp/aaa/graphrestore/artifacts/formal_mio100/graphrestore_v7_1_stage4_step040000/methods/graphrestore_v7_1_stage4_step040000/d2/motion blur+jpeg compression artifact/024.png,7cbd277c32415ffb56561abc692f550650798e6aa24ec5113bb6726b1ab8c71a,/root/autodl-tmp/graph/data/graphrestore/raw/agenticir/extracted/HQ/024.png,e51441e174dd8dc0c47872ccb4221ab3f054b716588ee0f42d58a56098bd9538,17.760387420654297,0.5005680454178011,261.3134756684303,1,1,2,0,0,0,0,0.12120300205723418
test/B/motion blur + jpeg compression artifact/025,B,motion blur+jpeg compression artifact,025,/root/autodl-tmp/aaa/graphrestore/artifacts/formal_mio100/graphrestore_v7_1_stage4_step040000/methods/graphrestore_v7_1_stage4_step040000/d2/motion blur+jpeg compression artifact/025.png,dff2a73418926f2d59f9573ec8f2188419254eea2125727faa3af89a5fed424d,/root/autodl-tmp/graph/data/graphrestore/raw/agenticir/extracted/HQ/025.png,f384d4a9bc3c31bc29038378f849002dc4ff2db373d852b732f5cfc24ebed244,25.434741973876953,0.6544769408925922,239.2684891819954,1,0,1,0,0,0,0,0.12120300205723418
test/B/motion blur + jpeg compression artifact/026,B,motion blur+jpeg compression artifact,026,/root/autodl-tmp/aaa/graphrestore/artifacts/formal_mio100/graphrestore_v7_1_stage4_step040000/methods/graphrestore_v7_1_stage4_step040000/d2/motion blur+jpeg compression artifact/026.png,3322522b74ff3e335122f87586640a7cc99869d0ef514b08a877f7e06b3a201b,/root/autodl-tmp/graph/data/graphrestore/raw/agenticir/extracted/HQ/026.png,cfce1d4c02a00f28988a64f63cd538c4147c3a72c147a6549d71f1105d671224,24.904956817626953,0.7652118253236516,313.11701983213425,1,1,2,0,0,0,0,0.12120300205723418
test/B/motion blur + jpeg compression artifact/027,B,motion blur+jpeg compression artifact,027,/root/autodl-tmp/aaa/graphrestore/artifacts/formal_mio100/graphrestore_v7_1_stage4_step040000/methods/graphrestore_v7_1_stage4_step040000/d2/motion blur+jpeg compression artifact/027.png,8bc75c4218108578ead010620132f2e3c40fd85c75effbe69dc2ee49ef36bcb1,/root/autodl-tmp/graph/data/graphrestore/raw/agenticir/extracted/HQ/027.png,d69be3d26f3d3c95ffd9de3bd8d565120e0f09fb4aa84c72ae18d8fc4f871aae,24.51044273376465,0.7166337719982594,289.0426963567734,1,0,1,0,0,0,0,0.12120300205723418
test/B/motion blur + jpeg compression artifact/028,B,motion blur+jpeg compression artifact,028,/root/autodl-tmp/aaa/graphrestore/artifacts/formal_mio100/graphrestore_v7_1_stage4_step040000/methods/graphrestore_v7_1_stage4_step040000/d2/motion blur+jpeg compression artifact/028.png,0efefc71dbeda5c93baadc7bdd3862a798cc41dd97a9911b2bf51bfc6e3f65a1,/root/autodl-tmp/graph/data/graphrestore/raw/agenticir/extracted/HQ/028.png,181f97da79059de1a93d1a0d30f6851393282c6af8b607d83ce29ab8c9dbf771,25.79867935180664,0.8154956059445188,259.0038701891899,1,1,2,0,0,0,0,0.12120300205723418
test/B/motion blur + jpeg compression artifact/029,B,motion blur+jpeg compression artifact,029,/root/autodl-tmp/aaa/graphrestore/artifacts/formal_mio100/graphrestore_v7_1_stage4_step040000/methods/graphrestore_v7_1_stage4_step040000/d2/motion blur+jpeg compression artifact/029.png,e39254010ad0954cf77d9a65c3cfc674fa91a57be126ab3e246ce80d27390f83,/root/autodl-tmp/graph/data/graphrestore/raw/agenticir/extracted/HQ/029.png,3c7f43d0544ada8d7b64d7bb197621349fa1dcdf8400fb6128afaf8787814556,25.623779296875,0.734027256288231,240.72515219449997,1,0,1,0,0,0,0,0.12120300205723418
test/B/motion blur + jpeg compression artifact/030,B,motion blur+jpeg compression artifact,030,/root/autodl-tmp/aaa/graphrestore/artifacts/formal_mio100/graphrestore_v7_1_stage4_step040000/methods/graphrestore_v7_1_stage4_step040000/d2/motion blur+jpeg compression artifact/030.png,a7125dd38cde2a21f2e41b63bc63d31abee8d803dc58d34595c4e1c107717a16,/root/autodl-tmp/graph/data/graphrestore/raw/agenticir/extracted/HQ/030.png,576b0158cf5a541dd6aaf522902400e8ba3175aacca36d9df22951f52acf3f2f,19.778724670410156,0.5774173746226305,214.59009498357773,1,0,1,0,0,0,0,0.12120300205723418
test/B/motion blur + jpeg compression artifact/031,B,motion blur+jpeg compression artifact,031,/root/autodl-tmp/aaa/graphrestore/artifacts/formal_mio100/graphrestore_v7_1_stage4_step040000/methods/graphrestore_v7_1_stage4_step040000/d2/motion blur+jpeg compression artifact/031.png,612a9ceb756a5a3ef85d8053bfdb6c5c70f75cf337b30f99fc98e7acf50f0800,/root/autodl-tmp/graph/data/graphrestore/raw/agenticir/extracted/HQ/031.png,ee314f8cd1954636c1817c95d1cb0db5aa871e179961c3463869d5dc2100d422,21.907066345214844,0.5280550551433963,269.2926228046417,1,0,1,0,0,0,0,0.12120300205723418
test/B/motion blur + jpeg compression artifact/032,B,motion blur+jpeg compression artifact,032,/root/autodl-tmp/aaa/graphrestore/artifacts/formal_mio100/graphrestore_v7_1_stage4_step040000/methods/graphrestore_v7_1_stage4_step040000/d2/motion blur+jpeg compression artifact/032.png,d241fa4312acfa3399c03ece62b81e32a59210dac1b0e0763e1ccef33d7aa174,/root/autodl-tmp/graph/data/graphrestore/raw/agenticir/extracted/HQ/032.png,e9749385ec471240dd782d677482b0d949b80ccb7472dc409fa260d1748ed9b9,24.481355667114258,0.6929221237940874,204.987533390522,1,1,2,0,0,0,0,0.12120300205723418
test/B/motion blur + jpeg compression artifact/033,B,motion blur+jpeg compression artifact,033,/root/autodl-tmp/aaa/graphrestore/artifacts/formal_mio100/graphrestore_v7_1_stage4_step040000/methods/graphrestore_v7_1_stage4_step040000/d2/motion blur+jpeg compression artifact/033.png,6f59ad38b4ae32acd228035aea0d1032498d106501e87eccf4e892540d4862a3,/root/autodl-tmp/graph/data/graphrestore/raw/agenticir/extracted/HQ/033.png,9590f1419e378254c01f330c248e12e8a62792b04a27b72daf2c0afd6c41c758,17.247413635253906,0.3097778197713163,188.88267129659653,1,0,1,0,0,0,0,0.12120300205723418
test/B/motion blur + jpeg compression artifact/034,B,motion blur+jpeg compression artifact,034,/root/autodl-tmp/aaa/graphrestore/artifacts/formal_mio100/graphrestore_v7_1_stage4_step040000/methods/graphrestore_v7_1_stage4_step040000/d2/motion blur+jpeg compression artifact/034.png,a72696b0a5ca065009a97d1b0b911cd13b114c11393347e515e74d04450f2792,/root/autodl-tmp/graph/data/graphrestore/raw/agenticir/extracted/HQ/034.png,0575cc2334f8f50fcbd3d9f58173645db8764f938ee55e8899084ca2b66fd018,25.205364227294922,0.5084996405320786,512.7740055322647,2,0,2,0,0,0,0,0.12120300205723418
test/B/motion blur + jpeg compression artifact/035,B,motion blur+jpeg compression artifact,035,/root/autodl-tmp/aaa/graphrestore/artifacts/formal_mio100/graphrestore_v7_1_stage4_step040000/methods/graphrestore_v7_1_stage4_step040000/d2/motion blur+jpeg compression artifact/035.png,079d942a8c9ab60fa0326e4cb8052c59238d4b3b69aa19302487c5ba3f027820,/root/autodl-tmp/graph/data/graphrestore/raw/agenticir/extracted/HQ/035.png,4e230744a9cb7c3ebe976ae7267155312b876fb355283b4938b34b758aef7ff9,26.58431625366211,0.7768932813547073,301.3688996434212,1,0,1,0,0,0,0,0.12120300205723418
test/B/motion blur + jpeg compression artifact/036,B,motion blur+jpeg compression artifact,036,/root/autodl-tmp/aaa/graphrestore/artifacts/formal_mio100/graphrestore_v7_1_stage4_step040000/methods/graphrestore_v7_1_stage4_step040000/d2/motion blur+jpeg compression artifact/036.png,c9ec90019f347b4f266ed7a2bd981a1d1cb24597d36a63699f96f0c760ab14d3,/root/autodl-tmp/graph/data/graphrestore/raw/agenticir/extracted/HQ/036.png,409fbd0ad51be33e9e2711cb7b22cb39999eaac6e278ca1621c20300be446d76,18.51173973083496,0.39595035378756904,244.50746178627014,1,0,1,0,0,0,0,0.12120300205723418
test/B/motion blur + jpeg compression artifact/037,B,motion blur+jpeg compression artifact,037,/root/autodl-tmp/aaa/graphrestore/artifacts/formal_mio100/graphrestore_v7_1_stage4_step040000/methods/graphrestore_v7_1_stage4_step040000/d2/motion blur+jpeg compression artifact/037.png,6fe362924a10b1b2edd0c40ba8b86a29f4ff3dc1acfcabf1e6491c9554057dec,/root/autodl-tmp/graph/data/graphrestore/raw/agenticir/extracted/HQ/037.png,8f31abe11ce5d5377f131fdc788024ffb8d5cfdda501c06a64ca1fc80fab0d07,22.23900032043457,0.7021238762633274,258.5916593670845,1,1,2,0,0,0,0,0.12120300205723418
test/B/motion blur + jpeg compression artifact/038,B,motion blur+jpeg compression artifact,038,/root/autodl-tmp/aaa/graphrestore/artifacts/formal_mio100/graphrestore_v7_1_stage4_step040000/methods/graphrestore_v7_1_stage4_step040000/d2/motion blur+jpeg compression artifact/038.png,41c2cf9aff0e583f9f6ec2cca365cf5a1574624eaa35be4cd3ae04ffc698327c,/root/autodl-tmp/graph/data/graphrestore/raw/agenticir/extracted/HQ/038.png,fe7df2186482ca2cc105baed74cb1da9667b3b03e1629055880b6012db131aa1,21.869916915893555,0.5369699681251455,204.42236959934235,1,1,2,0,0,0,0,0.12120300205723418
test/B/motion blur + jpeg compression artifact/039,B,motion blur+jpeg compression artifact,039,/root/autodl-tmp/aaa/graphrestore/artifacts/formal_mio100/graphrestore_v7_1_stage4_step040000/methods/graphrestore_v7_1_stage4_step040000/d2/motion blur+jpeg compression artifact/039.png,a9b17fa3dbcdfe284c52f5e2d18ec84815f0a657c12224b571672571627d901c,/root/autodl-tmp/graph/data/graphrestore/raw/agenticir/extracted/HQ/039.png,a2038f7610363fb1916197e0557fa84b50b610d86885a2d6409f9e3aa75fbbcd,24.9305362701416,0.8815919247492229,259.3667209148407,1,1,2,0,0,0,0,0.12120300205723418
test/B/motion blur + jpeg compression artifact/040,B,motion blur+jpeg compression artifact,040,/root/autodl-tmp/aaa/graphrestore/artifacts/formal_mio100/graphrestore_v7_1_stage4_step040000/methods/graphrestore_v7_1_stage4_step040000/d2/motion blur+jpeg compression artifact/040.png,8ce6868915fb9722baf3bef4e192c483244509f9dbbf5509afda741b4c64dfd1,/root/autodl-tmp/graph/data/graphrestore/raw/agenticir/extracted/HQ/040.png,c5a9e4bb9d84a6734bdc04c272c48c1b17b150a1e346afab2338eb0ba41f1464,24.50831413269043,0.7397077102170436,264.96849209070206,1,0,1,0,0,0,0,0.12120300205723418
test/B/motion blur + jpeg compression artifact/041,B,motion blur+jpeg compression artifact,041,/root/autodl-tmp/aaa/graphrestore/artifacts/formal_mio100/graphrestore_v7_1_stage4_step040000/methods/graphrestore_v7_1_stage4_step040000/d2/motion blur+jpeg compression artifact/041.png,2296ddeecbf75c3e2d94e388210c584f59184f351727dc1922959cafe2ef2f3b,/root/autodl-tmp/graph/data/graphrestore/raw/agenticir/extracted/HQ/041.png,8d928c89de2952ccb40028ba7ecd3f9fee3f3907c9a371fbbcb7fdaf683bc27e,16.410423278808594,0.26980925828838553,290.04891961812973,1,0,1,0,0,0,0,0.12120300205723418
test/B/motion blur + jpeg compression artifact/042,B,motion blur+jpeg compression artifact,042,/root/autodl-tmp/aaa/graphrestore/artifacts/formal_mio100/graphrestore_v7_1_stage4_step040000/methods/graphrestore_v7_1_stage4_step040000/d2/motion blur+jpeg compression artifact/042.png,a467a78bb176a8ee03cd770f8844e8a3f4009434d509f41fcd9aa570e5254a5e,/root/autodl-tmp/graph/data/graphrestore/raw/agenticir/extracted/HQ/042.png,9ae42a00babed185468a76384204ff947b6baab53a82ca9b3cff6ef951f461bf,25.2152156829834,0.5272102621915793,290.17747193574905,1,1,2,0,0,0,0,0.12120300205723418
test/B/motion blur + jpeg compression artifact/043,B,motion blur+jpeg compression artifact,043,/root/autodl-tmp/aaa/graphrestore/artifacts/formal_mio100/graphrestore_v7_1_stage4_step040000/methods/graphrestore_v7_1_stage4_step040000/d2/motion blur+jpeg compression artifact/043.png,ccc43f839726876ac696628d0a1f4f6da79f6044cc5b94916631dee78ca4fb24,/root/autodl-tmp/graph/data/graphrestore/raw/agenticir/extracted/HQ/043.png,15880c27b3101797c4e5896dee7349ad832ac1c49fcd0c559b357f4e28296b4d,21.330360412597656,0.49381573607639745,239.36018347740173,1,0,1,0,0,0,0,0.12120300205723418
test/B/motion blur + jpeg compression artifact/044,B,motion blur+jpeg compression artifact,044,/root/autodl-tmp/aaa/graphrestore/artifacts/formal_mio100/graphrestore_v7_1_stage4_step040000/methods/graphrestore_v7_1_stage4_step040000/d2/motion blur+jpeg compression artifact/044.png,de9bbf132008bd6d4bc4c45e87392bf4afea09011ac3e2bfcc952020d9ed3247,/root/autodl-tmp/graph/data/graphrestore/raw/agenticir/extracted/HQ/044.png,0645011c1dc3777ab263df617d1747b902c2d321de6f939549cfbe43eabc9245,21.347475051879883,0.5102530211547753,259.3202367424965,1,1,2,0,0,0,0,0.12120300205723418
test/B/motion blur + jpeg compression artifact/045,B,motion blur+jpeg compression artifact,045,/root/autodl-tmp/aaa/graphrestore/artifacts/formal_mio100/graphrestore_v7_1_stage4_step040000/methods/graphrestore_v7_1_stage4_step040000/d2/motion blur+jpeg compression artifact/045.png,c0ccc593923709055029805ded3fe4edbb7a2abdac7ea6c288a4444ccfc7b2ab,/root/autodl-tmp/graph/data/graphrestore/raw/agenticir/extracted/HQ/045.png,d3e352c98c1fe9df1181c1e362bb9c3ba3a1d077456198796083821dab20d1fc,19.929912567138672,0.3649446908360263,259.51122492551804,1,1,2,0,0,0,0,0.12120300205723418
test/B/motion blur + jpeg compression artifact/046,B,motion blur+jpeg compression artifact,046,/root/autodl-tmp/aaa/graphrestore/artifacts/formal_mio100/graphrestore_v7_1_stage4_step040000/methods/graphrestore_v7_1_stage4_step040000/d2/motion blur+jpeg compression artifact/046.png,393ba841bdca8457b4aa22a2cbb4083a2954d5297f2831e0d6bfcd5d3ec8bdc8,/root/autodl-tmp/graph/data/graphrestore/raw/agenticir/extracted/HQ/046.png,af4b21bf96515f2ff4f97a4990856b43ae02a1d8f39909428228a2612b5f936f,18.95205307006836,0.3219487414090343,239.62873965501785,1,0,1,0,0,0,0,0.12120300205723418
test/B/motion blur + jpeg compression artifact/047,B,motion blur+jpeg compression artifact,047,/root/autodl-tmp/aaa/graphrestore/artifacts/formal_mio100/graphrestore_v7_1_stage4_step040000/methods/graphrestore_v7_1_stage4_step040000/d2/motion blur+jpeg compression artifact/047.png,3f039478690d814c29e912d0ea48e9e082b6a5f07ce2b343f9bc11e4ab734d3b,/root/autodl-tmp/graph/data/graphrestore/raw/agenticir/extracted/HQ/047.png,8ecf454f7d68ca4ebf19b2b4a22275d3bb344666e4e483fda2c8cb84d5ff94db,21.663103103637695,0.5725746494326744,288.86253386735916,1,0,1,0,0,0,0,0.12120300205723418
test/B/motion blur + jpeg compression artifact/048,B,motion blur+jpeg compression artifact,048,/root/autodl-tmp/aaa/graphrestore/artifacts/formal_mio100/graphrestore_v7_1_stage4_step040000/methods/graphrestore_v7_1_stage4_step040000/d2/motion blur+jpeg compression artifact/048.png,4e26ad2a9068aa9656c4ba4acf30356223c74727a7288fa9e931af98077d05b1,/root/autodl-tmp/graph/data/graphrestore/raw/agenticir/extracted/HQ/048.png,b74e449ab10a96799f5e791f68de34dcfaf90a4befdb242cee372f6743841606,19.374414443969727,0.3583479033007041,238.64570260047913,1,0,1,0,0,0,0,0.12120300205723418
test/B/motion blur + jpeg compression artifact/049,B,motion blur+jpeg compression artifact,049,/root/autodl-tmp/aaa/graphrestore/artifacts/formal_mio100/graphrestore_v7_1_stage4_step040000/methods/graphrestore_v7_1_stage4_step040000/d2/motion blur+jpeg compression artifact/049.png,ee655eec772b7d1834e029a80157dcc4f035dd67f7f2f72a1bc8bb466af007ca,/root/autodl-tmp/graph/data/graphrestore/raw/agenticir/extracted/HQ/049.png,bdd8f4cec02d5659a12541bb32718429d397d6be195679045764e31574c4f226,22.472257614135742,0.7114951894698616,245.1055273413658,1,0,1,0,0,0,0,0.12120300205723418
test/B/motion blur + jpeg compression artifact/050,B,motion blur+jpeg compression artifact,050,/root/autodl-tmp/aaa/graphrestore/artifacts/formal_mio100/graphrestore_v7_1_stage4_step040000/methods/graphrestore_v7_1_stage4_step040000/d2/motion blur+jpeg compression artifact/050.png,1a24d71444c9e7deda06864dbe7bca4b21658d975d4b3c5008918209a6db77cc,/root/autodl-tmp/graph/data/graphrestore/raw/agenticir/extracted/HQ/050.png,c4cfbc77b28b145af37ea26b0b501d69633ebdedd3ce9a90d5760063ee95f492,19.296586990356445,0.5090551082684999,289.069801568985,1,0,1,0,0,0,0,0.12120300205723418
test/B/motion blur + jpeg compression artifact/051,B,motion blur+jpeg compression artifact,051,/root/autodl-tmp/aaa/graphrestore/artifacts/formal_mio100/graphrestore_v7_1_stage4_step040000/methods/graphrestore_v7_1_stage4_step040000/d2/motion blur+jpeg compression artifact/051.png,f1b37d97fe10d3b63da15161bd385dfb90f9ec6b6b6004e8b1c10e8bcfa7455c,/root/autodl-tmp/graph/data/graphrestore/raw/agenticir/extracted/HQ/051.png,433269b5d76ea42b944162d49085d86b82a4eab52705e69d4dfa7c8a0ccbe187,17.920581817626953,0.6313317893136026,261.42972707748413,1,1,2,0,0,0,0,0.12120300205723418
test/B/motion blur + jpeg compression artifact/052,B,motion blur+jpeg compression artifact,052,/root/autodl-tmp/aaa/graphrestore/artifacts/formal_mio100/graphrestore_v7_1_stage4_step040000/methods/graphrestore_v7_1_stage4_step040000/d2/motion blur+jpeg compression artifact/052.png,d3b5638a28af3c166af5c327a872460c5e4b2ab4c731c025c644153e80372937,/root/autodl-tmp/graph/data/graphrestore/raw/agenticir/extracted/HQ/052.png,b0fe4f61cfdf3e31caa56791dcd8d50f729c75652d7970a654be64494341ada3,22.42955207824707,0.5503706438011432,279.4269323348999,1,1,2,0,0,0,0,0.12120300205723418
test/B/motion blur + jpeg compression artifact/053,B,motion blur+jpeg compression artifact,053,/root/autodl-tmp/aaa/graphrestore/artifacts/formal_mio100/graphrestore_v7_1_stage4_step040000/methods/graphrestore_v7_1_stage4_step040000/d2/motion blur+jpeg compression artifact/053.png,782fc70f2e73d9803867813b032acf66f9ec30e050a4b42d8a63a443a1802b0b,/root/autodl-tmp/graph/data/graphrestore/raw/agenticir/extracted/HQ/053.png,6b1f2208c72adcd28d96a15d538bbfbe27cb5a21be416b6f30fa836b12ac867d,27.087108612060547,0.8660888984995417,259.26948338747025,1,1,2,0,0,0,0,0.12120300205723418
test/B/motion blur + jpeg compression artifact/054,B,motion blur+jpeg compression artifact,054,/root/autodl-tmp/aaa/graphrestore/artifacts/formal_mio100/graphrestore_v7_1_stage4_step040000/methods/graphrestore_v7_1_stage4_step040000/d2/motion blur+jpeg compression artifact/054.png,fbe29b38371069702a7679b3d0f60a65381e687bab56e54b2fc9074faa546313,/root/autodl-tmp/graph/data/graphrestore/raw/agenticir/extracted/HQ/054.png,699ffde2d8d110e52811d39e5b9d745965d4211dd2312f453ce367f1bc0e66f5,27.994400024414062,0.8382575334545209,258.8408589363098,1,1,2,0,0,0,0,0.12120300205723418
test/B/motion blur + jpeg compression artifact/055,B,motion blur+jpeg compression artifact,055,/root/autodl-tmp/aaa/graphrestore/artifacts/formal_mio100/graphrestore_v7_1_stage4_step040000/methods/graphrestore_v7_1_stage4_step040000/d2/motion blur+jpeg compression artifact/055.png,4f8285c756ebbf7804816c04775509b3af72dab6629e0c597c7c9540c81e4b52,/root/autodl-tmp/graph/data/graphrestore/raw/agenticir/extracted/HQ/055.png,5a59c6f9051a70f1c3ad8e9550b2a21322ef8ad71bd70085fb2330f6f6da3948,30.214622497558594,0.8658618126283814,314.05332684516907,1,1,2,0,0,0,0,0.12120300205723418
test/B/motion blur + jpeg compression artifact/056,B,motion blur+jpeg compression artifact,056,/root/autodl-tmp/aaa/graphrestore/artifacts/formal_mio100/graphrestore_v7_1_stage4_step040000/methods/graphrestore_v7_1_stage4_step040000/d2/motion blur+jpeg compression artifact/056.png,a055150a32d3477da97a59a1eeb7271c7716c4f332a32d9fc2b3e6b3fd3923ad,/root/autodl-tmp/graph/data/graphrestore/raw/agenticir/extracted/HQ/056.png,c5f28866f72e2d370875385eb6575124b0735f8f927fae1c07ff7151e200c956,22.672061920166016,0.7199312527872208,232.40316659212112,1,1,2,0,0,0,0,0.12120300205723418
test/B/motion blur + jpeg compression artifact/057,B,motion blur+jpeg compression artifact,057,/root/autodl-tmp/aaa/graphrestore/artifacts/formal_mio100/graphrestore_v7_1_stage4_step040000/methods/graphrestore_v7_1_stage4_step040000/d2/motion blur+jpeg compression artifact/057.png,a23dc94e7691cae42667f9091d700ea67fd36f34a8b6b8cba44360979bc429b2,/root/autodl-tmp/graph/data/graphrestore/raw/agenticir/extracted/HQ/057.png,42353ae75793843947c257055d87e0568db28ed51b9a5d87cc0d6a0dafb242af,24.431026458740234,0.8227474556455346,259.7484141588211,1,1,2,0,0,0,0,0.12120300205723418
test/B/motion blur + jpeg compression artifact/058,B,motion blur+jpeg compression artifact,058,/root/autodl-tmp/aaa/graphrestore/artifacts/formal_mio100/graphrestore_v7_1_stage4_step040000/methods/graphrestore_v7_1_stage4_step040000/d2/motion blur+jpeg compression artifact/058.png,e4938962185b91bf2e7094ebf6acd7ce53f4cc360002c8dcb920852d5c6b1666,/root/autodl-tmp/graph/data/graphrestore/raw/agenticir/extracted/HQ/058.png,e50e67dc4e57dc18d552546044c5ca169fdb26de4d5d81650d00d4b0f3ab7e76,25.636547088623047,0.8716302433163998,264.7924795746803,1,1,2,0,0,0,0,0.12120300205723418
test/B/motion blur + jpeg compression artifact/059,B,motion blur+jpeg compression artifact,059,/root/autodl-tmp/aaa/graphrestore/artifacts/formal_mio100/graphrestore_v7_1_stage4_step040000/methods/graphrestore_v7_1_stage4_step040000/d2/motion blur+jpeg compression artifact/059.png,5e745d4efef75744330934917652084e5dccd813f92c376503e906681185e9ae,/root/autodl-tmp/graph/data/graphrestore/raw/agenticir/extracted/HQ/059.png,e60c8277194566df02c7cefc895d1390756059f7a29ac67206ec202f1b897add,30.0078182220459,0.888824359413609,286.55095398426056,1,1,2,0,0,0,0,0.12120300205723418
test/B/motion blur + jpeg compression artifact/060,B,motion blur+jpeg compression artifact,060,/root/autodl-tmp/aaa/graphrestore/artifacts/formal_mio100/graphrestore_v7_1_stage4_step040000/methods/graphrestore_v7_1_stage4_step040000/d2/motion blur+jpeg compression artifact/060.png,95bcadeb5ee8bf95d59c475dbeb5f3105a0dd73644e5b9844b0de774b573caaa,/root/autodl-tmp/graph/data/graphrestore/raw/agenticir/extracted/HQ/060.png,d173273231bf0b68767ae3e287f4f34baa71e7d986a98c43a41fa9668fd8a0d4,24.73567008972168,0.7715644200924511,265.5009999871254,1,1,2,0,0,0,0,0.12120300205723418
test/B/motion blur + jpeg compression artifact/061,B,motion blur+jpeg compression artifact,061,/root/autodl-tmp/aaa/graphrestore/artifacts/formal_mio100/graphrestore_v7_1_stage4_step040000/methods/graphrestore_v7_1_stage4_step040000/d2/motion blur+jpeg compression artifact/061.png,f807e0a5276f48a7004d2bfab1cbaca25c0211f322682f843924f1c7e70874c3,/root/autodl-tmp/graph/data/graphrestore/raw/agenticir/extracted/HQ/061.png,a7818ddc00c398726bcd4724e9a51456bf18e4eb573f2f68b79ea2dedf0e699c,17.364885330200195,0.5404639664834019,259.5690116286278,1,1,2,0,0,0,0,0.12120300205723418
test/B/motion blur + jpeg compression artifact/062,B,motion blur+jpeg compression artifact,062,/root/autodl-tmp/aaa/graphrestore/artifacts/formal_mio100/graphrestore_v7_1_stage4_step040000/methods/graphrestore_v7_1_stage4_step040000/d2/motion blur+jpeg compression artifact/062.png,1987d499126572a68f02cd60dd7bf0c7e9641963253b57e61c9129ece29e266f,/root/autodl-tmp/graph/data/graphrestore/raw/agenticir/extracted/HQ/062.png,7829e8bf6fee7705051b0e4486c3abb2cdf412c83ac15b9f5ed9d9036c296d40,21.833858489990234,0.7280836832163043,291.67400300502777,1,0,1,0,0,0,0,0.12120300205723418
test/B/motion blur + jpeg compression artifact/063,B,motion blur+jpeg compression artifact,063,/root/autodl-tmp/aaa/graphrestore/artifacts/formal_mio100/graphrestore_v7_1_stage4_step040000/methods/graphrestore_v7_1_stage4_step040000/d2/motion blur+jpeg compression artifact/063.png,f02a6fc54f8cd85ec541a16013197631a840d2fa4c5f40449080f60cb2167749,/root/autodl-tmp/graph/data/graphrestore/raw/agenticir/extracted/HQ/063.png,f7ccce7c58be38c16fb08060b8b379825cb0417a04e6813c72985768a480929c,18.666685104370117,0.6465063882633088,265.11944085359573,1,1,2,0,0,0,0,0.12120300205723418
test/B/motion blur + jpeg compression artifact/064,B,motion blur+jpeg compression artifact,064,/root/autodl-tmp/aaa/graphrestore/artifacts/formal_mio100/graphrestore_v7_1_stage4_step040000/methods/graphrestore_v7_1_stage4_step040000/d2/motion blur+jpeg compression artifact/064.png,1d3cfbf3c8ba9db2a767d6bd04a16f8159b7456c31b18d717830406179fce10f,/root/autodl-tmp/graph/data/graphrestore/raw/agenticir/extracted/HQ/064.png,b34caae8d574b2c008d53ceb0490df55c099e68844b2819f0c02fc50db26cee0,22.61309814453125,0.6696090747444795,263.21619004011154,1,0,1,0,0,0,0,0.12120300205723418
test/B/motion blur + jpeg compression artifact/065,B,motion blur+jpeg compression artifact,065,/root/autodl-tmp/aaa/graphrestore/artifacts/formal_mio100/graphrestore_v7_1_stage4_step040000/methods/graphrestore_v7_1_stage4_step040000/d2/motion blur+jpeg compression artifact/065.png,ce698aa0ded8732af06f0c18a671a727670a18f1b964378f8102e811b68161f5,/root/autodl-tmp/graph/data/graphrestore/raw/agenticir/extracted/HQ/065.png,f0770ae16bf79be3b5d94a7868da009f5ce1bbf54bfe5c879e352a4df590ef63,19.757457733154297,0.5206449282882214,303.79702895879745,1,0,1,0,0,0,0,0.12120300205723418
test/B/motion blur + jpeg compression artifact/066,B,motion blur+jpeg compression artifact,066,/root/autodl-tmp/aaa/graphrestore/artifacts/formal_mio100/graphrestore_v7_1_stage4_step040000/methods/graphrestore_v7_1_stage4_step040000/d2/motion blur+jpeg compression artifact/066.png,da27e4166d9304076bec0984febaeb5fa07c1f8c2caa27e03a61f21b78abc90b,/root/autodl-tmp/graph/data/graphrestore/raw/agenticir/extracted/HQ/066.png,a19230b326bd2fb5c26ae283f65bf0b85f39f90421056a47c7ecd6d683379aff,18.287227630615234,0.539622855370706,318.5455873608589,1,1,2,0,0,0,0,0.12120300205723418
test/B/motion blur + jpeg compression artifact/067,B,motion blur+jpeg compression artifact,067,/root/autodl-tmp/aaa/graphrestore/artifacts/formal_mio100/graphrestore_v7_1_stage4_step040000/methods/graphrestore_v7_1_stage4_step040000/d2/motion blur+jpeg compression artifact/067.png,21f4cbbcedfde32426008c245ee85b0c7d683a305160b78b27ee1eb7ab1f85ac,/root/autodl-tmp/graph/data/graphrestore/raw/agenticir/extracted/HQ/067.png,91cd9f021a6902b7f3220c6a373cba11f3bfbe4e4984c1d6fc4be0c76acb67a0,19.971830368041992,0.6471065037874296,244.01656538248062,1,0,1,0,0,0,0,0.12120300205723418
test/B/motion blur + jpeg compression artifact/068,B,motion blur+jpeg compression artifact,068,/root/autodl-tmp/aaa/graphrestore/artifacts/formal_mio100/graphrestore_v7_1_stage4_step040000/methods/graphrestore_v7_1_stage4_step040000/d2/motion blur+jpeg compression artifact/068.png,bb33e32c5ac9325ead797446172c73602e8a6e64e0c6c385030b80983ee35466,/root/autodl-tmp/graph/data/graphrestore/raw/agenticir/extracted/HQ/068.png,b8187d79db16002364f6017df807e6cac41e7ee9a68413a384b1bd69eddaa638,19.112991333007812,0.5296911769122296,241.79048091173172,1,0,1,0,0,0,0,0.12120300205723418
test/B/motion blur + jpeg compression artifact/069,B,motion blur+jpeg compression artifact,069,/root/autodl-tmp/aaa/graphrestore/artifacts/formal_mio100/graphrestore_v7_1_stage4_step040000/methods/graphrestore_v7_1_stage4_step040000/d2/motion blur+jpeg compression artifact/069.png,79b8d1abdaa38b90aceacb871c7c816897ae99e145c4ea40b0fb30e8c2c8d878,/root/autodl-tmp/graph/data/graphrestore/raw/agenticir/extracted/HQ/069.png,abb08be58f50075e5e6b1de44ddfe61c30ebb34882e9d72681edd73a5cdbb156,23.44384765625,0.6083689774331804,288.73390704393387,1,0,1,0,0,0,0,0.12120300205723418
test/B/motion blur + jpeg compression artifact/070,B,motion blur+jpeg compression artifact,070,/root/autodl-tmp/aaa/graphrestore/artifacts/formal_mio100/graphrestore_v7_1_stage4_step040000/methods/graphrestore_v7_1_stage4_step040000/d2/motion blur+jpeg compression artifact/070.png,8954a48b46a69ae97ed8f1e484196f6c8d4a2304e20328047f5d2dc1827a0568,/root/autodl-tmp/graph/data/graphrestore/raw/agenticir/extracted/HQ/070.png,718ae2570e431003fb32f2a40e19f813545164ace18230ac03f9ec96b2747f85,21.951322555541992,0.8221223566688987,266.1988437175751,1,1,2,0,0,0,0,0.12120300205723418
test/B/motion blur + jpeg compression artifact/071,B,motion blur+jpeg compression artifact,071,/root/autodl-tmp/aaa/graphrestore/artifacts/formal_mio100/graphrestore_v7_1_stage4_step040000/methods/graphrestore_v7_1_stage4_step040000/d2/motion blur+jpeg compression artifact/071.png,eacd47b5d5a339e8286dc819c8a506f017b4fc7e8ba0d688c915fc3b86de505c,/root/autodl-tmp/graph/data/graphrestore/raw/agenticir/extracted/HQ/071.png,e8bc40490eabb437e225b0acde6b8dc1d8942f2b9657e042051c166804b07b15,22.99123764038086,0.7941310253526287,260.1231262087822,1,1,2,0,0,0,0,0.12120300205723418
test/B/motion blur + jpeg compression artifact/072,B,motion blur+jpeg compression artifact,072,/root/autodl-tmp/aaa/graphrestore/artifacts/formal_mio100/graphrestore_v7_1_stage4_step040000/methods/graphrestore_v7_1_stage4_step040000/d2/motion blur+jpeg compression artifact/072.png,1328bec4696590aa7d3c964b75749003b4b34266ffe33713cea1523a40be755d,/root/autodl-tmp/graph/data/graphrestore/raw/agenticir/extracted/HQ/072.png,6b887c3fd578dc80ca3b15a823f1b43d80db2d30abc07d144e03f7228acb8144,23.384002685546875,0.7494582205541457,289.4532233476639,1,1,2,0,0,0,0,0.12120300205723418
test/B/motion blur + jpeg compression artifact/073,B,motion blur+jpeg compression artifact,073,/root/autodl-tmp/aaa/graphrestore/artifacts/formal_mio100/graphrestore_v7_1_stage4_step040000/methods/graphrestore_v7_1_stage4_step040000/d2/motion blur+jpeg compression artifact/073.png,c24754a7f346231bc7192bacbc75d23f71fac86dc663dd2e8daceb40e182cddb,/root/autodl-tmp/graph/data/graphrestore/raw/agenticir/extracted/HQ/073.png,e4a8516954bfb4b79f2fc6194b6b4a8ed63250e14fe7ce0b6f6d77c922f84730,23.80975914001465,0.847534663943789,313.9658719301224,1,1,2,0,0,0,0,0.12120300205723418
test/B/motion blur + jpeg compression artifact/074,B,motion blur+jpeg compression artifact,074,/root/autodl-tmp/aaa/graphrestore/artifacts/formal_mio100/graphrestore_v7_1_stage4_step040000/methods/graphrestore_v7_1_stage4_step040000/d2/motion blur+jpeg compression artifact/074.png,bda9953b027821d8b7fd266869e3ba5e25d556708ec5f24e9297174e16dfdcb8,/root/autodl-tmp/graph/data/graphrestore/raw/agenticir/extracted/HQ/074.png,cfa80e9825a34173ab0d1810b1b63bf645aa1b6b743966a77d7d03463319fd8e,25.407482147216797,0.8461676017733217,263.90309631824493,1,1,2,0,0,0,0,0.12120300205723418
test/B/motion blur + jpeg compression artifact/075,B,motion blur+jpeg compression artifact,075,/root/autodl-tmp/aaa/graphrestore/artifacts/formal_mio100/graphrestore_v7_1_stage4_step040000/methods/graphrestore_v7_1_stage4_step040000/d2/motion blur+jpeg compression artifact/075.png,9dc572c244bb097d27976274acda713a422afdc1997a906780de2ed86e9a155a,/root/autodl-tmp/graph/data/graphrestore/raw/agenticir/extracted/HQ/075.png,637e76a0398c825f3214d13b10485f7c180dc359b838ade377382c22c8f6b788,18.91183090209961,0.4857419496031956,239.4033446907997,1,0,1,0,0,0,0,0.12120300205723418
test/B/motion blur + jpeg compression artifact/076,B,motion blur+jpeg compression artifact,076,/root/autodl-tmp/aaa/graphrestore/artifacts/formal_mio100/graphrestore_v7_1_stage4_step040000/methods/graphrestore_v7_1_stage4_step040000/d2/motion blur+jpeg compression artifact/076.png,aee5053078a57bbb3dbb9e2aa1525b0cd9879d313895281e85765333fd558d33,/root/autodl-tmp/graph/data/graphrestore/raw/agenticir/extracted/HQ/076.png,28f7193b83d2979c14a7c73e95657ce02a2cc902196495bea289e190f48cecae,25.344707489013672,0.7880166278851121,260.16750931739807,1,1,2,0,0,0,0,0.12120300205723418
test/B/motion blur + jpeg compression artifact/077,B,motion blur+jpeg compression artifact,077,/root/autodl-tmp/aaa/graphrestore/artifacts/formal_mio100/graphrestore_v7_1_stage4_step040000/methods/graphrestore_v7_1_stage4_step040000/d2/motion blur+jpeg compression artifact/077.png,a02c8a40e7b7f71eacaf9811abd111f1f20f77504c15f2b3d656d8c418e48328,/root/autodl-tmp/graph/data/graphrestore/raw/agenticir/extracted/HQ/077.png,6d0b3c0c4255ee2de7c3c275c114eb531248c06fce157913f4e69dacd492cc91,22.91507911682129,0.7678321162111019,269.172802567482,1,1,2,0,0,0,0,0.12120300205723418
test/B/motion blur + jpeg compression artifact/078,B,motion blur+jpeg compression artifact,078,/root/autodl-tmp/aaa/graphrestore/artifacts/formal_mio100/graphrestore_v7_1_stage4_step040000/methods/graphrestore_v7_1_stage4_step040000/d2/motion blur+jpeg compression artifact/078.png,b9469dcdb3c839fb8a9502ccc2442d5b973705d873ab42ba4c90da6275303998,/root/autodl-tmp/graph/data/graphrestore/raw/agenticir/extracted/HQ/078.png,ae84b8b3592a0f623d5bd2c5791b049e6fd87155614fbbad37f1ac00a2cfa870,21.34673309326172,0.6020340442218135,319.33364272117615,1,1,2,0,0,0,0,0.12120300205723418
test/B/motion blur + jpeg compression artifact/079,B,motion blur+jpeg compression artifact,079,/root/autodl-tmp/aaa/graphrestore/artifacts/formal_mio100/graphrestore_v7_1_stage4_step040000/methods/graphrestore_v7_1_stage4_step040000/d2/motion blur+jpeg compression artifact/079.png,4ed9e580cf179ee1b60e9a40a3909892f5c38f139d0720c944459be1ef231b5f,/root/autodl-tmp/graph/data/graphrestore/raw/agenticir/extracted/HQ/079.png,166cde30b17743be2ca3fb2c29004e0b38b126bfa1d8d5f41013c23eb248aad5,20.708818435668945,0.5506827965832212,291.7194366455078,1,1,2,0,0,0,0,0.12120300205723418
test/B/motion blur + jpeg compression artifact/080,B,motion blur+jpeg compression artifact,080,/root/autodl-tmp/aaa/graphrestore/artifacts/formal_mio100/graphrestore_v7_1_stage4_step040000/methods/graphrestore_v7_1_stage4_step040000/d2/motion blur+jpeg compression artifact/080.png,387bd0d5b4fc395ec866cfcc8de37fdb4919c871f2eb0d55776b266db98cca09,/root/autodl-tmp/graph/data/graphrestore/raw/agenticir/extracted/HQ/080.png,b208599722bce230536ae4db62272e883a7714d4bfca7d73e1361da3b2ca9225,24.483642578125,0.8438844886011863,259.2395171523094,1,1,2,0,0,0,0,0.12120300205723418
test/B/motion blur + jpeg compression artifact/081,B,motion blur+jpeg compression artifact,081,/root/autodl-tmp/aaa/graphrestore/artifacts/formal_mio100/graphrestore_v7_1_stage4_step040000/methods/graphrestore_v7_1_stage4_step040000/d2/motion blur+jpeg compression artifact/081.png,6cb71b15b416d13534b01029a07e08b00e66136e3790c7e9eb4fc822a38f5638,/root/autodl-tmp/graph/data/graphrestore/raw/agenticir/extracted/HQ/081.png,f86df1e220755af6ab50844f797e3fb45165c5dde9ac8ee1750544154cfd1ad7,23.37618064880371,0.7040559876058404,295.2912747859955,1,0,1,0,0,0,0,0.12120300205723418
test/B/motion blur + jpeg compression artifact/082,B,motion blur+jpeg compression artifact,082,/root/autodl-tmp/aaa/graphrestore/artifacts/formal_mio100/graphrestore_v7_1_stage4_step040000/methods/graphrestore_v7_1_stage4_step040000/d2/motion blur+jpeg compression artifact/082.png,8e572cd173ba70f7dd6f4d29069c1e0eb6324df9ae984e6448565b027438bcef,/root/autodl-tmp/graph/data/graphrestore/raw/agenticir/extracted/HQ/082.png,698a641215db75e2471381c00fc2a84208122a4a0115beeb5679de746977682e,17.833019256591797,0.6352739197297292,245.65786868333817,1,0,1,0,0,0,0,0.12120300205723418
test/B/motion blur + jpeg compression artifact/083,B,motion blur+jpeg compression artifact,083,/root/autodl-tmp/aaa/graphrestore/artifacts/formal_mio100/graphrestore_v7_1_stage4_step040000/methods/graphrestore_v7_1_stage4_step040000/d2/motion blur+jpeg compression artifact/083.png,dc597f1d2f5857550409357d78dec1bb931426abe4fd9ea6173107a8c76e87ed,/root/autodl-tmp/graph/data/graphrestore/raw/agenticir/extracted/HQ/083.png,4772b8d475dfc90626760cea35452db0ee8dfdd89f7cd8def57f8b4d74ecef44,19.123268127441406,0.5903983405064038,264.70397412776947,1,0,1,0,0,0,0,0.12120300205723418
test/B/motion blur + jpeg compression artifact/084,B,motion blur+jpeg compression artifact,084,/root/autodl-tmp/aaa/graphrestore/artifacts/formal_mio100/graphrestore_v7_1_stage4_step040000/methods/graphrestore_v7_1_stage4_step040000/d2/motion blur+jpeg compression artifact/084.png,51b7d80c9ace2a1c8a7d4a922212b6758ef3c3e6d9f506e627358925285dbb48,/root/autodl-tmp/graph/data/graphrestore/raw/agenticir/extracted/HQ/084.png,1bc34c4607ba66d84248fe8e7d5e30546ae13841542d8b1cb9146f2a2485df64,27.29690933227539,0.846830120600512,260.88327914476395,1,1,2,0,0,0,0,0.12120300205723418
test/B/motion blur + jpeg compression artifact/085,B,motion blur+jpeg compression artifact,085,/root/autodl-tmp/aaa/graphrestore/artifacts/formal_mio100/graphrestore_v7_1_stage4_step040000/methods/graphrestore_v7_1_stage4_step040000/d2/motion blur+jpeg compression artifact/085.png,4d83e6a5f905eaa50a06e3fb0617252869c7805d0ca5e8ba5fb203219cdaf04d,/root/autodl-tmp/graph/data/graphrestore/raw/agenticir/extracted/HQ/085.png,6174b7cb004afd2a578ec1950d92b99c41115b5a6bf70a511f19156c62bd5274,26.526416778564453,0.9010879094039013,259.1962143778801,1,1,2,0,0,0,0,0.12120300205723418
test/B/motion blur + jpeg compression artifact/086,B,motion blur+jpeg compression artifact,086,/root/autodl-tmp/aaa/graphrestore/artifacts/formal_mio100/graphrestore_v7_1_stage4_step040000/methods/graphrestore_v7_1_stage4_step040000/d2/motion blur+jpeg compression artifact/086.png,d08581f378deec3696c9b6fbccf3ef4f0a2944890f468656c6f13ee7b4ccd2a8,/root/autodl-tmp/graph/data/graphrestore/raw/agenticir/extracted/HQ/086.png,68a629299aaf0e4d70065c504c9b3e397721fa17a25c2585446914aa5c7bafb5,19.647377014160156,0.606849597776103,239.6453246474266,1,0,1,0,0,0,0,0.12120300205723418
test/B/motion blur + jpeg compression artifact/087,B,motion blur+jpeg compression artifact,087,/root/autodl-tmp/aaa/graphrestore/artifacts/formal_mio100/graphrestore_v7_1_stage4_step040000/methods/graphrestore_v7_1_stage4_step040000/d2/motion blur+jpeg compression artifact/087.png,d4024179df5f80064cdbdabdbd84b4a0e4618221fc3172f81dd6b4f7d9f85562,/root/autodl-tmp/graph/data/graphrestore/raw/agenticir/extracted/HQ/087.png,059a862de1498fc3b783bcfcce8fad399573aa912bb6638bbd3d43d23b88cdc6,21.98443603515625,0.7069015156630966,240.0922253727913,1,0,1,0,0,0,0,0.12120300205723418
test/B/motion blur + jpeg compression artifact/088,B,motion blur+jpeg compression artifact,088,/root/autodl-tmp/aaa/graphrestore/artifacts/formal_mio100/graphrestore_v7_1_stage4_step040000/methods/graphrestore_v7_1_stage4_step040000/d2/motion blur+jpeg compression artifact/088.png,ef8b8dbd69091e6829655a7f95838cdc3a4f0cea23c4272c2483fd549c2bb7c8,/root/autodl-tmp/graph/data/graphrestore/raw/agenticir/extracted/HQ/088.png,e76841066e027bd2a2fa101a4598c597d4891a7c535e3cc3195b7afcc249d7ae,28.29339027404785,0.8927138671442477,314.029760658741,1,1,2,0,0,0,0,0.12120300205723418
test/B/motion blur + jpeg compression artifact/089,B,motion blur+jpeg compression artifact,089,/root/autodl-tmp/aaa/graphrestore/artifacts/formal_mio100/graphrestore_v7_1_stage4_step040000/methods/graphrestore_v7_1_stage4_step040000/d2/motion blur+jpeg compression artifact/089.png,ff5145822023b8975561c87aae88d8381090b840d4e49c8559dda1873c3f1a2f,/root/autodl-tmp/graph/data/graphrestore/raw/agenticir/extracted/HQ/089.png,046e493440ea7499fe07cec3853e6e170225ce6cdc903aac14730fa6b9bf36ab,17.901151657104492,0.5879117207243953,258.54870676994324,1,1,2,0,0,0,0,0.12120300205723418
test/B/motion blur + jpeg compression artifact/090,B,motion blur+jpeg compression artifact,090,/root/autodl-tmp/aaa/graphrestore/artifacts/formal_mio100/graphrestore_v7_1_stage4_step040000/methods/graphrestore_v7_1_stage4_step040000/d2/motion blur+jpeg compression artifact/090.png,10a5c92f08871d78a782c1a18deacf23108866129f16a5658d6341ca5519bdb8,/root/autodl-tmp/graph/data/graphrestore/raw/agenticir/extracted/HQ/090.png,830f74b8389bfef595e56e910efc49cf4246f6f7bd552ea8c45d071a0113053c,17.79088592529297,0.4908102675688415,290.53256660699844,1,1,2,0,0,0,0,0.12120300205723418
test/B/motion blur + jpeg compression artifact/091,B,motion blur+jpeg compression artifact,091,/root/autodl-tmp/aaa/graphrestore/artifacts/formal_mio100/graphrestore_v7_1_stage4_step040000/methods/graphrestore_v7_1_stage4_step040000/d2/motion blur+jpeg compression artifact/091.png,d9bb101d181aee0ee4d7336864637fdedc8f3d6025c911484114172f6661e48b,/root/autodl-tmp/graph/data/graphrestore/raw/agenticir/extracted/HQ/091.png,5e553db9d41f0f077260ca811d0fc988002511f536fd217035e5495bab201d6c,22.444561004638672,0.8657541232144863,238.98637294769287,1,0,1,0,0,0,0,0.12120300205723418
test/B/motion blur + jpeg compression artifact/092,B,motion blur+jpeg compression artifact,092,/root/autodl-tmp/aaa/graphrestore/artifacts/formal_mio100/graphrestore_v7_1_stage4_step040000/methods/graphrestore_v7_1_stage4_step040000/d2/motion blur+jpeg compression artifact/092.png,0e202d19d97069eac854dd7c865193562a73c87ce40e157ba128168a8a18cc9d,/root/autodl-tmp/graph/data/graphrestore/raw/agenticir/extracted/HQ/092.png,d2fdbb69f6828c6707d3f41abfcb56dcb6e0d8e75181ac8d0c55eea107f20d48,20.119365692138672,0.6651057176440733,263.8523429632187,1,0,1,0,0,0,0,0.12120300205723418
test/B/motion blur + jpeg compression artifact/093,B,motion blur+jpeg compression artifact,093,/root/autodl-tmp/aaa/graphrestore/artifacts/formal_mio100/graphrestore_v7_1_stage4_step040000/methods/graphrestore_v7_1_stage4_step040000/d2/motion blur+jpeg compression artifact/093.png,782ad2ce35b954fc98897fa30d10515daecba3aaf2d2bd61a1e1c1c80b4184aa,/root/autodl-tmp/graph/data/graphrestore/raw/agenticir/extracted/HQ/093.png,b9ef1df7a3be70176f064c2568ea12d8cd9c9c54b3e8fd72bca53d170eaf06f2,20.66046905517578,0.7561320559978121,405.67099303007126,1,0,1,0,0,0,0,0.12120300205723418
test/B/motion blur + jpeg compression artifact/094,B,motion blur+jpeg compression artifact,094,/root/autodl-tmp/aaa/graphrestore/artifacts/formal_mio100/graphrestore_v7_1_stage4_step040000/methods/graphrestore_v7_1_stage4_step040000/d2/motion blur+jpeg compression artifact/094.png,3941736b87019b218906bdef9dfd48b16c41c3e45b20c072cdedaceddca5b56f,/root/autodl-tmp/graph/data/graphrestore/raw/agenticir/extracted/HQ/094.png,45dab31fa407b6793844322a5e147cdfedc3bfa449cd28fc9605f41dba80966d,17.85788345336914,0.6587874321643751,266.54813438653946,1,1,2,0,0,0,0,0.12120300205723418
test/B/motion blur + jpeg compression artifact/095,B,motion blur+jpeg compression artifact,095,/root/autodl-tmp/aaa/graphrestore/artifacts/formal_mio100/graphrestore_v7_1_stage4_step040000/methods/graphrestore_v7_1_stage4_step040000/d2/motion blur+jpeg compression artifact/095.png,278f53bad928d3de9fe506ece5c2b61f0c049fd7d1329b96999394676e36cead,/root/autodl-tmp/graph/data/graphrestore/raw/agenticir/extracted/HQ/095.png,2f04f8c811593049180a1c6bdcf5d723d3c2f6443ba518c407e4976d7a6b2637,12.834566116333008,0.44098779425927953,215.09239822626114,1,0,1,0,0,0,0,0.12120300205723418
test/B/motion blur + jpeg compression artifact/096,B,motion blur+jpeg compression artifact,096,/root/autodl-tmp/aaa/graphrestore/artifacts/formal_mio100/graphrestore_v7_1_stage4_step040000/methods/graphrestore_v7_1_stage4_step040000/d2/motion blur+jpeg compression artifact/096.png,98ef7e409ad491edbeb04df4a6d80044964ececb44be5a545802bfc80a34ad36,/root/autodl-tmp/graph/data/graphrestore/raw/agenticir/extracted/HQ/096.png,3ac9dbd626f9e294ae10a8ab11a34f6c0132ed355627d25ce3f8790f701fae29,21.646930694580078,0.7271614653641411,238.5881394147873,1,0,1,0,0,0,0,0.12120300205723418
test/B/motion blur + jpeg compression artifact/097,B,motion blur+jpeg compression artifact,097,/root/autodl-tmp/aaa/graphrestore/artifacts/formal_mio100/graphrestore_v7_1_stage4_step040000/methods/graphrestore_v7_1_stage4_step040000/d2/motion blur+jpeg compression artifact/097.png,c52cec16867f3a3eefd3bc92a43c623258d152d7fcac82cb31f9c6ac453d54d2,/root/autodl-tmp/graph/data/graphrestore/raw/agenticir/extracted/HQ/097.png,9b6c3c0d294f54e89b51656b0163aa8d0715dd7904848721ea76c07ccf737d2e,21.959320068359375,0.8044080459762629,259.4483867287636,1,0,1,0,0,0,0,0.12120300205723418
test/B/motion blur + jpeg compression artifact/098,B,motion blur+jpeg compression artifact,098,/root/autodl-tmp/aaa/graphrestore/artifacts/formal_mio100/graphrestore_v7_1_stage4_step040000/methods/graphrestore_v7_1_stage4_step040000/d2/motion blur+jpeg compression artifact/098.png,f8cf5dcc7fda834bfcbcca55420e9c180f1dc9e55b24b9505341bffbb297f75f,/root/autodl-tmp/graph/data/graphrestore/raw/agenticir/extracted/HQ/098.png,f0574e5262ab9942e66006e0df3aab8738de997489badc302e131ae74299181f,15.628460884094238,0.4329248214373203,318.2641491293907,1,1,2,0,0,0,0,0.12120300205723418
test/B/motion blur + jpeg compression artifact/099,B,motion blur+jpeg compression artifact,099,/root/autodl-tmp/aaa/graphrestore/artifacts/formal_mio100/graphrestore_v7_1_stage4_step040000/methods/graphrestore_v7_1_stage4_step040000/d2/motion blur+jpeg compression artifact/099.png,157862f3f7fc2083f4b5cce28fe5ca2401711f83cacca7f44d18c1f2e72dc3f0,/root/autodl-tmp/graph/data/graphrestore/raw/agenticir/extracted/HQ/099.png,15ddff6cab9869d7fe8a7cb6fd328b436bbfa9b089e6adcbba7a5048e4c97f8b,19.539140701293945,0.5600331876958428,260.24478673934937,1,1,2,0,0,0,0,0.12120300205723418
test/B/motion blur + jpeg compression artifact/100,B,motion blur+jpeg compression artifact,100,/root/autodl-tmp/aaa/graphrestore/artifacts/formal_mio100/graphrestore_v7_1_stage4_step040000/methods/graphrestore_v7_1_stage4_step040000/d2/motion blur+jpeg compression artifact/100.png,7055c5d4ed2e31995ea71acab843e87571a343aad2816ac99e80a5fe2639ef30,/root/autodl-tmp/graph/data/graphrestore/raw/agenticir/extracted/HQ/100.png,b7f5d60dbb3e7047b9c62efc7d61db97052a2cde687d3fae367a14a6793a0c40,16.06849479675293,0.5040254433024847,260.4605630040169,1,1,2,0,0,0,0,0.12120300205723418
test/B/rain + dark/001,B,rain+dark,001,/root/autodl-tmp/aaa/graphrestore/artifacts/formal_mio100/graphrestore_v7_1_stage4_step040000/methods/graphrestore_v7_1_stage4_step040000/d2/rain+dark/001.png,52c441c3dfaba01931527d1d7a1d76f89454448122ea70011730c54f13679e48,/root/autodl-tmp/graph/data/graphrestore/raw/agenticir/extracted/HQ/001.png,501f9b012a3f9c95787db8151eddf07dcae5e163688c011649d3ff3f00372cae,18.671630859375,0.8067128971334266,252.93976813554764,1,0,1,0,0,0,0,0.12120300205723418
test/B/rain + dark/002,B,rain+dark,002,/root/autodl-tmp/aaa/graphrestore/artifacts/formal_mio100/graphrestore_v7_1_stage4_step040000/methods/graphrestore_v7_1_stage4_step040000/d2/rain+dark/002.png,a652e95f9f59f05898a95efc43cb76a66399f762625e0eebda721d2876fc7dc4,/root/autodl-tmp/graph/data/graphrestore/raw/agenticir/extracted/HQ/002.png,e65fb0b7adb1176b47486303c8cc4f49a0173f91e00d28e0c3a4d3eccae286b4,18.888946533203125,0.6942868537894895,338.59696984291077,1,0,1,0,0,0,0,0.12120300205723418
test/B/rain + dark/003,B,rain+dark,003,/root/autodl-tmp/aaa/graphrestore/artifacts/formal_mio100/graphrestore_v7_1_stage4_step040000/methods/graphrestore_v7_1_stage4_step040000/d2/rain+dark/003.png,9a576b336a8ec0bcba96cac9d2242feaf735ab03e336225427d3ea6e5ca35f54,/root/autodl-tmp/graph/data/graphrestore/raw/agenticir/extracted/HQ/003.png,c2a2513992db412a7160dfa2f82535dccaa188db91df80ee6ed5b0dd5c5d2d1a,19.853227615356445,0.8487656931854204,298.4776869416237,1,0,1,0,0,0,0,0.12120300205723418
test/B/rain + dark/004,B,rain+dark,004,/root/autodl-tmp/aaa/graphrestore/artifacts/formal_mio100/graphrestore_v7_1_stage4_step040000/methods/graphrestore_v7_1_stage4_step040000/d2/rain+dark/004.png,050476c7e3ea7818906f62fae309637ec0b8ae70eaecd77c5301e4a7cf3f8b99,/root/autodl-tmp/graph/data/graphrestore/raw/agenticir/extracted/HQ/004.png,f1ad3f60cd8e680739263535ab1620a2490f3bc0c65a9355a965c7dff9be1fed,18.730430603027344,0.8192960160850528,325.8179575204849,1,0,1,0,0,0,0,0.12120300205723418
test/B/rain + dark/005,B,rain+dark,005,/root/autodl-tmp/aaa/graphrestore/artifacts/formal_mio100/graphrestore_v7_1_stage4_step040000/methods/graphrestore_v7_1_stage4_step040000/d2/rain+dark/005.png,e1d55713ac6c9c0f6988d61c21c7d444ec594e601c0f6cc530ef8f2cf73c80d8,/root/autodl-tmp/graph/data/graphrestore/raw/agenticir/extracted/HQ/005.png,1d8eb1ef9c1817c087956135efa85be686e7169ef11eb532c768d32d7267a0ff,17.308671951293945,0.6622311378713251,297.80327528715134,1,0,1,0,0,0,0,0.12120300205723418
test/B/rain + dark/006,B,rain+dark,006,/root/autodl-tmp/aaa/graphrestore/artifacts/formal_mio100/graphrestore_v7_1_stage4_step040000/methods/graphrestore_v7_1_stage4_step040000/d2/rain+dark/006.png,fab98a916b2cbddf37f87363825d23ea59f9dea6d3221845c096e4ef3115ee5b,/root/autodl-tmp/graph/data/graphrestore/raw/agenticir/extracted/HQ/006.png,f62feddd2f379d039dd1effe18b6368c79a6fe31fb8177f797c9f230eb8e1211,19.04337501525879,0.4707154047989016,246.23841792345047,1,0,1,0,0,0,0,0.12120300205723418
test/B/rain + dark/007,B,rain+dark,007,/root/autodl-tmp/aaa/graphrestore/artifacts/formal_mio100/graphrestore_v7_1_stage4_step040000/methods/graphrestore_v7_1_stage4_step040000/d2/rain+dark/007.png,c254ba804bbbca0fb9cf165d30d62dc05db7cbc6bbc6760bb00d149072e7ef94,/root/autodl-tmp/graph/data/graphrestore/raw/agenticir/extracted/HQ/007.png,b876f087d5f42a9350f28383ff2df22156b6bbba702809d134b7713d9430881c,18.407033920288086,0.8313365345479535,242.40300059318542,1,0,1,0,0,0,0,0.12120300205723418
test/B/rain + dark/008,B,rain+dark,008,/root/autodl-tmp/aaa/graphrestore/artifacts/formal_mio100/graphrestore_v7_1_stage4_step040000/methods/graphrestore_v7_1_stage4_step040000/d2/rain+dark/008.png,1a326ec3b447e48a9d0603162f307edee081f535a2e32a87b5adc65af033bb54,/root/autodl-tmp/graph/data/graphrestore/raw/agenticir/extracted/HQ/008.png,4efb8dbbd2ba5090b7b951a456ec5ed27a5d61360ab95cb1c5a9366f2868cb94,17.258647918701172,0.5501310135191603,370.19091099500656,1,1,2,0,0,0,0,0.12120300205723418
test/B/rain + dark/009,B,rain+dark,009,/root/autodl-tmp/aaa/graphrestore/artifacts/formal_mio100/graphrestore_v7_1_stage4_step040000/methods/graphrestore_v7_1_stage4_step040000/d2/rain+dark/009.png,9907b2d546caba29986cfadbdc44dba3fcd84f502ac722a90b26063df752d78e,/root/autodl-tmp/graph/data/graphrestore/raw/agenticir/extracted/HQ/009.png,5b779ac0fbe5d1e4d4126fd2864493dcc2ecdbde374ede7e29a054b2a9cb4f21,11.25614070892334,0.6259562670233405,371.07977271080017,1,0,1,0,0,0,0,0.12120300205723418
test/B/rain + dark/010,B,rain+dark,010,/root/autodl-tmp/aaa/graphrestore/artifacts/formal_mio100/graphrestore_v7_1_stage4_step040000/methods/graphrestore_v7_1_stage4_step040000/d2/rain+dark/010.png,48fbfc6c61767b678ef3ec62c8b88f99627c5e6b6d5ddf2f8b6e0f983a9b1010,/root/autodl-tmp/graph/data/graphrestore/raw/agenticir/extracted/HQ/010.png,327492996d853f5c8873b435f98a91afd07db64567545baa61c9f4f64f717a0d,19.359420776367188,0.7152825740856192,413.84850442409515,1,0,1,0,0,0,0,0.12120300205723418
test/B/rain + dark/011,B,rain+dark,011,/root/autodl-tmp/aaa/graphrestore/artifacts/formal_mio100/graphrestore_v7_1_stage4_step040000/methods/graphrestore_v7_1_stage4_step040000/d2/rain+dark/011.png,edf6a938a7ffb11c57e4a7b6aaf1b3dab94073ecfa2f0108b6f7a1ca8de3dace,/root/autodl-tmp/graph/data/graphrestore/raw/agenticir/extracted/HQ/011.png,dcafe4ee2b43e667674ccc874b42e160ea37427b7c935297734ba69ece6b6f35,21.042564392089844,0.7292358669994895,244.11354213953018,1,0,1,0,0,0,0,0.12120300205723418
test/B/rain + dark/012,B,rain+dark,012,/root/autodl-tmp/aaa/graphrestore/artifacts/formal_mio100/graphrestore_v7_1_stage4_step040000/methods/graphrestore_v7_1_stage4_step040000/d2/rain+dark/012.png,71a70d05ef9eb78893d56e863f1b4ca0cdb95df3fc2f9af096d485acc16b457e,/root/autodl-tmp/graph/data/graphrestore/raw/agenticir/extracted/HQ/012.png,0884a3dabb3fa30cde26a4dfbf003a133139f708c65c3f8b02c24a87a6d073c3,14.552181243896484,0.6432956897302321,258.62521678209305,1,1,2,0,0,0,0,0.12120300205723418
test/B/rain + dark/013,B,rain+dark,013,/root/autodl-tmp/aaa/graphrestore/artifacts/formal_mio100/graphrestore_v7_1_stage4_step040000/methods/graphrestore_v7_1_stage4_step040000/d2/rain+dark/013.png,af9fe96c9f5fa204bcb9fbaae462fda91d81bd1bb716efd9952b7747a2885992,/root/autodl-tmp/graph/data/graphrestore/raw/agenticir/extracted/HQ/013.png,afe18305499bd0b8318392e8f34ede33aafb5a0df2371075fe9f30a1c81a75eb,20.065317153930664,0.802253010275939,289.31425511837006,1,0,1,0,0,0,0,0.12120300205723418
test/B/rain + dark/014,B,rain+dark,014,/root/autodl-tmp/aaa/graphrestore/artifacts/formal_mio100/graphrestore_v7_1_stage4_step040000/methods/graphrestore_v7_1_stage4_step040000/d2/rain+dark/014.png,321c9c81e4bc26682e3906b46a8bdc64189de4d229cee1afe996d6e7b66e0abc,/root/autodl-tmp/graph/data/graphrestore/raw/agenticir/extracted/HQ/014.png,2d569d9b923a96b1542c0b845dce0c7657794eba9f6f22ae5d02f335ef1bc4a0,19.64210319519043,0.6860954538457186,295.9078624844551,1,0,1,0,0,0,0,0.12120300205723418
test/B/rain + dark/015,B,rain+dark,015,/root/autodl-tmp/aaa/graphrestore/artifacts/formal_mio100/graphrestore_v7_1_stage4_step040000/methods/graphrestore_v7_1_stage4_step040000/d2/rain+dark/015.png,1286c91a7235766a7996e8204a8129fb33293aac5be047623fc1db8484f6a546,/root/autodl-tmp/graph/data/graphrestore/raw/agenticir/extracted/HQ/015.png,286adb5a1c45ee88f14e1b16e3af420910584bf5ebdd72c40cf75317559c731f,18.51812171936035,0.7283701754467645,243.3796525001526,1,0,1,0,0,0,0,0.12120300205723418
test/B/rain + dark/016,B,rain+dark,016,/root/autodl-tmp/aaa/graphrestore/artifacts/formal_mio100/graphrestore_v7_1_stage4_step040000/methods/graphrestore_v7_1_stage4_step040000/d2/rain+dark/016.png,097fcd6a807035c83a646e7f46c4a4ec8f6deedba6ef2a2569296ab322cb4480,/root/autodl-tmp/graph/data/graphrestore/raw/agenticir/extracted/HQ/016.png,ddc71b4b9bd2a57cabf985c7743b8ff7083a0d9205008603edb440ba27da9313,20.021045684814453,0.8401672447691851,314.82723355293274,1,0,1,0,0,0,0,0.12120300205723418
test/B/rain + dark/017,B,rain+dark,017,/root/autodl-tmp/aaa/graphrestore/artifacts/formal_mio100/graphrestore_v7_1_stage4_step040000/methods/graphrestore_v7_1_stage4_step040000/d2/rain+dark/017.png,5f50fe5c9f3b18efdb6ad56c8bdb762015825175335560e7f61e196fe253465f,/root/autodl-tmp/graph/data/graphrestore/raw/agenticir/extracted/HQ/017.png,ab3ab0c03c2d8c9c0befbcad219fae23c9795fdf99d664630f4f4febbd02c519,20.68079376220703,0.651685394362806,260.63819229602814,1,0,1,0,0,0,0,0.12120300205723418
test/B/rain + dark/018,B,rain+dark,018,/root/autodl-tmp/aaa/graphrestore/artifacts/formal_mio100/graphrestore_v7_1_stage4_step040000/methods/graphrestore_v7_1_stage4_step040000/d2/rain+dark/018.png,332bdb09314ef01e14f4a04728a3feeb202b04d66f4143b26c34c68f09059b00,/root/autodl-tmp/graph/data/graphrestore/raw/agenticir/extracted/HQ/018.png,66db8e4aeb78f506ae4415572eb910726c3f16ede70138093ab4eced187b8df1,18.286304473876953,0.7615370310729318,292.8037717938423,1,0,1,0,0,0,0,0.12120300205723418
test/B/rain + dark/019,B,rain+dark,019,/root/autodl-tmp/aaa/graphrestore/artifacts/formal_mio100/graphrestore_v7_1_stage4_step040000/methods/graphrestore_v7_1_stage4_step040000/d2/rain+dark/019.png,e20c0b4b71f4b547e05d2ef39d8f5f3943441271adb8927a2b36e32ce381cd55,/root/autodl-tmp/graph/data/graphrestore/raw/agenticir/extracted/HQ/019.png,fb026cef85a4f7e64ad7c5f064ed15de1f04a7a7b6bde70b28ee78a55db21aeb,20.731914520263672,0.7408859389788716,245.7342892885208,1,0,1,0,0,0,0,0.12120300205723418
test/B/rain + dark/020,B,rain+dark,020,/root/autodl-tmp/aaa/graphrestore/artifacts/formal_mio100/graphrestore_v7_1_stage4_step040000/methods/graphrestore_v7_1_stage4_step040000/d2/rain+dark/020.png,706103b0589e118d20d6e074be3119dcf219f2e26b6bed6a0df1d9cf8649bf06,/root/autodl-tmp/graph/data/graphrestore/raw/agenticir/extracted/HQ/020.png,daa15d9f51eab9eca70197a7f05df7873e3eab75e432b0a81fe9488be552f37a,22.015914916992188,0.8926030387995119,288.041815161705,1,0,1,0,0,0,0,0.12120300205723418
test/B/rain + dark/021,B,rain+dark,021,/root/autodl-tmp/aaa/graphrestore/artifacts/formal_mio100/graphrestore_v7_1_stage4_step040000/methods/graphrestore_v7_1_stage4_step040000/d2/rain+dark/021.png,cc9f63ec8df993b1dd3d0b3cc7f953571203bcba367e7003200e99b667259772,/root/autodl-tmp/graph/data/graphrestore/raw/agenticir/extracted/HQ/021.png,9fcc8dda4bbbe5e54e419f5cbb07e7b4310dd291ad1f1cd3cd65a90f9809baa8,18.138044357299805,0.8027238671267177,342.99255907535553,1,0,1,0,0,0,0,0.12120300205723418
test/B/rain + dark/022,B,rain+dark,022,/root/autodl-tmp/aaa/graphrestore/artifacts/formal_mio100/graphrestore_v7_1_stage4_step040000/methods/graphrestore_v7_1_stage4_step040000/d2/rain+dark/022.png,4627a4d59352da1d1955d6ce0f4b273397f12d014ef11d0a01eb23409f3904b6,/root/autodl-tmp/graph/data/graphrestore/raw/agenticir/extracted/HQ/022.png,70c41dc6f249472324664323044853cb85a1256f39b4a31853ddbd89fcc1e191,17.764266967773438,0.8247592782905201,245.01723051071167,1,0,1,0,0,0,0,0.12120300205723418
test/B/rain + dark/023,B,rain+dark,023,/root/autodl-tmp/aaa/graphrestore/artifacts/formal_mio100/graphrestore_v7_1_stage4_step040000/methods/graphrestore_v7_1_stage4_step040000/d2/rain+dark/023.png,5d6fd40927b8480bb3e781d693977430b9be520d1a2eb245ebbd3cb6fa6c3a1e,/root/autodl-tmp/graph/data/graphrestore/raw/agenticir/extracted/HQ/023.png,befde78eca5789c87200ca1e2ac905ba8ad5706b50af86454bd30bc857c90e02,10.98539924621582,0.5638789105404215,238.31622302532196,1,0,1,0,0,0,0,0.12120300205723418
test/B/rain + dark/024,B,rain+dark,024,/root/autodl-tmp/aaa/graphrestore/artifacts/formal_mio100/graphrestore_v7_1_stage4_step040000/methods/graphrestore_v7_1_stage4_step040000/d2/rain+dark/024.png,439e0ec397f30cb48199e0032bf46483300e39653c2c05cf0b5973d18e2b2e36,/root/autodl-tmp/graph/data/graphrestore/raw/agenticir/extracted/HQ/024.png,e51441e174dd8dc0c47872ccb4221ab3f054b716588ee0f42d58a56098bd9538,20.865005493164062,0.7437688518281874,241.45812541246414,1,0,1,0,0,0,0,0.12120300205723418
test/B/rain + dark/025,B,rain+dark,025,/root/autodl-tmp/aaa/graphrestore/artifacts/formal_mio100/graphrestore_v7_1_stage4_step040000/methods/graphrestore_v7_1_stage4_step040000/d2/rain+dark/025.png,11d2d2d8ddf4835b58721032a741474e49eb4ecdaafe934a1ceccecba92472c9,/root/autodl-tmp/graph/data/graphrestore/raw/agenticir/extracted/HQ/025.png,f384d4a9bc3c31bc29038378f849002dc4ff2db373d852b732f5cfc24ebed244,19.477115631103516,0.8219222464499479,239.15156722068787,1,0,1,0,0,0,0,0.12120300205723418
test/B/rain + dark/026,B,rain+dark,026,/root/autodl-tmp/aaa/graphrestore/artifacts/formal_mio100/graphrestore_v7_1_stage4_step040000/methods/graphrestore_v7_1_stage4_step040000/d2/rain+dark/026.png,f9ba5a41a75b61392e25677dd155d62df05f5df10339fafda5a29f917991595a,/root/autodl-tmp/graph/data/graphrestore/raw/agenticir/extracted/HQ/026.png,cfce1d4c02a00f28988a64f63cd538c4147c3a72c147a6549d71f1105d671224,17.356861114501953,0.7428343937612836,289.4273027777672,1,0,1,0,0,0,0,0.12120300205723418
test/B/rain + dark/027,B,rain+dark,027,/root/autodl-tmp/aaa/graphrestore/artifacts/formal_mio100/graphrestore_v7_1_stage4_step040000/methods/graphrestore_v7_1_stage4_step040000/d2/rain+dark/027.png,e9962c6c315aa135e07680b99e0bbc307ca2bdd74e0ee123cd5cc07615d6e570,/root/autodl-tmp/graph/data/graphrestore/raw/agenticir/extracted/HQ/027.png,d69be3d26f3d3c95ffd9de3bd8d565120e0f09fb4aa84c72ae18d8fc4f871aae,17.126174926757812,0.7763222035255694,294.42258924245834,1,0,1,0,0,0,0,0.12120300205723418
test/B/rain + dark/028,B,rain+dark,028,/root/autodl-tmp/aaa/graphrestore/artifacts/formal_mio100/graphrestore_v7_1_stage4_step040000/methods/graphrestore_v7_1_stage4_step040000/d2/rain+dark/028.png,440e4ca9c4d851bc5e88a9e929601bba18b5dbe51f5271d1e79bc83f818d5eec,/root/autodl-tmp/graph/data/graphrestore/raw/agenticir/extracted/HQ/028.png,181f97da79059de1a93d1a0d30f6851393282c6af8b607d83ce29ab8c9dbf771,11.662052154541016,0.6530579851749252,242.58039891719818,1,0,1,0,0,0,0,0.12120300205723418
test/B/rain + dark/029,B,rain+dark,029,/root/autodl-tmp/aaa/graphrestore/artifacts/formal_mio100/graphrestore_v7_1_stage4_step040000/methods/graphrestore_v7_1_stage4_step040000/d2/rain+dark/029.png,65e8393c022f4e623ec571b1285a65b9fbd2cf553869c147704379a45a04bb67,/root/autodl-tmp/graph/data/graphrestore/raw/agenticir/extracted/HQ/029.png,3c7f43d0544ada8d7b64d7bb197621349fa1dcdf8400fb6128afaf8787814556,23.529251098632812,0.617777016497626,240.57520180940628,1,0,1,0,0,0,0,0.12120300205723418
test/B/rain + dark/030,B,rain+dark,030,/root/autodl-tmp/aaa/graphrestore/artifacts/formal_mio100/graphrestore_v7_1_stage4_step040000/methods/graphrestore_v7_1_stage4_step040000/d2/rain+dark/030.png,df4e8ec84d7b4e922f6635ea82c51e24c99b967cb6cec467168fd9b44acbc5d0,/root/autodl-tmp/graph/data/graphrestore/raw/agenticir/extracted/HQ/030.png,576b0158cf5a541dd6aaf522902400e8ba3175aacca36d9df22951f52acf3f2f,17.669218063354492,0.5809275562917203,231.96805268526077,1,1,2,0,0,0,0,0.12120300205723418
test/B/rain + dark/031,B,rain+dark,031,/root/autodl-tmp/aaa/graphrestore/artifacts/formal_mio100/graphrestore_v7_1_stage4_step040000/methods/graphrestore_v7_1_stage4_step040000/d2/rain+dark/031.png,b2110513bc88c9f78f6f7e7a3b770e61fd70655793c83757016af5b87e6ccc0e,/root/autodl-tmp/graph/data/graphrestore/raw/agenticir/extracted/HQ/031.png,ee314f8cd1954636c1817c95d1cb0db5aa871e179961c3463869d5dc2100d422,21.806934356689453,0.7176156283567311,267.29436963796616,1,0,1,0,0,0,0,0.12120300205723418
test/B/rain + dark/032,B,rain+dark,032,/root/autodl-tmp/aaa/graphrestore/artifacts/formal_mio100/graphrestore_v7_1_stage4_step040000/methods/graphrestore_v7_1_stage4_step040000/d2/rain+dark/032.png,ff4ab3887c91105aacb85125c039de0c7129ccaa0399addddb51edecbd4d94e4,/root/autodl-tmp/graph/data/graphrestore/raw/agenticir/extracted/HQ/032.png,e9749385ec471240dd782d677482b0d949b80ccb7472dc409fa260d1748ed9b9,20.036542892456055,0.699362811904417,192.50944256782532,1,0,1,0,0,0,0,0.12120300205723418
test/B/rain + dark/033,B,rain+dark,033,/root/autodl-tmp/aaa/graphrestore/artifacts/formal_mio100/graphrestore_v7_1_stage4_step040000/methods/graphrestore_v7_1_stage4_step040000/d2/rain+dark/033.png,993cdb22c757197bd76f51e851e71caa0b4339768e8a157343a1749e9673def0,/root/autodl-tmp/graph/data/graphrestore/raw/agenticir/extracted/HQ/033.png,9590f1419e378254c01f330c248e12e8a62792b04a27b72daf2c0afd6c41c758,20.65087890625,0.8640527298114872,191.09947234392166,1,0,1,0,0,0,0,0.12120300205723418
test/B/rain + dark/034,B,rain+dark,034,/root/autodl-tmp/aaa/graphrestore/artifacts/formal_mio100/graphrestore_v7_1_stage4_step040000/methods/graphrestore_v7_1_stage4_step040000/d2/rain+dark/034.png,7d6c65c891d603b4a0d33ea00d14c379254e4cf7b2f870ce278fac0b2e39807b,/root/autodl-tmp/graph/data/graphrestore/raw/agenticir/extracted/HQ/034.png,0575cc2334f8f50fcbd3d9f58173645db8764f938ee55e8899084ca2b66fd018,18.61483383178711,0.5588541727489738,289.7464707493782,1,1,2,0,0,0,0,0.12120300205723418
test/B/rain + dark/035,B,rain+dark,035,/root/autodl-tmp/aaa/graphrestore/artifacts/formal_mio100/graphrestore_v7_1_stage4_step040000/methods/graphrestore_v7_1_stage4_step040000/d2/rain+dark/035.png,1f40e1b0cf28489a5b825c222376a09bc79dca58e0f8aed90937d67de4b6310e,/root/autodl-tmp/graph/data/graphrestore/raw/agenticir/extracted/HQ/035.png,4e230744a9cb7c3ebe976ae7267155312b876fb355283b4938b34b758aef7ff9,23.409650802612305,0.9015270138622136,291.5784642100334,1,0,1,0,0,0,0,0.12120300205723418
test/B/rain + dark/036,B,rain+dark,036,/root/autodl-tmp/aaa/graphrestore/artifacts/formal_mio100/graphrestore_v7_1_stage4_step040000/methods/graphrestore_v7_1_stage4_step040000/d2/rain+dark/036.png,808d889f9acb37d765c56e2da52557b4db8f06627ca6bd6c0386832e0b5253c2,/root/autodl-tmp/graph/data/graphrestore/raw/agenticir/extracted/HQ/036.png,409fbd0ad51be33e9e2711cb7b22cb39999eaac6e278ca1621c20300be446d76,23.280250549316406,0.7619111118009186,260.6876417994499,1,1,2,0,0,0,0,0.12120300205723418
test/B/rain + dark/037,B,rain+dark,037,/root/autodl-tmp/aaa/graphrestore/artifacts/formal_mio100/graphrestore_v7_1_stage4_step040000/methods/graphrestore_v7_1_stage4_step040000/d2/rain+dark/037.png,cded1e22d1f4cba98e9f07dcfd576906e2e7a4938f7a6b473a08f8e2412651e3,/root/autodl-tmp/graph/data/graphrestore/raw/agenticir/extracted/HQ/037.png,8f31abe11ce5d5377f131fdc788024ffb8d5cfdda501c06a64ca1fc80fab0d07,19.659198760986328,0.8038208965307667,241.6793704032898,1,0,1,0,0,0,0,0.12120300205723418
test/B/rain + dark/038,B,rain+dark,038,/root/autodl-tmp/aaa/graphrestore/artifacts/formal_mio100/graphrestore_v7_1_stage4_step040000/methods/graphrestore_v7_1_stage4_step040000/d2/rain+dark/038.png,581e756efa806109494da3f05a305e800e4f8a120d77c7e05e8704de3ee3d689,/root/autodl-tmp/graph/data/graphrestore/raw/agenticir/extracted/HQ/038.png,fe7df2186482ca2cc105baed74cb1da9667b3b03e1629055880b6012db131aa1,17.496490478515625,0.548850564952427,193.37448477745056,1,0,1,0,0,0,0,0.12120300205723418
test/B/rain + dark/039,B,rain+dark,039,/root/autodl-tmp/aaa/graphrestore/artifacts/formal_mio100/graphrestore_v7_1_stage4_step040000/methods/graphrestore_v7_1_stage4_step040000/d2/rain+dark/039.png,cc69be81145388d4a3f4d20ec4f38621d70c3c7f58ae3d2219d720c938ac4f4e,/root/autodl-tmp/graph/data/graphrestore/raw/agenticir/extracted/HQ/039.png,a2038f7610363fb1916197e0557fa84b50b610d86885a2d6409f9e3aa75fbbcd,17.141103744506836,0.33378263889855825,260.89976727962494,1,1,2,0,0,0,0,0.12120300205723418
test/B/rain + dark/040,B,rain+dark,040,/root/autodl-tmp/aaa/graphrestore/artifacts/formal_mio100/graphrestore_v7_1_stage4_step040000/methods/graphrestore_v7_1_stage4_step040000/d2/rain+dark/040.png,be1a071b807df59d3d8861710176f23505fe20cc90e542c1ab6233abf1fe3ea7,/root/autodl-tmp/graph/data/graphrestore/raw/agenticir/extracted/HQ/040.png,c5a9e4bb9d84a6734bdc04c272c48c1b17b150a1e346afab2338eb0ba41f1464,17.52138328552246,0.5280025242976834,267.02456176280975,1,0,1,0,0,0,0,0.12120300205723418
test/B/rain + dark/041,B,rain+dark,041,/root/autodl-tmp/aaa/graphrestore/artifacts/formal_mio100/graphrestore_v7_1_stage4_step040000/methods/graphrestore_v7_1_stage4_step040000/d2/rain+dark/041.png,ae354644d83289ec2691cbbfbf95185b02aa1ee6f206c15f960f606d183f4b3b,/root/autodl-tmp/graph/data/graphrestore/raw/agenticir/extracted/HQ/041.png,8d928c89de2952ccb40028ba7ecd3f9fee3f3907c9a371fbbcb7fdaf683bc27e,23.127365112304688,0.8799681590038789,292.86009073257446,1,0,1,0,0,0,0,0.12120300205723418
test/B/rain + dark/042,B,rain+dark,042,/root/autodl-tmp/aaa/graphrestore/artifacts/formal_mio100/graphrestore_v7_1_stage4_step040000/methods/graphrestore_v7_1_stage4_step040000/d2/rain+dark/042.png,95c7692d3dc0e61d871bc621875be4eac58d8c56af315ca89bd4f26c402327c6,/root/autodl-tmp/graph/data/graphrestore/raw/agenticir/extracted/HQ/042.png,9ae42a00babed185468a76384204ff947b6baab53a82ca9b3cff6ef951f461bf,17.566707611083984,0.8178889451605857,290.62454402446747,1,1,2,0,0,0,0,0.12120300205723418
test/B/rain + dark/043,B,rain+dark,043,/root/autodl-tmp/aaa/graphrestore/artifacts/formal_mio100/graphrestore_v7_1_stage4_step040000/methods/graphrestore_v7_1_stage4_step040000/d2/rain+dark/043.png,0343cc636415b611096bca989235cba0b7ce22dc947a9fd3ed24c5c1c822625d,/root/autodl-tmp/graph/data/graphrestore/raw/agenticir/extracted/HQ/043.png,15880c27b3101797c4e5896dee7349ad832ac1c49fcd0c559b357f4e28296b4d,23.892881393432617,0.8117456880084101,246.06312811374664,1,0,1,0,0,0,0,0.12120300205723418
test/B/rain + dark/044,B,rain+dark,044,/root/autodl-tmp/aaa/graphrestore/artifacts/formal_mio100/graphrestore_v7_1_stage4_step040000/methods/graphrestore_v7_1_stage4_step040000/d2/rain+dark/044.png,2dca4ffba6047be3cce70052ee5db099e9c1e021b0e6917f4439796b4d204010,/root/autodl-tmp/graph/data/graphrestore/raw/agenticir/extracted/HQ/044.png,0645011c1dc3777ab263df617d1747b902c2d321de6f939549cfbe43eabc9245,17.096250534057617,0.6371620214787483,240.70923775434494,1,0,1,0,0,0,0,0.12120300205723418
test/B/rain + dark/045,B,rain+dark,045,/root/autodl-tmp/aaa/graphrestore/artifacts/formal_mio100/graphrestore_v7_1_stage4_step040000/methods/graphrestore_v7_1_stage4_step040000/d2/rain+dark/045.png,83381bd1185e6cad4cefcce6d8f62173bcf6e1bbdae6f204704c910e9829ba78,/root/autodl-tmp/graph/data/graphrestore/raw/agenticir/extracted/HQ/045.png,d3e352c98c1fe9df1181c1e362bb9c3ba3a1d077456198796083821dab20d1fc,18.32700538635254,0.754598605239999,467.9781347513199,2,0,2,1,0,0,0,0.12120300205723418
test/B/rain + dark/046,B,rain+dark,046,/root/autodl-tmp/aaa/graphrestore/artifacts/formal_mio100/graphrestore_v7_1_stage4_step040000/methods/graphrestore_v7_1_stage4_step040000/d2/rain+dark/046.png,7eef861154b1019a3531729015b035bd7c9ba4ba44be2005638538e6f45f894b,/root/autodl-tmp/graph/data/graphrestore/raw/agenticir/extracted/HQ/046.png,af4b21bf96515f2ff4f97a4990856b43ae02a1d8f39909428228a2612b5f936f,19.08101463317871,0.8590204924394936,240.43738842010498,1,0,1,0,0,0,0,0.12120300205723418
test/B/rain + dark/047,B,rain+dark,047,/root/autodl-tmp/aaa/graphrestore/artifacts/formal_mio100/graphrestore_v7_1_stage4_step040000/methods/graphrestore_v7_1_stage4_step040000/d2/rain+dark/047.png,94edec91d2120ddcf2f19bf2429d923a761b54b42b1b0f20bab8df7cae9c5dad,/root/autodl-tmp/graph/data/graphrestore/raw/agenticir/extracted/HQ/047.png,8ecf454f7d68ca4ebf19b2b4a22275d3bb344666e4e483fda2c8cb84d5ff94db,18.643320083618164,0.8469003176092322,295.3512892127037,1,0,1,0,0,0,0,0.12120300205723418
test/B/rain + dark/048,B,rain+dark,048,/root/autodl-tmp/aaa/graphrestore/artifacts/formal_mio100/graphrestore_v7_1_stage4_step040000/methods/graphrestore_v7_1_stage4_step040000/d2/rain+dark/048.png,a26e7d375cbc69729a021915bf867f443db734dc4a3852b71f82a62dfe0fbd3f,/root/autodl-tmp/graph/data/graphrestore/raw/agenticir/extracted/HQ/048.png,b74e449ab10a96799f5e791f68de34dcfaf90a4befdb242cee372f6743841606,20.786468505859375,0.8995445766055836,247.13433533906937,1,0,1,0,0,0,0,0.12120300205723418
test/B/rain + dark/049,B,rain+dark,049,/root/autodl-tmp/aaa/graphrestore/artifacts/formal_mio100/graphrestore_v7_1_stage4_step040000/methods/graphrestore_v7_1_stage4_step040000/d2/rain+dark/049.png,798d012f176ded1e1f02e46338c49ee6f6498b2f94e1ed56eb385e0b481e0d0c,/root/autodl-tmp/graph/data/graphrestore/raw/agenticir/extracted/HQ/049.png,bdd8f4cec02d5659a12541bb32718429d397d6be195679045764e31574c4f226,17.2641544342041,0.8563583852572547,232.620969414711,1,0,1,0,0,0,0,0.12120300205723418
test/B/rain + dark/050,B,rain+dark,050,/root/autodl-tmp/aaa/graphrestore/artifacts/formal_mio100/graphrestore_v7_1_stage4_step040000/methods/graphrestore_v7_1_stage4_step040000/d2/rain+dark/050.png,37e262ebd9dd588e6857bdb0d25b7b77bf3a2b7f67baf0c6d89c02ff7d5598af,/root/autodl-tmp/graph/data/graphrestore/raw/agenticir/extracted/HQ/050.png,c4cfbc77b28b145af37ea26b0b501d69633ebdedd3ce9a90d5760063ee95f492,21.56824493408203,0.8484604810101669,282.28411078453064,1,0,1,0,0,0,0,0.12120300205723418
test/B/rain + dark/051,B,rain+dark,051,/root/autodl-tmp/aaa/graphrestore/artifacts/formal_mio100/graphrestore_v7_1_stage4_step040000/methods/graphrestore_v7_1_stage4_step040000/d2/rain+dark/051.png,57abafb6da7e13b4b3756cd4f16174208a6b35e92d2ae824ecbf345a715fa99e,/root/autodl-tmp/graph/data/graphrestore/raw/agenticir/extracted/HQ/051.png,433269b5d76ea42b944162d49085d86b82a4eab52705e69d4dfa7c8a0ccbe187,18.59977149963379,0.57069105432335,240.08169025182724,1,0,1,0,0,0,0,0.12120300205723418
test/B/rain + dark/052,B,rain+dark,052,/root/autodl-tmp/aaa/graphrestore/artifacts/formal_mio100/graphrestore_v7_1_stage4_step040000/methods/graphrestore_v7_1_stage4_step040000/d2/rain+dark/052.png,4966452112d75fa3a3622022cbe168d5430f0abc56c6d9558bd77ebb3cc8170c,/root/autodl-tmp/graph/data/graphrestore/raw/agenticir/extracted/HQ/052.png,b0fe4f61cfdf3e31caa56791dcd8d50f729c75652d7970a654be64494341ada3,21.81085777282715,0.6947059011456941,234.89709943532944,1,0,1,0,0,0,0,0.12120300205723418
test/B/rain + dark/053,B,rain+dark,053,/root/autodl-tmp/aaa/graphrestore/artifacts/formal_mio100/graphrestore_v7_1_stage4_step040000/methods/graphrestore_v7_1_stage4_step040000/d2/rain+dark/053.png,5b376823360fe62a74060d60fdffd98a9120b9bbe2e6691ef75df417b3479224,/root/autodl-tmp/graph/data/graphrestore/raw/agenticir/extracted/HQ/053.png,6b1f2208c72adcd28d96a15d538bbfbe27cb5a21be416b6f30fa836b12ac867d,15.652628898620605,0.658022705586904,234.66747999191284,1,0,1,0,0,0,0,0.12120300205723418
test/B/rain + dark/054,B,rain+dark,054,/root/autodl-tmp/aaa/graphrestore/artifacts/formal_mio100/graphrestore_v7_1_stage4_step040000/methods/graphrestore_v7_1_stage4_step040000/d2/rain+dark/054.png,0d32cfd9a0ec44274e54e051d07eef2433e4955151bd6c6a9f5e7449a244ab67,/root/autodl-tmp/graph/data/graphrestore/raw/agenticir/extracted/HQ/054.png,699ffde2d8d110e52811d39e5b9d745965d4211dd2312f453ce367f1bc0e66f5,16.357219696044922,0.5898552379425509,236.19932681322098,1,0,1,0,0,0,0,0.12120300205723418
test/B/rain + dark/055,B,rain+dark,055,/root/autodl-tmp/aaa/graphrestore/artifacts/formal_mio100/graphrestore_v7_1_stage4_step040000/methods/graphrestore_v7_1_stage4_step040000/d2/rain+dark/055.png,aff2e4f991e86921b1fc1c111877d4d6d1a5fa3ba3a0dd68ce83d40362d8df30,/root/autodl-tmp/graph/data/graphrestore/raw/agenticir/extracted/HQ/055.png,5a59c6f9051a70f1c3ad8e9550b2a21322ef8ad71bd70085fb2330f6f6da3948,19.65505027770996,0.8061539272700778,286.0115170478821,1,0,1,0,0,0,0,0.12120300205723418
test/B/rain + dark/056,B,rain+dark,056,/root/autodl-tmp/aaa/graphrestore/artifacts/formal_mio100/graphrestore_v7_1_stage4_step040000/methods/graphrestore_v7_1_stage4_step040000/d2/rain+dark/056.png,e58b2629f5c21dc4a321b504cdcdd79604a2a3ff170a4a2934b708c158366d9f,/root/autodl-tmp/graph/data/graphrestore/raw/agenticir/extracted/HQ/056.png,c5f28866f72e2d370875385eb6575124b0735f8f927fae1c07ff7151e200c956,17.09870147705078,0.6045947896584069,217.71850436925888,1,0,1,0,0,0,0,0.12120300205723418
test/B/rain + dark/057,B,rain+dark,057,/root/autodl-tmp/aaa/graphrestore/artifacts/formal_mio100/graphrestore_v7_1_stage4_step040000/methods/graphrestore_v7_1_stage4_step040000/d2/rain+dark/057.png,83b249c6d6a1eb4a4448eaf5d35b86eb81aa01920af3e51ae1bdcd5b9409c359,/root/autodl-tmp/graph/data/graphrestore/raw/agenticir/extracted/HQ/057.png,42353ae75793843947c257055d87e0568db28ed51b9a5d87cc0d6a0dafb242af,16.6592960357666,0.6555389399088957,237.77685314416885,1,0,1,0,0,0,0,0.12120300205723418
test/B/rain + dark/058,B,rain+dark,058,/root/autodl-tmp/aaa/graphrestore/artifacts/formal_mio100/graphrestore_v7_1_stage4_step040000/methods/graphrestore_v7_1_stage4_step040000/d2/rain+dark/058.png,65f66d364ef74fb9afe5842e0f139380b5744e2f51e11b8ad90e71b8c933ba73,/root/autodl-tmp/graph/data/graphrestore/raw/agenticir/extracted/HQ/058.png,e50e67dc4e57dc18d552546044c5ca169fdb26de4d5d81650d00d4b0f3ab7e76,12.533187866210938,0.5436078069037192,257.88670033216476,1,1,2,0,0,0,0,0.12120300205723418
test/B/rain + dark/059,B,rain+dark,059,/root/autodl-tmp/aaa/graphrestore/artifacts/formal_mio100/graphrestore_v7_1_stage4_step040000/methods/graphrestore_v7_1_stage4_step040000/d2/rain+dark/059.png,0f28863905f339c0ffc33cd0c3ae51500b29ad924168b52fca0e596cabf68165,/root/autodl-tmp/graph/data/graphrestore/raw/agenticir/extracted/HQ/059.png,e60c8277194566df02c7cefc895d1390756059f7a29ac67206ec202f1b897add,16.742900848388672,0.48364792304141296,284.56567972898483,1,1,2,0,0,0,0,0.12120300205723418
test/B/rain + dark/060,B,rain+dark,060,/root/autodl-tmp/aaa/graphrestore/artifacts/formal_mio100/graphrestore_v7_1_stage4_step040000/methods/graphrestore_v7_1_stage4_step040000/d2/rain+dark/060.png,9b88c14ee9e7d1ee189cb79591402901243a95de246e0b4634ef0f522979404c,/root/autodl-tmp/graph/data/graphrestore/raw/agenticir/extracted/HQ/060.png,d173273231bf0b68767ae3e287f4f34baa71e7d986a98c43a41fa9668fd8a0d4,17.57282066345215,0.5306655648267969,257.09208101034164,1,1,2,0,0,0,0,0.12120300205723418
test/B/rain + dark/061,B,rain+dark,061,/root/autodl-tmp/aaa/graphrestore/artifacts/formal_mio100/graphrestore_v7_1_stage4_step040000/methods/graphrestore_v7_1_stage4_step040000/d2/rain+dark/061.png,53cb001b7ba91f58d0b07d896d9e33e9c799a2a1dbe310006c5a4392657718a1,/root/autodl-tmp/graph/data/graphrestore/raw/agenticir/extracted/HQ/061.png,a7818ddc00c398726bcd4724e9a51456bf18e4eb573f2f68b79ea2dedf0e699c,18.560029983520508,0.7429250818916785,237.27694898843765,1,0,1,0,0,0,0,0.12120300205723418
test/B/rain + dark/062,B,rain+dark,062,/root/autodl-tmp/aaa/graphrestore/artifacts/formal_mio100/graphrestore_v7_1_stage4_step040000/methods/graphrestore_v7_1_stage4_step040000/d2/rain+dark/062.png,f801b24162e3c91062ac0ad2d4126f664222cd055592f44df0010b8d120fbed9,/root/autodl-tmp/graph/data/graphrestore/raw/agenticir/extracted/HQ/062.png,7829e8bf6fee7705051b0e4486c3abb2cdf412c83ac15b9f5ed9d9036c296d40,22.483844757080078,0.6613882641405874,292.9203510284424,1,0,1,0,0,0,0,0.12120300205723418
test/B/rain + dark/063,B,rain+dark,063,/root/autodl-tmp/aaa/graphrestore/artifacts/formal_mio100/graphrestore_v7_1_stage4_step040000/methods/graphrestore_v7_1_stage4_step040000/d2/rain+dark/063.png,da932c9bb320e19d0724d263b766ce7a1165d2dbfb66ced75b6ad596ea7daeb4,/root/autodl-tmp/graph/data/graphrestore/raw/agenticir/extracted/HQ/063.png,f7ccce7c58be38c16fb08060b8b379825cb0417a04e6813c72985768a480929c,21.742393493652344,0.7919788695842218,242.74000525474548,1,0,1,0,0,0,0,0.12120300205723418
test/B/rain + dark/064,B,rain+dark,064,/root/autodl-tmp/aaa/graphrestore/artifacts/formal_mio100/graphrestore_v7_1_stage4_step040000/methods/graphrestore_v7_1_stage4_step040000/d2/rain+dark/064.png,670af1d3215da8a1fef11084fd6ece02e14de7419a0a688e0f2d7e593de1fbac,/root/autodl-tmp/graph/data/graphrestore/raw/agenticir/extracted/HQ/064.png,b34caae8d574b2c008d53ceb0490df55c099e68844b2819f0c02fc50db26cee0,19.10095977783203,0.712101178340772,264.0828862786293,1,0,1,0,0,0,0,0.12120300205723418
test/B/rain + dark/065,B,rain+dark,065,/root/autodl-tmp/aaa/graphrestore/artifacts/formal_mio100/graphrestore_v7_1_stage4_step040000/methods/graphrestore_v7_1_stage4_step040000/d2/rain+dark/065.png,45b35f879b74b767108c0e2a862342be93632b76d8fab18d6d7a24be6ad3b26d,/root/autodl-tmp/graph/data/graphrestore/raw/agenticir/extracted/HQ/065.png,f0770ae16bf79be3b5d94a7868da009f5ce1bbf54bfe5c879e352a4df590ef63,21.028478622436523,0.703432938965725,288.15461695194244,1,0,1,0,0,0,0,0.12120300205723418
test/B/rain + dark/066,B,rain+dark,066,/root/autodl-tmp/aaa/graphrestore/artifacts/formal_mio100/graphrestore_v7_1_stage4_step040000/methods/graphrestore_v7_1_stage4_step040000/d2/rain+dark/066.png,d24c8e509d0bfe0e2f97080e843779bcf248fc241c45397929ceb7321f16d94d,/root/autodl-tmp/graph/data/graphrestore/raw/agenticir/extracted/HQ/066.png,a19230b326bd2fb5c26ae283f65bf0b85f39f90421056a47c7ecd6d683379aff,15.706871032714844,0.7340315275744557,291.21842980384827,1,0,1,0,0,0,0,0.12120300205723418
test/B/rain + dark/067,B,rain+dark,067,/root/autodl-tmp/aaa/graphrestore/artifacts/formal_mio100/graphrestore_v7_1_stage4_step040000/methods/graphrestore_v7_1_stage4_step040000/d2/rain+dark/067.png,579f1074807fc9e108657d623021be68ed59ba6cf5a19a003a008e69b04e53a3,/root/autodl-tmp/graph/data/graphrestore/raw/agenticir/extracted/HQ/067.png,91cd9f021a6902b7f3220c6a373cba11f3bfbe4e4984c1d6fc4be0c76acb67a0,20.751197814941406,0.8112586437783905,243.96052211523056,1,0,1,0,0,0,0,0.12120300205723418
test/B/rain + dark/068,B,rain+dark,068,/root/autodl-tmp/aaa/graphrestore/artifacts/formal_mio100/graphrestore_v7_1_stage4_step040000/methods/graphrestore_v7_1_stage4_step040000/d2/rain+dark/068.png,63866059830995a832ce5cd44bbcf68625dd9c6ed6cd5ea49aec3261eb434777,/root/autodl-tmp/graph/data/graphrestore/raw/agenticir/extracted/HQ/068.png,b8187d79db16002364f6017df807e6cac41e7ee9a68413a384b1bd69eddaa638,19.57198143005371,0.6653683013225921,237.6018464565277,1,0,1,0,0,0,0,0.12120300205723418
test/B/rain + dark/069,B,rain+dark,069,/root/autodl-tmp/aaa/graphrestore/artifacts/formal_mio100/graphrestore_v7_1_stage4_step040000/methods/graphrestore_v7_1_stage4_step040000/d2/rain+dark/069.png,300361484ae5dc160a1d22974dedb35104b440d4c3f44182fe145b3372a1ccc6,/root/autodl-tmp/graph/data/graphrestore/raw/agenticir/extracted/HQ/069.png,abb08be58f50075e5e6b1de44ddfe61c30ebb34882e9d72681edd73a5cdbb156,18.021366119384766,0.7874759312548267,292.3780754208565,1,0,1,0,0,0,0,0.12120300205723418
test/B/rain + dark/070,B,rain+dark,070,/root/autodl-tmp/aaa/graphrestore/artifacts/formal_mio100/graphrestore_v7_1_stage4_step040000/methods/graphrestore_v7_1_stage4_step040000/d2/rain+dark/070.png,ecf2edf6fee02f937a5a1b82599fc71d0c18a870dacea7e4255eb5ed02ce31b8,/root/autodl-tmp/graph/data/graphrestore/raw/agenticir/extracted/HQ/070.png,718ae2570e431003fb32f2a40e19f813545164ace18230ac03f9ec96b2747f85,20.834423065185547,0.7039354917097864,238.41066658496857,1,0,1,0,0,0,0,0.12120300205723418
test/B/rain + dark/071,B,rain+dark,071,/root/autodl-tmp/aaa/graphrestore/artifacts/formal_mio100/graphrestore_v7_1_stage4_step040000/methods/graphrestore_v7_1_stage4_step040000/d2/rain+dark/071.png,eca56193b05cbddcde2eebe448209014517d1026d3c361a7a44c2ab2f235ef19,/root/autodl-tmp/graph/data/graphrestore/raw/agenticir/extracted/HQ/071.png,e8bc40490eabb437e225b0acde6b8dc1d8942f2b9657e042051c166804b07b15,15.417290687561035,0.7176174290641708,238.08635026216507,1,0,1,0,0,0,0,0.12120300205723418
test/B/rain + dark/072,B,rain+dark,072,/root/autodl-tmp/aaa/graphrestore/artifacts/formal_mio100/graphrestore_v7_1_stage4_step040000/methods/graphrestore_v7_1_stage4_step040000/d2/rain+dark/072.png,b0575bca9d653b2c7aa3e33a8d00f91fbda7e297a251002eca19591683056817,/root/autodl-tmp/graph/data/graphrestore/raw/agenticir/extracted/HQ/072.png,6b887c3fd578dc80ca3b15a823f1b43d80db2d30abc07d144e03f7228acb8144,18.80051040649414,0.8427947105473677,263.40312510728836,1,0,1,0,0,0,0,0.12120300205723418
test/B/rain + dark/073,B,rain+dark,073,/root/autodl-tmp/aaa/graphrestore/artifacts/formal_mio100/graphrestore_v7_1_stage4_step040000/methods/graphrestore_v7_1_stage4_step040000/d2/rain+dark/073.png,1646731f71e8375fb40d5878332a436918161607722f2efd445ddb5da2b37b34,/root/autodl-tmp/graph/data/graphrestore/raw/agenticir/extracted/HQ/073.png,e4a8516954bfb4b79f2fc6194b6b4a8ed63250e14fe7ce0b6f6d77c922f84730,22.51160430908203,0.6741259641758399,288.46459090709686,1,0,1,0,0,0,0,0.12120300205723418
test/B/rain + dark/074,B,rain+dark,074,/root/autodl-tmp/aaa/graphrestore/artifacts/formal_mio100/graphrestore_v7_1_stage4_step040000/methods/graphrestore_v7_1_stage4_step040000/d2/rain+dark/074.png,b201d7989b40cbe58abb43f2d27fd201ed48ba88c811754a513f1830488f3259,/root/autodl-tmp/graph/data/graphrestore/raw/agenticir/extracted/HQ/074.png,cfa80e9825a34173ab0d1810b1b63bf645aa1b6b743966a77d7d03463319fd8e,24.428020477294922,0.7686899269719953,244.32998150587082,1,0,1,0,0,0,0,0.12120300205723418
test/B/rain + dark/075,B,rain+dark,075,/root/autodl-tmp/aaa/graphrestore/artifacts/formal_mio100/graphrestore_v7_1_stage4_step040000/methods/graphrestore_v7_1_stage4_step040000/d2/rain+dark/075.png,3143bc6361a9a3bde6005790bc8acc93019c5af96cc8aa09adb5b547c3a671ef,/root/autodl-tmp/graph/data/graphrestore/raw/agenticir/extracted/HQ/075.png,637e76a0398c825f3214d13b10485f7c180dc359b838ade377382c22c8f6b788,17.968257904052734,0.6919106353647393,240.1484176516533,1,0,1,0,0,0,0,0.12120300205723418
test/B/rain + dark/076,B,rain+dark,076,/root/autodl-tmp/aaa/graphrestore/artifacts/formal_mio100/graphrestore_v7_1_stage4_step040000/methods/graphrestore_v7_1_stage4_step040000/d2/rain+dark/076.png,17b7da7de8bed7613d6414452607748d7711d872fb9decf1f1bcf665047b1822,/root/autodl-tmp/graph/data/graphrestore/raw/agenticir/extracted/HQ/076.png,28f7193b83d2979c14a7c73e95657ce02a2cc902196495bea289e190f48cecae,14.201162338256836,0.44635342061178424,258.1437975168228,1,1,2,0,0,0,0,0.12120300205723418
test/B/rain + dark/077,B,rain+dark,077,/root/autodl-tmp/aaa/graphrestore/artifacts/formal_mio100/graphrestore_v7_1_stage4_step040000/methods/graphrestore_v7_1_stage4_step040000/d2/rain+dark/077.png,8eae605d451ef8d0cefb923e962932b09fd8ada32e8b266e81f98542b0e882fb,/root/autodl-tmp/graph/data/graphrestore/raw/agenticir/extracted/HQ/077.png,6d0b3c0c4255ee2de7c3c275c114eb531248c06fce157913f4e69dacd492cc91,14.344551086425781,0.6753454705084138,463.4438082575798,2,0,2,1,0,0,0,0.12120300205723418
test/B/rain + dark/078,B,rain+dark,078,/root/autodl-tmp/aaa/graphrestore/artifacts/formal_mio100/graphrestore_v7_1_stage4_step040000/methods/graphrestore_v7_1_stage4_step040000/d2/rain+dark/078.png,28c8df26a18f96aa78cf9476fb11fafe372384b6537aa69c4da1e47387a01ed2,/root/autodl-tmp/graph/data/graphrestore/raw/agenticir/extracted/HQ/078.png,ae84b8b3592a0f623d5bd2c5791b049e6fd87155614fbbad37f1ac00a2cfa870,16.79578971862793,0.7180662868409854,288.4059026837349,1,0,1,0,0,0,0,0.12120300205723418
test/B/rain + dark/079,B,rain+dark,079,/root/autodl-tmp/aaa/graphrestore/artifacts/formal_mio100/graphrestore_v7_1_stage4_step040000/methods/graphrestore_v7_1_stage4_step040000/d2/rain+dark/079.png,919a8b18a926abf7d92057d9c93fc181d26434acf98b9bda19ae7ad8fc5b74c5,/root/autodl-tmp/graph/data/graphrestore/raw/agenticir/extracted/HQ/079.png,166cde30b17743be2ca3fb2c29004e0b38b126bfa1d8d5f41013c23eb248aad5,16.174728393554688,0.4941963618732852,268.7765806913376,1,0,1,0,0,0,0,0.12120300205723418
test/B/rain + dark/080,B,rain+dark,080,/root/autodl-tmp/aaa/graphrestore/artifacts/formal_mio100/graphrestore_v7_1_stage4_step040000/methods/graphrestore_v7_1_stage4_step040000/d2/rain+dark/080.png,e51eb6a0eb30c047b072f0a1f750319852decca11328d94fa8efbfd2365e182f,/root/autodl-tmp/graph/data/graphrestore/raw/agenticir/extracted/HQ/080.png,b208599722bce230536ae4db62272e883a7714d4bfca7d73e1361da3b2ca9225,16.1185302734375,0.6856427681474713,238.78585547208786,1,0,1,0,0,0,0,0.12120300205723418
test/B/rain + dark/081,B,rain+dark,081,/root/autodl-tmp/aaa/graphrestore/artifacts/formal_mio100/graphrestore_v7_1_stage4_step040000/methods/graphrestore_v7_1_stage4_step040000/d2/rain+dark/081.png,caedc69ff025f0ad33644b6b10e8ff55ba599fd21c8fbe01852a5c8fd69cb4fb,/root/autodl-tmp/graph/data/graphrestore/raw/agenticir/extracted/HQ/081.png,f86df1e220755af6ab50844f797e3fb45165c5dde9ac8ee1750544154cfd1ad7,20.759126663208008,0.8307978783148293,287.65759617090225,1,0,1,0,0,0,0,0.12120300205723418
test/B/rain + dark/082,B,rain+dark,082,/root/autodl-tmp/aaa/graphrestore/artifacts/formal_mio100/graphrestore_v7_1_stage4_step040000/methods/graphrestore_v7_1_stage4_step040000/d2/rain+dark/082.png,2779c4f5a3cceee1fd6d0eebc3becf15d398d115ff6d1fd39f20ed9ca4207a22,/root/autodl-tmp/graph/data/graphrestore/raw/agenticir/extracted/HQ/082.png,698a641215db75e2471381c00fc2a84208122a4a0115beeb5679de746977682e,20.5050048828125,0.4581170155431695,247.5641742348671,1,0,1,0,0,0,0,0.12120300205723418
test/B/rain + dark/083,B,rain+dark,083,/root/autodl-tmp/aaa/graphrestore/artifacts/formal_mio100/graphrestore_v7_1_stage4_step040000/methods/graphrestore_v7_1_stage4_step040000/d2/rain+dark/083.png,8efa880d1d7eda038adac54c9d217560f11eea2fb8dafc7ae28d288a7f4fbf0d,/root/autodl-tmp/graph/data/graphrestore/raw/agenticir/extracted/HQ/083.png,4772b8d475dfc90626760cea35452db0ee8dfdd89f7cd8def57f8b4d74ecef44,17.17186737060547,0.7625345899646954,270.1156437397003,1,0,1,0,0,0,0,0.12120300205723418
test/B/rain + dark/084,B,rain+dark,084,/root/autodl-tmp/aaa/graphrestore/artifacts/formal_mio100/graphrestore_v7_1_stage4_step040000/methods/graphrestore_v7_1_stage4_step040000/d2/rain+dark/084.png,45de5724dd980e8ca7684f7d3b9f9f723c01f1b05d1205dd8ad4fbf5ddf205c3,/root/autodl-tmp/graph/data/graphrestore/raw/agenticir/extracted/HQ/084.png,1bc34c4607ba66d84248fe8e7d5e30546ae13841542d8b1cb9146f2a2485df64,17.960359573364258,0.7075001884993439,249.68601018190384,1,0,1,0,0,0,0,0.12120300205723418
test/B/rain + dark/085,B,rain+dark,085,/root/autodl-tmp/aaa/graphrestore/artifacts/formal_mio100/graphrestore_v7_1_stage4_step040000/methods/graphrestore_v7_1_stage4_step040000/d2/rain+dark/085.png,55f8ee1ff5f04058a0467448e08b66937b443c943c8e36152d151fbcdfab5b72,/root/autodl-tmp/graph/data/graphrestore/raw/agenticir/extracted/HQ/085.png,6174b7cb004afd2a578ec1950d92b99c41115b5a6bf70a511f19156c62bd5274,19.77945327758789,0.636519633513145,240.39866030216217,1,0,1,0,0,0,0,0.12120300205723418
test/B/rain + dark/086,B,rain+dark,086,/root/autodl-tmp/aaa/graphrestore/artifacts/formal_mio100/graphrestore_v7_1_stage4_step040000/methods/graphrestore_v7_1_stage4_step040000/d2/rain+dark/086.png,4848c5828f426c0da87eb04bf786aa41c915cb213b4f4e870b307cae62124b57,/root/autodl-tmp/graph/data/graphrestore/raw/agenticir/extracted/HQ/086.png,68a629299aaf0e4d70065c504c9b3e397721fa17a25c2585446914aa5c7bafb5,21.406070709228516,0.9050641485906361,244.30978298187256,1,0,1,0,0,0,0,0.12120300205723418
test/B/rain + dark/087,B,rain+dark,087,/root/autodl-tmp/aaa/graphrestore/artifacts/formal_mio100/graphrestore_v7_1_stage4_step040000/methods/graphrestore_v7_1_stage4_step040000/d2/rain+dark/087.png,d074491cf58fe77aa62d977cb04a7a5bc94464159a05a5ef6cda75c8f5211d74,/root/autodl-tmp/graph/data/graphrestore/raw/agenticir/extracted/HQ/087.png,059a862de1498fc3b783bcfcce8fad399573aa912bb6638bbd3d43d23b88cdc6,21.541576385498047,0.6680488872994258,239.47347700595856,1,0,1,0,0,0,0,0.12120300205723418
test/B/rain + dark/088,B,rain+dark,088,/root/autodl-tmp/aaa/graphrestore/artifacts/formal_mio100/graphrestore_v7_1_stage4_step040000/methods/graphrestore_v7_1_stage4_step040000/d2/rain+dark/088.png,f011ddc98e716f556492dba63e520900cae1b031027b1ec3ab5dc88977b9b7ec,/root/autodl-tmp/graph/data/graphrestore/raw/agenticir/extracted/HQ/088.png,e76841066e027bd2a2fa101a4598c597d4891a7c535e3cc3195b7afcc249d7ae,17.087608337402344,0.3567749746399235,331.8949490785599,1,1,2,0,0,0,0,0.12120300205723418
test/B/rain + dark/089,B,rain+dark,089,/root/autodl-tmp/aaa/graphrestore/artifacts/formal_mio100/graphrestore_v7_1_stage4_step040000/methods/graphrestore_v7_1_stage4_step040000/d2/rain+dark/089.png,0880a957f9bf2ad3c6424871f0c7bd14ff6d07de5460f5a8b978dcefad6f626a,/root/autodl-tmp/graph/data/graphrestore/raw/agenticir/extracted/HQ/089.png,046e493440ea7499fe07cec3853e6e170225ce6cdc903aac14730fa6b9bf36ab,15.520702362060547,0.6874268209589115,246.8404620885849,1,0,1,0,0,0,0,0.12120300205723418
test/B/rain + dark/090,B,rain+dark,090,/root/autodl-tmp/aaa/graphrestore/artifacts/formal_mio100/graphrestore_v7_1_stage4_step040000/methods/graphrestore_v7_1_stage4_step040000/d2/rain+dark/090.png,0bf2e164939d9658e7348779da9f4caaddcd4f68b54c339263420f94d074c9a6,/root/autodl-tmp/graph/data/graphrestore/raw/agenticir/extracted/HQ/090.png,830f74b8389bfef595e56e910efc49cf4246f6f7bd552ea8c45d071a0113053c,11.533479690551758,0.6586150636128804,264.5398750901222,1,0,1,0,0,0,0,0.12120300205723418
test/B/rain + dark/091,B,rain+dark,091,/root/autodl-tmp/aaa/graphrestore/artifacts/formal_mio100/graphrestore_v7_1_stage4_step040000/methods/graphrestore_v7_1_stage4_step040000/d2/rain+dark/091.png,dbadbf814409b6865c05a50ad9bb1dd22351e73065345b32aeb5e123cd4ad010,/root/autodl-tmp/graph/data/graphrestore/raw/agenticir/extracted/HQ/091.png,5e553db9d41f0f077260ca811d0fc988002511f536fd217035e5495bab201d6c,18.40013313293457,0.6919183748641624,240.34125357866287,1,0,1,0,0,0,0,0.12120300205723418
test/B/rain + dark/092,B,rain+dark,092,/root/autodl-tmp/aaa/graphrestore/artifacts/formal_mio100/graphrestore_v7_1_stage4_step040000/methods/graphrestore_v7_1_stage4_step040000/d2/rain+dark/092.png,59cf8aa50c2fade49c16f7468822c22076e7629d8c84c856c3d752ac360b717f,/root/autodl-tmp/graph/data/graphrestore/raw/agenticir/extracted/HQ/092.png,d2fdbb69f6828c6707d3f41abfcb56dcb6e0d8e75181ac8d0c55eea107f20d48,19.782928466796875,0.8560287293443307,264.11810517311096,1,0,1,0,0,0,0,0.12120300205723418
test/B/rain + dark/093,B,rain+dark,093,/root/autodl-tmp/aaa/graphrestore/artifacts/formal_mio100/graphrestore_v7_1_stage4_step040000/methods/graphrestore_v7_1_stage4_step040000/d2/rain+dark/093.png,a1c3136d5fe361d2afba541f985a56b2a39cc9d2f1cfb3cc33a2ea3f2071b551,/root/autodl-tmp/graph/data/graphrestore/raw/agenticir/extracted/HQ/093.png,b9ef1df7a3be70176f064c2568ea12d8cd9c9c54b3e8fd72bca53d170eaf06f2,20.695974349975586,0.6236306877160857,391.1418169736862,1,0,1,0,0,0,0,0.12120300205723418
test/B/rain + dark/094,B,rain+dark,094,/root/autodl-tmp/aaa/graphrestore/artifacts/formal_mio100/graphrestore_v7_1_stage4_step040000/methods/graphrestore_v7_1_stage4_step040000/d2/rain+dark/094.png,5f796eb45aee2e45e5c7a90623c57147e8bb1ab1e066ae01dc4172463fc54395,/root/autodl-tmp/graph/data/graphrestore/raw/agenticir/extracted/HQ/094.png,45dab31fa407b6793844322a5e147cdfedc3bfa449cd28fc9605f41dba80966d,16.99428367614746,0.6288251270162935,262.3525708913803,1,1,2,0,0,0,0,0.12120300205723418
test/B/rain + dark/095,B,rain+dark,095,/root/autodl-tmp/aaa/graphrestore/artifacts/formal_mio100/graphrestore_v7_1_stage4_step040000/methods/graphrestore_v7_1_stage4_step040000/d2/rain+dark/095.png,7e258fb9282fc80ce0fdffe45aa6ae1249e79e09448b013c8d8680baea46f2ca,/root/autodl-tmp/graph/data/graphrestore/raw/agenticir/extracted/HQ/095.png,2f04f8c811593049180a1c6bdcf5d723d3c2f6443ba518c407e4976d7a6b2637,16.11717414855957,0.7701662049115597,215.8379927277565,1,0,1,0,0,0,0,0.12120300205723418
test/B/rain + dark/096,B,rain+dark,096,/root/autodl-tmp/aaa/graphrestore/artifacts/formal_mio100/graphrestore_v7_1_stage4_step040000/methods/graphrestore_v7_1_stage4_step040000/d2/rain+dark/096.png,70462dde6bdd14747d99f1ea7afb84995e19a48b9ed4ce713e75150c9dbae6f5,/root/autodl-tmp/graph/data/graphrestore/raw/agenticir/extracted/HQ/096.png,3ac9dbd626f9e294ae10a8ab11a34f6c0132ed355627d25ce3f8790f701fae29,15.362954139709473,0.6841287683825665,238.75800520181656,1,0,1,0,0,0,0,0.12120300205723418
test/B/rain + dark/097,B,rain+dark,097,/root/autodl-tmp/aaa/graphrestore/artifacts/formal_mio100/graphrestore_v7_1_stage4_step040000/methods/graphrestore_v7_1_stage4_step040000/d2/rain+dark/097.png,d0b6cb8cdda3f08fef8861d80a3622736c59f1379e83190ce5f987e6b021a517,/root/autodl-tmp/graph/data/graphrestore/raw/agenticir/extracted/HQ/097.png,9b6c3c0d294f54e89b51656b0163aa8d0715dd7904848721ea76c07ccf737d2e,20.783470153808594,0.6718346480241549,240.67604541778564,1,0,1,0,0,0,0,0.12120300205723418
test/B/rain + dark/098,B,rain+dark,098,/root/autodl-tmp/aaa/graphrestore/artifacts/formal_mio100/graphrestore_v7_1_stage4_step040000/methods/graphrestore_v7_1_stage4_step040000/d2/rain+dark/098.png,feb9a0fcd0e0bd03a2eb1b3a67e201dfa7eee288046f1210a3166b108747aa7a,/root/autodl-tmp/graph/data/graphrestore/raw/agenticir/extracted/HQ/098.png,f0574e5262ab9942e66006e0df3aab8738de997489badc302e131ae74299181f,19.468360900878906,0.8062706968050682,291.8242961168289,1,0,1,0,0,0,0,0.12120300205723418
test/B/rain + dark/099,B,rain+dark,099,/root/autodl-tmp/aaa/graphrestore/artifacts/formal_mio100/graphrestore_v7_1_stage4_step040000/methods/graphrestore_v7_1_stage4_step040000/d2/rain+dark/099.png,33457e7e9872642709460f82f14944eb1dbf07c651dacd6af170b3f1d788d713,/root/autodl-tmp/graph/data/graphrestore/raw/agenticir/extracted/HQ/099.png,15ddff6cab9869d7fe8a7cb6fd328b436bbfa9b089e6adcbba7a5048e4c97f8b,16.888914108276367,0.5608504967064918,244.53996866941452,1,0,1,0,0,0,0,0.12120300205723418
test/B/rain + dark/100,B,rain+dark,100,/root/autodl-tmp/aaa/graphrestore/artifacts/formal_mio100/graphrestore_v7_1_stage4_step040000/methods/graphrestore_v7_1_stage4_step040000/d2/rain+dark/100.png,6b198028d9c0df383df7c663f8540e5b0dd4bffdc69ae4937c86cfc08b0ed36e,/root/autodl-tmp/graph/data/graphrestore/raw/agenticir/extracted/HQ/100.png,b7f5d60dbb3e7047b9c62efc7d61db97052a2cde687d3fae367a14a6793a0c40,21.20516014099121,0.6724136296171187,240.77895283699036,1,0,1,0,0,0,0,0.12120300205723418
test/C/dark + defocus blur + jpeg compression artifact/001,C,dark+defocus blur+jpeg compression artifact,001,/root/autodl-tmp/aaa/graphrestore/artifacts/formal_mio100/graphrestore_v7_1_stage4_step040000/methods/graphrestore_v7_1_stage4_step040000/d3/dark+defocus blur+jpeg compression artifact/001.png,341384b94a3fe32e4e33a4415895107d0be0ad7316084ed2bc1d2880c610532c,/root/autodl-tmp/graph/data/graphrestore/raw/agenticir/extracted/HQ/001.png,501f9b012a3f9c95787db8151eddf07dcae5e163688c011649d3ff3f00372cae,14.530695915222168,0.6601699041490284,270.1423913240433,1,1,2,0,0,0,0,0.12120300205723418
test/C/dark + defocus blur + jpeg compression artifact/002,C,dark+defocus blur+jpeg compression artifact,002,/root/autodl-tmp/aaa/graphrestore/artifacts/formal_mio100/graphrestore_v7_1_stage4_step040000/methods/graphrestore_v7_1_stage4_step040000/d3/dark+defocus blur+jpeg compression artifact/002.png,ed24271ed2252c1ea7f2d6f27f27e2ec8e992cd924e456801caf58407331156a,/root/autodl-tmp/graph/data/graphrestore/raw/agenticir/extracted/HQ/002.png,e65fb0b7adb1176b47486303c8cc4f49a0173f91e00d28e0c3a4d3eccae286b4,16.648435592651367,0.5300981419323838,370.06280571222305,1,1,2,0,0,0,0,0.12120300205723418
test/C/dark + defocus blur + jpeg compression artifact/003,C,dark+defocus blur+jpeg compression artifact,003,/root/autodl-tmp/aaa/graphrestore/artifacts/formal_mio100/graphrestore_v7_1_stage4_step040000/methods/graphrestore_v7_1_stage4_step040000/d3/dark+defocus blur+jpeg compression artifact/003.png,f42df4949c18de8a6f25ed3fb7ef113ba0d740b242b811df2a6bb87027ed6d96,/root/autodl-tmp/graph/data/graphrestore/raw/agenticir/extracted/HQ/003.png,c2a2513992db412a7160dfa2f82535dccaa188db91df80ee6ed5b0dd5c5d2d1a,16.877002716064453,0.5966597634080986,321.7390105128288,1,1,2,0,0,0,0,0.12120300205723418
test/C/dark + defocus blur + jpeg compression artifact/004,C,dark+defocus blur+jpeg compression artifact,004,/root/autodl-tmp/aaa/graphrestore/artifacts/formal_mio100/graphrestore_v7_1_stage4_step040000/methods/graphrestore_v7_1_stage4_step040000/d3/dark+defocus blur+jpeg compression artifact/004.png,e4b998342785bb332f960d7cff7f81249e94349489c9f33ca4ac6c589ebfb55e,/root/autodl-tmp/graph/data/graphrestore/raw/agenticir/extracted/HQ/004.png,f1ad3f60cd8e680739263535ab1620a2490f3bc0c65a9355a965c7dff9be1fed,10.416681289672852,0.5435963725998877,348.90584647655487,1,1,2,0,0,0,0,0.12120300205723418
test/C/dark + defocus blur + jpeg compression artifact/005,C,dark+defocus blur+jpeg compression artifact,005,/root/autodl-tmp/aaa/graphrestore/artifacts/formal_mio100/graphrestore_v7_1_stage4_step040000/methods/graphrestore_v7_1_stage4_step040000/d3/dark+defocus blur+jpeg compression artifact/005.png,cbea48b4909b4081c7d4955bcf29bfe6aa2a5cb77f54fea28c13621183b44e33,/root/autodl-tmp/graph/data/graphrestore/raw/agenticir/extracted/HQ/005.png,1d8eb1ef9c1817c087956135efa85be686e7169ef11eb532c768d32d7267a0ff,16.69182586669922,0.5399154851608429,318.6878114938736,1,1,2,0,0,0,0,0.12120300205723418
test/C/dark + defocus blur + jpeg compression artifact/006,C,dark+defocus blur+jpeg compression artifact,006,/root/autodl-tmp/aaa/graphrestore/artifacts/formal_mio100/graphrestore_v7_1_stage4_step040000/methods/graphrestore_v7_1_stage4_step040000/d3/dark+defocus blur+jpeg compression artifact/006.png,9d4fb998e54316a2049ea7dcda3d6cb07c7deac3c984c0909313a38a2acb0e84,/root/autodl-tmp/graph/data/graphrestore/raw/agenticir/extracted/HQ/006.png,f62feddd2f379d039dd1effe18b6368c79a6fe31fb8177f797c9f230eb8e1211,14.145956039428711,0.6211989684621259,265.30447602272034,1,1,2,0,0,0,0,0.12120300205723418
test/C/dark + defocus blur + jpeg compression artifact/007,C,dark+defocus blur+jpeg compression artifact,007,/root/autodl-tmp/aaa/graphrestore/artifacts/formal_mio100/graphrestore_v7_1_stage4_step040000/methods/graphrestore_v7_1_stage4_step040000/d3/dark+defocus blur+jpeg compression artifact/007.png,cd9734c4f852602e211b16d2778dd02c94868f8dd88fd5d1486212458d5d0644,/root/autodl-tmp/graph/data/graphrestore/raw/agenticir/extracted/HQ/007.png,b876f087d5f42a9350f28383ff2df22156b6bbba702809d134b7713d9430881c,12.936643600463867,0.5109235607158242,260.31869649887085,1,1,2,0,0,0,0,0.12120300205723418
test/C/dark + defocus blur + jpeg compression artifact/008,C,dark+defocus blur+jpeg compression artifact,008,/root/autodl-tmp/aaa/graphrestore/artifacts/formal_mio100/graphrestore_v7_1_stage4_step040000/methods/graphrestore_v7_1_stage4_step040000/d3/dark+defocus blur+jpeg compression artifact/008.png,6ae0d0e1016afb4fa7766ea2692b8afe714d0b238c38eb55dc764244be21e030,/root/autodl-tmp/graph/data/graphrestore/raw/agenticir/extracted/HQ/008.png,4efb8dbbd2ba5090b7b951a456ec5ed27a5d61360ab95cb1c5a9366f2868cb94,19.65995979309082,0.7201046476914257,383.6943954229355,1,1,2,0,0,0,0,0.12120300205723418
test/C/dark + defocus blur + jpeg compression artifact/009,C,dark+defocus blur+jpeg compression artifact,009,/root/autodl-tmp/aaa/graphrestore/artifacts/formal_mio100/graphrestore_v7_1_stage4_step040000/methods/graphrestore_v7_1_stage4_step040000/d3/dark+defocus blur+jpeg compression artifact/009.png,4d8682fa160417cd71aa3afdfc61988dc177094456cabf8de740cf70886a1e74,/root/autodl-tmp/graph/data/graphrestore/raw/agenticir/extracted/HQ/009.png,5b779ac0fbe5d1e4d4126fd2864493dcc2ecdbde374ede7e29a054b2a9cb4f21,15.146523475646973,0.7520542887064442,403.991736471653,1,1,2,0,0,0,0,0.12120300205723418
test/C/dark + defocus blur + jpeg compression artifact/010,C,dark+defocus blur+jpeg compression artifact,010,/root/autodl-tmp/aaa/graphrestore/artifacts/formal_mio100/graphrestore_v7_1_stage4_step040000/methods/graphrestore_v7_1_stage4_step040000/d3/dark+defocus blur+jpeg compression artifact/010.png,2649ff672481d1cf6a4976b1f3d1ea29b0aaf821a2737cfe883fad0256d1c91f,/root/autodl-tmp/graph/data/graphrestore/raw/agenticir/extracted/HQ/010.png,327492996d853f5c8873b435f98a91afd07db64567545baa61c9f4f64f717a0d,11.202932357788086,0.5102333407579852,431.46779388189316,1,1,2,0,0,0,0,0.12120300205723418
test/C/dark + defocus blur + jpeg compression artifact/011,C,dark+defocus blur+jpeg compression artifact,011,/root/autodl-tmp/aaa/graphrestore/artifacts/formal_mio100/graphrestore_v7_1_stage4_step040000/methods/graphrestore_v7_1_stage4_step040000/d3/dark+defocus blur+jpeg compression artifact/011.png,ca1389904d72fbafe27de446b155b1d933ac31cee6a11e25d40951eeedec5ddf,/root/autodl-tmp/graph/data/graphrestore/raw/agenticir/extracted/HQ/011.png,dcafe4ee2b43e667674ccc874b42e160ea37427b7c935297734ba69ece6b6f35,16.190933227539062,0.3023960876978929,263.8709396123886,1,1,2,0,0,0,0,0.12120300205723418
test/C/dark + defocus blur + jpeg compression artifact/012,C,dark+defocus blur+jpeg compression artifact,012,/root/autodl-tmp/aaa/graphrestore/artifacts/formal_mio100/graphrestore_v7_1_stage4_step040000/methods/graphrestore_v7_1_stage4_step040000/d3/dark+defocus blur+jpeg compression artifact/012.png,339b96894a6c2ed54c332c73e502229c118913dfe408a624280f17b0f1b97762,/root/autodl-tmp/graph/data/graphrestore/raw/agenticir/extracted/HQ/012.png,0884a3dabb3fa30cde26a4dfbf003a133139f708c65c3f8b02c24a87a6d073c3,17.008024215698242,0.5663650192670806,259.59063321352005,1,1,2,0,0,0,0,0.12120300205723418
test/C/dark + defocus blur + jpeg compression artifact/013,C,dark+defocus blur+jpeg compression artifact,013,/root/autodl-tmp/aaa/graphrestore/artifacts/formal_mio100/graphrestore_v7_1_stage4_step040000/methods/graphrestore_v7_1_stage4_step040000/d3/dark+defocus blur+jpeg compression artifact/013.png,3e9c9cb8afeadb7a26bd25990df207e61a40fcbbcb0dcb52b00f560f243e0523,/root/autodl-tmp/graph/data/graphrestore/raw/agenticir/extracted/HQ/013.png,afe18305499bd0b8318392e8f34ede33aafb5a0df2371075fe9f30a1c81a75eb,10.66307544708252,0.1575526859611342,314.8946091532707,1,1,2,0,0,0,0,0.12120300205723418
test/C/dark + defocus blur + jpeg compression artifact/014,C,dark+defocus blur+jpeg compression artifact,014,/root/autodl-tmp/aaa/graphrestore/artifacts/formal_mio100/graphrestore_v7_1_stage4_step040000/methods/graphrestore_v7_1_stage4_step040000/d3/dark+defocus blur+jpeg compression artifact/014.png,ad6fc3321a6ce7ec8a5b62cac26e4ad2e3dae3a6b1254a5534d106b1fd0425eb,/root/autodl-tmp/graph/data/graphrestore/raw/agenticir/extracted/HQ/014.png,2d569d9b923a96b1542c0b845dce0c7657794eba9f6f22ae5d02f335ef1bc4a0,10.385250091552734,0.6103789200829407,314.9247318506241,1,1,2,0,0,0,0,0.12120300205723418
test/C/dark + defocus blur + jpeg compression artifact/015,C,dark+defocus blur+jpeg compression artifact,015,/root/autodl-tmp/aaa/graphrestore/artifacts/formal_mio100/graphrestore_v7_1_stage4_step040000/methods/graphrestore_v7_1_stage4_step040000/d3/dark+defocus blur+jpeg compression artifact/015.png,653c7a51c9e3b6069ed60fcf4fc3e48c52fecf283659a0e83faafe0decff81f9,/root/autodl-tmp/graph/data/graphrestore/raw/agenticir/extracted/HQ/015.png,286adb5a1c45ee88f14e1b16e3af420910584bf5ebdd72c40cf75317559c731f,17.43010711669922,0.4840705673117447,258.87202471494675,1,1,2,0,0,0,0,0.12120300205723418
test/C/dark + defocus blur + jpeg compression artifact/016,C,dark+defocus blur+jpeg compression artifact,016,/root/autodl-tmp/aaa/graphrestore/artifacts/formal_mio100/graphrestore_v7_1_stage4_step040000/methods/graphrestore_v7_1_stage4_step040000/d3/dark+defocus blur+jpeg compression artifact/016.png,c3536dd3484c23742c57b58d313e966e6a1beb2f2d570c8c9755d05b7ebe5625,/root/autodl-tmp/graph/data/graphrestore/raw/agenticir/extracted/HQ/016.png,ddc71b4b9bd2a57cabf985c7743b8ff7083a0d9205008603edb440ba27da9313,16.50942039489746,0.4194859497856999,355.6514158844948,1,1,2,0,0,0,0,0.12120300205723418
test/C/dark + defocus blur + jpeg compression artifact/017,C,dark+defocus blur+jpeg compression artifact,017,/root/autodl-tmp/aaa/graphrestore/artifacts/formal_mio100/graphrestore_v7_1_stage4_step040000/methods/graphrestore_v7_1_stage4_step040000/d3/dark+defocus blur+jpeg compression artifact/017.png,234352b81cf3448dffc562f273dc7f231c5e24e56caed32f5c86f1e44f0bc671,/root/autodl-tmp/graph/data/graphrestore/raw/agenticir/extracted/HQ/017.png,ab3ab0c03c2d8c9c0befbcad219fae23c9795fdf99d664630f4f4febbd02c519,13.24923038482666,0.518577107580708,279.30597960948944,1,1,2,0,0,0,0,0.12120300205723418
test/C/dark + defocus blur + jpeg compression artifact/018,C,dark+defocus blur+jpeg compression artifact,018,/root/autodl-tmp/aaa/graphrestore/artifacts/formal_mio100/graphrestore_v7_1_stage4_step040000/methods/graphrestore_v7_1_stage4_step040000/d3/dark+defocus blur+jpeg compression artifact/018.png,3d2cbf4f9a51635177bd0bcd368f668eb563233caa33cc0b44a23cc71131a515,/root/autodl-tmp/graph/data/graphrestore/raw/agenticir/extracted/HQ/018.png,66db8e4aeb78f506ae4415572eb910726c3f16ede70138093ab4eced187b8df1,15.570003509521484,0.4159305479447099,316.66674464941025,1,1,2,0,0,0,0,0.12120300205723418
test/C/dark + defocus blur + jpeg compression artifact/019,C,dark+defocus blur+jpeg compression artifact,019,/root/autodl-tmp/aaa/graphrestore/artifacts/formal_mio100/graphrestore_v7_1_stage4_step040000/methods/graphrestore_v7_1_stage4_step040000/d3/dark+defocus blur+jpeg compression artifact/019.png,617583167c92621450adc782207ab2993392426eb12d50a80cc78ee360b725c2,/root/autodl-tmp/graph/data/graphrestore/raw/agenticir/extracted/HQ/019.png,fb026cef85a4f7e64ad7c5f064ed15de1f04a7a7b6bde70b28ee78a55db21aeb,16.50144386291504,0.44073479601894605,267.6694989204407,1,1,2,0,0,0,0,0.12120300205723418
test/C/dark + defocus blur + jpeg compression artifact/020,C,dark+defocus blur+jpeg compression artifact,020,/root/autodl-tmp/aaa/graphrestore/artifacts/formal_mio100/graphrestore_v7_1_stage4_step040000/methods/graphrestore_v7_1_stage4_step040000/d3/dark+defocus blur+jpeg compression artifact/020.png,02126bf789f0bd7c556cec91c28a5b82b524e8c02e094916b4d698e428520cdc,/root/autodl-tmp/graph/data/graphrestore/raw/agenticir/extracted/HQ/020.png,daa15d9f51eab9eca70197a7f05df7873e3eab75e432b0a81fe9488be552f37a,14.841592788696289,0.39630817324635803,317.85038858652115,1,1,2,0,0,0,0,0.12120300205723418
test/C/dark + defocus blur + jpeg compression artifact/021,C,dark+defocus blur+jpeg compression artifact,021,/root/autodl-tmp/aaa/graphrestore/artifacts/formal_mio100/graphrestore_v7_1_stage4_step040000/methods/graphrestore_v7_1_stage4_step040000/d3/dark+defocus blur+jpeg compression artifact/021.png,6ddd0a837bb74f44fd8c2c7740ec6393112a5e3009af5f5f15455e4e9cb79ad2,/root/autodl-tmp/graph/data/graphrestore/raw/agenticir/extracted/HQ/021.png,9fcc8dda4bbbe5e54e419f5cbb07e7b4310dd291ad1f1cd3cd65a90f9809baa8,14.758293151855469,0.419758137080791,376.7023906111717,1,1,2,0,0,0,0,0.12120300205723418
test/C/dark + defocus blur + jpeg compression artifact/022,C,dark+defocus blur+jpeg compression artifact,022,/root/autodl-tmp/aaa/graphrestore/artifacts/formal_mio100/graphrestore_v7_1_stage4_step040000/methods/graphrestore_v7_1_stage4_step040000/d3/dark+defocus blur+jpeg compression artifact/022.png,e2a443852a0a57e896998a95555b95dda999e5cf91930feb99fa8b668df1408e,/root/autodl-tmp/graph/data/graphrestore/raw/agenticir/extracted/HQ/022.png,70c41dc6f249472324664323044853cb85a1256f39b4a31853ddbd89fcc1e191,15.473182678222656,0.5840693725514448,263.5979801416397,1,1,2,0,0,0,0,0.12120300205723418
test/C/dark + defocus blur + jpeg compression artifact/023,C,dark+defocus blur+jpeg compression artifact,023,/root/autodl-tmp/aaa/graphrestore/artifacts/formal_mio100/graphrestore_v7_1_stage4_step040000/methods/graphrestore_v7_1_stage4_step040000/d3/dark+defocus blur+jpeg compression artifact/023.png,f0434c6801b4711971cbb76f940de5da8133cb02f9639ddd892d0ad0523d1618,/root/autodl-tmp/graph/data/graphrestore/raw/agenticir/extracted/HQ/023.png,befde78eca5789c87200ca1e2ac905ba8ad5706b50af86454bd30bc857c90e02,10.503303527832031,0.3885014233958147,259.7069814801216,1,1,2,0,0,0,0,0.12120300205723418
test/C/dark + defocus blur + jpeg compression artifact/024,C,dark+defocus blur+jpeg compression artifact,024,/root/autodl-tmp/aaa/graphrestore/artifacts/formal_mio100/graphrestore_v7_1_stage4_step040000/methods/graphrestore_v7_1_stage4_step040000/d3/dark+defocus blur+jpeg compression artifact/024.png,f35413bee4933bf60ab147c21715fe6277bd3813ce2efcfc8c0fe44d1688465e,/root/autodl-tmp/graph/data/graphrestore/raw/agenticir/extracted/HQ/024.png,e51441e174dd8dc0c47872ccb4221ab3f054b716588ee0f42d58a56098bd9538,17.130645751953125,0.4967807866427732,261.45898550748825,1,1,2,0,0,0,0,0.12120300205723418
test/C/dark + defocus blur + jpeg compression artifact/025,C,dark+defocus blur+jpeg compression artifact,025,/root/autodl-tmp/aaa/graphrestore/artifacts/formal_mio100/graphrestore_v7_1_stage4_step040000/methods/graphrestore_v7_1_stage4_step040000/d3/dark+defocus blur+jpeg compression artifact/025.png,358cb16544959cd79e0d23da80c00fd7c48278e325c45b19a071bf1ff4e35094,/root/autodl-tmp/graph/data/graphrestore/raw/agenticir/extracted/HQ/025.png,f384d4a9bc3c31bc29038378f849002dc4ff2db373d852b732f5cfc24ebed244,17.024946212768555,0.4824141230834316,259.6570700407028,1,1,2,0,0,0,0,0.12120300205723418
test/C/dark + defocus blur + jpeg compression artifact/026,C,dark+defocus blur+jpeg compression artifact,026,/root/autodl-tmp/aaa/graphrestore/artifacts/formal_mio100/graphrestore_v7_1_stage4_step040000/methods/graphrestore_v7_1_stage4_step040000/d3/dark+defocus blur+jpeg compression artifact/026.png,8aa867a6bc9e9bf97de23472ca089374e561aba2403c4a0147d808948bdd1ef9,/root/autodl-tmp/graph/data/graphrestore/raw/agenticir/extracted/HQ/026.png,cfce1d4c02a00f28988a64f63cd538c4147c3a72c147a6549d71f1105d671224,15.776798248291016,0.41964607136963683,315.84542244672775,1,1,2,0,0,0,0,0.12120300205723418
test/C/dark + defocus blur + jpeg compression artifact/027,C,dark+defocus blur+jpeg compression artifact,027,/root/autodl-tmp/aaa/graphrestore/artifacts/formal_mio100/graphrestore_v7_1_stage4_step040000/methods/graphrestore_v7_1_stage4_step040000/d3/dark+defocus blur+jpeg compression artifact/027.png,41d3e12a94de0c5758b47673dac31d9f29b15ba2a368c92a29bcb5cf28526669,/root/autodl-tmp/graph/data/graphrestore/raw/agenticir/extracted/HQ/027.png,d69be3d26f3d3c95ffd9de3bd8d565120e0f09fb4aa84c72ae18d8fc4f871aae,14.403156280517578,0.490535218071952,320.41604816913605,1,1,2,0,0,0,0,0.12120300205723418
test/C/dark + defocus blur + jpeg compression artifact/028,C,dark+defocus blur+jpeg compression artifact,028,/root/autodl-tmp/aaa/graphrestore/artifacts/formal_mio100/graphrestore_v7_1_stage4_step040000/methods/graphrestore_v7_1_stage4_step040000/d3/dark+defocus blur+jpeg compression artifact/028.png,3f6d57be64ae82d20e24d9d7f1494114691809b74d2e9121c2a69112ce4863b2,/root/autodl-tmp/graph/data/graphrestore/raw/agenticir/extracted/HQ/028.png,181f97da79059de1a93d1a0d30f6851393282c6af8b607d83ce29ab8c9dbf771,23.931005477905273,0.8717815447762769,264.88250494003296,1,1,2,0,0,0,0,0.12120300205723418
test/C/dark + defocus blur + jpeg compression artifact/029,C,dark+defocus blur+jpeg compression artifact,029,/root/autodl-tmp/aaa/graphrestore/artifacts/formal_mio100/graphrestore_v7_1_stage4_step040000/methods/graphrestore_v7_1_stage4_step040000/d3/dark+defocus blur+jpeg compression artifact/029.png,d5e158220eaf2b7e5eb13c03288d7a7425365b18edff7b09af3aa57f210b4b72,/root/autodl-tmp/graph/data/graphrestore/raw/agenticir/extracted/HQ/029.png,3c7f43d0544ada8d7b64d7bb197621349fa1dcdf8400fb6128afaf8787814556,19.960201263427734,0.3300898340021806,259.70006734132767,1,1,2,0,0,0,0,0.12120300205723418
test/C/dark + defocus blur + jpeg compression artifact/030,C,dark+defocus blur+jpeg compression artifact,030,/root/autodl-tmp/aaa/graphrestore/artifacts/formal_mio100/graphrestore_v7_1_stage4_step040000/methods/graphrestore_v7_1_stage4_step040000/d3/dark+defocus blur+jpeg compression artifact/030.png,68a4f3b8fdc577368b8ee308a4b78a280e648ce0f01ade1c9ded79964438cf6c,/root/autodl-tmp/graph/data/graphrestore/raw/agenticir/extracted/HQ/030.png,576b0158cf5a541dd6aaf522902400e8ba3175aacca36d9df22951f52acf3f2f,14.261310577392578,0.4514194605058378,236.38595640659332,1,1,2,0,0,0,0,0.12120300205723418
test/C/dark + defocus blur + jpeg compression artifact/031,C,dark+defocus blur+jpeg compression artifact,031,/root/autodl-tmp/aaa/graphrestore/artifacts/formal_mio100/graphrestore_v7_1_stage4_step040000/methods/graphrestore_v7_1_stage4_step040000/d3/dark+defocus blur+jpeg compression artifact/031.png,2083bd53c806f6712d857abcb423cbe9403abfbcc51b86f04b47eec79faefb1b,/root/autodl-tmp/graph/data/graphrestore/raw/agenticir/extracted/HQ/031.png,ee314f8cd1954636c1817c95d1cb0db5aa871e179961c3463869d5dc2100d422,11.130521774291992,0.4250822809114604,286.8857532739639,1,1,2,0,0,0,0,0.12120300205723418
test/C/dark + defocus blur + jpeg compression artifact/032,C,dark+defocus blur+jpeg compression artifact,032,/root/autodl-tmp/aaa/graphrestore/artifacts/formal_mio100/graphrestore_v7_1_stage4_step040000/methods/graphrestore_v7_1_stage4_step040000/d3/dark+defocus blur+jpeg compression artifact/032.png,46ce91010a77d6a5be29b5ac3e1fb7fbecc13f402b07d95b1235328835c0d318,/root/autodl-tmp/graph/data/graphrestore/raw/agenticir/extracted/HQ/032.png,e9749385ec471240dd782d677482b0d949b80ccb7472dc409fa260d1748ed9b9,20.305885314941406,0.5960345325010011,204.42554354667664,1,1,2,0,0,0,0,0.12120300205723418
test/C/dark + defocus blur + jpeg compression artifact/033,C,dark+defocus blur+jpeg compression artifact,033,/root/autodl-tmp/aaa/graphrestore/artifacts/formal_mio100/graphrestore_v7_1_stage4_step040000/methods/graphrestore_v7_1_stage4_step040000/d3/dark+defocus blur+jpeg compression artifact/033.png,f7129bff3fa5f2cbdd53638cc842183ede8c62a1207419876cd3360ad87c2c16,/root/autodl-tmp/graph/data/graphrestore/raw/agenticir/extracted/HQ/033.png,9590f1419e378254c01f330c248e12e8a62792b04a27b72daf2c0afd6c41c758,17.487390518188477,0.44994976768574985,206.67867362499237,1,1,2,0,0,0,0,0.12120300205723418
test/C/dark + defocus blur + jpeg compression artifact/034,C,dark+defocus blur+jpeg compression artifact,034,/root/autodl-tmp/aaa/graphrestore/artifacts/formal_mio100/graphrestore_v7_1_stage4_step040000/methods/graphrestore_v7_1_stage4_step040000/d3/dark+defocus blur+jpeg compression artifact/034.png,8bfc033afe35454642261acdc1d7835e05064d49cb486d7b33b667473a7802df,/root/autodl-tmp/graph/data/graphrestore/raw/agenticir/extracted/HQ/034.png,0575cc2334f8f50fcbd3d9f58173645db8764f938ee55e8899084ca2b66fd018,17.011272430419922,0.3809603066967354,288.05065155029297,1,1,2,0,0,0,0,0.12120300205723418
test/C/dark + defocus blur + jpeg compression artifact/035,C,dark+defocus blur+jpeg compression artifact,035,/root/autodl-tmp/aaa/graphrestore/artifacts/formal_mio100/graphrestore_v7_1_stage4_step040000/methods/graphrestore_v7_1_stage4_step040000/d3/dark+defocus blur+jpeg compression artifact/035.png,79c87ee55689891d8e437b75c0658c1c23795f354771c8bfcb4cbec59884ed70,/root/autodl-tmp/graph/data/graphrestore/raw/agenticir/extracted/HQ/035.png,4e230744a9cb7c3ebe976ae7267155312b876fb355283b4938b34b758aef7ff9,12.599286079406738,0.5376309146160584,330.07360249757767,1,1,2,0,0,0,0,0.12120300205723418
test/C/dark + defocus blur + jpeg compression artifact/036,C,dark+defocus blur+jpeg compression artifact,036,/root/autodl-tmp/aaa/graphrestore/artifacts/formal_mio100/graphrestore_v7_1_stage4_step040000/methods/graphrestore_v7_1_stage4_step040000/d3/dark+defocus blur+jpeg compression artifact/036.png,0f37308b18e926e7fba73b35bababdfd02bd6e441f2318a09140a96b2f0bf8ad,/root/autodl-tmp/graph/data/graphrestore/raw/agenticir/extracted/HQ/036.png,409fbd0ad51be33e9e2711cb7b22cb39999eaac6e278ca1621c20300be446d76,17.970645904541016,0.3979215453316824,267.0423313975334,1,1,2,0,0,0,0,0.12120300205723418
test/C/dark + defocus blur + jpeg compression artifact/037,C,dark+defocus blur+jpeg compression artifact,037,/root/autodl-tmp/aaa/graphrestore/artifacts/formal_mio100/graphrestore_v7_1_stage4_step040000/methods/graphrestore_v7_1_stage4_step040000/d3/dark+defocus blur+jpeg compression artifact/037.png,0edd3747f8d1f29d4373ef62aaf947c0bec22337fb586966a2eb9b133fadbe1c,/root/autodl-tmp/graph/data/graphrestore/raw/agenticir/extracted/HQ/037.png,8f31abe11ce5d5377f131fdc788024ffb8d5cfdda501c06a64ca1fc80fab0d07,17.735504150390625,0.6742981858658782,260.47247648239136,1,1,2,0,0,0,0,0.12120300205723418
test/C/dark + defocus blur + jpeg compression artifact/038,C,dark+defocus blur+jpeg compression artifact,038,/root/autodl-tmp/aaa/graphrestore/artifacts/formal_mio100/graphrestore_v7_1_stage4_step040000/methods/graphrestore_v7_1_stage4_step040000/d3/dark+defocus blur+jpeg compression artifact/038.png,ca52072bf1160f5d9788cb90c99380a244284bab29fefa7551d33a3bf4b81c9a,/root/autodl-tmp/graph/data/graphrestore/raw/agenticir/extracted/HQ/038.png,fe7df2186482ca2cc105baed74cb1da9667b3b03e1629055880b6012db131aa1,13.941311836242676,0.41331380829584075,203.93431931734085,1,1,2,0,0,0,0,0.12120300205723418
test/C/dark + defocus blur + jpeg compression artifact/039,C,dark+defocus blur+jpeg compression artifact,039,/root/autodl-tmp/aaa/graphrestore/artifacts/formal_mio100/graphrestore_v7_1_stage4_step040000/methods/graphrestore_v7_1_stage4_step040000/d3/dark+defocus blur+jpeg compression artifact/039.png,0a8aa5fdfd49a0029ea501391e53c0f8189dc642b9dfd42c3795bbd1c84e0cce,/root/autodl-tmp/graph/data/graphrestore/raw/agenticir/extracted/HQ/039.png,a2038f7610363fb1916197e0557fa84b50b610d86885a2d6409f9e3aa75fbbcd,15.232392311096191,0.6512012247812425,259.9230706691742,1,1,2,0,0,0,0,0.12120300205723418
test/C/dark + defocus blur + jpeg compression artifact/040,C,dark+defocus blur+jpeg compression artifact,040,/root/autodl-tmp/aaa/graphrestore/artifacts/formal_mio100/graphrestore_v7_1_stage4_step040000/methods/graphrestore_v7_1_stage4_step040000/d3/dark+defocus blur+jpeg compression artifact/040.png,eef735c0bb9116b6c4f529682587acb0018afe006ca06f447eb2f80be3f626c6,/root/autodl-tmp/graph/data/graphrestore/raw/agenticir/extracted/HQ/040.png,c5a9e4bb9d84a6734bdc04c272c48c1b17b150a1e346afab2338eb0ba41f1464,14.19845962524414,0.4460940067223655,288.02086412906647,1,1,2,0,0,0,0,0.12120300205723418
test/C/dark + defocus blur + jpeg compression artifact/041,C,dark+defocus blur+jpeg compression artifact,041,/root/autodl-tmp/aaa/graphrestore/artifacts/formal_mio100/graphrestore_v7_1_stage4_step040000/methods/graphrestore_v7_1_stage4_step040000/d3/dark+defocus blur+jpeg compression artifact/041.png,095f6eafae4ecae7106d3955af2c403acabbc75899424d25e2664ec8ea2cb2c0,/root/autodl-tmp/graph/data/graphrestore/raw/agenticir/extracted/HQ/041.png,8d928c89de2952ccb40028ba7ecd3f9fee3f3907c9a371fbbcb7fdaf683bc27e,10.029211044311523,0.19941117540903192,314.85234946012497,1,1,2,0,0,0,0,0.12120300205723418
test/C/dark + defocus blur + jpeg compression artifact/042,C,dark+defocus blur+jpeg compression artifact,042,/root/autodl-tmp/aaa/graphrestore/artifacts/formal_mio100/graphrestore_v7_1_stage4_step040000/methods/graphrestore_v7_1_stage4_step040000/d3/dark+defocus blur+jpeg compression artifact/042.png,d5ca9e2776c63624970bdee33cab225c49f0ca08160dc0ac07f1dfbd3d28e22c,/root/autodl-tmp/graph/data/graphrestore/raw/agenticir/extracted/HQ/042.png,9ae42a00babed185468a76384204ff947b6baab53a82ca9b3cff6ef951f461bf,18.03763198852539,0.524369895357276,292.7040308713913,1,1,2,0,0,0,0,0.12120300205723418
test/C/dark + defocus blur + jpeg compression artifact/043,C,dark+defocus blur+jpeg compression artifact,043,/root/autodl-tmp/aaa/graphrestore/artifacts/formal_mio100/graphrestore_v7_1_stage4_step040000/methods/graphrestore_v7_1_stage4_step040000/d3/dark+defocus blur+jpeg compression artifact/043.png,1d4c89bfee8d2bf7d17bdb0cd9e41f24bc42ae81f65bec25ec99f9d47b265517,/root/autodl-tmp/graph/data/graphrestore/raw/agenticir/extracted/HQ/043.png,15880c27b3101797c4e5896dee7349ad832ac1c49fcd0c559b357f4e28296b4d,16.137882232666016,0.3075699789315906,267.0442909002304,1,1,2,0,0,0,0,0.12120300205723418
test/C/dark + defocus blur + jpeg compression artifact/044,C,dark+defocus blur+jpeg compression artifact,044,/root/autodl-tmp/aaa/graphrestore/artifacts/formal_mio100/graphrestore_v7_1_stage4_step040000/methods/graphrestore_v7_1_stage4_step040000/d3/dark+defocus blur+jpeg compression artifact/044.png,c25540ef11f71259e92810bbd13e184b9002cbac17cd7349649642794651c7bb,/root/autodl-tmp/graph/data/graphrestore/raw/agenticir/extracted/HQ/044.png,0645011c1dc3777ab263df617d1747b902c2d321de6f939549cfbe43eabc9245,15.050931930541992,0.43417675422879104,261.16444170475006,1,1,2,0,0,0,0,0.12120300205723418
test/C/dark + defocus blur + jpeg compression artifact/045,C,dark+defocus blur+jpeg compression artifact,045,/root/autodl-tmp/aaa/graphrestore/artifacts/formal_mio100/graphrestore_v7_1_stage4_step040000/methods/graphrestore_v7_1_stage4_step040000/d3/dark+defocus blur+jpeg compression artifact/045.png,a78039209076594268d5a4b124f9f6b6e533e95e052d7f58fffd560956488550,/root/autodl-tmp/graph/data/graphrestore/raw/agenticir/extracted/HQ/045.png,d3e352c98c1fe9df1181c1e362bb9c3ba3a1d077456198796083821dab20d1fc,17.3098201751709,0.4933652574537957,267.88200438022614,1,1,2,0,0,0,0,0.12120300205723418
test/C/dark + defocus blur + jpeg compression artifact/046,C,dark+defocus blur+jpeg compression artifact,046,/root/autodl-tmp/aaa/graphrestore/artifacts/formal_mio100/graphrestore_v7_1_stage4_step040000/methods/graphrestore_v7_1_stage4_step040000/d3/dark+defocus blur+jpeg compression artifact/046.png,a299a7ee07bb10e91dd8041a75c6d2582e9aee2ef9574eba3ed4c1c2ea5f4448,/root/autodl-tmp/graph/data/graphrestore/raw/agenticir/extracted/HQ/046.png,af4b21bf96515f2ff4f97a4990856b43ae02a1d8f39909428228a2612b5f936f,16.674715042114258,0.3742805110263904,239.88116532564163,1,0,1,0,0,0,0,0.12120300205723418
test/C/dark + defocus blur + jpeg compression artifact/047,C,dark+defocus blur+jpeg compression artifact,047,/root/autodl-tmp/aaa/graphrestore/artifacts/formal_mio100/graphrestore_v7_1_stage4_step040000/methods/graphrestore_v7_1_stage4_step040000/d3/dark+defocus blur+jpeg compression artifact/047.png,4d93282dacace76d584744ae4ec07b58dddf5d02b83272eb60396ade13838fda,/root/autodl-tmp/graph/data/graphrestore/raw/agenticir/extracted/HQ/047.png,8ecf454f7d68ca4ebf19b2b4a22275d3bb344666e4e483fda2c8cb84d5ff94db,19.691043853759766,0.6080233711507779,315.25979936122894,1,1,2,0,0,0,0,0.12120300205723418
test/C/dark + defocus blur + jpeg compression artifact/048,C,dark+defocus blur+jpeg compression artifact,048,/root/autodl-tmp/aaa/graphrestore/artifacts/formal_mio100/graphrestore_v7_1_stage4_step040000/methods/graphrestore_v7_1_stage4_step040000/d3/dark+defocus blur+jpeg compression artifact/048.png,2255230a4097ed859742e05cf9f3493029abdbe6311150352527626a87014854,/root/autodl-tmp/graph/data/graphrestore/raw/agenticir/extracted/HQ/048.png,b74e449ab10a96799f5e791f68de34dcfaf90a4befdb242cee372f6743841606,14.683390617370605,0.2337078967975944,265.2087062597275,1,1,2,0,0,0,0,0.12120300205723418
test/C/dark + defocus blur + jpeg compression artifact/049,C,dark+defocus blur+jpeg compression artifact,049,/root/autodl-tmp/aaa/graphrestore/artifacts/formal_mio100/graphrestore_v7_1_stage4_step040000/methods/graphrestore_v7_1_stage4_step040000/d3/dark+defocus blur+jpeg compression artifact/049.png,20bab83945ee5b362501b07830894e7eb9dbba11fbd3cfe249855da623a13f78,/root/autodl-tmp/graph/data/graphrestore/raw/agenticir/extracted/HQ/049.png,bdd8f4cec02d5659a12541bb32718429d397d6be195679045764e31574c4f226,13.5023775100708,0.4947514637923595,267.06281304359436,1,1,2,0,0,0,0,0.12120300205723418
test/C/dark + defocus blur + jpeg compression artifact/050,C,dark+defocus blur+jpeg compression artifact,050,/root/autodl-tmp/aaa/graphrestore/artifacts/formal_mio100/graphrestore_v7_1_stage4_step040000/methods/graphrestore_v7_1_stage4_step040000/d3/dark+defocus blur+jpeg compression artifact/050.png,64a9a760810757c8ac85d2d645a3083cffebf52232f9de54e4b6c9f23a4230bd,/root/autodl-tmp/graph/data/graphrestore/raw/agenticir/extracted/HQ/050.png,c4cfbc77b28b145af37ea26b0b501d69633ebdedd3ce9a90d5760063ee95f492,16.75993537902832,0.3782437966569835,314.8500472307205,1,1,2,0,0,0,0,0.12120300205723418
test/C/dark + defocus blur + jpeg compression artifact/051,C,dark+defocus blur+jpeg compression artifact,051,/root/autodl-tmp/aaa/graphrestore/artifacts/formal_mio100/graphrestore_v7_1_stage4_step040000/methods/graphrestore_v7_1_stage4_step040000/d3/dark+defocus blur+jpeg compression artifact/051.png,f633f184565a6bed293e061e84412132efe493761a70e2ce84d84a00c2eac5a9,/root/autodl-tmp/graph/data/graphrestore/raw/agenticir/extracted/HQ/051.png,433269b5d76ea42b944162d49085d86b82a4eab52705e69d4dfa7c8a0ccbe187,11.47188663482666,0.2738853853663526,261.1279860138893,1,1,2,0,0,0,0,0.12120300205723418
test/C/dark + defocus blur + jpeg compression artifact/052,C,dark+defocus blur+jpeg compression artifact,052,/root/autodl-tmp/aaa/graphrestore/artifacts/formal_mio100/graphrestore_v7_1_stage4_step040000/methods/graphrestore_v7_1_stage4_step040000/d3/dark+defocus blur+jpeg compression artifact/052.png,1e577ce1fe7c3b2a1fa8a6ec226f2570f4a9af60f0d7a665f6b39a6d9c2459c4,/root/autodl-tmp/graph/data/graphrestore/raw/agenticir/extracted/HQ/052.png,b0fe4f61cfdf3e31caa56791dcd8d50f729c75652d7970a654be64494341ada3,11.735945701599121,0.3804997726655252,260.2964863181114,1,1,2,0,0,0,0,0.12120300205723418
test/C/dark + defocus blur + jpeg compression artifact/053,C,dark+defocus blur+jpeg compression artifact,053,/root/autodl-tmp/aaa/graphrestore/artifacts/formal_mio100/graphrestore_v7_1_stage4_step040000/methods/graphrestore_v7_1_stage4_step040000/d3/dark+defocus blur+jpeg compression artifact/053.png,21a24018e27a0fef402a7719e64ae6b07debd51d84b5b2707da71b9c41ef303f,/root/autodl-tmp/graph/data/graphrestore/raw/agenticir/extracted/HQ/053.png,6b1f2208c72adcd28d96a15d538bbfbe27cb5a21be416b6f30fa836b12ac867d,19.158124923706055,0.5629361183875753,260.2727860212326,1,1,2,0,0,0,0,0.12120300205723418
test/C/dark + defocus blur + jpeg compression artifact/054,C,dark+defocus blur+jpeg compression artifact,054,/root/autodl-tmp/aaa/graphrestore/artifacts/formal_mio100/graphrestore_v7_1_stage4_step040000/methods/graphrestore_v7_1_stage4_step040000/d3/dark+defocus blur+jpeg compression artifact/054.png,0dfb67aad4855db708a53e92fc67ba70294efaa71a74dcf33c609e101d90dcc6,/root/autodl-tmp/graph/data/graphrestore/raw/agenticir/extracted/HQ/054.png,699ffde2d8d110e52811d39e5b9d745965d4211dd2312f453ce367f1bc0e66f5,14.446868896484375,0.5139656513697396,259.535975754261,1,1,2,0,0,0,0,0.12120300205723418
test/C/dark + defocus blur + jpeg compression artifact/055,C,dark+defocus blur+jpeg compression artifact,055,/root/autodl-tmp/aaa/graphrestore/artifacts/formal_mio100/graphrestore_v7_1_stage4_step040000/methods/graphrestore_v7_1_stage4_step040000/d3/dark+defocus blur+jpeg compression artifact/055.png,7a13572c1fbdfc1a90ae3a943712dbbd8e4130c085cf4a5afc653d91d0f5ce12,/root/autodl-tmp/graph/data/graphrestore/raw/agenticir/extracted/HQ/055.png,5a59c6f9051a70f1c3ad8e9550b2a21322ef8ad71bd70085fb2330f6f6da3948,13.268779754638672,0.7319305499498806,314.08196687698364,1,1,2,0,0,0,0,0.12120300205723418
test/C/dark + defocus blur + jpeg compression artifact/056,C,dark+defocus blur+jpeg compression artifact,056,/root/autodl-tmp/aaa/graphrestore/artifacts/formal_mio100/graphrestore_v7_1_stage4_step040000/methods/graphrestore_v7_1_stage4_step040000/d3/dark+defocus blur+jpeg compression artifact/056.png,8c4555b87d9fdf6b9d05e25fa3f7c14ddcd342cdd65be6f2da5978c188fa7f1b,/root/autodl-tmp/graph/data/graphrestore/raw/agenticir/extracted/HQ/056.png,c5f28866f72e2d370875385eb6575124b0735f8f927fae1c07ff7151e200c956,10.239295959472656,0.48232054777988975,235.78759282827377,1,1,2,0,0,0,0,0.12120300205723418
test/C/dark + defocus blur + jpeg compression artifact/057,C,dark+defocus blur+jpeg compression artifact,057,/root/autodl-tmp/aaa/graphrestore/artifacts/formal_mio100/graphrestore_v7_1_stage4_step040000/methods/graphrestore_v7_1_stage4_step040000/d3/dark+defocus blur+jpeg compression artifact/057.png,0666f80b7688486b2cb00037221c14f0a4c818711f8d89453662ca11f327b392,/root/autodl-tmp/graph/data/graphrestore/raw/agenticir/extracted/HQ/057.png,42353ae75793843947c257055d87e0568db28ed51b9a5d87cc0d6a0dafb242af,16.19950294494629,0.6858185165736321,259.3211978673935,1,1,2,0,0,0,0,0.12120300205723418
test/C/dark + defocus blur + jpeg compression artifact/058,C,dark+defocus blur+jpeg compression artifact,058,/root/autodl-tmp/aaa/graphrestore/artifacts/formal_mio100/graphrestore_v7_1_stage4_step040000/methods/graphrestore_v7_1_stage4_step040000/d3/dark+defocus blur+jpeg compression artifact/058.png,1eb7b3c3c8dc15deb4ebd4b4d7a3f1b40569a240dfb9b36e879e2f0149b25781,/root/autodl-tmp/graph/data/graphrestore/raw/agenticir/extracted/HQ/058.png,e50e67dc4e57dc18d552546044c5ca169fdb26de4d5d81650d00d4b0f3ab7e76,10.95903491973877,0.5696678914929466,259.7162276506424,1,1,2,0,0,0,0,0.12120300205723418
test/C/dark + defocus blur + jpeg compression artifact/059,C,dark+defocus blur+jpeg compression artifact,059,/root/autodl-tmp/aaa/graphrestore/artifacts/formal_mio100/graphrestore_v7_1_stage4_step040000/methods/graphrestore_v7_1_stage4_step040000/d3/dark+defocus blur+jpeg compression artifact/059.png,7ade65f39f829d278aedf41fcd82003db172bfc0f485798d9489dd2f018acedd,/root/autodl-tmp/graph/data/graphrestore/raw/agenticir/extracted/HQ/059.png,e60c8277194566df02c7cefc895d1390756059f7a29ac67206ec202f1b897add,17.831525802612305,0.42631264630731935,286.8897616863251,1,1,2,0,0,0,0,0.12120300205723418
test/C/dark + defocus blur + jpeg compression artifact/060,C,dark+defocus blur+jpeg compression artifact,060,/root/autodl-tmp/aaa/graphrestore/artifacts/formal_mio100/graphrestore_v7_1_stage4_step040000/methods/graphrestore_v7_1_stage4_step040000/d3/dark+defocus blur+jpeg compression artifact/060.png,7bf418384b453eb96942bc3e1af4c178ca49f7cdfe8da7bbe2c13c8968a20095,/root/autodl-tmp/graph/data/graphrestore/raw/agenticir/extracted/HQ/060.png,d173273231bf0b68767ae3e287f4f34baa71e7d986a98c43a41fa9668fd8a0d4,17.58655548095703,0.3460467902699909,282.0141837000847,1,1,2,0,0,0,0,0.12120300205723418
test/C/dark + defocus blur + jpeg compression artifact/061,C,dark+defocus blur+jpeg compression artifact,061,/root/autodl-tmp/aaa/graphrestore/artifacts/formal_mio100/graphrestore_v7_1_stage4_step040000/methods/graphrestore_v7_1_stage4_step040000/d3/dark+defocus blur+jpeg compression artifact/061.png,58093f4e04ef05ff35247fda6d29edcd7cf1cf523015274d8e6fbbb008c6b880,/root/autodl-tmp/graph/data/graphrestore/raw/agenticir/extracted/HQ/061.png,a7818ddc00c398726bcd4724e9a51456bf18e4eb573f2f68b79ea2dedf0e699c,17.098299026489258,0.6461147147299878,259.66592133045197,1,1,2,0,0,0,0,0.12120300205723418
test/C/dark + defocus blur + jpeg compression artifact/062,C,dark+defocus blur+jpeg compression artifact,062,/root/autodl-tmp/aaa/graphrestore/artifacts/formal_mio100/graphrestore_v7_1_stage4_step040000/methods/graphrestore_v7_1_stage4_step040000/d3/dark+defocus blur+jpeg compression artifact/062.png,e4de721123cf58ffde34b5be96726f5ec912ad8085ffbf778a264dc48e813a57,/root/autodl-tmp/graph/data/graphrestore/raw/agenticir/extracted/HQ/062.png,7829e8bf6fee7705051b0e4486c3abb2cdf412c83ac15b9f5ed9d9036c296d40,16.239694595336914,0.5501576042875016,313.86564671993256,1,1,2,0,0,0,0,0.12120300205723418
test/C/dark + defocus blur + jpeg compression artifact/063,C,dark+defocus blur+jpeg compression artifact,063,/root/autodl-tmp/aaa/graphrestore/artifacts/formal_mio100/graphrestore_v7_1_stage4_step040000/methods/graphrestore_v7_1_stage4_step040000/d3/dark+defocus blur+jpeg compression artifact/063.png,f6e01c4c225249eb56ac4927e9c26e3b7be2d7358bb736029e332772fe5baf98,/root/autodl-tmp/graph/data/graphrestore/raw/agenticir/extracted/HQ/063.png,f7ccce7c58be38c16fb08060b8b379825cb0417a04e6813c72985768a480929c,14.834720611572266,0.7049788597418485,265.91070741415024,1,1,2,0,0,0,0,0.12120300205723418
test/C/dark + defocus blur + jpeg compression artifact/064,C,dark+defocus blur+jpeg compression artifact,064,/root/autodl-tmp/aaa/graphrestore/artifacts/formal_mio100/graphrestore_v7_1_stage4_step040000/methods/graphrestore_v7_1_stage4_step040000/d3/dark+defocus blur+jpeg compression artifact/064.png,2a86d0fc18b2b2896870377a2090e6664284d704cb2682d60df9bb687765a22e,/root/autodl-tmp/graph/data/graphrestore/raw/agenticir/extracted/HQ/064.png,b34caae8d574b2c008d53ceb0490df55c099e68844b2819f0c02fc50db26cee0,13.417482376098633,0.4707553965740784,286.137193441391,1,1,2,0,0,0,0,0.12120300205723418
test/C/dark + defocus blur + jpeg compression artifact/065,C,dark+defocus blur+jpeg compression artifact,065,/root/autodl-tmp/aaa/graphrestore/artifacts/formal_mio100/graphrestore_v7_1_stage4_step040000/methods/graphrestore_v7_1_stage4_step040000/d3/dark+defocus blur+jpeg compression artifact/065.png,f4e0c796e7da14d70a2c4315d361f79d936882500fc0deb5a0115a213318345f,/root/autodl-tmp/graph/data/graphrestore/raw/agenticir/extracted/HQ/065.png,f0770ae16bf79be3b5d94a7868da009f5ce1bbf54bfe5c879e352a4df590ef63,16.00278663635254,0.5586844693960398,314.67680633068085,1,1,2,0,0,0,0,0.12120300205723418
test/C/dark + defocus blur + jpeg compression artifact/066,C,dark+defocus blur+jpeg compression artifact,066,/root/autodl-tmp/aaa/graphrestore/artifacts/formal_mio100/graphrestore_v7_1_stage4_step040000/methods/graphrestore_v7_1_stage4_step040000/d3/dark+defocus blur+jpeg compression artifact/066.png,441ce3ab83bd0e693475859f9445f658a71dc62e13f660bd829990d41af84c8d,/root/autodl-tmp/graph/data/graphrestore/raw/agenticir/extracted/HQ/066.png,a19230b326bd2fb5c26ae283f65bf0b85f39f90421056a47c7ecd6d683379aff,15.896992683410645,0.6127689074602777,319.08997148275375,1,1,2,0,0,0,0,0.12120300205723418
test/C/dark + defocus blur + jpeg compression artifact/067,C,dark+defocus blur+jpeg compression artifact,067,/root/autodl-tmp/aaa/graphrestore/artifacts/formal_mio100/graphrestore_v7_1_stage4_step040000/methods/graphrestore_v7_1_stage4_step040000/d3/dark+defocus blur+jpeg compression artifact/067.png,e8e44eb526cdac3bde4f384946a66bc5223fa0f7eda1e9a5bc0a7731bcf612e4,/root/autodl-tmp/graph/data/graphrestore/raw/agenticir/extracted/HQ/067.png,91cd9f021a6902b7f3220c6a373cba11f3bfbe4e4984c1d6fc4be0c76acb67a0,19.943824768066406,0.708495927951024,264.55238461494446,1,1,2,0,0,0,0,0.12120300205723418
test/C/dark + defocus blur + jpeg compression artifact/068,C,dark+defocus blur+jpeg compression artifact,068,/root/autodl-tmp/aaa/graphrestore/artifacts/formal_mio100/graphrestore_v7_1_stage4_step040000/methods/graphrestore_v7_1_stage4_step040000/d3/dark+defocus blur+jpeg compression artifact/068.png,dfb8afd605aab33aba2634e106cd9c580afeefb508bd0893e52fdaa75dd16d31,/root/autodl-tmp/graph/data/graphrestore/raw/agenticir/extracted/HQ/068.png,b8187d79db16002364f6017df807e6cac41e7ee9a68413a384b1bd69eddaa638,16.108129501342773,0.4978057317937726,265.3578221797943,1,1,2,0,0,0,0,0.12120300205723418
test/C/dark + defocus blur + jpeg compression artifact/069,C,dark+defocus blur+jpeg compression artifact,069,/root/autodl-tmp/aaa/graphrestore/artifacts/formal_mio100/graphrestore_v7_1_stage4_step040000/methods/graphrestore_v7_1_stage4_step040000/d3/dark+defocus blur+jpeg compression artifact/069.png,68c23107c30faef8eb955ef1ba59fe3d6bffe98a9d9080c126c83fed7f7aba21,/root/autodl-tmp/graph/data/graphrestore/raw/agenticir/extracted/HQ/069.png,abb08be58f50075e5e6b1de44ddfe61c30ebb34882e9d72681edd73a5cdbb156,14.845273971557617,0.4555864291519735,321.287639439106,1,1,2,0,0,0,0,0.12120300205723418
test/C/dark + defocus blur + jpeg compression artifact/070,C,dark+defocus blur+jpeg compression artifact,070,/root/autodl-tmp/aaa/graphrestore/artifacts/formal_mio100/graphrestore_v7_1_stage4_step040000/methods/graphrestore_v7_1_stage4_step040000/d3/dark+defocus blur+jpeg compression artifact/070.png,05deb043a9ae05379545f646cfa5443024cb1a775f4cb582ae0ce0ec84e314b3,/root/autodl-tmp/graph/data/graphrestore/raw/agenticir/extracted/HQ/070.png,718ae2570e431003fb32f2a40e19f813545164ace18230ac03f9ec96b2747f85,18.122337341308594,0.5300218649234194,271.6439887881279,1,1,2,0,0,0,0,0.12120300205723418
test/C/dark + defocus blur + jpeg compression artifact/071,C,dark+defocus blur+jpeg compression artifact,071,/root/autodl-tmp/aaa/graphrestore/artifacts/formal_mio100/graphrestore_v7_1_stage4_step040000/methods/graphrestore_v7_1_stage4_step040000/d3/dark+defocus blur+jpeg compression artifact/071.png,37d69d887399679ecbad102364a1007c1e29879c99a6a0e3a19089ef39dff52b,/root/autodl-tmp/graph/data/graphrestore/raw/agenticir/extracted/HQ/071.png,e8bc40490eabb437e225b0acde6b8dc1d8942f2b9657e042051c166804b07b15,18.382408142089844,0.8080443038032311,263.8517767190933,1,1,2,0,0,0,0,0.12120300205723418
test/C/dark + defocus blur + jpeg compression artifact/072,C,dark+defocus blur+jpeg compression artifact,072,/root/autodl-tmp/aaa/graphrestore/artifacts/formal_mio100/graphrestore_v7_1_stage4_step040000/methods/graphrestore_v7_1_stage4_step040000/d3/dark+defocus blur+jpeg compression artifact/072.png,5b4560de45d69daffb228d6d683aa0bb819f307fd27375b9ba9ac5f9038627a8,/root/autodl-tmp/graph/data/graphrestore/raw/agenticir/extracted/HQ/072.png,6b887c3fd578dc80ca3b15a823f1b43d80db2d30abc07d144e03f7228acb8144,16.211742401123047,0.6907553046747483,291.3084849715233,1,1,2,0,0,0,0,0.12120300205723418
test/C/dark + defocus blur + jpeg compression artifact/073,C,dark+defocus blur+jpeg compression artifact,073,/root/autodl-tmp/aaa/graphrestore/artifacts/formal_mio100/graphrestore_v7_1_stage4_step040000/methods/graphrestore_v7_1_stage4_step040000/d3/dark+defocus blur+jpeg compression artifact/073.png,8960d6068ff50cc4b424fcf84280fc69ec4d03e1da4e7d69f1b934f8933e84d6,/root/autodl-tmp/graph/data/graphrestore/raw/agenticir/extracted/HQ/073.png,e4a8516954bfb4b79f2fc6194b6b4a8ed63250e14fe7ce0b6f6d77c922f84730,17.94916534423828,0.5449841576297014,338.77095580101013,1,1,2,0,0,0,0,0.12120300205723418
test/C/dark + defocus blur + jpeg compression artifact/074,C,dark+defocus blur+jpeg compression artifact,074,/root/autodl-tmp/aaa/graphrestore/artifacts/formal_mio100/graphrestore_v7_1_stage4_step040000/methods/graphrestore_v7_1_stage4_step040000/d3/dark+defocus blur+jpeg compression artifact/074.png,cb76c710076d8770a54402b6401ca3100c6ba147a2171eeeeb282622f9a3d36c,/root/autodl-tmp/graph/data/graphrestore/raw/agenticir/extracted/HQ/074.png,cfa80e9825a34173ab0d1810b1b63bf645aa1b6b743966a77d7d03463319fd8e,18.985240936279297,0.4765382511142256,269.26693320274353,1,1,2,0,0,0,0,0.12120300205723418
test/C/dark + defocus blur + jpeg compression artifact/075,C,dark+defocus blur+jpeg compression artifact,075,/root/autodl-tmp/aaa/graphrestore/artifacts/formal_mio100/graphrestore_v7_1_stage4_step040000/methods/graphrestore_v7_1_stage4_step040000/d3/dark+defocus blur+jpeg compression artifact/075.png,9480007513b600b3093055b74d4fa690a22a04ebca6c9b7a614fc5147fbf5526,/root/autodl-tmp/graph/data/graphrestore/raw/agenticir/extracted/HQ/075.png,637e76a0398c825f3214d13b10485f7c180dc359b838ade377382c22c8f6b788,16.270875930786133,0.5925360473737573,261.1164003610611,1,1,2,0,0,0,0,0.12120300205723418
test/C/dark + defocus blur + jpeg compression artifact/076,C,dark+defocus blur+jpeg compression artifact,076,/root/autodl-tmp/aaa/graphrestore/artifacts/formal_mio100/graphrestore_v7_1_stage4_step040000/methods/graphrestore_v7_1_stage4_step040000/d3/dark+defocus blur+jpeg compression artifact/076.png,c2301d71e389ff852dbe95ed34f200ea1bf9302854a32d5661ab1af8d9d9ee7c,/root/autodl-tmp/graph/data/graphrestore/raw/agenticir/extracted/HQ/076.png,28f7193b83d2979c14a7c73e95657ce02a2cc902196495bea289e190f48cecae,13.22252082824707,0.3313279213351696,260.96971333026886,1,1,2,0,0,0,0,0.12120300205723418
test/C/dark + defocus blur + jpeg compression artifact/077,C,dark+defocus blur+jpeg compression artifact,077,/root/autodl-tmp/aaa/graphrestore/artifacts/formal_mio100/graphrestore_v7_1_stage4_step040000/methods/graphrestore_v7_1_stage4_step040000/d3/dark+defocus blur+jpeg compression artifact/077.png,6f6c91a9324cbbf8c48a85ce1c20ac02e9b0e3fb0155c887078f69dc48c925d2,/root/autodl-tmp/graph/data/graphrestore/raw/agenticir/extracted/HQ/077.png,6d0b3c0c4255ee2de7c3c275c114eb531248c06fce157913f4e69dacd492cc91,15.665984153747559,0.7812364887609519,264.1790956258774,1,1,2,0,0,0,0,0.12120300205723418
test/C/dark + defocus blur + jpeg compression artifact/078,C,dark+defocus blur+jpeg compression artifact,078,/root/autodl-tmp/aaa/graphrestore/artifacts/formal_mio100/graphrestore_v7_1_stage4_step040000/methods/graphrestore_v7_1_stage4_step040000/d3/dark+defocus blur+jpeg compression artifact/078.png,20692428723c0b78ab4796294af678c4f67773198575d2677f6aa7ce77188011,/root/autodl-tmp/graph/data/graphrestore/raw/agenticir/extracted/HQ/078.png,ae84b8b3592a0f623d5bd2c5791b049e6fd87155614fbbad37f1ac00a2cfa870,17.818973541259766,0.5879401284220468,315.1523917913437,1,1,2,0,0,0,0,0.12120300205723418
test/C/dark + defocus blur + jpeg compression artifact/079,C,dark+defocus blur+jpeg compression artifact,079,/root/autodl-tmp/aaa/graphrestore/artifacts/formal_mio100/graphrestore_v7_1_stage4_step040000/methods/graphrestore_v7_1_stage4_step040000/d3/dark+defocus blur+jpeg compression artifact/079.png,62e971434d137dc3da6ceddb6e1e1ed94a8edc4b6b1fa347b1194e582f8c4c37,/root/autodl-tmp/graph/data/graphrestore/raw/agenticir/extracted/HQ/079.png,166cde30b17743be2ca3fb2c29004e0b38b126bfa1d8d5f41013c23eb248aad5,16.22085189819336,0.3271397123913442,292.2017499804497,1,1,2,0,0,0,0,0.12120300205723418
test/C/dark + defocus blur + jpeg compression artifact/080,C,dark+defocus blur+jpeg compression artifact,080,/root/autodl-tmp/aaa/graphrestore/artifacts/formal_mio100/graphrestore_v7_1_stage4_step040000/methods/graphrestore_v7_1_stage4_step040000/d3/dark+defocus blur+jpeg compression artifact/080.png,6e57198e43bbed872091fc2411e147099bca8cde489ff42154b2a50a4265ceae,/root/autodl-tmp/graph/data/graphrestore/raw/agenticir/extracted/HQ/080.png,b208599722bce230536ae4db62272e883a7714d4bfca7d73e1361da3b2ca9225,18.749635696411133,0.7195639527075312,259.91053879261017,1,1,2,0,0,0,0,0.12120300205723418
test/C/dark + defocus blur + jpeg compression artifact/081,C,dark+defocus blur+jpeg compression artifact,081,/root/autodl-tmp/aaa/graphrestore/artifacts/formal_mio100/graphrestore_v7_1_stage4_step040000/methods/graphrestore_v7_1_stage4_step040000/d3/dark+defocus blur+jpeg compression artifact/081.png,a98e0f946769e25bbdaef5b6bab5dcedc249ecfa0c2923f260cce5ab63a4e37e,/root/autodl-tmp/graph/data/graphrestore/raw/agenticir/extracted/HQ/081.png,f86df1e220755af6ab50844f797e3fb45165c5dde9ac8ee1750544154cfd1ad7,10.025467872619629,0.3728144486115921,315.5267536640167,1,1,2,0,0,0,0,0.12120300205723418
test/C/dark + defocus blur + jpeg compression artifact/082,C,dark+defocus blur+jpeg compression artifact,082,/root/autodl-tmp/aaa/graphrestore/artifacts/formal_mio100/graphrestore_v7_1_stage4_step040000/methods/graphrestore_v7_1_stage4_step040000/d3/dark+defocus blur+jpeg compression artifact/082.png,d72b6c87005a902959ef3b97395d1611335c69647cf70847c9b4feb06db382bc,/root/autodl-tmp/graph/data/graphrestore/raw/agenticir/extracted/HQ/082.png,698a641215db75e2471381c00fc2a84208122a4a0115beeb5679de746977682e,22.58053207397461,0.7815273691548411,265.93565195798874,1,1,2,0,0,0,0,0.12120300205723418
test/C/dark + defocus blur + jpeg compression artifact/083,C,dark+defocus blur+jpeg compression artifact,083,/root/autodl-tmp/aaa/graphrestore/artifacts/formal_mio100/graphrestore_v7_1_stage4_step040000/methods/graphrestore_v7_1_stage4_step040000/d3/dark+defocus blur+jpeg compression artifact/083.png,5d52eb67c083a6344f07168b74c9f42e30c6d6db69a98d46831ad93b4947b56a,/root/autodl-tmp/graph/data/graphrestore/raw/agenticir/extracted/HQ/083.png,4772b8d475dfc90626760cea35452db0ee8dfdd89f7cd8def57f8b4d74ecef44,17.495962142944336,0.5436615504893698,287.59828209877014,1,1,2,0,0,0,0,0.12120300205723418
test/C/dark + defocus blur + jpeg compression artifact/084,C,dark+defocus blur+jpeg compression artifact,084,/root/autodl-tmp/aaa/graphrestore/artifacts/formal_mio100/graphrestore_v7_1_stage4_step040000/methods/graphrestore_v7_1_stage4_step040000/d3/dark+defocus blur+jpeg compression artifact/084.png,e1d26186997604c6136e6f6c32a44161732e86543713dcdbd6789587f87914ad,/root/autodl-tmp/graph/data/graphrestore/raw/agenticir/extracted/HQ/084.png,1bc34c4607ba66d84248fe8e7d5e30546ae13841542d8b1cb9146f2a2485df64,23.668745040893555,0.8525052976500109,256.0543194413185,1,1,2,0,0,0,0,0.12120300205723418
test/C/dark + defocus blur + jpeg compression artifact/085,C,dark+defocus blur+jpeg compression artifact,085,/root/autodl-tmp/aaa/graphrestore/artifacts/formal_mio100/graphrestore_v7_1_stage4_step040000/methods/graphrestore_v7_1_stage4_step040000/d3/dark+defocus blur+jpeg compression artifact/085.png,329f15a300269fe8c52efe484ffe4f62b2df2efca31602e4c2874153968b0b95,/root/autodl-tmp/graph/data/graphrestore/raw/agenticir/extracted/HQ/085.png,6174b7cb004afd2a578ec1950d92b99c41115b5a6bf70a511f19156c62bd5274,13.63023853302002,0.7402111509142286,258.3894431591034,1,1,2,0,0,0,0,0.12120300205723418
test/C/dark + defocus blur + jpeg compression artifact/086,C,dark+defocus blur+jpeg compression artifact,086,/root/autodl-tmp/aaa/graphrestore/artifacts/formal_mio100/graphrestore_v7_1_stage4_step040000/methods/graphrestore_v7_1_stage4_step040000/d3/dark+defocus blur+jpeg compression artifact/086.png,332d97c05e739d1c9c7dcc7dc6c9cde1dfd615cbf8422abb58a740fe67be8270,/root/autodl-tmp/graph/data/graphrestore/raw/agenticir/extracted/HQ/086.png,68a629299aaf0e4d70065c504c9b3e397721fa17a25c2585446914aa5c7bafb5,9.673578262329102,0.4754084535090715,253.26790660619736,1,1,2,0,0,0,0,0.12120300205723418
test/C/dark + defocus blur + jpeg compression artifact/087,C,dark+defocus blur+jpeg compression artifact,087,/root/autodl-tmp/aaa/graphrestore/artifacts/formal_mio100/graphrestore_v7_1_stage4_step040000/methods/graphrestore_v7_1_stage4_step040000/d3/dark+defocus blur+jpeg compression artifact/087.png,bcab0958ccf5fe91136fd9700fca1e8c71eef4499d6a87b9212e817c44d8f673,/root/autodl-tmp/graph/data/graphrestore/raw/agenticir/extracted/HQ/087.png,059a862de1498fc3b783bcfcce8fad399573aa912bb6638bbd3d43d23b88cdc6,18.58719253540039,0.5988722630957833,255.51727414131165,1,1,2,0,0,0,0,0.12120300205723418
test/C/dark + defocus blur + jpeg compression artifact/088,C,dark+defocus blur+jpeg compression artifact,088,/root/autodl-tmp/aaa/graphrestore/artifacts/formal_mio100/graphrestore_v7_1_stage4_step040000/methods/graphrestore_v7_1_stage4_step040000/d3/dark+defocus blur+jpeg compression artifact/088.png,a7a30cbb6201b233e5deb54914cda36129085b139121521491968cdaa03bf0ce,/root/autodl-tmp/graph/data/graphrestore/raw/agenticir/extracted/HQ/088.png,e76841066e027bd2a2fa101a4598c597d4891a7c535e3cc3195b7afcc249d7ae,17.641700744628906,0.5086184613292535,314.85719233751297,1,1,2,0,0,0,0,0.12120300205723418
test/C/dark + defocus blur + jpeg compression artifact/089,C,dark+defocus blur+jpeg compression artifact,089,/root/autodl-tmp/aaa/graphrestore/artifacts/formal_mio100/graphrestore_v7_1_stage4_step040000/methods/graphrestore_v7_1_stage4_step040000/d3/dark+defocus blur+jpeg compression artifact/089.png,639cb28c5826cbbe1219f8c3529aa850f3268ca6c9470bd41eae685b6c84cb69,/root/autodl-tmp/graph/data/graphrestore/raw/agenticir/extracted/HQ/089.png,046e493440ea7499fe07cec3853e6e170225ce6cdc903aac14730fa6b9bf36ab,15.601249694824219,0.702187409122929,261.752113699913,1,1,2,0,0,0,0,0.12120300205723418
test/C/dark + defocus blur + jpeg compression artifact/090,C,dark+defocus blur+jpeg compression artifact,090,/root/autodl-tmp/aaa/graphrestore/artifacts/formal_mio100/graphrestore_v7_1_stage4_step040000/methods/graphrestore_v7_1_stage4_step040000/d3/dark+defocus blur+jpeg compression artifact/090.png,46dcd24a6a2f4c522a2efa7da8f79b6a70d804619ad26cca8e0c933bef5a221e,/root/autodl-tmp/graph/data/graphrestore/raw/agenticir/extracted/HQ/090.png,830f74b8389bfef595e56e910efc49cf4246f6f7bd552ea8c45d071a0113053c,9.985240936279297,0.43213384041906727,285.00211983919144,1,1,2,0,0,0,0,0.12120300205723418
test/C/dark + defocus blur + jpeg compression artifact/091,C,dark+defocus blur+jpeg compression artifact,091,/root/autodl-tmp/aaa/graphrestore/artifacts/formal_mio100/graphrestore_v7_1_stage4_step040000/methods/graphrestore_v7_1_stage4_step040000/d3/dark+defocus blur+jpeg compression artifact/091.png,42f20c41f3280cf36ef7ec5b37c47ac2e151abd0f253e1c497149c5f2435d1ce,/root/autodl-tmp/graph/data/graphrestore/raw/agenticir/extracted/HQ/091.png,5e553db9d41f0f077260ca811d0fc988002511f536fd217035e5495bab201d6c,15.497381210327148,0.5400861986036729,257.34828412532806,1,1,2,0,0,0,0,0.12120300205723418
test/C/dark + defocus blur + jpeg compression artifact/092,C,dark+defocus blur+jpeg compression artifact,092,/root/autodl-tmp/aaa/graphrestore/artifacts/formal_mio100/graphrestore_v7_1_stage4_step040000/methods/graphrestore_v7_1_stage4_step040000/d3/dark+defocus blur+jpeg compression artifact/092.png,cc891d1e3004d7ed70b41669b704d413f48cfd9077e5b598268f19c7583d9ecf,/root/autodl-tmp/graph/data/graphrestore/raw/agenticir/extracted/HQ/092.png,d2fdbb69f6828c6707d3f41abfcb56dcb6e0d8e75181ac8d0c55eea107f20d48,15.455855369567871,0.5785938897022426,285.2143198251724,1,1,2,0,0,0,0,0.12120300205723418
test/C/dark + defocus blur + jpeg compression artifact/093,C,dark+defocus blur+jpeg compression artifact,093,/root/autodl-tmp/aaa/graphrestore/artifacts/formal_mio100/graphrestore_v7_1_stage4_step040000/methods/graphrestore_v7_1_stage4_step040000/d3/dark+defocus blur+jpeg compression artifact/093.png,5a13f5d8a93000f761ef1ea342cd192d9f1bcf2a12deea141bcc9c5cadb09648,/root/autodl-tmp/graph/data/graphrestore/raw/agenticir/extracted/HQ/093.png,b9ef1df7a3be70176f064c2568ea12d8cd9c9c54b3e8fd72bca53d170eaf06f2,19.700471878051758,0.6935904437399838,422.6790890097618,1,1,2,0,0,0,0,0.12120300205723418
test/C/dark + defocus blur + jpeg compression artifact/094,C,dark+defocus blur+jpeg compression artifact,094,/root/autodl-tmp/aaa/graphrestore/artifacts/formal_mio100/graphrestore_v7_1_stage4_step040000/methods/graphrestore_v7_1_stage4_step040000/d3/dark+defocus blur+jpeg compression artifact/094.png,8ec47e4325696d13d40d52807d17bda59310bc32b7c07d5966da2d026e58fef4,/root/autodl-tmp/graph/data/graphrestore/raw/agenticir/extracted/HQ/094.png,45dab31fa407b6793844322a5e147cdfedc3bfa449cd28fc9605f41dba80966d,18.73309326171875,0.6953864727644751,265.6071335077286,1,1,2,0,0,0,0,0.12120300205723418
test/C/dark + defocus blur + jpeg compression artifact/095,C,dark+defocus blur+jpeg compression artifact,095,/root/autodl-tmp/aaa/graphrestore/artifacts/formal_mio100/graphrestore_v7_1_stage4_step040000/methods/graphrestore_v7_1_stage4_step040000/d3/dark+defocus blur+jpeg compression artifact/095.png,d24daa9888dd59505c51084540603d6051f19a3615ad0731e727361146a370e1,/root/autodl-tmp/graph/data/graphrestore/raw/agenticir/extracted/HQ/095.png,2f04f8c811593049180a1c6bdcf5d723d3c2f6443ba518c407e4976d7a6b2637,13.411721229553223,0.4807578035978259,233.08563232421875,1,1,2,0,0,0,0,0.12120300205723418
test/C/dark + defocus blur + jpeg compression artifact/096,C,dark+defocus blur+jpeg compression artifact,096,/root/autodl-tmp/aaa/graphrestore/artifacts/formal_mio100/graphrestore_v7_1_stage4_step040000/methods/graphrestore_v7_1_stage4_step040000/d3/dark+defocus blur+jpeg compression artifact/096.png,2183e370603f33478a0ff88d62cd0155547700a24890d68f3a696e80bd4fba2e,/root/autodl-tmp/graph/data/graphrestore/raw/agenticir/extracted/HQ/096.png,3ac9dbd626f9e294ae10a8ab11a34f6c0132ed355627d25ce3f8790f701fae29,16.343536376953125,0.6154276367288039,259.2357099056244,1,1,2,0,0,0,0,0.12120300205723418
test/C/dark + defocus blur + jpeg compression artifact/097,C,dark+defocus blur+jpeg compression artifact,097,/root/autodl-tmp/aaa/graphrestore/artifacts/formal_mio100/graphrestore_v7_1_stage4_step040000/methods/graphrestore_v7_1_stage4_step040000/d3/dark+defocus blur+jpeg compression artifact/097.png,0d20a9ec298622a1192449f444cc04ec8ecb4c115b270642b5df2c6ec82c34bf,/root/autodl-tmp/graph/data/graphrestore/raw/agenticir/extracted/HQ/097.png,9b6c3c0d294f54e89b51656b0163aa8d0715dd7904848721ea76c07ccf737d2e,12.363605499267578,0.5981224790329646,258.97305458784103,1,1,2,0,0,0,0,0.12120300205723418
test/C/dark + defocus blur + jpeg compression artifact/098,C,dark+defocus blur+jpeg compression artifact,098,/root/autodl-tmp/aaa/graphrestore/artifacts/formal_mio100/graphrestore_v7_1_stage4_step040000/methods/graphrestore_v7_1_stage4_step040000/d3/dark+defocus blur+jpeg compression artifact/098.png,08df65ca2b840c9e83360eb31660680fdf6ef0d82a286255595b15e7e40cd407,/root/autodl-tmp/graph/data/graphrestore/raw/agenticir/extracted/HQ/098.png,f0574e5262ab9942e66006e0df3aab8738de997489badc302e131ae74299181f,16.130088806152344,0.3927732909782164,319.71313804388046,1,1,2,0,0,0,0,0.12120300205723418
test/C/dark + defocus blur + jpeg compression artifact/099,C,dark+defocus blur+jpeg compression artifact,099,/root/autodl-tmp/aaa/graphrestore/artifacts/formal_mio100/graphrestore_v7_1_stage4_step040000/methods/graphrestore_v7_1_stage4_step040000/d3/dark+defocus blur+jpeg compression artifact/099.png,13172decd64c764e4315fd244dd9c6204f073c472a4e898ff12666b4d5387aae,/root/autodl-tmp/graph/data/graphrestore/raw/agenticir/extracted/HQ/099.png,15ddff6cab9869d7fe8a7cb6fd328b436bbfa9b089e6adcbba7a5048e4c97f8b,17.340686798095703,0.4561989588134694,261.9553431868553,1,1,2,0,0,0,0,0.12120300205723418
test/C/dark + defocus blur + jpeg compression artifact/100,C,dark+defocus blur+jpeg compression artifact,100,/root/autodl-tmp/aaa/graphrestore/artifacts/formal_mio100/graphrestore_v7_1_stage4_step040000/methods/graphrestore_v7_1_stage4_step040000/d3/dark+defocus blur+jpeg compression artifact/100.png,cd832f42ec639b114c31feec1b681ca7d99b887a6d5aef54928d793294519612,/root/autodl-tmp/graph/data/graphrestore/raw/agenticir/extracted/HQ/100.png,b7f5d60dbb3e7047b9c62efc7d61db97052a2cde687d3fae367a14a6793a0c40,15.903377532958984,0.3739659127908938,262.7662569284439,1,1,2,0,0,0,0,0.12120300205723418
test/C/haze + motion blur + low resolution/001,C,haze+motion blur+low resolution,001,/root/autodl-tmp/aaa/graphrestore/artifacts/formal_mio100/graphrestore_v7_1_stage4_step040000/methods/graphrestore_v7_1_stage4_step040000/d3/haze+motion blur+low resolution/001.png,60c3c9536654bfb8fde29a5f9ae57bca446a95d6020e53f35fa0cf07ed2082d8,/root/autodl-tmp/graph/data/graphrestore/raw/agenticir/extracted/HQ/001.png,501f9b012a3f9c95787db8151eddf07dcae5e163688c011649d3ff3f00372cae,14.809568405151367,0.6107065495752392,257.5051411986351,1,1,2,0,0,0,0,0.12120300205723418
test/C/haze + motion blur + low resolution/002,C,haze+motion blur+low resolution,002,/root/autodl-tmp/aaa/graphrestore/artifacts/formal_mio100/graphrestore_v7_1_stage4_step040000/methods/graphrestore_v7_1_stage4_step040000/d3/haze+motion blur+low resolution/002.png,9027a8ab6b9e36589844dfcb0bd4a9632a360fb6cf774d65e1a1bf21ed186fe9,/root/autodl-tmp/graph/data/graphrestore/raw/agenticir/extracted/HQ/002.png,e65fb0b7adb1176b47486303c8cc4f49a0173f91e00d28e0c3a4d3eccae286b4,14.8087158203125,0.7107051149890989,366.4155378937721,1,1,2,0,0,0,0,0.12120300205723418
test/C/haze + motion blur + low resolution/003,C,haze+motion blur+low resolution,003,/root/autodl-tmp/aaa/graphrestore/artifacts/formal_mio100/graphrestore_v7_1_stage4_step040000/methods/graphrestore_v7_1_stage4_step040000/d3/haze+motion blur+low resolution/003.png,44c65a707122804b989ded676a2cc78a40f74bc70b6a7cff9204fc87e20df925,/root/autodl-tmp/graph/data/graphrestore/raw/agenticir/extracted/HQ/003.png,c2a2513992db412a7160dfa2f82535dccaa188db91df80ee6ed5b0dd5c5d2d1a,14.80589485168457,0.5513408986390853,332.85875618457794,1,1,3,0,0,0,0,0.12120300205723418
test/C/haze + motion blur + low resolution/004,C,haze+motion blur+low resolution,004,/root/autodl-tmp/aaa/graphrestore/artifacts/formal_mio100/graphrestore_v7_1_stage4_step040000/methods/graphrestore_v7_1_stage4_step040000/d3/haze+motion blur+low resolution/004.png,ccc05331142dda053a7459f92bf88da31aa1b7edae63b81eadea161cc8812059,/root/autodl-tmp/graph/data/graphrestore/raw/agenticir/extracted/HQ/004.png,f1ad3f60cd8e680739263535ab1620a2490f3bc0c65a9355a965c7dff9be1fed,16.921918869018555,0.6600946102389474,347.02814370393753,1,1,2,0,0,0,0,0.12120300205723418
test/C/haze + motion blur + low resolution/005,C,haze+motion blur+low resolution,005,/root/autodl-tmp/aaa/graphrestore/artifacts/formal_mio100/graphrestore_v7_1_stage4_step040000/methods/graphrestore_v7_1_stage4_step040000/d3/haze+motion blur+low resolution/005.png,7622b5795cae427d725ff4b7a8abe60be190ac9bd5ed24a5ff51ae169ce33307,/root/autodl-tmp/graph/data/graphrestore/raw/agenticir/extracted/HQ/005.png,1d8eb1ef9c1817c087956135efa85be686e7169ef11eb532c768d32d7267a0ff,15.243481636047363,0.3969037676433631,320.80189138650894,1,1,2,0,0,0,0,0.12120300205723418
test/C/haze + motion blur + low resolution/006,C,haze+motion blur+low resolution,006,/root/autodl-tmp/aaa/graphrestore/artifacts/formal_mio100/graphrestore_v7_1_stage4_step040000/methods/graphrestore_v7_1_stage4_step040000/d3/haze+motion blur+low resolution/006.png,9a0f3a8797036c44ee7dca7e430f62563622ad4a7a0f80173c70e1ed10e53d07,/root/autodl-tmp/graph/data/graphrestore/raw/agenticir/extracted/HQ/006.png,f62feddd2f379d039dd1effe18b6368c79a6fe31fb8177f797c9f230eb8e1211,13.94310188293457,0.5761377060746267,265.5399739742279,1,1,2,0,0,0,0,0.12120300205723418
test/C/haze + motion blur + low resolution/007,C,haze+motion blur+low resolution,007,/root/autodl-tmp/aaa/graphrestore/artifacts/formal_mio100/graphrestore_v7_1_stage4_step040000/methods/graphrestore_v7_1_stage4_step040000/d3/haze+motion blur+low resolution/007.png,06567ae6dd55eaae795efd187a609feab074b45841824ca0f100594db8b97a69,/root/autodl-tmp/graph/data/graphrestore/raw/agenticir/extracted/HQ/007.png,b876f087d5f42a9350f28383ff2df22156b6bbba702809d134b7713d9430881c,14.30438232421875,0.5619193008327078,258.33720713853836,1,1,2,0,0,0,0,0.12120300205723418
test/C/haze + motion blur + low resolution/008,C,haze+motion blur+low resolution,008,/root/autodl-tmp/aaa/graphrestore/artifacts/formal_mio100/graphrestore_v7_1_stage4_step040000/methods/graphrestore_v7_1_stage4_step040000/d3/haze+motion blur+low resolution/008.png,aa7b64bf9eb36ff0d1592739e0dc43da3ad6e84881209b6941712288c1cd39ee,/root/autodl-tmp/graph/data/graphrestore/raw/agenticir/extracted/HQ/008.png,4efb8dbbd2ba5090b7b951a456ec5ed27a5d61360ab95cb1c5a9366f2868cb94,18.940637588500977,0.6011359655208744,368.6930909752846,1,1,2,0,0,0,0,0.12120300205723418
test/C/haze + motion blur + low resolution/009,C,haze+motion blur+low resolution,009,/root/autodl-tmp/aaa/graphrestore/artifacts/formal_mio100/graphrestore_v7_1_stage4_step040000/methods/graphrestore_v7_1_stage4_step040000/d3/haze+motion blur+low resolution/009.png,ea61f079393cdd8ddb8d6f12cbe6a4664afbf74ed5dca34f3227b155ebc60546,/root/autodl-tmp/graph/data/graphrestore/raw/agenticir/extracted/HQ/009.png,5b779ac0fbe5d1e4d4126fd2864493dcc2ecdbde374ede7e29a054b2a9cb4f21,16.466936111450195,0.8636436692368682,416.59416258335114,1,1,3,0,0,0,0,0.12120300205723418
test/C/haze + motion blur + low resolution/010,C,haze+motion blur+low resolution,010,/root/autodl-tmp/aaa/graphrestore/artifacts/formal_mio100/graphrestore_v7_1_stage4_step040000/methods/graphrestore_v7_1_stage4_step040000/d3/haze+motion blur+low resolution/010.png,dfd895c66b85f2f1c46ce6a2f52346ee37c91ed4bb4ba2a78f191b3687dcb79c,/root/autodl-tmp/graph/data/graphrestore/raw/agenticir/extracted/HQ/010.png,327492996d853f5c8873b435f98a91afd07db64567545baa61c9f4f64f717a0d,18.16939926147461,0.6049852087090561,400.79279989004135,1,0,1,0,0,0,0,0.12120300205723418
test/C/haze + motion blur + low resolution/011,C,haze+motion blur+low resolution,011,/root/autodl-tmp/aaa/graphrestore/artifacts/formal_mio100/graphrestore_v7_1_stage4_step040000/methods/graphrestore_v7_1_stage4_step040000/d3/haze+motion blur+low resolution/011.png,d35c4054b7e9b6357c36724cc6f5395eb4fc563dfccbf91f8d1f0bab5a129da7,/root/autodl-tmp/graph/data/graphrestore/raw/agenticir/extracted/HQ/011.png,dcafe4ee2b43e667674ccc874b42e160ea37427b7c935297734ba69ece6b6f35,14.816932678222656,0.27242264517211373,268.17209273576736,1,1,2,0,0,0,0,0.12120300205723418
test/C/haze + motion blur + low resolution/012,C,haze+motion blur+low resolution,012,/root/autodl-tmp/aaa/graphrestore/artifacts/formal_mio100/graphrestore_v7_1_stage4_step040000/methods/graphrestore_v7_1_stage4_step040000/d3/haze+motion blur+low resolution/012.png,536642e88b83773e51bebadd5013b02b2f1d434291ad6c038efa04b989549656,/root/autodl-tmp/graph/data/graphrestore/raw/agenticir/extracted/HQ/012.png,0884a3dabb3fa30cde26a4dfbf003a133139f708c65c3f8b02c24a87a6d073c3,18.902090072631836,0.7339455196319911,265.4895931482315,1,1,2,0,0,0,0,0.12120300205723418
test/C/haze + motion blur + low resolution/013,C,haze+motion blur+low resolution,013,/root/autodl-tmp/aaa/graphrestore/artifacts/formal_mio100/graphrestore_v7_1_stage4_step040000/methods/graphrestore_v7_1_stage4_step040000/d3/haze+motion blur+low resolution/013.png,d03fdf6e63ec03a0989897b73a9b5cf67377dfd3d9817a80f3b19bdb5a549284,/root/autodl-tmp/graph/data/graphrestore/raw/agenticir/extracted/HQ/013.png,afe18305499bd0b8318392e8f34ede33aafb5a0df2371075fe9f30a1c81a75eb,15.923481941223145,0.3184463567522314,345.7093611359596,1,1,3,0,0,0,0,0.12120300205723418
test/C/haze + motion blur + low resolution/014,C,haze+motion blur+low resolution,014,/root/autodl-tmp/aaa/graphrestore/artifacts/formal_mio100/graphrestore_v7_1_stage4_step040000/methods/graphrestore_v7_1_stage4_step040000/d3/haze+motion blur+low resolution/014.png,0e834e04d1a9b9fc73cb8d45921fd1cc174d51467252209186ba804254afec76,/root/autodl-tmp/graph/data/graphrestore/raw/agenticir/extracted/HQ/014.png,2d569d9b923a96b1542c0b845dce0c7657794eba9f6f22ae5d02f335ef1bc4a0,19.78766632080078,0.65773123036657,331.09068125486374,1,1,3,0,0,0,0,0.12120300205723418
test/C/haze + motion blur + low resolution/015,C,haze+motion blur+low resolution,015,/root/autodl-tmp/aaa/graphrestore/artifacts/formal_mio100/graphrestore_v7_1_stage4_step040000/methods/graphrestore_v7_1_stage4_step040000/d3/haze+motion blur+low resolution/015.png,ae04a945193d51f1efd839fa5ad34c078f6a7aa94600475b3819959539c5f2b3,/root/autodl-tmp/graph/data/graphrestore/raw/agenticir/extracted/HQ/015.png,286adb5a1c45ee88f14e1b16e3af420910584bf5ebdd72c40cf75317559c731f,15.817420959472656,0.4408229007472522,275.29455721378326,1,1,2,0,0,0,0,0.12120300205723418
test/C/haze + motion blur + low resolution/016,C,haze+motion blur+low resolution,016,/root/autodl-tmp/aaa/graphrestore/artifacts/formal_mio100/graphrestore_v7_1_stage4_step040000/methods/graphrestore_v7_1_stage4_step040000/d3/haze+motion blur+low resolution/016.png,0f1a36a36f4b6afb5cd36572b67444223f5b15b70ee2e5ee95823a6f03deab81,/root/autodl-tmp/graph/data/graphrestore/raw/agenticir/extracted/HQ/016.png,ddc71b4b9bd2a57cabf985c7743b8ff7083a0d9205008603edb440ba27da9313,10.233244895935059,0.2718886618714953,352.4799346923828,1,1,2,0,0,0,0,0.12120300205723418
test/C/haze + motion blur + low resolution/017,C,haze+motion blur+low resolution,017,/root/autodl-tmp/aaa/graphrestore/artifacts/formal_mio100/graphrestore_v7_1_stage4_step040000/methods/graphrestore_v7_1_stage4_step040000/d3/haze+motion blur+low resolution/017.png,3698dd0509a0d07156078802044c7bb54fef77fce61a8b94224ec48ffa882207,/root/autodl-tmp/graph/data/graphrestore/raw/agenticir/extracted/HQ/017.png,ab3ab0c03c2d8c9c0befbcad219fae23c9795fdf99d664630f4f4febbd02c519,19.476001739501953,0.6304497005722093,268.1131213903427,1,1,2,0,0,0,0,0.12120300205723418
test/C/haze + motion blur + low resolution/018,C,haze+motion blur+low resolution,018,/root/autodl-tmp/aaa/graphrestore/artifacts/formal_mio100/graphrestore_v7_1_stage4_step040000/methods/graphrestore_v7_1_stage4_step040000/d3/haze+motion blur+low resolution/018.png,25c0956146a2f300a39b900945f214520d2228f001cb8970a5986ceddcc1c773,/root/autodl-tmp/graph/data/graphrestore/raw/agenticir/extracted/HQ/018.png,66db8e4aeb78f506ae4415572eb910726c3f16ede70138093ab4eced187b8df1,12.932628631591797,0.20536538145965572,320.6459879875183,1,1,2,0,0,0,0,0.12120300205723418
test/C/haze + motion blur + low resolution/019,C,haze+motion blur+low resolution,019,/root/autodl-tmp/aaa/graphrestore/artifacts/formal_mio100/graphrestore_v7_1_stage4_step040000/methods/graphrestore_v7_1_stage4_step040000/d3/haze+motion blur+low resolution/019.png,370ca4ac66430764f7a4207a926659b0ccd22d19f719ecceefa379fe7157c316,/root/autodl-tmp/graph/data/graphrestore/raw/agenticir/extracted/HQ/019.png,fb026cef85a4f7e64ad7c5f064ed15de1f04a7a7b6bde70b28ee78a55db21aeb,11.476190567016602,0.28154539167519804,269.17172968387604,1,1,2,0,0,0,0,0.12120300205723418
test/C/haze + motion blur + low resolution/020,C,haze+motion blur+low resolution,020,/root/autodl-tmp/aaa/graphrestore/artifacts/formal_mio100/graphrestore_v7_1_stage4_step040000/methods/graphrestore_v7_1_stage4_step040000/d3/haze+motion blur+low resolution/020.png,8e934cbe235848b915fc0effd64c00d0197a19f70d24624ee9fde2d3a5f23f66,/root/autodl-tmp/graph/data/graphrestore/raw/agenticir/extracted/HQ/020.png,daa15d9f51eab9eca70197a7f05df7873e3eab75e432b0a81fe9488be552f37a,13.494816780090332,0.23191071034002833,291.21629148721695,1,0,1,0,0,0,0,0.12120300205723418
test/C/haze + motion blur + low resolution/021,C,haze+motion blur+low resolution,021,/root/autodl-tmp/aaa/graphrestore/artifacts/formal_mio100/graphrestore_v7_1_stage4_step040000/methods/graphrestore_v7_1_stage4_step040000/d3/haze+motion blur+low resolution/021.png,2f3d5bcbc1b88ec72778cf352db6c9e73fa216f7eaab15bddcf5b533ec861354,/root/autodl-tmp/graph/data/graphrestore/raw/agenticir/extracted/HQ/021.png,9fcc8dda4bbbe5e54e419f5cbb07e7b4310dd291ad1f1cd3cd65a90f9809baa8,19.055843353271484,0.48157192111004843,377.8797909617424,1,1,2,0,0,0,0,0.12120300205723418
test/C/haze + motion blur + low resolution/022,C,haze+motion blur+low resolution,022,/root/autodl-tmp/aaa/graphrestore/artifacts/formal_mio100/graphrestore_v7_1_stage4_step040000/methods/graphrestore_v7_1_stage4_step040000/d3/haze+motion blur+low resolution/022.png,64984d571234f1776fb31b0aae0914103a5fcec3a9d5fd50d8dd7649b14bf4cb,/root/autodl-tmp/graph/data/graphrestore/raw/agenticir/extracted/HQ/022.png,70c41dc6f249472324664323044853cb85a1256f39b4a31853ddbd89fcc1e191,16.509868621826172,0.5666751993582971,265.50252735614777,1,1,2,0,0,0,0,0.12120300205723418
test/C/haze + motion blur + low resolution/023,C,haze+motion blur+low resolution,023,/root/autodl-tmp/aaa/graphrestore/artifacts/formal_mio100/graphrestore_v7_1_stage4_step040000/methods/graphrestore_v7_1_stage4_step040000/d3/haze+motion blur+low resolution/023.png,f9b7cc0dfc496ba0b1e525c2d005b855b9d525a31e901572ff91937bcf551073,/root/autodl-tmp/graph/data/graphrestore/raw/agenticir/extracted/HQ/023.png,befde78eca5789c87200ca1e2ac905ba8ad5706b50af86454bd30bc857c90e02,16.214616775512695,0.5178842081560907,265.798419713974,1,1,2,0,0,0,0,0.12120300205723418
test/C/haze + motion blur + low resolution/024,C,haze+motion blur+low resolution,024,/root/autodl-tmp/aaa/graphrestore/artifacts/formal_mio100/graphrestore_v7_1_stage4_step040000/methods/graphrestore_v7_1_stage4_step040000/d3/haze+motion blur+low resolution/024.png,a7ab146edc893c8aa8837f2b4b525ec20ea62671598321a6407f827bce62be6f,/root/autodl-tmp/graph/data/graphrestore/raw/agenticir/extracted/HQ/024.png,e51441e174dd8dc0c47872ccb4221ab3f054b716588ee0f42d58a56098bd9538,17.26344108581543,0.4696319167531988,258.33260267972946,1,1,2,0,0,0,0,0.12120300205723418
test/C/haze + motion blur + low resolution/025,C,haze+motion blur+low resolution,025,/root/autodl-tmp/aaa/graphrestore/artifacts/formal_mio100/graphrestore_v7_1_stage4_step040000/methods/graphrestore_v7_1_stage4_step040000/d3/haze+motion blur+low resolution/025.png,d19a80b13155cc3800d4842977884253cd37ca996e30f50fc4dfc26e01e19f16,/root/autodl-tmp/graph/data/graphrestore/raw/agenticir/extracted/HQ/025.png,f384d4a9bc3c31bc29038378f849002dc4ff2db373d852b732f5cfc24ebed244,17.307132720947266,0.5381913476178746,259.5842108130455,1,1,2,0,0,0,0,0.12120300205723418
test/C/haze + motion blur + low resolution/026,C,haze+motion blur+low resolution,026,/root/autodl-tmp/aaa/graphrestore/artifacts/formal_mio100/graphrestore_v7_1_stage4_step040000/methods/graphrestore_v7_1_stage4_step040000/d3/haze+motion blur+low resolution/026.png,aa2d4abe86a58016611550b2bbb48f838fd778fc66563884044abe8b850b2d9a,/root/autodl-tmp/graph/data/graphrestore/raw/agenticir/extracted/HQ/026.png,cfce1d4c02a00f28988a64f63cd538c4147c3a72c147a6549d71f1105d671224,14.3282470703125,0.6234505145534995,315.9994035959244,1,1,2,0,0,0,0,0.12120300205723418
test/C/haze + motion blur + low resolution/027,C,haze+motion blur+low resolution,027,/root/autodl-tmp/aaa/graphrestore/artifacts/formal_mio100/graphrestore_v7_1_stage4_step040000/methods/graphrestore_v7_1_stage4_step040000/d3/haze+motion blur+low resolution/027.png,2fcd97fe55a2c3e57415266bc0fd72240b3fd9a0bbb03a045fe6f4be9edf03b5,/root/autodl-tmp/graph/data/graphrestore/raw/agenticir/extracted/HQ/027.png,d69be3d26f3d3c95ffd9de3bd8d565120e0f09fb4aa84c72ae18d8fc4f871aae,19.81723976135254,0.6424303434671693,318.7718465924263,1,1,2,0,0,0,0,0.12120300205723418
test/C/haze + motion blur + low resolution/028,C,haze+motion blur+low resolution,028,/root/autodl-tmp/aaa/graphrestore/artifacts/formal_mio100/graphrestore_v7_1_stage4_step040000/methods/graphrestore_v7_1_stage4_step040000/d3/haze+motion blur+low resolution/028.png,39c995730ef3e60b0a0daaa4f81c1ebecd949854f0e1d5beb32bac3663b8cbae,/root/autodl-tmp/graph/data/graphrestore/raw/agenticir/extracted/HQ/028.png,181f97da79059de1a93d1a0d30f6851393282c6af8b607d83ce29ab8c9dbf771,26.36211395263672,0.8548173223291742,266.8871656060219,1,1,2,0,0,0,0,0.12120300205723418
test/C/haze + motion blur + low resolution/029,C,haze+motion blur+low resolution,029,/root/autodl-tmp/aaa/graphrestore/artifacts/formal_mio100/graphrestore_v7_1_stage4_step040000/methods/graphrestore_v7_1_stage4_step040000/d3/haze+motion blur+low resolution/029.png,ee8c85bc17f28ad7cfdadb23c8ea0e16b8bbfc120195ffa2b93b5216b7f89029,/root/autodl-tmp/graph/data/graphrestore/raw/agenticir/extracted/HQ/029.png,3c7f43d0544ada8d7b64d7bb197621349fa1dcdf8400fb6128afaf8787814556,18.589771270751953,0.5152507210930661,261.3957151770592,1,1,2,0,0,0,0,0.12120300205723418
test/C/haze + motion blur + low resolution/030,C,haze+motion blur+low resolution,030,/root/autodl-tmp/aaa/graphrestore/artifacts/formal_mio100/graphrestore_v7_1_stage4_step040000/methods/graphrestore_v7_1_stage4_step040000/d3/haze+motion blur+low resolution/030.png,84358f5f78ca238c840bda64e27fcde8864b117ab1204dbd885092342dd3d630,/root/autodl-tmp/graph/data/graphrestore/raw/agenticir/extracted/HQ/030.png,576b0158cf5a541dd6aaf522902400e8ba3175aacca36d9df22951f52acf3f2f,12.613471984863281,0.4140454326329858,233.21795463562012,1,1,2,0,0,0,0,0.12120300205723418
test/C/haze + motion blur + low resolution/031,C,haze+motion blur+low resolution,031,/root/autodl-tmp/aaa/graphrestore/artifacts/formal_mio100/graphrestore_v7_1_stage4_step040000/methods/graphrestore_v7_1_stage4_step040000/d3/haze+motion blur+low resolution/031.png,94da2c4d77a32f9cfae05f887aea49997894e758effe8dae8fab3f1dec588a16,/root/autodl-tmp/graph/data/graphrestore/raw/agenticir/extracted/HQ/031.png,ee314f8cd1954636c1817c95d1cb0db5aa871e179961c3463869d5dc2100d422,16.879446029663086,0.45401008597774556,277.79797464609146,1,1,2,0,0,0,0,0.12120300205723418
test/C/haze + motion blur + low resolution/032,C,haze+motion blur+low resolution,032,/root/autodl-tmp/aaa/graphrestore/artifacts/formal_mio100/graphrestore_v7_1_stage4_step040000/methods/graphrestore_v7_1_stage4_step040000/d3/haze+motion blur+low resolution/032.png,9265962670e1e74b9fbf338b769c59f213e17d3736ddd2843e9e0fd1bd554e85,/root/autodl-tmp/graph/data/graphrestore/raw/agenticir/extracted/HQ/032.png,e9749385ec471240dd782d677482b0d949b80ccb7472dc409fa260d1748ed9b9,14.06142807006836,0.5406045511949844,199.53513145446777,1,1,2,0,0,0,0,0.12120300205723418
test/C/haze + motion blur + low resolution/033,C,haze+motion blur+low resolution,033,/root/autodl-tmp/aaa/graphrestore/artifacts/formal_mio100/graphrestore_v7_1_stage4_step040000/methods/graphrestore_v7_1_stage4_step040000/d3/haze+motion blur+low resolution/033.png,3a0daf5d93bd4933088b16f1f0d39f0acbecc4b239afca080f1219011ec79ad8,/root/autodl-tmp/graph/data/graphrestore/raw/agenticir/extracted/HQ/033.png,9590f1419e378254c01f330c248e12e8a62792b04a27b72daf2c0afd6c41c758,14.763766288757324,0.3306387895828652,207.77852833271027,1,1,2,0,0,0,0,0.12120300205723418
test/C/haze + motion blur + low resolution/034,C,haze+motion blur+low resolution,034,/root/autodl-tmp/aaa/graphrestore/artifacts/formal_mio100/graphrestore_v7_1_stage4_step040000/methods/graphrestore_v7_1_stage4_step040000/d3/haze+motion blur+low resolution/034.png,0aaa42732f74c74f5aa9b8e4bb2d5b2cd5625533d9c20dad3e721977a1e04876,/root/autodl-tmp/graph/data/graphrestore/raw/agenticir/extracted/HQ/034.png,0575cc2334f8f50fcbd3d9f58173645db8764f938ee55e8899084ca2b66fd018,12.859638214111328,0.33818267588549866,280.9724658727646,1,1,2,0,0,0,0,0.12120300205723418
test/C/haze + motion blur + low resolution/035,C,haze+motion blur+low resolution,035,/root/autodl-tmp/aaa/graphrestore/artifacts/formal_mio100/graphrestore_v7_1_stage4_step040000/methods/graphrestore_v7_1_stage4_step040000/d3/haze+motion blur+low resolution/035.png,f634efec722de6f34f21b3166d4f5277a970b30bccf01d782e054f59be0b4c99,/root/autodl-tmp/graph/data/graphrestore/raw/agenticir/extracted/HQ/035.png,4e230744a9cb7c3ebe976ae7267155312b876fb355283b4938b34b758aef7ff9,16.80782127380371,0.555047300198233,309.79590862989426,1,1,2,0,0,0,0,0.12120300205723418
test/C/haze + motion blur + low resolution/036,C,haze+motion blur+low resolution,036,/root/autodl-tmp/aaa/graphrestore/artifacts/formal_mio100/graphrestore_v7_1_stage4_step040000/methods/graphrestore_v7_1_stage4_step040000/d3/haze+motion blur+low resolution/036.png,d729276c13be06da95a469f35fe398f1884c94fde4ead44d503a2f8514b937ae,/root/autodl-tmp/graph/data/graphrestore/raw/agenticir/extracted/HQ/036.png,409fbd0ad51be33e9e2711cb7b22cb39999eaac6e278ca1621c20300be446d76,14.463808059692383,0.2552044739847662,259.80475544929504,1,1,2,0,0,0,0,0.12120300205723418
test/C/haze + motion blur + low resolution/037,C,haze+motion blur+low resolution,037,/root/autodl-tmp/aaa/graphrestore/artifacts/formal_mio100/graphrestore_v7_1_stage4_step040000/methods/graphrestore_v7_1_stage4_step040000/d3/haze+motion blur+low resolution/037.png,dc88047de4fa4b09522f02e32e681e530f43e3758b7048c491cf8fee484b3385,/root/autodl-tmp/graph/data/graphrestore/raw/agenticir/extracted/HQ/037.png,8f31abe11ce5d5377f131fdc788024ffb8d5cfdda501c06a64ca1fc80fab0d07,18.64864730834961,0.6649671018976666,257.4976906180382,1,1,2,0,0,0,0,0.12120300205723418
test/C/haze + motion blur + low resolution/038,C,haze+motion blur+low resolution,038,/root/autodl-tmp/aaa/graphrestore/artifacts/formal_mio100/graphrestore_v7_1_stage4_step040000/methods/graphrestore_v7_1_stage4_step040000/d3/haze+motion blur+low resolution/038.png,4444bab7e6922149a4f4a8828b2f3d246a08be6e5930f85aa7febb54f2f9b4a1,/root/autodl-tmp/graph/data/graphrestore/raw/agenticir/extracted/HQ/038.png,fe7df2186482ca2cc105baed74cb1da9667b3b03e1629055880b6012db131aa1,13.967775344848633,0.44659463405236566,203.25298607349396,1,1,2,0,0,0,0,0.12120300205723418
test/C/haze + motion blur + low resolution/039,C,haze+motion blur+low resolution,039,/root/autodl-tmp/aaa/graphrestore/artifacts/formal_mio100/graphrestore_v7_1_stage4_step040000/methods/graphrestore_v7_1_stage4_step040000/d3/haze+motion blur+low resolution/039.png,b4799ca1c573fc9d557f6b9b2046eacacb7629a87b65d8330ff9f405f3739933,/root/autodl-tmp/graph/data/graphrestore/raw/agenticir/extracted/HQ/039.png,a2038f7610363fb1916197e0557fa84b50b610d86885a2d6409f9e3aa75fbbcd,21.04339599609375,0.78846566991367,263.59325647354126,1,1,2,0,0,0,0,0.12120300205723418
test/C/haze + motion blur + low resolution/040,C,haze+motion blur+low resolution,040,/root/autodl-tmp/aaa/graphrestore/artifacts/formal_mio100/graphrestore_v7_1_stage4_step040000/methods/graphrestore_v7_1_stage4_step040000/d3/haze+motion blur+low resolution/040.png,d32cebfd540e25c133dd19170266329e30100b5c7f899976246947e3a4da65e9,/root/autodl-tmp/graph/data/graphrestore/raw/agenticir/extracted/HQ/040.png,c5a9e4bb9d84a6734bdc04c272c48c1b17b150a1e346afab2338eb0ba41f1464,13.305973052978516,0.49088603735241093,291.9711396098137,1,1,2,0,0,0,0,0.12120300205723418
test/C/haze + motion blur + low resolution/041,C,haze+motion blur+low resolution,041,/root/autodl-tmp/aaa/graphrestore/artifacts/formal_mio100/graphrestore_v7_1_stage4_step040000/methods/graphrestore_v7_1_stage4_step040000/d3/haze+motion blur+low resolution/041.png,32b6a282a6ee85b29af3228401f89b2ed3c4b8c319593249a8161b5aa291a126,/root/autodl-tmp/graph/data/graphrestore/raw/agenticir/extracted/HQ/041.png,8d928c89de2952ccb40028ba7ecd3f9fee3f3907c9a371fbbcb7fdaf683bc27e,15.435124397277832,0.24567980725886976,328.8156986236572,1,1,3,0,0,0,0,0.12120300205723418
test/C/haze + motion blur + low resolution/042,C,haze+motion blur+low resolution,042,/root/autodl-tmp/aaa/graphrestore/artifacts/formal_mio100/graphrestore_v7_1_stage4_step040000/methods/graphrestore_v7_1_stage4_step040000/d3/haze+motion blur+low resolution/042.png,6f3b20affc95f513a1fe59944c6a84ab92329a8cb6faeef52acb0ce43441a264,/root/autodl-tmp/graph/data/graphrestore/raw/agenticir/extracted/HQ/042.png,9ae42a00babed185468a76384204ff947b6baab53a82ca9b3cff6ef951f461bf,10.72996711730957,0.43222854974961483,303.8230389356613,1,1,2,0,0,0,0,0.12120300205723418
test/C/haze + motion blur + low resolution/043,C,haze+motion blur+low resolution,043,/root/autodl-tmp/aaa/graphrestore/artifacts/formal_mio100/graphrestore_v7_1_stage4_step040000/methods/graphrestore_v7_1_stage4_step040000/d3/haze+motion blur+low resolution/043.png,6ba49ca6b3ef8af1d73710913947e22427e40f82a382349c5291051cfebc78bf,/root/autodl-tmp/graph/data/graphrestore/raw/agenticir/extracted/HQ/043.png,15880c27b3101797c4e5896dee7349ad832ac1c49fcd0c559b357f4e28296b4d,18.91107177734375,0.4212561621681916,265.5666470527649,1,1,2,0,0,0,0,0.12120300205723418
test/C/haze + motion blur + low resolution/044,C,haze+motion blur+low resolution,044,/root/autodl-tmp/aaa/graphrestore/artifacts/formal_mio100/graphrestore_v7_1_stage4_step040000/methods/graphrestore_v7_1_stage4_step040000/d3/haze+motion blur+low resolution/044.png,7fa6713b36facec93c9f4856bef68a03024df54582d2ff19221869f09a6173b6,/root/autodl-tmp/graph/data/graphrestore/raw/agenticir/extracted/HQ/044.png,0645011c1dc3777ab263df617d1747b902c2d321de6f939549cfbe43eabc9245,20.23834228515625,0.520278401526678,466.75460785627365,2,0,2,1,0,0,0,0.12120300205723418
test/C/haze + motion blur + low resolution/045,C,haze+motion blur+low resolution,045,/root/autodl-tmp/aaa/graphrestore/artifacts/formal_mio100/graphrestore_v7_1_stage4_step040000/methods/graphrestore_v7_1_stage4_step040000/d3/haze+motion blur+low resolution/045.png,9cca35cc1ee63c1dd886ee3fd82ccf111342c82c21b67deb9eb8e75a5d2e7d86,/root/autodl-tmp/graph/data/graphrestore/raw/agenticir/extracted/HQ/045.png,d3e352c98c1fe9df1181c1e362bb9c3ba3a1d077456198796083821dab20d1fc,13.849905967712402,0.3075034514615383,263.5844647884369,1,1,2,0,0,0,0,0.12120300205723418
test/C/haze + motion blur + low resolution/046,C,haze+motion blur+low resolution,046,/root/autodl-tmp/aaa/graphrestore/artifacts/formal_mio100/graphrestore_v7_1_stage4_step040000/methods/graphrestore_v7_1_stage4_step040000/d3/haze+motion blur+low resolution/046.png,75b1676cd7b0643afcaa4c77a296e18a5fc654cc6a8b4029e3724f959c56410f,/root/autodl-tmp/graph/data/graphrestore/raw/agenticir/extracted/HQ/046.png,af4b21bf96515f2ff4f97a4990856b43ae02a1d8f39909428228a2612b5f936f,18.928314208984375,0.3619299924811418,261.871375143528,1,1,2,0,0,0,0,0.12120300205723418
test/C/haze + motion blur + low resolution/047,C,haze+motion blur+low resolution,047,/root/autodl-tmp/aaa/graphrestore/artifacts/formal_mio100/graphrestore_v7_1_stage4_step040000/methods/graphrestore_v7_1_stage4_step040000/d3/haze+motion blur+low resolution/047.png,5579b392ee2289a0217a945484d82a8c51c151476b489ffb915093b100b93929,/root/autodl-tmp/graph/data/graphrestore/raw/agenticir/extracted/HQ/047.png,8ecf454f7d68ca4ebf19b2b4a22275d3bb344666e4e483fda2c8cb84d5ff94db,14.227203369140625,0.3812039629755027,321.0441395640373,1,1,2,0,0,0,0,0.12120300205723418
test/C/haze + motion blur + low resolution/048,C,haze+motion blur+low resolution,048,/root/autodl-tmp/aaa/graphrestore/artifacts/formal_mio100/graphrestore_v7_1_stage4_step040000/methods/graphrestore_v7_1_stage4_step040000/d3/haze+motion blur+low resolution/048.png,1e666ad1e7e548613d78f34fed128480eafe4570e4e82f35c6632b9e5ff500d2,/root/autodl-tmp/graph/data/graphrestore/raw/agenticir/extracted/HQ/048.png,b74e449ab10a96799f5e791f68de34dcfaf90a4befdb242cee372f6743841606,12.434901237487793,0.16695216567785137,263.46636563539505,1,1,2,0,0,0,0,0.12120300205723418
test/C/haze + motion blur + low resolution/049,C,haze+motion blur+low resolution,049,/root/autodl-tmp/aaa/graphrestore/artifacts/formal_mio100/graphrestore_v7_1_stage4_step040000/methods/graphrestore_v7_1_stage4_step040000/d3/haze+motion blur+low resolution/049.png,b403888531fdb924bc520df4359dc28c59dbb34ab79bb984438ce8a95d484a1c,/root/autodl-tmp/graph/data/graphrestore/raw/agenticir/extracted/HQ/049.png,bdd8f4cec02d5659a12541bb32718429d397d6be195679045764e31574c4f226,13.425750732421875,0.19623866083546052,259.32779163122177,1,1,2,0,0,0,0,0.12120300205723418
test/C/haze + motion blur + low resolution/050,C,haze+motion blur+low resolution,050,/root/autodl-tmp/aaa/graphrestore/artifacts/formal_mio100/graphrestore_v7_1_stage4_step040000/methods/graphrestore_v7_1_stage4_step040000/d3/haze+motion blur+low resolution/050.png,578d82e57ab3486331ae09e0c6085bbb00f1168285312257a33ecf89a0eff001,/root/autodl-tmp/graph/data/graphrestore/raw/agenticir/extracted/HQ/050.png,c4cfbc77b28b145af37ea26b0b501d69633ebdedd3ce9a90d5760063ee95f492,11.6554594039917,0.233690579869768,314.50552493333817,1,1,2,0,0,0,0,0.12120300205723418
test/C/haze + motion blur + low resolution/051,C,haze+motion blur+low resolution,051,/root/autodl-tmp/aaa/graphrestore/artifacts/formal_mio100/graphrestore_v7_1_stage4_step040000/methods/graphrestore_v7_1_stage4_step040000/d3/haze+motion blur+low resolution/051.png,23e1ec83a5100a3d0a00697578364af2dbeff196d98a7ad49869ea045ba0cc99,/root/autodl-tmp/graph/data/graphrestore/raw/agenticir/extracted/HQ/051.png,433269b5d76ea42b944162d49085d86b82a4eab52705e69d4dfa7c8a0ccbe187,20.559917449951172,0.7016554390349025,266.76320284605026,1,1,2,0,0,0,0,0.12120300205723418
test/C/haze + motion blur + low resolution/052,C,haze+motion blur+low resolution,052,/root/autodl-tmp/aaa/graphrestore/artifacts/formal_mio100/graphrestore_v7_1_stage4_step040000/methods/graphrestore_v7_1_stage4_step040000/d3/haze+motion blur+low resolution/052.png,8147833e3a4cdc0a4902f13005daf7e6691275710ca6bf9bf0587d2ca8f272b5,/root/autodl-tmp/graph/data/graphrestore/raw/agenticir/extracted/HQ/052.png,b0fe4f61cfdf3e31caa56791dcd8d50f729c75652d7970a654be64494341ada3,12.350801467895508,0.43163035523628335,258.6713433265686,1,1,2,0,0,0,0,0.12120300205723418
test/C/haze + motion blur + low resolution/053,C,haze+motion blur+low resolution,053,/root/autodl-tmp/aaa/graphrestore/artifacts/formal_mio100/graphrestore_v7_1_stage4_step040000/methods/graphrestore_v7_1_stage4_step040000/d3/haze+motion blur+low resolution/053.png,4d2ad90fecf656bcebfcf82988acb425b488f436c503e45880bb86b56db6658e,/root/autodl-tmp/graph/data/graphrestore/raw/agenticir/extracted/HQ/053.png,6b1f2208c72adcd28d96a15d538bbfbe27cb5a21be416b6f30fa836b12ac867d,25.230770111083984,0.8529712663231214,259.4420686364174,1,1,2,0,0,0,0,0.12120300205723418
test/C/haze + motion blur + low resolution/054,C,haze+motion blur+low resolution,054,/root/autodl-tmp/aaa/graphrestore/artifacts/formal_mio100/graphrestore_v7_1_stage4_step040000/methods/graphrestore_v7_1_stage4_step040000/d3/haze+motion blur+low resolution/054.png,c442ea5fe878220e94de8d59f802d813b4038c65f10faeab0482bd48edb9e80b,/root/autodl-tmp/graph/data/graphrestore/raw/agenticir/extracted/HQ/054.png,699ffde2d8d110e52811d39e5b9d745965d4211dd2312f453ce367f1bc0e66f5,13.872886657714844,0.6955450989808716,275.41810274124146,1,1,3,0,0,0,0,0.12120300205723418
test/C/haze + motion blur + low resolution/055,C,haze+motion blur+low resolution,055,/root/autodl-tmp/aaa/graphrestore/artifacts/formal_mio100/graphrestore_v7_1_stage4_step040000/methods/graphrestore_v7_1_stage4_step040000/d3/haze+motion blur+low resolution/055.png,4953c654b9b5f9dc350b47e8bea64c2504d875a9316d5172b3df0de4efa79da1,/root/autodl-tmp/graph/data/graphrestore/raw/agenticir/extracted/HQ/055.png,5a59c6f9051a70f1c3ad8e9550b2a21322ef8ad71bd70085fb2330f6f6da3948,16.513713836669922,0.7865893510418012,314.1031861305237,1,1,2,0,0,0,0,0.12120300205723418
test/C/haze + motion blur + low resolution/056,C,haze+motion blur+low resolution,056,/root/autodl-tmp/aaa/graphrestore/artifacts/formal_mio100/graphrestore_v7_1_stage4_step040000/methods/graphrestore_v7_1_stage4_step040000/d3/haze+motion blur+low resolution/056.png,9eceaede25bcc471c467aaa32ba707b723f5c5201c69bb74f4985c9bfe8fa965,/root/autodl-tmp/graph/data/graphrestore/raw/agenticir/extracted/HQ/056.png,c5f28866f72e2d370875385eb6575124b0735f8f927fae1c07ff7151e200c956,11.926628112792969,0.6541677081620493,247.6142793893814,1,1,2,0,0,0,0,0.12120300205723418
test/C/haze + motion blur + low resolution/057,C,haze+motion blur+low resolution,057,/root/autodl-tmp/aaa/graphrestore/artifacts/formal_mio100/graphrestore_v7_1_stage4_step040000/methods/graphrestore_v7_1_stage4_step040000/d3/haze+motion blur+low resolution/057.png,498dc491fa3bdd78bc22ffa561100757a7f5fdc970851aabfb0309fea2d19adf,/root/autodl-tmp/graph/data/graphrestore/raw/agenticir/extracted/HQ/057.png,42353ae75793843947c257055d87e0568db28ed51b9a5d87cc0d6a0dafb242af,20.378826141357422,0.7958870340105177,258.6849480867386,1,1,2,0,0,0,0,0.12120300205723418
test/C/haze + motion blur + low resolution/058,C,haze+motion blur+low resolution,058,/root/autodl-tmp/aaa/graphrestore/artifacts/formal_mio100/graphrestore_v7_1_stage4_step040000/methods/graphrestore_v7_1_stage4_step040000/d3/haze+motion blur+low resolution/058.png,1601389a2482687962bbe175b85bdc78b5a4b3efcbd677dd0229f4843f5cb9f3,/root/autodl-tmp/graph/data/graphrestore/raw/agenticir/extracted/HQ/058.png,e50e67dc4e57dc18d552546044c5ca169fdb26de4d5d81650d00d4b0f3ab7e76,11.176765441894531,0.6364502056735619,259.7096785902977,1,1,2,0,0,0,0,0.12120300205723418
test/C/haze + motion blur + low resolution/059,C,haze+motion blur+low resolution,059,/root/autodl-tmp/aaa/graphrestore/artifacts/formal_mio100/graphrestore_v7_1_stage4_step040000/methods/graphrestore_v7_1_stage4_step040000/d3/haze+motion blur+low resolution/059.png,d34c89d0a7460dbd7da5e502877e0d4ba4973480d0f4c80dc6888710912252b6,/root/autodl-tmp/graph/data/graphrestore/raw/agenticir/extracted/HQ/059.png,e60c8277194566df02c7cefc895d1390756059f7a29ac67206ec202f1b897add,14.291376113891602,0.6025598541432381,285.47339886426926,1,1,2,0,0,0,0,0.12120300205723418
test/C/haze + motion blur + low resolution/060,C,haze+motion blur+low resolution,060,/root/autodl-tmp/aaa/graphrestore/artifacts/formal_mio100/graphrestore_v7_1_stage4_step040000/methods/graphrestore_v7_1_stage4_step040000/d3/haze+motion blur+low resolution/060.png,e8c3fcdb06b2182aea7ed72fe49ee9051be7302697c0c7bb527d85a310d5c944,/root/autodl-tmp/graph/data/graphrestore/raw/agenticir/extracted/HQ/060.png,d173273231bf0b68767ae3e287f4f34baa71e7d986a98c43a41fa9668fd8a0d4,11.669316291809082,0.5474265631751146,263.70038092136383,1,1,2,0,0,0,0,0.12120300205723418
test/C/haze + motion blur + low resolution/061,C,haze+motion blur+low resolution,061,/root/autodl-tmp/aaa/graphrestore/artifacts/formal_mio100/graphrestore_v7_1_stage4_step040000/methods/graphrestore_v7_1_stage4_step040000/d3/haze+motion blur+low resolution/061.png,c4930975223186286dad5b3e5cc58c2b8c0318d3fa9a3f4702f25195beb438f3,/root/autodl-tmp/graph/data/graphrestore/raw/agenticir/extracted/HQ/061.png,a7818ddc00c398726bcd4724e9a51456bf18e4eb573f2f68b79ea2dedf0e699c,15.185661315917969,0.5554246360630014,260.6064975261688,1,1,2,0,0,0,0,0.12120300205723418
test/C/haze + motion blur + low resolution/062,C,haze+motion blur+low resolution,062,/root/autodl-tmp/aaa/graphrestore/artifacts/formal_mio100/graphrestore_v7_1_stage4_step040000/methods/graphrestore_v7_1_stage4_step040000/d3/haze+motion blur+low resolution/062.png,8668cb4757ad75c81a38cab52500ac3c6a16ec19e006794c794bd3c387400060,/root/autodl-tmp/graph/data/graphrestore/raw/agenticir/extracted/HQ/062.png,7829e8bf6fee7705051b0e4486c3abb2cdf412c83ac15b9f5ed9d9036c296d40,9.624755859375,0.41825744493607153,319.7034150362015,1,1,2,0,0,0,0,0.12120300205723418
test/C/haze + motion blur + low resolution/063,C,haze+motion blur+low resolution,063,/root/autodl-tmp/aaa/graphrestore/artifacts/formal_mio100/graphrestore_v7_1_stage4_step040000/methods/graphrestore_v7_1_stage4_step040000/d3/haze+motion blur+low resolution/063.png,9ef607dce2c60e95e06ca2509d532cb10111c5340661b56143a9f9246f7cbd71,/root/autodl-tmp/graph/data/graphrestore/raw/agenticir/extracted/HQ/063.png,f7ccce7c58be38c16fb08060b8b379825cb0417a04e6813c72985768a480929c,14.147486686706543,0.384112863645304,262.5226899981499,1,1,2,0,0,0,0,0.12120300205723418
test/C/haze + motion blur + low resolution/064,C,haze+motion blur+low resolution,064,/root/autodl-tmp/aaa/graphrestore/artifacts/formal_mio100/graphrestore_v7_1_stage4_step040000/methods/graphrestore_v7_1_stage4_step040000/d3/haze+motion blur+low resolution/064.png,9fe530945a1571aa99cb99829e02d19fbf9824393ba88942ce36de615d1ade69,/root/autodl-tmp/graph/data/graphrestore/raw/agenticir/extracted/HQ/064.png,b34caae8d574b2c008d53ceb0490df55c099e68844b2819f0c02fc50db26cee0,16.019458770751953,0.33306554694854323,295.164093375206,1,1,2,0,0,0,0,0.12120300205723418
test/C/haze + motion blur + low resolution/065,C,haze+motion blur+low resolution,065,/root/autodl-tmp/aaa/graphrestore/artifacts/formal_mio100/graphrestore_v7_1_stage4_step040000/methods/graphrestore_v7_1_stage4_step040000/d3/haze+motion blur+low resolution/065.png,903e08edf7b3a2c42cbedb1992d3e3030d2e6dc41a229d2ed0b1d303e818f52c,/root/autodl-tmp/graph/data/graphrestore/raw/agenticir/extracted/HQ/065.png,f0770ae16bf79be3b5d94a7868da009f5ce1bbf54bfe5c879e352a4df590ef63,11.500968933105469,0.4073132177812382,326.286643743515,1,1,2,0,0,0,0,0.12120300205723418
test/C/haze + motion blur + low resolution/066,C,haze+motion blur+low resolution,066,/root/autodl-tmp/aaa/graphrestore/artifacts/formal_mio100/graphrestore_v7_1_stage4_step040000/methods/graphrestore_v7_1_stage4_step040000/d3/haze+motion blur+low resolution/066.png,8d1ee3fbf121a868bc7136c8cde8a1fbe272d9e360123d8bec28bfbef2604861,/root/autodl-tmp/graph/data/graphrestore/raw/agenticir/extracted/HQ/066.png,a19230b326bd2fb5c26ae283f65bf0b85f39f90421056a47c7ecd6d683379aff,15.052167892456055,0.470549701760924,326.76082104444504,1,1,2,0,0,0,0,0.12120300205723418
test/C/haze + motion blur + low resolution/067,C,haze+motion blur+low resolution,067,/root/autodl-tmp/aaa/graphrestore/artifacts/formal_mio100/graphrestore_v7_1_stage4_step040000/methods/graphrestore_v7_1_stage4_step040000/d3/haze+motion blur+low resolution/067.png,b38c9a3a42f04e1c3807f6880bdb2b3a1622dee1b1bd14f3aee07f8e0b65a62d,/root/autodl-tmp/graph/data/graphrestore/raw/agenticir/extracted/HQ/067.png,91cd9f021a6902b7f3220c6a373cba11f3bfbe4e4984c1d6fc4be0c76acb67a0,14.865179061889648,0.5349298451735156,248.87262284755707,1,0,1,0,0,0,0,0.12120300205723418
test/C/haze + motion blur + low resolution/068,C,haze+motion blur+low resolution,068,/root/autodl-tmp/aaa/graphrestore/artifacts/formal_mio100/graphrestore_v7_1_stage4_step040000/methods/graphrestore_v7_1_stage4_step040000/d3/haze+motion blur+low resolution/068.png,5fb6a1c9b83f764cae9cda4d5c5c83572aef98185298279554490222db93efce,/root/autodl-tmp/graph/data/graphrestore/raw/agenticir/extracted/HQ/068.png,b8187d79db16002364f6017df807e6cac41e7ee9a68413a384b1bd69eddaa638,17.014787673950195,0.49210640746237694,270.7108333706856,1,1,3,0,0,0,0,0.12120300205723418
test/C/haze + motion blur + low resolution/069,C,haze+motion blur+low resolution,069,/root/autodl-tmp/aaa/graphrestore/artifacts/formal_mio100/graphrestore_v7_1_stage4_step040000/methods/graphrestore_v7_1_stage4_step040000/d3/haze+motion blur+low resolution/069.png,8103edd61e816484d21e129f9e3f3c613573490b717ca5a50821b64f677d208c,/root/autodl-tmp/graph/data/graphrestore/raw/agenticir/extracted/HQ/069.png,abb08be58f50075e5e6b1de44ddfe61c30ebb34882e9d72681edd73a5cdbb156,12.67796516418457,0.3862692342751112,319.06193494796753,1,1,2,0,0,0,0,0.12120300205723418
test/C/haze + motion blur + low resolution/070,C,haze+motion blur+low resolution,070,/root/autodl-tmp/aaa/graphrestore/artifacts/formal_mio100/graphrestore_v7_1_stage4_step040000/methods/graphrestore_v7_1_stage4_step040000/d3/haze+motion blur+low resolution/070.png,b70b338b95437b5e5dd896b78f7f4a5a27ff0d24ab984df719abcbedc6c9af70,/root/autodl-tmp/graph/data/graphrestore/raw/agenticir/extracted/HQ/070.png,718ae2570e431003fb32f2a40e19f813545164ace18230ac03f9ec96b2747f85,13.575101852416992,0.6531303361009809,270.77363431453705,1,1,2,0,0,0,0,0.12120300205723418
test/C/haze + motion blur + low resolution/071,C,haze+motion blur+low resolution,071,/root/autodl-tmp/aaa/graphrestore/artifacts/formal_mio100/graphrestore_v7_1_stage4_step040000/methods/graphrestore_v7_1_stage4_step040000/d3/haze+motion blur+low resolution/071.png,94a9b3ca842d8c03e95a0a6264ba0efd160dd27e0ba92caf4a9208a43ba12416,/root/autodl-tmp/graph/data/graphrestore/raw/agenticir/extracted/HQ/071.png,e8bc40490eabb437e225b0acde6b8dc1d8942f2b9657e042051c166804b07b15,16.646596908569336,0.7223863248076423,267.9444029927254,1,1,2,0,0,0,0,0.12120300205723418
test/C/haze + motion blur + low resolution/072,C,haze+motion blur+low resolution,072,/root/autodl-tmp/aaa/graphrestore/artifacts/formal_mio100/graphrestore_v7_1_stage4_step040000/methods/graphrestore_v7_1_stage4_step040000/d3/haze+motion blur+low resolution/072.png,72fb95ed82da707c114e9f4b9dd3cfcfd8d91fc27ca22f6f99eb6633174c115a,/root/autodl-tmp/graph/data/graphrestore/raw/agenticir/extracted/HQ/072.png,6b887c3fd578dc80ca3b15a823f1b43d80db2d30abc07d144e03f7228acb8144,15.26368522644043,0.6620223074913119,293.8869148492813,1,1,2,0,0,0,0,0.12120300205723418
test/C/haze + motion blur + low resolution/073,C,haze+motion blur+low resolution,073,/root/autodl-tmp/aaa/graphrestore/artifacts/formal_mio100/graphrestore_v7_1_stage4_step040000/methods/graphrestore_v7_1_stage4_step040000/d3/haze+motion blur+low resolution/073.png,0fbcb259720938b4398c3dde5ce50ab6108a4be7020c5a3ac1327c8af33c395d,/root/autodl-tmp/graph/data/graphrestore/raw/agenticir/extracted/HQ/073.png,e4a8516954bfb4b79f2fc6194b6b4a8ed63250e14fe7ce0b6f6d77c922f84730,18.124496459960938,0.6784257269697389,569.8749199509621,2,0,2,1,0,0,0,0.12120300205723418
test/C/haze + motion blur + low resolution/074,C,haze+motion blur+low resolution,074,/root/autodl-tmp/aaa/graphrestore/artifacts/formal_mio100/graphrestore_v7_1_stage4_step040000/methods/graphrestore_v7_1_stage4_step040000/d3/haze+motion blur+low resolution/074.png,3fce5e31aba906ccf41bbbe12c10cb85ad2be3d7acea63c1b5465a80fdd67485,/root/autodl-tmp/graph/data/graphrestore/raw/agenticir/extracted/HQ/074.png,cfa80e9825a34173ab0d1810b1b63bf645aa1b6b743966a77d7d03463319fd8e,13.605634689331055,0.4724532563851064,268.52210611104965,1,1,2,0,0,0,0,0.12120300205723418
test/C/haze + motion blur + low resolution/075,C,haze+motion blur+low resolution,075,/root/autodl-tmp/aaa/graphrestore/artifacts/formal_mio100/graphrestore_v7_1_stage4_step040000/methods/graphrestore_v7_1_stage4_step040000/d3/haze+motion blur+low resolution/075.png,f17bdc380598ecc417a97fe3cb1183d35fea8b76b85674f3b8969787e6cd3577,/root/autodl-tmp/graph/data/graphrestore/raw/agenticir/extracted/HQ/075.png,637e76a0398c825f3214d13b10485f7c180dc359b838ade377382c22c8f6b788,15.15063190460205,0.3975600477422958,260.38049906492233,1,1,2,0,0,0,0,0.12120300205723418
test/C/haze + motion blur + low resolution/076,C,haze+motion blur+low resolution,076,/root/autodl-tmp/aaa/graphrestore/artifacts/formal_mio100/graphrestore_v7_1_stage4_step040000/methods/graphrestore_v7_1_stage4_step040000/d3/haze+motion blur+low resolution/076.png,d670b85be80a9c28c061ca1e356c47f874994bcf461dab1f6c37dfc1384e68d4,/root/autodl-tmp/graph/data/graphrestore/raw/agenticir/extracted/HQ/076.png,28f7193b83d2979c14a7c73e95657ce02a2cc902196495bea289e190f48cecae,18.750993728637695,0.6252875237906628,261.94462180137634,1,1,2,0,0,0,0,0.12120300205723418
test/C/haze + motion blur + low resolution/077,C,haze+motion blur+low resolution,077,/root/autodl-tmp/aaa/graphrestore/artifacts/formal_mio100/graphrestore_v7_1_stage4_step040000/methods/graphrestore_v7_1_stage4_step040000/d3/haze+motion blur+low resolution/077.png,368784bdfd4eca8c134eb65ad209f2b62f2727c647f8f25ea992b98d26e49aa9,/root/autodl-tmp/graph/data/graphrestore/raw/agenticir/extracted/HQ/077.png,6d0b3c0c4255ee2de7c3c275c114eb531248c06fce157913f4e69dacd492cc91,17.011821746826172,0.6335523664808399,263.09531927108765,1,1,2,0,0,0,0,0.12120300205723418
test/C/haze + motion blur + low resolution/078,C,haze+motion blur+low resolution,078,/root/autodl-tmp/aaa/graphrestore/artifacts/formal_mio100/graphrestore_v7_1_stage4_step040000/methods/graphrestore_v7_1_stage4_step040000/d3/haze+motion blur+low resolution/078.png,a829e0afac8bee44adcc65c9d102c15419974d41d302f5fed1cd06ed00e9c688,/root/autodl-tmp/graph/data/graphrestore/raw/agenticir/extracted/HQ/078.png,ae84b8b3592a0f623d5bd2c5791b049e6fd87155614fbbad37f1ac00a2cfa870,17.773271560668945,0.5083484438241794,318.26480478048325,1,1,2,0,0,0,0,0.12120300205723418
test/C/haze + motion blur + low resolution/079,C,haze+motion blur+low resolution,079,/root/autodl-tmp/aaa/graphrestore/artifacts/formal_mio100/graphrestore_v7_1_stage4_step040000/methods/graphrestore_v7_1_stage4_step040000/d3/haze+motion blur+low resolution/079.png,14c69fb10878557ad37d6e649b13903ebff1d89437a4921b228a92fa2c5a8af4,/root/autodl-tmp/graph/data/graphrestore/raw/agenticir/extracted/HQ/079.png,166cde30b17743be2ca3fb2c29004e0b38b126bfa1d8d5f41013c23eb248aad5,16.22993278503418,0.5210874136939913,293.58547925949097,1,1,2,0,0,0,0,0.12120300205723418
test/C/haze + motion blur + low resolution/080,C,haze+motion blur+low resolution,080,/root/autodl-tmp/aaa/graphrestore/artifacts/formal_mio100/graphrestore_v7_1_stage4_step040000/methods/graphrestore_v7_1_stage4_step040000/d3/haze+motion blur+low resolution/080.png,3ad08e5015eea8704eb667ff38a1cf9c2a13f1afb8e430a65296eaa6470745df,/root/autodl-tmp/graph/data/graphrestore/raw/agenticir/extracted/HQ/080.png,b208599722bce230536ae4db62272e883a7714d4bfca7d73e1361da3b2ca9225,13.087808609008789,0.6702519016198488,261.71600818634033,1,1,2,0,0,0,0,0.12120300205723418
test/C/haze + motion blur + low resolution/081,C,haze+motion blur+low resolution,081,/root/autodl-tmp/aaa/graphrestore/artifacts/formal_mio100/graphrestore_v7_1_stage4_step040000/methods/graphrestore_v7_1_stage4_step040000/d3/haze+motion blur+low resolution/081.png,7c4211503bae612227c92e884a47e16f01afd3e7a35cd7041b92577d37757149,/root/autodl-tmp/graph/data/graphrestore/raw/agenticir/extracted/HQ/081.png,f86df1e220755af6ab50844f797e3fb45165c5dde9ac8ee1750544154cfd1ad7,14.365983009338379,0.5414880119840828,310.1477026939392,1,1,2,0,0,0,0,0.12120300205723418
test/C/haze + motion blur + low resolution/082,C,haze+motion blur+low resolution,082,/root/autodl-tmp/aaa/graphrestore/artifacts/formal_mio100/graphrestore_v7_1_stage4_step040000/methods/graphrestore_v7_1_stage4_step040000/d3/haze+motion blur+low resolution/082.png,4ebe1114bf56f725e7680b535d0b826c0494129a0da70a0e195fe98957130791,/root/autodl-tmp/graph/data/graphrestore/raw/agenticir/extracted/HQ/082.png,698a641215db75e2471381c00fc2a84208122a4a0115beeb5679de746977682e,19.350482940673828,0.3506354863228471,267.0677453279495,1,1,2,0,0,0,0,0.12120300205723418
test/C/haze + motion blur + low resolution/083,C,haze+motion blur+low resolution,083,/root/autodl-tmp/aaa/graphrestore/artifacts/formal_mio100/graphrestore_v7_1_stage4_step040000/methods/graphrestore_v7_1_stage4_step040000/d3/haze+motion blur+low resolution/083.png,aa68581d1e9effd28c09963327ca2429cd5afc703a352f50e1dd14e562a86ee3,/root/autodl-tmp/graph/data/graphrestore/raw/agenticir/extracted/HQ/083.png,4772b8d475dfc90626760cea35452db0ee8dfdd89f7cd8def57f8b4d74ecef44,17.251140594482422,0.5194841604354321,283.9234471321106,1,1,2,0,0,0,0,0.12120300205723418
test/C/haze + motion blur + low resolution/084,C,haze+motion blur+low resolution,084,/root/autodl-tmp/aaa/graphrestore/artifacts/formal_mio100/graphrestore_v7_1_stage4_step040000/methods/graphrestore_v7_1_stage4_step040000/d3/haze+motion blur+low resolution/084.png,ee9d06fe2c224052b00dfccc9faaf8c2cfa3068808f2984fdbdc5271655382ce,/root/autodl-tmp/graph/data/graphrestore/raw/agenticir/extracted/HQ/084.png,1bc34c4607ba66d84248fe8e7d5e30546ae13841542d8b1cb9146f2a2485df64,23.09392738342285,0.8577880611465908,264.6971642971039,1,1,3,0,0,0,0,0.12120300205723418
test/C/haze + motion blur + low resolution/085,C,haze+motion blur+low resolution,085,/root/autodl-tmp/aaa/graphrestore/artifacts/formal_mio100/graphrestore_v7_1_stage4_step040000/methods/graphrestore_v7_1_stage4_step040000/d3/haze+motion blur+low resolution/085.png,ace9275ee009e39eadcffb6b3de72f7047727db69eeb48fd50b1c5a908a839e4,/root/autodl-tmp/graph/data/graphrestore/raw/agenticir/extracted/HQ/085.png,6174b7cb004afd2a578ec1950d92b99c41115b5a6bf70a511f19156c62bd5274,16.51140022277832,0.666856291276881,258.72752815485,1,1,2,0,0,0,0,0.12120300205723418
test/C/haze + motion blur + low resolution/086,C,haze+motion blur+low resolution,086,/root/autodl-tmp/aaa/graphrestore/artifacts/formal_mio100/graphrestore_v7_1_stage4_step040000/methods/graphrestore_v7_1_stage4_step040000/d3/haze+motion blur+low resolution/086.png,8782fad6b4a9eb73a096cd7f45e0b262918239b0e59488278c5455149fbad27c,/root/autodl-tmp/graph/data/graphrestore/raw/agenticir/extracted/HQ/086.png,68a629299aaf0e4d70065c504c9b3e397721fa17a25c2585446914aa5c7bafb5,17.337358474731445,0.5578945545010306,257.0868954062462,1,1,2,0,0,0,0,0.12120300205723418
test/C/haze + motion blur + low resolution/087,C,haze+motion blur+low resolution,087,/root/autodl-tmp/aaa/graphrestore/artifacts/formal_mio100/graphrestore_v7_1_stage4_step040000/methods/graphrestore_v7_1_stage4_step040000/d3/haze+motion blur+low resolution/087.png,a536301e7a95c372c219ff037dcd229c962818bc3ad24e0d66d9b805898e22ed,/root/autodl-tmp/graph/data/graphrestore/raw/agenticir/extracted/HQ/087.png,059a862de1498fc3b783bcfcce8fad399573aa912bb6638bbd3d43d23b88cdc6,14.94237995147705,0.5132109198397408,257.91046768426895,1,1,2,0,0,0,0,0.12120300205723418
test/C/haze + motion blur + low resolution/088,C,haze+motion blur+low resolution,088,/root/autodl-tmp/aaa/graphrestore/artifacts/formal_mio100/graphrestore_v7_1_stage4_step040000/methods/graphrestore_v7_1_stage4_step040000/d3/haze+motion blur+low resolution/088.png,b6f4c51a757f903333892a56712c10c6550ed75dbbaea15591e78b00911cecf3,/root/autodl-tmp/graph/data/graphrestore/raw/agenticir/extracted/HQ/088.png,e76841066e027bd2a2fa101a4598c597d4891a7c535e3cc3195b7afcc249d7ae,13.36682415008545,0.6336730111122791,323.26192408800125,1,1,3,0,0,0,0,0.12120300205723418
test/C/haze + motion blur + low resolution/089,C,haze+motion blur+low resolution,089,/root/autodl-tmp/aaa/graphrestore/artifacts/formal_mio100/graphrestore_v7_1_stage4_step040000/methods/graphrestore_v7_1_stage4_step040000/d3/haze+motion blur+low resolution/089.png,475d9705748f09ad13e5221ae3ccf5f78c330842dbf8b0b3469cabb2db657bca,/root/autodl-tmp/graph/data/graphrestore/raw/agenticir/extracted/HQ/089.png,046e493440ea7499fe07cec3853e6e170225ce6cdc903aac14730fa6b9bf36ab,16.666580200195312,0.6094495798882653,266.55077934265137,1,1,2,0,0,0,0,0.12120300205723418
test/C/haze + motion blur + low resolution/090,C,haze+motion blur+low resolution,090,/root/autodl-tmp/aaa/graphrestore/artifacts/formal_mio100/graphrestore_v7_1_stage4_step040000/methods/graphrestore_v7_1_stage4_step040000/d3/haze+motion blur+low resolution/090.png,841c9201115dfc2c972377082b193f1d15d678762a6b2b0f6f7ffdd9394ae5ef,/root/autodl-tmp/graph/data/graphrestore/raw/agenticir/extracted/HQ/090.png,830f74b8389bfef595e56e910efc49cf4246f6f7bd552ea8c45d071a0113053c,13.350112915039062,0.4508502402119271,285.09343415498734,1,1,2,0,0,0,0,0.12120300205723418
test/C/haze + motion blur + low resolution/091,C,haze+motion blur+low resolution,091,/root/autodl-tmp/aaa/graphrestore/artifacts/formal_mio100/graphrestore_v7_1_stage4_step040000/methods/graphrestore_v7_1_stage4_step040000/d3/haze+motion blur+low resolution/091.png,4b6fba54ce172b72ccd51c121bc2762af131213a1596b1bd5aae6ca6dccba6cc,/root/autodl-tmp/graph/data/graphrestore/raw/agenticir/extracted/HQ/091.png,5e553db9d41f0f077260ca811d0fc988002511f536fd217035e5495bab201d6c,12.11518669128418,0.5097395506444462,259.26871597766876,1,1,2,0,0,0,0,0.12120300205723418
test/C/haze + motion blur + low resolution/092,C,haze+motion blur+low resolution,092,/root/autodl-tmp/aaa/graphrestore/artifacts/formal_mio100/graphrestore_v7_1_stage4_step040000/methods/graphrestore_v7_1_stage4_step040000/d3/haze+motion blur+low resolution/092.png,54ebd5f27c9713b2e15a747e6962aaff82110c07138f1bf0182b65ff00986ce8,/root/autodl-tmp/graph/data/graphrestore/raw/agenticir/extracted/HQ/092.png,d2fdbb69f6828c6707d3f41abfcb56dcb6e0d8e75181ac8d0c55eea107f20d48,12.855815887451172,0.38092059787630494,285.3761240839958,1,1,2,0,0,0,0,0.12120300205723418
test/C/haze + motion blur + low resolution/093,C,haze+motion blur+low resolution,093,/root/autodl-tmp/aaa/graphrestore/artifacts/formal_mio100/graphrestore_v7_1_stage4_step040000/methods/graphrestore_v7_1_stage4_step040000/d3/haze+motion blur+low resolution/093.png,a35290a780437bc6d6020fbc6c5ac9ae8ce8380d5ba6ce95e9bb814a6aed390e,/root/autodl-tmp/graph/data/graphrestore/raw/agenticir/extracted/HQ/093.png,b9ef1df7a3be70176f064c2568ea12d8cd9c9c54b3e8fd72bca53d170eaf06f2,12.423295974731445,0.6034725086404855,444.2293867468834,1,1,3,0,0,0,0,0.12120300205723418
test/C/haze + motion blur + low resolution/094,C,haze+motion blur+low resolution,094,/root/autodl-tmp/aaa/graphrestore/artifacts/formal_mio100/graphrestore_v7_1_stage4_step040000/methods/graphrestore_v7_1_stage4_step040000/d3/haze+motion blur+low resolution/094.png,3361ca11dfec1bdfb66006ba71889d421eb3e3c96f94d19d1eedbfd6ef0c6e7b,/root/autodl-tmp/graph/data/graphrestore/raw/agenticir/extracted/HQ/094.png,45dab31fa407b6793844322a5e147cdfedc3bfa449cd28fc9605f41dba80966d,13.971434593200684,0.504182252144957,265.1295214891434,1,1,2,0,0,0,0,0.12120300205723418
test/C/haze + motion blur + low resolution/095,C,haze+motion blur+low resolution,095,/root/autodl-tmp/aaa/graphrestore/artifacts/formal_mio100/graphrestore_v7_1_stage4_step040000/methods/graphrestore_v7_1_stage4_step040000/d3/haze+motion blur+low resolution/095.png,0355cc8c6a613e9ea96efc420d6b7b4c7983b357142f497416150a62f324d8d6,/root/autodl-tmp/graph/data/graphrestore/raw/agenticir/extracted/HQ/095.png,2f04f8c811593049180a1c6bdcf5d723d3c2f6443ba518c407e4976d7a6b2637,10.622991561889648,0.2916573500064344,254.04492765665054,1,1,3,0,0,0,0,0.12120300205723418
test/C/haze + motion blur + low resolution/096,C,haze+motion blur+low resolution,096,/root/autodl-tmp/aaa/graphrestore/artifacts/formal_mio100/graphrestore_v7_1_stage4_step040000/methods/graphrestore_v7_1_stage4_step040000/d3/haze+motion blur+low resolution/096.png,283cebeca533000c29f11badfee1a8d3cbf24d5a560d4673214a03f9eb7d2533,/root/autodl-tmp/graph/data/graphrestore/raw/agenticir/extracted/HQ/096.png,3ac9dbd626f9e294ae10a8ab11a34f6c0132ed355627d25ce3f8790f701fae29,14.592107772827148,0.6038230156822842,259.9969953298569,1,1,2,0,0,0,0,0.12120300205723418
test/C/haze + motion blur + low resolution/097,C,haze+motion blur+low resolution,097,/root/autodl-tmp/aaa/graphrestore/artifacts/formal_mio100/graphrestore_v7_1_stage4_step040000/methods/graphrestore_v7_1_stage4_step040000/d3/haze+motion blur+low resolution/097.png,1b3465c269519c7b735f24ac068051ca79be5f9155b73e25b70133a24da7d8a5,/root/autodl-tmp/graph/data/graphrestore/raw/agenticir/extracted/HQ/097.png,9b6c3c0d294f54e89b51656b0163aa8d0715dd7904848721ea76c07ccf737d2e,15.1222505569458,0.6072328508914823,262.8664821386337,1,1,2,0,0,0,0,0.12120300205723418
test/C/haze + motion blur + low resolution/098,C,haze+motion blur+low resolution,098,/root/autodl-tmp/aaa/graphrestore/artifacts/formal_mio100/graphrestore_v7_1_stage4_step040000/methods/graphrestore_v7_1_stage4_step040000/d3/haze+motion blur+low resolution/098.png,9d7627fa73b28a825d535a2ff9ee9552b95dc67fa74cb2d571a512627db555bc,/root/autodl-tmp/graph/data/graphrestore/raw/agenticir/extracted/HQ/098.png,f0574e5262ab9942e66006e0df3aab8738de997489badc302e131ae74299181f,12.165763854980469,0.35788823225402955,314.97154384851456,1,1,2,0,0,0,0,0.12120300205723418
test/C/haze + motion blur + low resolution/099,C,haze+motion blur+low resolution,099,/root/autodl-tmp/aaa/graphrestore/artifacts/formal_mio100/graphrestore_v7_1_stage4_step040000/methods/graphrestore_v7_1_stage4_step040000/d3/haze+motion blur+low resolution/099.png,d2d2a8cf10f344e1b8b4f99524d4e04c4f66f72445b9082a5281b6baf68580ff,/root/autodl-tmp/graph/data/graphrestore/raw/agenticir/extracted/HQ/099.png,15ddff6cab9869d7fe8a7cb6fd328b436bbfa9b089e6adcbba7a5048e4c97f8b,11.32525634765625,0.3972688703022728,263.94036412239075,1,1,2,0,0,0,0,0.12120300205723418
test/C/haze + motion blur + low resolution/100,C,haze+motion blur+low resolution,100,/root/autodl-tmp/aaa/graphrestore/artifacts/formal_mio100/graphrestore_v7_1_stage4_step040000/methods/graphrestore_v7_1_stage4_step040000/d3/haze+motion blur+low resolution/100.png,7f1d6beb4b9372a4ab92c6c8661d0f9418dac8d28d1f2e322d951cc3736667a5,/root/autodl-tmp/graph/data/graphrestore/raw/agenticir/extracted/HQ/100.png,b7f5d60dbb3e7047b9c62efc7d61db97052a2cde687d3fae367a14a6793a0c40,12.873088836669922,0.46850890775505116,271.1285203695297,1,1,3,0,0,0,0,0.12120300205723418
test/C/motion blur + defocus blur + noise/001,C,motion blur+defocus blur+noise,001,/root/autodl-tmp/aaa/graphrestore/artifacts/formal_mio100/graphrestore_v7_1_stage4_step040000/methods/graphrestore_v7_1_stage4_step040000/d3/motion blur+defocus blur+noise/001.png,8dcd7436efeb3c35503bf3d6a14353c670860539c7811c4274828ad2a87ab338,/root/autodl-tmp/graph/data/graphrestore/raw/agenticir/extracted/HQ/001.png,501f9b012a3f9c95787db8151eddf07dcae5e163688c011649d3ff3f00372cae,19.116355895996094,0.7317600561948647,465.3237462043762,2,0,2,0,0,0,0,0.12120300205723418
test/C/motion blur + defocus blur + noise/002,C,motion blur+defocus blur+noise,002,/root/autodl-tmp/aaa/graphrestore/artifacts/formal_mio100/graphrestore_v7_1_stage4_step040000/methods/graphrestore_v7_1_stage4_step040000/d3/motion blur+defocus blur+noise/002.png,d3e70a5ce8723caabb5158ae24764f1b522506b60d958402e7568bb14b58d32e,/root/autodl-tmp/graph/data/graphrestore/raw/agenticir/extracted/HQ/002.png,e65fb0b7adb1176b47486303c8cc4f49a0173f91e00d28e0c3a4d3eccae286b4,21.631601333618164,0.801139951233923,678.303487598896,2,0,2,0,0,0,0,0.12120300205723418
test/C/motion blur + defocus blur + noise/003,C,motion blur+defocus blur+noise,003,/root/autodl-tmp/aaa/graphrestore/artifacts/formal_mio100/graphrestore_v7_1_stage4_step040000/methods/graphrestore_v7_1_stage4_step040000/d3/motion blur+defocus blur+noise/003.png,3f9f04c816cfd025ad6f8f8891e1c67af98234ab9d7b0da4285e757345b01d25,/root/autodl-tmp/graph/data/graphrestore/raw/agenticir/extracted/HQ/003.png,c2a2513992db412a7160dfa2f82535dccaa188db91df80ee6ed5b0dd5c5d2d1a,22.711315155029297,0.5970820072688721,571.9852149486542,2,0,2,0,0,0,0,0.12120300205723418
test/C/motion blur + defocus blur + noise/004,C,motion blur+defocus blur+noise,004,/root/autodl-tmp/aaa/graphrestore/artifacts/formal_mio100/graphrestore_v7_1_stage4_step040000/methods/graphrestore_v7_1_stage4_step040000/d3/motion blur+defocus blur+noise/004.png,f9662f04ad68d574bdc9e2f59b074673e3356463b2dfa3fda28d730917fe24d9,/root/autodl-tmp/graph/data/graphrestore/raw/agenticir/extracted/HQ/004.png,f1ad3f60cd8e680739263535ab1620a2490f3bc0c65a9355a965c7dff9be1fed,21.216724395751953,0.6617975465583156,624.3640407919884,2,0,2,0,0,0,0,0.12120300205723418
test/C/motion blur + defocus blur + noise/005,C,motion blur+defocus blur+noise,005,/root/autodl-tmp/aaa/graphrestore/artifacts/formal_mio100/graphrestore_v7_1_stage4_step040000/methods/graphrestore_v7_1_stage4_step040000/d3/motion blur+defocus blur+noise/005.png,68569bfdd19027c5cfb290853fb13fbd56ea82bf626df7e7511b35868fc369ac,/root/autodl-tmp/graph/data/graphrestore/raw/agenticir/extracted/HQ/005.png,1d8eb1ef9c1817c087956135efa85be686e7169ef11eb532c768d32d7267a0ff,16.52944564819336,0.3094469147742009,570.5882534384727,2,0,2,1,0,0,0,0.12120300205723418
test/C/motion blur + defocus blur + noise/006,C,motion blur+defocus blur+noise,006,/root/autodl-tmp/aaa/graphrestore/artifacts/formal_mio100/graphrestore_v7_1_stage4_step040000/methods/graphrestore_v7_1_stage4_step040000/d3/motion blur+defocus blur+noise/006.png,cf4c1df21768d967d5d35fb5d10533b125e5690ade92013c138fbde000a9f7f4,/root/autodl-tmp/graph/data/graphrestore/raw/agenticir/extracted/HQ/006.png,f62feddd2f379d039dd1effe18b6368c79a6fe31fb8177f797c9f230eb8e1211,18.23331642150879,0.5856424416928636,473.6672714352608,2,0,2,1,0,0,0,0.12120300205723418
test/C/motion blur + defocus blur + noise/007,C,motion blur+defocus blur+noise,007,/root/autodl-tmp/aaa/graphrestore/artifacts/formal_mio100/graphrestore_v7_1_stage4_step040000/methods/graphrestore_v7_1_stage4_step040000/d3/motion blur+defocus blur+noise/007.png,15a494a998d222ad1d65db8752a2e1b90e5929a038cf2f091838e8eff04db70f,/root/autodl-tmp/graph/data/graphrestore/raw/agenticir/extracted/HQ/007.png,b876f087d5f42a9350f28383ff2df22156b6bbba702809d134b7713d9430881c,23.05923080444336,0.5691978673774313,248.74431639909744,1,0,1,0,0,0,0,0.12120300205723418
test/C/motion blur + defocus blur + noise/008,C,motion blur+defocus blur+noise,008,/root/autodl-tmp/aaa/graphrestore/artifacts/formal_mio100/graphrestore_v7_1_stage4_step040000/methods/graphrestore_v7_1_stage4_step040000/d3/motion blur+defocus blur+noise/008.png,7fe6857d4ba1afe56587aa6644d6d88c4cadecb242fc93ad30a1e84a7229dd93,/root/autodl-tmp/graph/data/graphrestore/raw/agenticir/extracted/HQ/008.png,4efb8dbbd2ba5090b7b951a456ec5ed27a5d61360ab95cb1c5a9366f2868cb94,24.94121551513672,0.6507455200084038,344.25046294927597,1,0,1,0,0,0,0,0.12120300205723418
test/C/motion blur + defocus blur + noise/009,C,motion blur+defocus blur+noise,009,/root/autodl-tmp/aaa/graphrestore/artifacts/formal_mio100/graphrestore_v7_1_stage4_step040000/methods/graphrestore_v7_1_stage4_step040000/d3/motion blur+defocus blur+noise/009.png,a8d3314d3b2f05e794d7455217eba860e02f06f95ebcdd0eb60e8ca40294d175,/root/autodl-tmp/graph/data/graphrestore/raw/agenticir/extracted/HQ/009.png,5b779ac0fbe5d1e4d4126fd2864493dcc2ecdbde374ede7e29a054b2a9cb4f21,21.80158805847168,0.9000305069970547,725.2742275595665,2,0,2,1,0,0,0,0.12120300205723418
test/C/motion blur + defocus blur + noise/010,C,motion blur+defocus blur+noise,010,/root/autodl-tmp/aaa/graphrestore/artifacts/formal_mio100/graphrestore_v7_1_stage4_step040000/methods/graphrestore_v7_1_stage4_step040000/d3/motion blur+defocus blur+noise/010.png,534fc50884bedf4cf0e3cd161fa31ee799b64b8a71f1399158276ebf3bc62b1a,/root/autodl-tmp/graph/data/graphrestore/raw/agenticir/extracted/HQ/010.png,327492996d853f5c8873b435f98a91afd07db64567545baa61c9f4f64f717a0d,19.03045082092285,0.5186350532969877,392.4207091331482,1,0,1,0,0,0,0,0.12120300205723418
test/C/motion blur + defocus blur + noise/011,C,motion blur+defocus blur+noise,011,/root/autodl-tmp/aaa/graphrestore/artifacts/formal_mio100/graphrestore_v7_1_stage4_step040000/methods/graphrestore_v7_1_stage4_step040000/d3/motion blur+defocus blur+noise/011.png,455108e21f2bd2cfc2200452c278968e3e2a6d5ce07b3a17abf696ac3603b5a8,/root/autodl-tmp/graph/data/graphrestore/raw/agenticir/extracted/HQ/011.png,dcafe4ee2b43e667674ccc874b42e160ea37427b7c935297734ba69ece6b6f35,16.222049713134766,0.26595251801139236,476.35485231876373,2,0,2,0,0,0,0,0.12120300205723418
test/C/motion blur + defocus blur + noise/012,C,motion blur+defocus blur+noise,012,/root/autodl-tmp/aaa/graphrestore/artifacts/formal_mio100/graphrestore_v7_1_stage4_step040000/methods/graphrestore_v7_1_stage4_step040000/d3/motion blur+defocus blur+noise/012.png,a8ecffea935428de48b63d4592b5e338b48a82f8f02df8d6c508677ecd203adc,/root/autodl-tmp/graph/data/graphrestore/raw/agenticir/extracted/HQ/012.png,0884a3dabb3fa30cde26a4dfbf003a133139f708c65c3f8b02c24a87a6d073c3,19.861127853393555,0.6524026563059536,471.1761623620987,2,0,2,0,0,0,0,0.12120300205723418
test/C/motion blur + defocus blur + noise/013,C,motion blur+defocus blur+noise,013,/root/autodl-tmp/aaa/graphrestore/artifacts/formal_mio100/graphrestore_v7_1_stage4_step040000/methods/graphrestore_v7_1_stage4_step040000/d3/motion blur+defocus blur+noise/013.png,a6ab5c952659840549734c1abf373de75d27969ab5c3141a6da77d04f8350607,/root/autodl-tmp/graph/data/graphrestore/raw/agenticir/extracted/HQ/013.png,afe18305499bd0b8318392e8f34ede33aafb5a0df2371075fe9f30a1c81a75eb,17.848712921142578,0.25478616578733565,292.6017493009567,1,0,1,0,0,0,0,0.12120300205723418
test/C/motion blur + defocus blur + noise/014,C,motion blur+defocus blur+noise,014,/root/autodl-tmp/aaa/graphrestore/artifacts/formal_mio100/graphrestore_v7_1_stage4_step040000/methods/graphrestore_v7_1_stage4_step040000/d3/motion blur+defocus blur+noise/014.png,1a481d46d373753b9556211c58187777c7d5ee712a484b5c4d41a5d1a8c8b282,/root/autodl-tmp/graph/data/graphrestore/raw/agenticir/extracted/HQ/014.png,2d569d9b923a96b1542c0b845dce0c7657794eba9f6f22ae5d02f335ef1bc4a0,19.90676498413086,0.6169631388629652,573.111429810524,2,0,2,1,0,0,0,0.12120300205723418
test/C/motion blur + defocus blur + noise/015,C,motion blur+defocus blur+noise,015,/root/autodl-tmp/aaa/graphrestore/artifacts/formal_mio100/graphrestore_v7_1_stage4_step040000/methods/graphrestore_v7_1_stage4_step040000/d3/motion blur+defocus blur+noise/015.png,02c0757697994bcf396a14e2c42fb8833ca5b9e146b16ded867b11d7c059cc8c,/root/autodl-tmp/graph/data/graphrestore/raw/agenticir/extracted/HQ/015.png,286adb5a1c45ee88f14e1b16e3af420910584bf5ebdd72c40cf75317559c731f,16.294984817504883,0.3071978647779524,471.4071750640869,2,0,2,1,0,0,0,0.12120300205723418
test/C/motion blur + defocus blur + noise/016,C,motion blur+defocus blur+noise,016,/root/autodl-tmp/aaa/graphrestore/artifacts/formal_mio100/graphrestore_v7_1_stage4_step040000/methods/graphrestore_v7_1_stage4_step040000/d3/motion blur+defocus blur+noise/016.png,08cc006e69600019d6694e5f5aa351de0ffa7ddf67648bed6a401f7439243a54,/root/autodl-tmp/graph/data/graphrestore/raw/agenticir/extracted/HQ/016.png,ddc71b4b9bd2a57cabf985c7743b8ff7083a0d9205008603edb440ba27da9313,15.231254577636719,0.2984049410102462,618.7957897782326,2,0,2,0,0,0,0,0.12120300205723418
test/C/motion blur + defocus blur + noise/017,C,motion blur+defocus blur+noise,017,/root/autodl-tmp/aaa/graphrestore/artifacts/formal_mio100/graphrestore_v7_1_stage4_step040000/methods/graphrestore_v7_1_stage4_step040000/d3/motion blur+defocus blur+noise/017.png,dcca7c372b8c331b49e0adbeaec8a38ef13256cef387e8432c772f3a15b8f2cc,/root/autodl-tmp/graph/data/graphrestore/raw/agenticir/extracted/HQ/017.png,ab3ab0c03c2d8c9c0befbcad219fae23c9795fdf99d664630f4f4febbd02c519,18.916824340820312,0.561448956902507,474.5336249470711,2,0,2,1,0,0,0,0.12120300205723418
test/C/motion blur + defocus blur + noise/018,C,motion blur+defocus blur+noise,018,/root/autodl-tmp/aaa/graphrestore/artifacts/formal_mio100/graphrestore_v7_1_stage4_step040000/methods/graphrestore_v7_1_stage4_step040000/d3/motion blur+defocus blur+noise/018.png,56fb859074f558047bb0c452546508478696b4ac5ad215ed497583884d708103,/root/autodl-tmp/graph/data/graphrestore/raw/agenticir/extracted/HQ/018.png,66db8e4aeb78f506ae4415572eb910726c3f16ede70138093ab4eced187b8df1,15.9692964553833,0.2430634980401397,290.31284898519516,1,0,1,0,0,0,0,0.12120300205723418
test/C/motion blur + defocus blur + noise/019,C,motion blur+defocus blur+noise,019,/root/autodl-tmp/aaa/graphrestore/artifacts/formal_mio100/graphrestore_v7_1_stage4_step040000/methods/graphrestore_v7_1_stage4_step040000/d3/motion blur+defocus blur+noise/019.png,e9d76260e5e38aadc7e9b803a8be037ede1e94f0eb8f54e357873d87e995a38f,/root/autodl-tmp/graph/data/graphrestore/raw/agenticir/extracted/HQ/019.png,fb026cef85a4f7e64ad7c5f064ed15de1f04a7a7b6bde70b28ee78a55db21aeb,15.447460174560547,0.2897973739019964,471.0281863808632,2,0,2,0,0,0,0,0.12120300205723418
test/C/motion blur + defocus blur + noise/020,C,motion blur+defocus blur+noise,020,/root/autodl-tmp/aaa/graphrestore/artifacts/formal_mio100/graphrestore_v7_1_stage4_step040000/methods/graphrestore_v7_1_stage4_step040000/d3/motion blur+defocus blur+noise/020.png,563bbf4eeddf20af4a7aa5cecac5906a53dc2dc699178fe4379e883e6ca4c94c,/root/autodl-tmp/graph/data/graphrestore/raw/agenticir/extracted/HQ/020.png,daa15d9f51eab9eca70197a7f05df7873e3eab75e432b0a81fe9488be552f37a,14.77420711517334,0.24699646701903105,565.3020590543747,2,0,2,1,0,0,0,0.12120300205723418
test/C/motion blur + defocus blur + noise/021,C,motion blur+defocus blur+noise,021,/root/autodl-tmp/aaa/graphrestore/artifacts/formal_mio100/graphrestore_v7_1_stage4_step040000/methods/graphrestore_v7_1_stage4_step040000/d3/motion blur+defocus blur+noise/021.png,f4676ba722146e461bae1410706fac29e8e705084774993ffd0c506174f5faba,/root/autodl-tmp/graph/data/graphrestore/raw/agenticir/extracted/HQ/021.png,9fcc8dda4bbbe5e54e419f5cbb07e7b4310dd291ad1f1cd3cd65a90f9809baa8,20.153812408447266,0.3514204152106381,676.1574596166611,2,0,2,1,0,0,0,0.12120300205723418
test/C/motion blur + defocus blur + noise/022,C,motion blur+defocus blur+noise,022,/root/autodl-tmp/aaa/graphrestore/artifacts/formal_mio100/graphrestore_v7_1_stage4_step040000/methods/graphrestore_v7_1_stage4_step040000/d3/motion blur+defocus blur+noise/022.png,1b642c34fa8f5be50f09507895b02166e8a42826e96e62bd0bd582a3b223bce3,/root/autodl-tmp/graph/data/graphrestore/raw/agenticir/extracted/HQ/022.png,70c41dc6f249472324664323044853cb85a1256f39b4a31853ddbd89fcc1e191,19.001140594482422,0.5700009908928142,472.549706697464,2,0,2,1,0,0,0,0.12120300205723418
test/C/motion blur + defocus blur + noise/023,C,motion blur+defocus blur+noise,023,/root/autodl-tmp/aaa/graphrestore/artifacts/formal_mio100/graphrestore_v7_1_stage4_step040000/methods/graphrestore_v7_1_stage4_step040000/d3/motion blur+defocus blur+noise/023.png,b851c0b7151759d25d69dba33a351bf801192d9a8e470bdb9814cf15523415f4,/root/autodl-tmp/graph/data/graphrestore/raw/agenticir/extracted/HQ/023.png,befde78eca5789c87200ca1e2ac905ba8ad5706b50af86454bd30bc857c90e02,18.373992919921875,0.4613838085981814,241.23945087194443,1,0,1,0,0,0,0,0.12120300205723418
test/C/motion blur + defocus blur + noise/024,C,motion blur+defocus blur+noise,024,/root/autodl-tmp/aaa/graphrestore/artifacts/formal_mio100/graphrestore_v7_1_stage4_step040000/methods/graphrestore_v7_1_stage4_step040000/d3/motion blur+defocus blur+noise/024.png,13c0ce4c59c9acf6d0dd72f7a7be9a5b1e8d88a937e53b4adb290d3c1724dd2a,/root/autodl-tmp/graph/data/graphrestore/raw/agenticir/extracted/HQ/024.png,e51441e174dd8dc0c47872ccb4221ab3f054b716588ee0f42d58a56098bd9538,17.07554817199707,0.4683057969676538,464.61306512355804,2,0,2,0,0,0,0,0.12120300205723418
test/C/motion blur + defocus blur + noise/025,C,motion blur+defocus blur+noise,025,/root/autodl-tmp/aaa/graphrestore/artifacts/formal_mio100/graphrestore_v7_1_stage4_step040000/methods/graphrestore_v7_1_stage4_step040000/d3/motion blur+defocus blur+noise/025.png,4ec12fcdd1f1569a639e614871f1c16c637a4535c8fdc5c8b880e84040611602,/root/autodl-tmp/graph/data/graphrestore/raw/agenticir/extracted/HQ/025.png,f384d4a9bc3c31bc29038378f849002dc4ff2db373d852b732f5cfc24ebed244,23.97395896911621,0.5418652709808501,235.89812964200974,1,0,1,0,0,0,0,0.12120300205723418
test/C/motion blur + defocus blur + noise/026,C,motion blur+defocus blur+noise,026,/root/autodl-tmp/aaa/graphrestore/artifacts/formal_mio100/graphrestore_v7_1_stage4_step040000/methods/graphrestore_v7_1_stage4_step040000/d3/motion blur+defocus blur+noise/026.png,4c5c435d7127032efeea87ed56011ecc39cad0d224780e7efc583fede9e841cd,/root/autodl-tmp/graph/data/graphrestore/raw/agenticir/extracted/HQ/026.png,cfce1d4c02a00f28988a64f63cd538c4147c3a72c147a6549d71f1105d671224,17.99237060546875,0.6309998658050561,556.2383010983467,2,0,2,1,0,0,0,0.12120300205723418
test/C/motion blur + defocus blur + noise/027,C,motion blur+defocus blur+noise,027,/root/autodl-tmp/aaa/graphrestore/artifacts/formal_mio100/graphrestore_v7_1_stage4_step040000/methods/graphrestore_v7_1_stage4_step040000/d3/motion blur+defocus blur+noise/027.png,62353309ff5109ab0e3c97402989dbcdd4f176a9fb5299c26a1f18bde9f12235,/root/autodl-tmp/graph/data/graphrestore/raw/agenticir/extracted/HQ/027.png,d69be3d26f3d3c95ffd9de3bd8d565120e0f09fb4aa84c72ae18d8fc4f871aae,18.930509567260742,0.5130041531371976,563.1454586982727,2,0,2,0,0,0,0,0.12120300205723418
test/C/motion blur + defocus blur + noise/028,C,motion blur+defocus blur+noise,028,/root/autodl-tmp/aaa/graphrestore/artifacts/formal_mio100/graphrestore_v7_1_stage4_step040000/methods/graphrestore_v7_1_stage4_step040000/d3/motion blur+defocus blur+noise/028.png,399095ac56329ff142c673725c3e74184b2a1a8f70a8e1774d2a1bdf898625da,/root/autodl-tmp/graph/data/graphrestore/raw/agenticir/extracted/HQ/028.png,181f97da79059de1a93d1a0d30f6851393282c6af8b607d83ce29ab8c9dbf771,27.91670799255371,0.8034225385476342,242.31050163507462,1,0,1,0,0,0,0,0.12120300205723418
test/C/motion blur + defocus blur + noise/029,C,motion blur+defocus blur+noise,029,/root/autodl-tmp/aaa/graphrestore/artifacts/formal_mio100/graphrestore_v7_1_stage4_step040000/methods/graphrestore_v7_1_stage4_step040000/d3/motion blur+defocus blur+noise/029.png,25d29dc64d9948f21fdc08074f73c9a3d86fad9f6161380463282790b433eadd,/root/autodl-tmp/graph/data/graphrestore/raw/agenticir/extracted/HQ/029.png,3c7f43d0544ada8d7b64d7bb197621349fa1dcdf8400fb6128afaf8787814556,18.404775619506836,0.457152615719343,462.57346123456955,2,0,2,0,0,0,0,0.12120300205723418
test/C/motion blur + defocus blur + noise/030,C,motion blur+defocus blur+noise,030,/root/autodl-tmp/aaa/graphrestore/artifacts/formal_mio100/graphrestore_v7_1_stage4_step040000/methods/graphrestore_v7_1_stage4_step040000/d3/motion blur+defocus blur+noise/030.png,5bfb36a2d15439494d9b37dbb07e972d7e7a9747b190dea20f1f36cd3b44d405,/root/autodl-tmp/graph/data/graphrestore/raw/agenticir/extracted/HQ/030.png,576b0158cf5a541dd6aaf522902400e8ba3175aacca36d9df22951f52acf3f2f,15.471506118774414,0.4605560827303013,413.707971572876,2,0,2,1,0,0,0,0.12120300205723418
test/C/motion blur + defocus blur + noise/031,C,motion blur+defocus blur+noise,031,/root/autodl-tmp/aaa/graphrestore/artifacts/formal_mio100/graphrestore_v7_1_stage4_step040000/methods/graphrestore_v7_1_stage4_step040000/d3/motion blur+defocus blur+noise/031.png,19feffc1b5c5a1e09bcc8f9ba9e06ec3196d964f0cb1a17d263613d92e4fe791,/root/autodl-tmp/graph/data/graphrestore/raw/agenticir/extracted/HQ/031.png,ee314f8cd1954636c1817c95d1cb0db5aa871e179961c3463869d5dc2100d422,19.81410026550293,0.42911280500577537,514.8472785949707,2,0,2,0,0,0,0,0.12120300205723418
test/C/motion blur + defocus blur + noise/032,C,motion blur+defocus blur+noise,032,/root/autodl-tmp/aaa/graphrestore/artifacts/formal_mio100/graphrestore_v7_1_stage4_step040000/methods/graphrestore_v7_1_stage4_step040000/d3/motion blur+defocus blur+noise/032.png,66df40df35d59184a0e9e37df57298d98266b9ec5085877362d271d48f93867b,/root/autodl-tmp/graph/data/graphrestore/raw/agenticir/extracted/HQ/032.png,e9749385ec471240dd782d677482b0d949b80ccb7472dc409fa260d1748ed9b9,24.077957153320312,0.5860027075576707,188.80008906126022,1,0,1,0,0,0,0,0.12120300205723418
test/C/motion blur + defocus blur + noise/033,C,motion blur+defocus blur+noise,033,/root/autodl-tmp/aaa/graphrestore/artifacts/formal_mio100/graphrestore_v7_1_stage4_step040000/methods/graphrestore_v7_1_stage4_step040000/d3/motion blur+defocus blur+noise/033.png,973393a4dc11ddd70f24d089413843837339f3f799dcc4eac51cec92163b81b2,/root/autodl-tmp/graph/data/graphrestore/raw/agenticir/extracted/HQ/033.png,9590f1419e378254c01f330c248e12e8a62792b04a27b72daf2c0afd6c41c758,18.125951766967773,0.32301916949578596,365.6357228755951,2,0,2,0,0,0,0,0.12120300205723418
test/C/motion blur + defocus blur + noise/034,C,motion blur+defocus blur+noise,034,/root/autodl-tmp/aaa/graphrestore/artifacts/formal_mio100/graphrestore_v7_1_stage4_step040000/methods/graphrestore_v7_1_stage4_step040000/d3/motion blur+defocus blur+noise/034.png,65450bad4fddd257b6c701693dda066652c6fd416641af8e7e18a57eebf75239,/root/autodl-tmp/graph/data/graphrestore/raw/agenticir/extracted/HQ/034.png,0575cc2334f8f50fcbd3d9f58173645db8764f938ee55e8899084ca2b66fd018,20.659542083740234,0.42670065361219156,513.1359249353409,2,0,2,0,0,0,0,0.12120300205723418
test/C/motion blur + defocus blur + noise/035,C,motion blur+defocus blur+noise,035,/root/autodl-tmp/aaa/graphrestore/artifacts/formal_mio100/graphrestore_v7_1_stage4_step040000/methods/graphrestore_v7_1_stage4_step040000/d3/motion blur+defocus blur+noise/035.png,989e2bff348c54f8d59321a77a4be0889f34e2aead326f0342a680df7ac1806a,/root/autodl-tmp/graph/data/graphrestore/raw/agenticir/extracted/HQ/035.png,4e230744a9cb7c3ebe976ae7267155312b876fb355283b4938b34b758aef7ff9,21.18279266357422,0.5903188954464264,563.427522778511,2,0,2,1,0,0,0,0.12120300205723418
test/C/motion blur + defocus blur + noise/036,C,motion blur+defocus blur+noise,036,/root/autodl-tmp/aaa/graphrestore/artifacts/formal_mio100/graphrestore_v7_1_stage4_step040000/methods/graphrestore_v7_1_stage4_step040000/d3/motion blur+defocus blur+noise/036.png,a7a2bb6efc9352870126fcd494df4f0e7432ae0c8f4a198eca1b07b366891353,/root/autodl-tmp/graph/data/graphrestore/raw/agenticir/extracted/HQ/036.png,409fbd0ad51be33e9e2711cb7b22cb39999eaac6e278ca1621c20300be446d76,16.74011993408203,0.2451929615904022,463.87606859207153,2,0,2,1,0,0,0,0.12120300205723418
test/C/motion blur + defocus blur + noise/037,C,motion blur+defocus blur+noise,037,/root/autodl-tmp/aaa/graphrestore/artifacts/formal_mio100/graphrestore_v7_1_stage4_step040000/methods/graphrestore_v7_1_stage4_step040000/d3/motion blur+defocus blur+noise/037.png,f4c6a52e1c0cfaf53a188fb0f8a8d95b4c55871fef6374e7f5f1d416dc932c3c,/root/autodl-tmp/graph/data/graphrestore/raw/agenticir/extracted/HQ/037.png,8f31abe11ce5d5377f131fdc788024ffb8d5cfdda501c06a64ca1fc80fab0d07,19.72647476196289,0.6774834462667144,463.9275521039963,2,0,2,1,0,0,0,0.12120300205723418
test/C/motion blur + defocus blur + noise/038,C,motion blur+defocus blur+noise,038,/root/autodl-tmp/aaa/graphrestore/artifacts/formal_mio100/graphrestore_v7_1_stage4_step040000/methods/graphrestore_v7_1_stage4_step040000/d3/motion blur+defocus blur+noise/038.png,42f4c55ea95e91f822e41c773a03eeb5fde443a73a36973423f033721168cdcf,/root/autodl-tmp/graph/data/graphrestore/raw/agenticir/extracted/HQ/038.png,fe7df2186482ca2cc105baed74cb1da9667b3b03e1629055880b6012db131aa1,22.420276641845703,0.44130523361872187,371.6265708208084,2,0,2,1,0,0,0,0.12120300205723418
test/C/motion blur + defocus blur + noise/039,C,motion blur+defocus blur+noise,039,/root/autodl-tmp/aaa/graphrestore/artifacts/formal_mio100/graphrestore_v7_1_stage4_step040000/methods/graphrestore_v7_1_stage4_step040000/d3/motion blur+defocus blur+noise/039.png,1835993a0029285aef159c71939db47e984671ed690008e51a16d2012ab1a9c4,/root/autodl-tmp/graph/data/graphrestore/raw/agenticir/extracted/HQ/039.png,a2038f7610363fb1916197e0557fa84b50b610d86885a2d6409f9e3aa75fbbcd,17.28218650817871,0.7222354856761699,463.60503882169724,2,0,2,1,0,0,0,0.12120300205723418
test/C/motion blur + defocus blur + noise/040,C,motion blur+defocus blur+noise,040,/root/autodl-tmp/aaa/graphrestore/artifacts/formal_mio100/graphrestore_v7_1_stage4_step040000/methods/graphrestore_v7_1_stage4_step040000/d3/motion blur+defocus blur+noise/040.png,d08d4c4a9eb5575e804368dea0224b3315495ee0811c1dea1c35c4951c5ad0ad,/root/autodl-tmp/graph/data/graphrestore/raw/agenticir/extracted/HQ/040.png,c5a9e4bb9d84a6734bdc04c272c48c1b17b150a1e346afab2338eb0ba41f1464,18.23690414428711,0.5870696105660689,514.3405273556709,2,0,2,1,0,0,0,0.12120300205723418
test/C/motion blur + defocus blur + noise/041,C,motion blur+defocus blur+noise,041,/root/autodl-tmp/aaa/graphrestore/artifacts/formal_mio100/graphrestore_v7_1_stage4_step040000/methods/graphrestore_v7_1_stage4_step040000/d3/motion blur+defocus blur+noise/041.png,f9f382e3392cfc1c0399da8cea9b0ec32357ab43a48860f06ad427cb216ea413,/root/autodl-tmp/graph/data/graphrestore/raw/agenticir/extracted/HQ/041.png,8d928c89de2952ccb40028ba7ecd3f9fee3f3907c9a371fbbcb7fdaf683bc27e,17.629316329956055,0.3186303226245294,563.7108162045479,2,0,2,1,0,0,0,0.12120300205723418
test/C/motion blur + defocus blur + noise/042,C,motion blur+defocus blur+noise,042,/root/autodl-tmp/aaa/graphrestore/artifacts/formal_mio100/graphrestore_v7_1_stage4_step040000/methods/graphrestore_v7_1_stage4_step040000/d3/motion blur+defocus blur+noise/042.png,5a62070375b5a67e6af0c1e10624bc287fd3de8cbc7d033c424cc8c6948dc19b,/root/autodl-tmp/graph/data/graphrestore/raw/agenticir/extracted/HQ/042.png,9ae42a00babed185468a76384204ff947b6baab53a82ca9b3cff6ef951f461bf,22.27842140197754,0.5114942369423572,513.6756971478462,2,0,2,0,0,0,0,0.12120300205723418
test/C/motion blur + defocus blur + noise/043,C,motion blur+defocus blur+noise,043,/root/autodl-tmp/aaa/graphrestore/artifacts/formal_mio100/graphrestore_v7_1_stage4_step040000/methods/graphrestore_v7_1_stage4_step040000/d3/motion blur+defocus blur+noise/043.png,4adafdcac3cfc5313afa80d183f304dd4ce8921a219f4c4f7baaec41e10cea24,/root/autodl-tmp/graph/data/graphrestore/raw/agenticir/extracted/HQ/043.png,15880c27b3101797c4e5896dee7349ad832ac1c49fcd0c559b357f4e28296b4d,21.228334426879883,0.4432475607842049,243.25180798768997,1,0,1,0,0,0,0,0.12120300205723418
test/C/motion blur + defocus blur + noise/044,C,motion blur+defocus blur+noise,044,/root/autodl-tmp/aaa/graphrestore/artifacts/formal_mio100/graphrestore_v7_1_stage4_step040000/methods/graphrestore_v7_1_stage4_step040000/d3/motion blur+defocus blur+noise/044.png,ec39241c21f8fa98126d603b9ee8d915ce0899949065ab29ac0797ddeae05aff,/root/autodl-tmp/graph/data/graphrestore/raw/agenticir/extracted/HQ/044.png,0645011c1dc3777ab263df617d1747b902c2d321de6f939549cfbe43eabc9245,18.834501266479492,0.48056296291023687,462.3997285962105,2,0,2,0,0,0,0,0.12120300205723418
test/C/motion blur + defocus blur + noise/045,C,motion blur+defocus blur+noise,045,/root/autodl-tmp/aaa/graphrestore/artifacts/formal_mio100/graphrestore_v7_1_stage4_step040000/methods/graphrestore_v7_1_stage4_step040000/d3/motion blur+defocus blur+noise/045.png,51df4ebdd9a4663408142c327cf4c369b03cd0bcb0af9d3168c53313f0c21250,/root/autodl-tmp/graph/data/graphrestore/raw/agenticir/extracted/HQ/045.png,d3e352c98c1fe9df1181c1e362bb9c3ba3a1d077456198796083821dab20d1fc,18.178264617919922,0.32549009329547535,463.173970580101,2,0,2,1,0,0,0,0.12120300205723418
test/C/motion blur + defocus blur + noise/046,C,motion blur+defocus blur+noise,046,/root/autodl-tmp/aaa/graphrestore/artifacts/formal_mio100/graphrestore_v7_1_stage4_step040000/methods/graphrestore_v7_1_stage4_step040000/d3/motion blur+defocus blur+noise/046.png,4ca1cf1876201a4818e08607fe2d85d56a9a856f4d37f7aa35da92b94907883f,/root/autodl-tmp/graph/data/graphrestore/raw/agenticir/extracted/HQ/046.png,af4b21bf96515f2ff4f97a4990856b43ae02a1d8f39909428228a2612b5f936f,18.786121368408203,0.23546756551834694,241.74663424491882,1,0,1,0,0,0,0,0.12120300205723418
test/C/motion blur + defocus blur + noise/047,C,motion blur+defocus blur+noise,047,/root/autodl-tmp/aaa/graphrestore/artifacts/formal_mio100/graphrestore_v7_1_stage4_step040000/methods/graphrestore_v7_1_stage4_step040000/d3/motion blur+defocus blur+noise/047.png,0b1ee4e9a2d9e234cb948b2bee4fa2767a42c34b06f7bd0b23ae30300a994cf9,/root/autodl-tmp/graph/data/graphrestore/raw/agenticir/extracted/HQ/047.png,8ecf454f7d68ca4ebf19b2b4a22275d3bb344666e4e483fda2c8cb84d5ff94db,19.433439254760742,0.4460632140752761,289.3146276473999,1,0,1,0,0,0,0,0.12120300205723418
test/C/motion blur + defocus blur + noise/048,C,motion blur+defocus blur+noise,048,/root/autodl-tmp/aaa/graphrestore/artifacts/formal_mio100/graphrestore_v7_1_stage4_step040000/methods/graphrestore_v7_1_stage4_step040000/d3/motion blur+defocus blur+noise/048.png,abf4a9404c9a165afe03a438b510a684dea50c5d9d7d82cd7c75231ae3d4752c,/root/autodl-tmp/graph/data/graphrestore/raw/agenticir/extracted/HQ/048.png,b74e449ab10a96799f5e791f68de34dcfaf90a4befdb242cee372f6743841606,18.674785614013672,0.1839634047764807,468.6090499162674,2,0,2,0,0,0,0,0.12120300205723418
test/C/motion blur + defocus blur + noise/049,C,motion blur+defocus blur+noise,049,/root/autodl-tmp/aaa/graphrestore/artifacts/formal_mio100/graphrestore_v7_1_stage4_step040000/methods/graphrestore_v7_1_stage4_step040000/d3/motion blur+defocus blur+noise/049.png,88dfd7477e7a0b75f1f756ee0db6651158344760bbc4d8f71aa67c7237e855aa,/root/autodl-tmp/graph/data/graphrestore/raw/agenticir/extracted/HQ/049.png,bdd8f4cec02d5659a12541bb32718429d397d6be195679045764e31574c4f226,14.890718460083008,0.21612580154109032,463.74041587114334,2,0,2,1,0,0,0,0.12120300205723418
test/C/motion blur + defocus blur + noise/050,C,motion blur+defocus blur+noise,050,/root/autodl-tmp/aaa/graphrestore/artifacts/formal_mio100/graphrestore_v7_1_stage4_step040000/methods/graphrestore_v7_1_stage4_step040000/d3/motion blur+defocus blur+noise/050.png,13adae3878ad632581a4a8dcd2f19b2f6885594f24621e2cc48445cc74a2f0ae,/root/autodl-tmp/graph/data/graphrestore/raw/agenticir/extracted/HQ/050.png,c4cfbc77b28b145af37ea26b0b501d69633ebdedd3ce9a90d5760063ee95f492,17.345027923583984,0.2801812221810177,306.320421397686,1,0,1,0,0,0,0,0.12120300205723418
test/C/motion blur + defocus blur + noise/051,C,motion blur+defocus blur+noise,051,/root/autodl-tmp/aaa/graphrestore/artifacts/formal_mio100/graphrestore_v7_1_stage4_step040000/methods/graphrestore_v7_1_stage4_step040000/d3/motion blur+defocus blur+noise/051.png,d4811d2a0669e40db6d59c3bb3b99414c12fddc577c428914f00d2de64230c44,/root/autodl-tmp/graph/data/graphrestore/raw/agenticir/extracted/HQ/051.png,433269b5d76ea42b944162d49085d86b82a4eab52705e69d4dfa7c8a0ccbe187,21.001789093017578,0.6791196322367106,244.21092122793198,1,0,1,0,0,0,0,0.12120300205723418
test/C/motion blur + defocus blur + noise/052,C,motion blur+defocus blur+noise,052,/root/autodl-tmp/aaa/graphrestore/artifacts/formal_mio100/graphrestore_v7_1_stage4_step040000/methods/graphrestore_v7_1_stage4_step040000/d3/motion blur+defocus blur+noise/052.png,de194ba761d622229ad84bedecb2982091462d6390486b9fb49cd0ffb4e20c85,/root/autodl-tmp/graph/data/graphrestore/raw/agenticir/extracted/HQ/052.png,b0fe4f61cfdf3e31caa56791dcd8d50f729c75652d7970a654be64494341ada3,20.735591888427734,0.5149944187272948,463.40639144182205,2,0,2,1,0,0,0,0.12120300205723418
test/C/motion blur + defocus blur + noise/053,C,motion blur+defocus blur+noise,053,/root/autodl-tmp/aaa/graphrestore/artifacts/formal_mio100/graphrestore_v7_1_stage4_step040000/methods/graphrestore_v7_1_stage4_step040000/d3/motion blur+defocus blur+noise/053.png,2f2ea82db8196dd6395fad4f6c8e50fcc6a41ae488add3019ee45ecb094d994d,/root/autodl-tmp/graph/data/graphrestore/raw/agenticir/extracted/HQ/053.png,6b1f2208c72adcd28d96a15d538bbfbe27cb5a21be416b6f30fa836b12ac867d,21.821632385253906,0.8098887271887257,463.8367295265198,2,0,2,1,0,0,0,0.12120300205723418
test/C/motion blur + defocus blur + noise/054,C,motion blur+defocus blur+noise,054,/root/autodl-tmp/aaa/graphrestore/artifacts/formal_mio100/graphrestore_v7_1_stage4_step040000/methods/graphrestore_v7_1_stage4_step040000/d3/motion blur+defocus blur+noise/054.png,a1d6ae8d8a7556cd39a467bbb8cfadf26d39bb28251a891e329d1cd6fa0fd650,/root/autodl-tmp/graph/data/graphrestore/raw/agenticir/extracted/HQ/054.png,699ffde2d8d110e52811d39e5b9d745965d4211dd2312f453ce367f1bc0e66f5,27.509662628173828,0.8167685414944578,237.58064955472946,1,0,1,0,0,0,0,0.12120300205723418
test/C/motion blur + defocus blur + noise/055,C,motion blur+defocus blur+noise,055,/root/autodl-tmp/aaa/graphrestore/artifacts/formal_mio100/graphrestore_v7_1_stage4_step040000/methods/graphrestore_v7_1_stage4_step040000/d3/motion blur+defocus blur+noise/055.png,c7de37ee5e3d73e663a2c28e7ca621ed63cb90b91eeb591c856a76e1d2f7ea42,/root/autodl-tmp/graph/data/graphrestore/raw/agenticir/extracted/HQ/055.png,5a59c6f9051a70f1c3ad8e9550b2a21322ef8ad71bd70085fb2330f6f6da3948,22.861175537109375,0.8278080514424414,564.683236181736,2,0,2,0,0,0,0,0.12120300205723418
test/C/motion blur + defocus blur + noise/056,C,motion blur+defocus blur+noise,056,/root/autodl-tmp/aaa/graphrestore/artifacts/formal_mio100/graphrestore_v7_1_stage4_step040000/methods/graphrestore_v7_1_stage4_step040000/d3/motion blur+defocus blur+noise/056.png,5237606bf4130709c2069863a76a75e22de9e7025838797d6fe5adb6184f4c3d,/root/autodl-tmp/graph/data/graphrestore/raw/agenticir/extracted/HQ/056.png,c5f28866f72e2d370875385eb6575124b0735f8f927fae1c07ff7151e200c956,27.702829360961914,0.8080136295740293,218.88993680477142,1,0,1,0,0,0,0,0.12120300205723418
test/C/motion blur + defocus blur + noise/057,C,motion blur+defocus blur+noise,057,/root/autodl-tmp/aaa/graphrestore/artifacts/formal_mio100/graphrestore_v7_1_stage4_step040000/methods/graphrestore_v7_1_stage4_step040000/d3/motion blur+defocus blur+noise/057.png,2a89c98d621a748b1afe8759aa0342f9f406e4de2f3a63ee758743e7087ced2b,/root/autodl-tmp/graph/data/graphrestore/raw/agenticir/extracted/HQ/057.png,42353ae75793843947c257055d87e0568db28ed51b9a5d87cc0d6a0dafb242af,20.997133255004883,0.7770533293673271,467.26667135953903,2,0,2,0,0,0,0,0.12120300205723418
test/C/motion blur + defocus blur + noise/058,C,motion blur+defocus blur+noise,058,/root/autodl-tmp/aaa/graphrestore/artifacts/formal_mio100/graphrestore_v7_1_stage4_step040000/methods/graphrestore_v7_1_stage4_step040000/d3/motion blur+defocus blur+noise/058.png,4e3c07e73855793930a8fb6226816571c2c8e03fd0b522d6b45aad6de2bdcc59,/root/autodl-tmp/graph/data/graphrestore/raw/agenticir/extracted/HQ/058.png,e50e67dc4e57dc18d552546044c5ca169fdb26de4d5d81650d00d4b0f3ab7e76,20.256938934326172,0.7675938443257604,474.50511157512665,2,0,2,1,0,0,0,0.12120300205723418
test/C/motion blur + defocus blur + noise/059,C,motion blur+defocus blur+noise,059,/root/autodl-tmp/aaa/graphrestore/artifacts/formal_mio100/graphrestore_v7_1_stage4_step040000/methods/graphrestore_v7_1_stage4_step040000/d3/motion blur+defocus blur+noise/059.png,b56f564f16c4e13be5f94b4d146fecc18d0386088152c0f7b62d96e332fc7c9c,/root/autodl-tmp/graph/data/graphrestore/raw/agenticir/extracted/HQ/059.png,e60c8277194566df02c7cefc895d1390756059f7a29ac67206ec202f1b897add,18.633686065673828,0.7020917307255286,514.9926245212555,2,0,2,1,0,0,0,0.12120300205723418
test/C/motion blur + defocus blur + noise/060,C,motion blur+defocus blur+noise,060,/root/autodl-tmp/aaa/graphrestore/artifacts/formal_mio100/graphrestore_v7_1_stage4_step040000/methods/graphrestore_v7_1_stage4_step040000/d3/motion blur+defocus blur+noise/060.png,203233dd2c59179b6498b614acdf6cb8aed12dd9385cc6d66c3c5504fae8f609,/root/autodl-tmp/graph/data/graphrestore/raw/agenticir/extracted/HQ/060.png,d173273231bf0b68767ae3e287f4f34baa71e7d986a98c43a41fa9668fd8a0d4,19.437803268432617,0.6624027896305303,467.2595486044884,2,0,2,0,0,0,0,0.12120300205723418
test/C/motion blur + defocus blur + noise/061,C,motion blur+defocus blur+noise,061,/root/autodl-tmp/aaa/graphrestore/artifacts/formal_mio100/graphrestore_v7_1_stage4_step040000/methods/graphrestore_v7_1_stage4_step040000/d3/motion blur+defocus blur+noise/061.png,4ec09374518146ec9794c14f546c6b21783066366870e8ebc1af52205b6f8818,/root/autodl-tmp/graph/data/graphrestore/raw/agenticir/extracted/HQ/061.png,a7818ddc00c398726bcd4724e9a51456bf18e4eb573f2f68b79ea2dedf0e699c,20.788726806640625,0.6475864405502619,243.49772185087204,1,0,1,0,0,0,0,0.12120300205723418
test/C/motion blur + defocus blur + noise/062,C,motion blur+defocus blur+noise,062,/root/autodl-tmp/aaa/graphrestore/artifacts/formal_mio100/graphrestore_v7_1_stage4_step040000/methods/graphrestore_v7_1_stage4_step040000/d3/motion blur+defocus blur+noise/062.png,8363eb10a12e77bcdf7d35854fca85c1177098cef7ec4246655af77c141538dd,/root/autodl-tmp/graph/data/graphrestore/raw/agenticir/extracted/HQ/062.png,7829e8bf6fee7705051b0e4486c3abb2cdf412c83ac15b9f5ed9d9036c296d40,19.860788345336914,0.615700916265378,291.2363037467003,1,0,1,0,0,0,0,0.12120300205723418
test/C/motion blur + defocus blur + noise/063,C,motion blur+defocus blur+noise,063,/root/autodl-tmp/aaa/graphrestore/artifacts/formal_mio100/graphrestore_v7_1_stage4_step040000/methods/graphrestore_v7_1_stage4_step040000/d3/motion blur+defocus blur+noise/063.png,9712c4a6c6b90319146113679c3e3266fb50c7f12f8ff02603f398ddfb23e97f,/root/autodl-tmp/graph/data/graphrestore/raw/agenticir/extracted/HQ/063.png,f7ccce7c58be38c16fb08060b8b379825cb0417a04e6813c72985768a480929c,17.44650650024414,0.4492667416423319,469.1403657197952,2,0,2,0,0,0,0,0.12120300205723418
test/C/motion blur + defocus blur + noise/064,C,motion blur+defocus blur+noise,064,/root/autodl-tmp/aaa/graphrestore/artifacts/formal_mio100/graphrestore_v7_1_stage4_step040000/methods/graphrestore_v7_1_stage4_step040000/d3/motion blur+defocus blur+noise/064.png,ba75ccd4757cd6eddfcb73be45c9c99fa463da0dd17b73d1ed51fcb73e877e8a,/root/autodl-tmp/graph/data/graphrestore/raw/agenticir/extracted/HQ/064.png,b34caae8d574b2c008d53ceb0490df55c099e68844b2819f0c02fc50db26cee0,16.625783920288086,0.35282953084652235,518.2818174362183,2,0,2,1,0,0,0,0.12120300205723418
test/C/motion blur + defocus blur + noise/065,C,motion blur+defocus blur+noise,065,/root/autodl-tmp/aaa/graphrestore/artifacts/formal_mio100/graphrestore_v7_1_stage4_step040000/methods/graphrestore_v7_1_stage4_step040000/d3/motion blur+defocus blur+noise/065.png,ffb8c7e70def8138e74a02d022d78266f93d4d2a1dcad1dbfb13d54c81186bb8,/root/autodl-tmp/graph/data/graphrestore/raw/agenticir/extracted/HQ/065.png,f0770ae16bf79be3b5d94a7868da009f5ce1bbf54bfe5c879e352a4df590ef63,17.21120262145996,0.43400785839042016,568.5875341296196,2,0,2,0,0,0,0,0.12120300205723418
test/C/motion blur + defocus blur + noise/066,C,motion blur+defocus blur+noise,066,/root/autodl-tmp/aaa/graphrestore/artifacts/formal_mio100/graphrestore_v7_1_stage4_step040000/methods/graphrestore_v7_1_stage4_step040000/d3/motion blur+defocus blur+noise/066.png,6adb225b332452c0994aa8590763b399d70f74cb99a5764fe9302623a1703b8e,/root/autodl-tmp/graph/data/graphrestore/raw/agenticir/extracted/HQ/066.png,a19230b326bd2fb5c26ae283f65bf0b85f39f90421056a47c7ecd6d683379aff,17.911312103271484,0.47670299926441734,290.00675678253174,1,0,1,0,0,0,0,0.12120300205723418
test/C/motion blur + defocus blur + noise/067,C,motion blur+defocus blur+noise,067,/root/autodl-tmp/aaa/graphrestore/artifacts/formal_mio100/graphrestore_v7_1_stage4_step040000/methods/graphrestore_v7_1_stage4_step040000/d3/motion blur+defocus blur+noise/067.png,38e0893a7b335b6bf34c7c3c9867504942513a9e312b4b599833b4e71fff8fe3,/root/autodl-tmp/graph/data/graphrestore/raw/agenticir/extracted/HQ/067.png,91cd9f021a6902b7f3220c6a373cba11f3bfbe4e4984c1d6fc4be0c76acb67a0,18.96941375732422,0.5387775131102677,466.5677025914192,2,0,2,1,0,0,0,0.12120300205723418
test/C/motion blur + defocus blur + noise/068,C,motion blur+defocus blur+noise,068,/root/autodl-tmp/aaa/graphrestore/artifacts/formal_mio100/graphrestore_v7_1_stage4_step040000/methods/graphrestore_v7_1_stage4_step040000/d3/motion blur+defocus blur+noise/068.png,cc7d0c8c331678b0aac470be3ae7466b0def6dde34eaa549154b6f44c3942d9f,/root/autodl-tmp/graph/data/graphrestore/raw/agenticir/extracted/HQ/068.png,b8187d79db16002364f6017df807e6cac41e7ee9a68413a384b1bd69eddaa638,17.039278030395508,0.43130570933819107,464.0067145228386,2,0,2,0,0,0,0,0.12120300205723418
test/C/motion blur + defocus blur + noise/069,C,motion blur+defocus blur+noise,069,/root/autodl-tmp/aaa/graphrestore/artifacts/formal_mio100/graphrestore_v7_1_stage4_step040000/methods/graphrestore_v7_1_stage4_step040000/d3/motion blur+defocus blur+noise/069.png,b019e3ebcbd713c456c941baf273a35f32b2b75fe81a4b30e1d708b0dcf854cc,/root/autodl-tmp/graph/data/graphrestore/raw/agenticir/extracted/HQ/069.png,abb08be58f50075e5e6b1de44ddfe61c30ebb34882e9d72681edd73a5cdbb156,17.89516258239746,0.38433036434137974,563.3643195033073,2,0,2,0,0,0,0,0.12120300205723418
test/C/motion blur + defocus blur + noise/070,C,motion blur+defocus blur+noise,070,/root/autodl-tmp/aaa/graphrestore/artifacts/formal_mio100/graphrestore_v7_1_stage4_step040000/methods/graphrestore_v7_1_stage4_step040000/d3/motion blur+defocus blur+noise/070.png,611da8f85c3be1df4e94bb588fdf2a7b1ee6032c4537910fdf1d7a56b2d25fc3,/root/autodl-tmp/graph/data/graphrestore/raw/agenticir/extracted/HQ/070.png,718ae2570e431003fb32f2a40e19f813545164ace18230ac03f9ec96b2747f85,20.11585235595703,0.7396216911331612,475.3227010369301,2,0,2,0,0,0,0,0.12120300205723418
test/C/motion blur + defocus blur + noise/071,C,motion blur+defocus blur+noise,071,/root/autodl-tmp/aaa/graphrestore/artifacts/formal_mio100/graphrestore_v7_1_stage4_step040000/methods/graphrestore_v7_1_stage4_step040000/d3/motion blur+defocus blur+noise/071.png,f0de5147259d7fb559876690e6bc5c79783f97814019c3ac5d704a7857a5b900,/root/autodl-tmp/graph/data/graphrestore/raw/agenticir/extracted/HQ/071.png,e8bc40490eabb437e225b0acde6b8dc1d8942f2b9657e042051c166804b07b15,17.143831253051758,0.7520991026019382,464.4234776496887,2,0,2,1,0,0,0,0.12120300205723418
test/C/motion blur + defocus blur + noise/072,C,motion blur+defocus blur+noise,072,/root/autodl-tmp/aaa/graphrestore/artifacts/formal_mio100/graphrestore_v7_1_stage4_step040000/methods/graphrestore_v7_1_stage4_step040000/d3/motion blur+defocus blur+noise/072.png,da6e6aa0fdbd2187ab6cb534df9b321f1af276b49d3837d1e645ef02dce9717b,/root/autodl-tmp/graph/data/graphrestore/raw/agenticir/extracted/HQ/072.png,6b887c3fd578dc80ca3b15a823f1b43d80db2d30abc07d144e03f7228acb8144,18.880388259887695,0.6845253624208458,514.6981179714203,2,0,2,0,0,0,0,0.12120300205723418
test/C/motion blur + defocus blur + noise/073,C,motion blur+defocus blur+noise,073,/root/autodl-tmp/aaa/graphrestore/artifacts/formal_mio100/graphrestore_v7_1_stage4_step040000/methods/graphrestore_v7_1_stage4_step040000/d3/motion blur+defocus blur+noise/073.png,cca32960064c8906c54eaa95809372d5e3aa25dfa29ba5cd798b3e7b34892306,/root/autodl-tmp/graph/data/graphrestore/raw/agenticir/extracted/HQ/073.png,e4a8516954bfb4b79f2fc6194b6b4a8ed63250e14fe7ce0b6f6d77c922f84730,23.778419494628906,0.8176256808285854,287.74574398994446,1,0,1,0,0,0,0,0.12120300205723418
test/C/motion blur + defocus blur + noise/074,C,motion blur+defocus blur+noise,074,/root/autodl-tmp/aaa/graphrestore/artifacts/formal_mio100/graphrestore_v7_1_stage4_step040000/methods/graphrestore_v7_1_stage4_step040000/d3/motion blur+defocus blur+noise/074.png,b2dde57fb204c3175392d0b7276723f44654f66c5618d8900b79ab5f8d5d7b60,/root/autodl-tmp/graph/data/graphrestore/raw/agenticir/extracted/HQ/074.png,cfa80e9825a34173ab0d1810b1b63bf645aa1b6b743966a77d7d03463319fd8e,22.190155029296875,0.7378704993378881,465.1061221957207,2,0,2,1,0,0,0,0.12120300205723418
test/C/motion blur + defocus blur + noise/075,C,motion blur+defocus blur+noise,075,/root/autodl-tmp/aaa/graphrestore/artifacts/formal_mio100/graphrestore_v7_1_stage4_step040000/methods/graphrestore_v7_1_stage4_step040000/d3/motion blur+defocus blur+noise/075.png,5b033fc1b5378500581057d9266568088d98993f808f353cca97a82d84422cf0,/root/autodl-tmp/graph/data/graphrestore/raw/agenticir/extracted/HQ/075.png,637e76a0398c825f3214d13b10485f7c180dc359b838ade377382c22c8f6b788,17.53090476989746,0.4205770887356324,484.61272567510605,2,0,2,0,0,0,0,0.12120300205723418
test/C/motion blur + defocus blur + noise/076,C,motion blur+defocus blur+noise,076,/root/autodl-tmp/aaa/graphrestore/artifacts/formal_mio100/graphrestore_v7_1_stage4_step040000/methods/graphrestore_v7_1_stage4_step040000/d3/motion blur+defocus blur+noise/076.png,be340f8ffa51c003d65f3a5f4b91df74939199fd213efc4cddadeb582603a592,/root/autodl-tmp/graph/data/graphrestore/raw/agenticir/extracted/HQ/076.png,28f7193b83d2979c14a7c73e95657ce02a2cc902196495bea289e190f48cecae,22.60066795349121,0.6518325529657016,239.70459401607513,1,0,1,0,0,0,0,0.12120300205723418
test/C/motion blur + defocus blur + noise/077,C,motion blur+defocus blur+noise,077,/root/autodl-tmp/aaa/graphrestore/artifacts/formal_mio100/graphrestore_v7_1_stage4_step040000/methods/graphrestore_v7_1_stage4_step040000/d3/motion blur+defocus blur+noise/077.png,a27898a75c3f07f1ca0efbd6115090c75037fd1b12a1342cbfb0be266ee7b582,/root/autodl-tmp/graph/data/graphrestore/raw/agenticir/extracted/HQ/077.png,6d0b3c0c4255ee2de7c3c275c114eb531248c06fce157913f4e69dacd492cc91,21.786636352539062,0.6981662051675515,238.93898725509644,1,0,1,0,0,0,0,0.12120300205723418
test/C/motion blur + defocus blur + noise/078,C,motion blur+defocus blur+noise,078,/root/autodl-tmp/aaa/graphrestore/artifacts/formal_mio100/graphrestore_v7_1_stage4_step040000/methods/graphrestore_v7_1_stage4_step040000/d3/motion blur+defocus blur+noise/078.png,34b207d513a9ada7ba121a9ee08e6d015e0dde3b204d1224bcd21ff1504dc904,/root/autodl-tmp/graph/data/graphrestore/raw/agenticir/extracted/HQ/078.png,ae84b8b3592a0f623d5bd2c5791b049e6fd87155614fbbad37f1ac00a2cfa870,17.134599685668945,0.4651477080047669,563.620887696743,2,0,2,1,0,0,0,0.12120300205723418
test/C/motion blur + defocus blur + noise/079,C,motion blur+defocus blur+noise,079,/root/autodl-tmp/aaa/graphrestore/artifacts/formal_mio100/graphrestore_v7_1_stage4_step040000/methods/graphrestore_v7_1_stage4_step040000/d3/motion blur+defocus blur+noise/079.png,be1499e4a52fd3e923c765983c3139cf117395407142415c3c88f5e8d1cc9ba7,/root/autodl-tmp/graph/data/graphrestore/raw/agenticir/extracted/HQ/079.png,166cde30b17743be2ca3fb2c29004e0b38b126bfa1d8d5f41013c23eb248aad5,23.715621948242188,0.611632090306321,269.2918926477432,1,0,1,0,0,0,0,0.12120300205723418
test/C/motion blur + defocus blur + noise/080,C,motion blur+defocus blur+noise,080,/root/autodl-tmp/aaa/graphrestore/artifacts/formal_mio100/graphrestore_v7_1_stage4_step040000/methods/graphrestore_v7_1_stage4_step040000/d3/motion blur+defocus blur+noise/080.png,c99024cae3ec67b17fbbff0bf4f397ab7c82e4ef1c6cf28e9a7b17518e98fa5e,/root/autodl-tmp/graph/data/graphrestore/raw/agenticir/extracted/HQ/080.png,b208599722bce230536ae4db62272e883a7714d4bfca7d73e1361da3b2ca9225,17.324134826660156,0.6822704441817669,464.16444331407547,2,0,2,1,0,0,0,0.12120300205723418
test/C/motion blur + defocus blur + noise/081,C,motion blur+defocus blur+noise,081,/root/autodl-tmp/aaa/graphrestore/artifacts/formal_mio100/graphrestore_v7_1_stage4_step040000/methods/graphrestore_v7_1_stage4_step040000/d3/motion blur+defocus blur+noise/081.png,503b9e74736efc6b542fd8f83c9173e0a9b4382814b3ccd30c606383dca542ab,/root/autodl-tmp/graph/data/graphrestore/raw/agenticir/extracted/HQ/081.png,f86df1e220755af6ab50844f797e3fb45165c5dde9ac8ee1750544154cfd1ad7,19.762792587280273,0.5091043929999203,287.99939155578613,1,0,1,0,0,0,0,0.12120300205723418
test/C/motion blur + defocus blur + noise/082,C,motion blur+defocus blur+noise,082,/root/autodl-tmp/aaa/graphrestore/artifacts/formal_mio100/graphrestore_v7_1_stage4_step040000/methods/graphrestore_v7_1_stage4_step040000/d3/motion blur+defocus blur+noise/082.png,a4b0a1fc19e41a96f1eeb73276f2f4b3a9d2574ed957e8c3b14e96e54bb72d32,/root/autodl-tmp/graph/data/graphrestore/raw/agenticir/extracted/HQ/082.png,698a641215db75e2471381c00fc2a84208122a4a0115beeb5679de746977682e,17.87298011779785,0.2550070002776081,463.47106993198395,2,0,2,1,0,0,0,0.12120300205723418
test/C/motion blur + defocus blur + noise/083,C,motion blur+defocus blur+noise,083,/root/autodl-tmp/aaa/graphrestore/artifacts/formal_mio100/graphrestore_v7_1_stage4_step040000/methods/graphrestore_v7_1_stage4_step040000/d3/motion blur+defocus blur+noise/083.png,4763e2de6f36bb7706ddaea2737488bdbbbaa1e1b9937f169c1910958460de79,/root/autodl-tmp/graph/data/graphrestore/raw/agenticir/extracted/HQ/083.png,4772b8d475dfc90626760cea35452db0ee8dfdd89f7cd8def57f8b4d74ecef44,17.45671844482422,0.5095179258761723,513.4074985980988,2,0,2,0,0,0,0,0.12120300205723418
test/C/motion blur + defocus blur + noise/084,C,motion blur+defocus blur+noise,084,/root/autodl-tmp/aaa/graphrestore/artifacts/formal_mio100/graphrestore_v7_1_stage4_step040000/methods/graphrestore_v7_1_stage4_step040000/d3/motion blur+defocus blur+noise/084.png,9e591df53c3aca6f883f3ddbb2f39a4ac330619d260df2b1df7f6c7d947a854f,/root/autodl-tmp/graph/data/graphrestore/raw/agenticir/extracted/HQ/084.png,1bc34c4607ba66d84248fe8e7d5e30546ae13841542d8b1cb9146f2a2485df64,23.264102935791016,0.7669976811929119,237.99791187047958,1,0,1,0,0,0,0,0.12120300205723418
test/C/motion blur + defocus blur + noise/085,C,motion blur+defocus blur+noise,085,/root/autodl-tmp/aaa/graphrestore/artifacts/formal_mio100/graphrestore_v7_1_stage4_step040000/methods/graphrestore_v7_1_stage4_step040000/d3/motion blur+defocus blur+noise/085.png,4246243e2066bfd4a465d0cba64745233064daad8ad972183f0a8f254fb43dd0,/root/autodl-tmp/graph/data/graphrestore/raw/agenticir/extracted/HQ/085.png,6174b7cb004afd2a578ec1950d92b99c41115b5a6bf70a511f19156c62bd5274,22.17913055419922,0.7957424754490524,464.5472839474678,2,0,2,1,0,0,0,0.12120300205723418
test/C/motion blur + defocus blur + noise/086,C,motion blur+defocus blur+noise,086,/root/autodl-tmp/aaa/graphrestore/artifacts/formal_mio100/graphrestore_v7_1_stage4_step040000/methods/graphrestore_v7_1_stage4_step040000/d3/motion blur+defocus blur+noise/086.png,ec20f63366082447e656cd973f05ae36ef5eae171d8f2ae254f97bd59bb1f80c,/root/autodl-tmp/graph/data/graphrestore/raw/agenticir/extracted/HQ/086.png,68a629299aaf0e4d70065c504c9b3e397721fa17a25c2585446914aa5c7bafb5,17.507089614868164,0.5021458026743575,463.7981578707695,2,0,2,0,0,0,0,0.12120300205723418
test/C/motion blur + defocus blur + noise/087,C,motion blur+defocus blur+noise,087,/root/autodl-tmp/aaa/graphrestore/artifacts/formal_mio100/graphrestore_v7_1_stage4_step040000/methods/graphrestore_v7_1_stage4_step040000/d3/motion blur+defocus blur+noise/087.png,35f196326886bea46cbe28faaa58361d20055474497a191e1ebd4f3fef98b5f9,/root/autodl-tmp/graph/data/graphrestore/raw/agenticir/extracted/HQ/087.png,059a862de1498fc3b783bcfcce8fad399573aa912bb6638bbd3d43d23b88cdc6,18.73360824584961,0.5482298553454856,239.63040858507156,1,0,1,0,0,0,0,0.12120300205723418
test/C/motion blur + defocus blur + noise/088,C,motion blur+defocus blur+noise,088,/root/autodl-tmp/aaa/graphrestore/artifacts/formal_mio100/graphrestore_v7_1_stage4_step040000/methods/graphrestore_v7_1_stage4_step040000/d3/motion blur+defocus blur+noise/088.png,dbb8ef34a9c56e2bbf56ebd5823d15acb45a4886a40c3d23680e949c8682c4f4,/root/autodl-tmp/graph/data/graphrestore/raw/agenticir/extracted/HQ/088.png,e76841066e027bd2a2fa101a4598c597d4891a7c535e3cc3195b7afcc249d7ae,27.891023635864258,0.871791414404544,288.20639103651047,1,0,1,0,0,0,0,0.12120300205723418
test/C/motion blur + defocus blur + noise/089,C,motion blur+defocus blur+noise,089,/root/autodl-tmp/aaa/graphrestore/artifacts/formal_mio100/graphrestore_v7_1_stage4_step040000/methods/graphrestore_v7_1_stage4_step040000/d3/motion blur+defocus blur+noise/089.png,fe07879d9c8bb02c40e46c4829fa537c1689d697c3d928b08a6d1f4678829c4c,/root/autodl-tmp/graph/data/graphrestore/raw/agenticir/extracted/HQ/089.png,046e493440ea7499fe07cec3853e6e170225ce6cdc903aac14730fa6b9bf36ab,17.995220184326172,0.5587897843382842,238.8647496700287,1,0,1,0,0,0,0,0.12120300205723418
test/C/motion blur + defocus blur + noise/090,C,motion blur+defocus blur+noise,090,/root/autodl-tmp/aaa/graphrestore/artifacts/formal_mio100/graphrestore_v7_1_stage4_step040000/methods/graphrestore_v7_1_stage4_step040000/d3/motion blur+defocus blur+noise/090.png,0098cd62042401b573ec049116aae96f23ef129a056abf068990a5c8e5df04f9,/root/autodl-tmp/graph/data/graphrestore/raw/agenticir/extracted/HQ/090.png,830f74b8389bfef595e56e910efc49cf4246f6f7bd552ea8c45d071a0113053c,17.39231300354004,0.41436789383447764,513.6119872331619,2,0,2,0,0,0,0,0.12120300205723418
test/C/motion blur + defocus blur + noise/091,C,motion blur+defocus blur+noise,091,/root/autodl-tmp/aaa/graphrestore/artifacts/formal_mio100/graphrestore_v7_1_stage4_step040000/methods/graphrestore_v7_1_stage4_step040000/d3/motion blur+defocus blur+noise/091.png,e9e0b4625572c255ba595f790eb36cd9fc7de315a204e8f4f21bcacea85252b9,/root/autodl-tmp/graph/data/graphrestore/raw/agenticir/extracted/HQ/091.png,5e553db9d41f0f077260ca811d0fc988002511f536fd217035e5495bab201d6c,19.12868309020996,0.604651937016686,239.1113117337227,1,0,1,0,0,0,0,0.12120300205723418
test/C/motion blur + defocus blur + noise/092,C,motion blur+defocus blur+noise,092,/root/autodl-tmp/aaa/graphrestore/artifacts/formal_mio100/graphrestore_v7_1_stage4_step040000/methods/graphrestore_v7_1_stage4_step040000/d3/motion blur+defocus blur+noise/092.png,14b4562f1ddd83b8a2abb03e48879a6669342f5661a6e1013d7dba420586b6dc,/root/autodl-tmp/graph/data/graphrestore/raw/agenticir/extracted/HQ/092.png,d2fdbb69f6828c6707d3f41abfcb56dcb6e0d8e75181ac8d0c55eea107f20d48,17.387733459472656,0.31761622157337543,263.5551914572716,1,0,1,0,0,0,0,0.12120300205723418
test/C/motion blur + defocus blur + noise/093,C,motion blur+defocus blur+noise,093,/root/autodl-tmp/aaa/graphrestore/artifacts/formal_mio100/graphrestore_v7_1_stage4_step040000/methods/graphrestore_v7_1_stage4_step040000/d3/motion blur+defocus blur+noise/093.png,043b11b1ad2b562d1f90a108add43ca63a2dcc1e04fa6df003e87d5bdd44c49a,/root/autodl-tmp/graph/data/graphrestore/raw/agenticir/extracted/HQ/093.png,b9ef1df7a3be70176f064c2568ea12d8cd9c9c54b3e8fd72bca53d170eaf06f2,15.457286834716797,0.5381669070502603,768.1610509753227,2,0,2,1,0,0,0,0.12120300205723418
test/C/motion blur + defocus blur + noise/094,C,motion blur+defocus blur+noise,094,/root/autodl-tmp/aaa/graphrestore/artifacts/formal_mio100/graphrestore_v7_1_stage4_step040000/methods/graphrestore_v7_1_stage4_step040000/d3/motion blur+defocus blur+noise/094.png,8cbc10d30eb63edf969e46cc0ed57262beb3f3a52c99bb562b398f4520e59b20,/root/autodl-tmp/graph/data/graphrestore/raw/agenticir/extracted/HQ/094.png,45dab31fa407b6793844322a5e147cdfedc3bfa449cd28fc9605f41dba80966d,15.980997085571289,0.5169520332451778,471.03846818208694,2,0,2,1,0,0,0,0.12120300205723418
test/C/motion blur + defocus blur + noise/095,C,motion blur+defocus blur+noise,095,/root/autodl-tmp/aaa/graphrestore/artifacts/formal_mio100/graphrestore_v7_1_stage4_step040000/methods/graphrestore_v7_1_stage4_step040000/d3/motion blur+defocus blur+noise/095.png,66457de45ca253d8abb939b98928ab8cd2d8a9b11a7add9f69d8435736c42e09,/root/autodl-tmp/graph/data/graphrestore/raw/agenticir/extracted/HQ/095.png,2f04f8c811593049180a1c6bdcf5d723d3c2f6443ba518c407e4976d7a6b2637,12.086539268493652,0.2858957682647581,417.533740401268,2,0,2,0,0,0,0,0.12120300205723418
test/C/motion blur + defocus blur + noise/096,C,motion blur+defocus blur+noise,096,/root/autodl-tmp/aaa/graphrestore/artifacts/formal_mio100/graphrestore_v7_1_stage4_step040000/methods/graphrestore_v7_1_stage4_step040000/d3/motion blur+defocus blur+noise/096.png,80096788ba37484bcf85d8134832d1161ef055c669fd6d3ca82edb1467242fc6,/root/autodl-tmp/graph/data/graphrestore/raw/agenticir/extracted/HQ/096.png,3ac9dbd626f9e294ae10a8ab11a34f6c0132ed355627d25ce3f8790f701fae29,19.27521514892578,0.605972287021842,239.2023429274559,1,0,1,0,0,0,0,0.12120300205723418
test/C/motion blur + defocus blur + noise/097,C,motion blur+defocus blur+noise,097,/root/autodl-tmp/aaa/graphrestore/artifacts/formal_mio100/graphrestore_v7_1_stage4_step040000/methods/graphrestore_v7_1_stage4_step040000/d3/motion blur+defocus blur+noise/097.png,2a75b72a60ebcb0bbe0b05e08bd0cd86ec0f3a72dcdd8618189a4e105c41324e,/root/autodl-tmp/graph/data/graphrestore/raw/agenticir/extracted/HQ/097.png,9b6c3c0d294f54e89b51656b0163aa8d0715dd7904848721ea76c07ccf737d2e,18.021263122558594,0.6277094987385642,465.01046419143677,2,0,2,0,0,0,0,0.12120300205723418
test/C/motion blur + defocus blur + noise/098,C,motion blur+defocus blur+noise,098,/root/autodl-tmp/aaa/graphrestore/artifacts/formal_mio100/graphrestore_v7_1_stage4_step040000/methods/graphrestore_v7_1_stage4_step040000/d3/motion blur+defocus blur+noise/098.png,e8099929bc567319000d1962c1e5fbe43f834a490e7192acac55a85c62c0e97d,/root/autodl-tmp/graph/data/graphrestore/raw/agenticir/extracted/HQ/098.png,f0574e5262ab9942e66006e0df3aab8738de997489badc302e131ae74299181f,16.601911544799805,0.4488540197829886,563.765749335289,2,0,2,0,0,0,0,0.12120300205723418
test/C/motion blur + defocus blur + noise/099,C,motion blur+defocus blur+noise,099,/root/autodl-tmp/aaa/graphrestore/artifacts/formal_mio100/graphrestore_v7_1_stage4_step040000/methods/graphrestore_v7_1_stage4_step040000/d3/motion blur+defocus blur+noise/099.png,6e6de1abbe011396583bb87076a3b1324a8c04a5f5245a4df3294944808d60e3,/root/autodl-tmp/graph/data/graphrestore/raw/agenticir/extracted/HQ/099.png,15ddff6cab9869d7fe8a7cb6fd328b436bbfa9b089e6adcbba7a5048e4c97f8b,19.939685821533203,0.5257197855682919,244.82735246419907,1,0,1,0,0,0,0,0.12120300205723418
test/C/motion blur + defocus blur + noise/100,C,motion blur+defocus blur+noise,100,/root/autodl-tmp/aaa/graphrestore/artifacts/formal_mio100/graphrestore_v7_1_stage4_step040000/methods/graphrestore_v7_1_stage4_step040000/d3/motion blur+defocus blur+noise/100.png,f18e21b4cc5e577c6b2c97fc57a5e099df20d484e350d5c409a7cd48ca0aaa69,/root/autodl-tmp/graph/data/graphrestore/raw/agenticir/extracted/HQ/100.png,b7f5d60dbb3e7047b9c62efc7d61db97052a2cde687d3fae367a14a6793a0c40,16.37505531311035,0.49526997888181007,238.8378605246544,1,0,1,0,0,0,0,0.12120300205723418
test/C/rain + noise + low resolution/001,C,rain+noise+low resolution,001,/root/autodl-tmp/aaa/graphrestore/artifacts/formal_mio100/graphrestore_v7_1_stage4_step040000/methods/graphrestore_v7_1_stage4_step040000/d3/rain+noise+low resolution/001.png,f56c8160881a3f440b0fa9535ce5de316f0bfa3712b9fb68fdc938ba01f6c9c3,/root/autodl-tmp/graph/data/graphrestore/raw/agenticir/extracted/HQ/001.png,501f9b012a3f9c95787db8151eddf07dcae5e163688c011649d3ff3f00372cae,27.124841690063477,0.8105759510737982,260.220430791378,1,1,2,0,0,0,0,0.12120300205723418
test/C/rain + noise + low resolution/002,C,rain+noise+low resolution,002,/root/autodl-tmp/aaa/graphrestore/artifacts/formal_mio100/graphrestore_v7_1_stage4_step040000/methods/graphrestore_v7_1_stage4_step040000/d3/rain+noise+low resolution/002.png,929afff80539e9cc460133196330c758117b3162f0cf9bda348eebe5a31ae5ce,/root/autodl-tmp/graph/data/graphrestore/raw/agenticir/extracted/HQ/002.png,e65fb0b7adb1176b47486303c8cc4f49a0173f91e00d28e0c3a4d3eccae286b4,27.525535583496094,0.8669419368218684,370.7028403878212,1,1,2,0,0,0,0,0.12120300205723418
test/C/rain + noise + low resolution/003,C,rain+noise+low resolution,003,/root/autodl-tmp/aaa/graphrestore/artifacts/formal_mio100/graphrestore_v7_1_stage4_step040000/methods/graphrestore_v7_1_stage4_step040000/d3/rain+noise+low resolution/003.png,c3dfa3223e052b2c102317ff759a429995a1be018ea913435d96c4693b4eeb1b,/root/autodl-tmp/graph/data/graphrestore/raw/agenticir/extracted/HQ/003.png,c2a2513992db412a7160dfa2f82535dccaa188db91df80ee6ed5b0dd5c5d2d1a,24.819412231445312,0.678503742789251,320.23167610168457,1,1,2,0,0,0,0,0.12120300205723418
test/C/rain + noise + low resolution/004,C,rain+noise+low resolution,004,/root/autodl-tmp/aaa/graphrestore/artifacts/formal_mio100/graphrestore_v7_1_stage4_step040000/methods/graphrestore_v7_1_stage4_step040000/d3/rain+noise+low resolution/004.png,0bfb8ad43db3d1479712e237f56737927fe48106988ddf0492b1f3c15164c6ff,/root/autodl-tmp/graph/data/graphrestore/raw/agenticir/extracted/HQ/004.png,f1ad3f60cd8e680739263535ab1620a2490f3bc0c65a9355a965c7dff9be1fed,24.793590545654297,0.6394188349019414,349.2617458105087,1,1,2,0,0,0,0,0.12120300205723418
test/C/rain + noise + low resolution/005,C,rain+noise+low resolution,005,/root/autodl-tmp/aaa/graphrestore/artifacts/formal_mio100/graphrestore_v7_1_stage4_step040000/methods/graphrestore_v7_1_stage4_step040000/d3/rain+noise+low resolution/005.png,fdd98d0869f3ff04ad508f461655f8c1c078721d4bb1f1842b4728f2e6c23ef1,/root/autodl-tmp/graph/data/graphrestore/raw/agenticir/extracted/HQ/005.png,1d8eb1ef9c1817c087956135efa85be686e7169ef11eb532c768d32d7267a0ff,20.995704650878906,0.6286756980487003,319.1634491086006,1,1,2,0,0,0,0,0.12120300205723418
test/C/rain + noise + low resolution/006,C,rain+noise+low resolution,006,/root/autodl-tmp/aaa/graphrestore/artifacts/formal_mio100/graphrestore_v7_1_stage4_step040000/methods/graphrestore_v7_1_stage4_step040000/d3/rain+noise+low resolution/006.png,ac198ac57004f5087a33d0069c837e46d818d16ef3e68bee5bb3f3c8ac5c135e,/root/autodl-tmp/graph/data/graphrestore/raw/agenticir/extracted/HQ/006.png,f62feddd2f379d039dd1effe18b6368c79a6fe31fb8177f797c9f230eb8e1211,26.59680938720703,0.6868043137340639,258.599229156971,1,1,2,0,0,0,0,0.12120300205723418
test/C/rain + noise + low resolution/007,C,rain+noise+low resolution,007,/root/autodl-tmp/aaa/graphrestore/artifacts/formal_mio100/graphrestore_v7_1_stage4_step040000/methods/graphrestore_v7_1_stage4_step040000/d3/rain+noise+low resolution/007.png,c39f3c91ecfb35c8e036d060fe005a5523697d21498d1660f1ec4aad6063a035,/root/autodl-tmp/graph/data/graphrestore/raw/agenticir/extracted/HQ/007.png,b876f087d5f42a9350f28383ff2df22156b6bbba702809d134b7713d9430881c,22.922277450561523,0.5876896082899712,260.59088110923767,1,1,2,0,0,0,0,0.12120300205723418
test/C/rain + noise + low resolution/008,C,rain+noise+low resolution,008,/root/autodl-tmp/aaa/graphrestore/artifacts/formal_mio100/graphrestore_v7_1_stage4_step040000/methods/graphrestore_v7_1_stage4_step040000/d3/rain+noise+low resolution/008.png,8f39640c129418877b144249c9ac3c2c6d4fd2021494c08b12463ed0aa4e236a,/root/autodl-tmp/graph/data/graphrestore/raw/agenticir/extracted/HQ/008.png,4efb8dbbd2ba5090b7b951a456ec5ed27a5d61360ab95cb1c5a9366f2868cb94,26.6453914642334,0.7397362581689229,370.16554921865463,1,1,2,0,0,0,0,0.12120300205723418
test/C/rain + noise + low resolution/009,C,rain+noise+low resolution,009,/root/autodl-tmp/aaa/graphrestore/artifacts/formal_mio100/graphrestore_v7_1_stage4_step040000/methods/graphrestore_v7_1_stage4_step040000/d3/rain+noise+low resolution/009.png,7d54a9c6e91c7ce3044e20268fc734bfc8ef096d5aca12acca16db710cac6e38,/root/autodl-tmp/graph/data/graphrestore/raw/agenticir/extracted/HQ/009.png,5b779ac0fbe5d1e4d4126fd2864493dcc2ecdbde374ede7e29a054b2a9cb4f21,26.965713500976562,0.714160794752469,403.73530983924866,1,1,2,0,0,0,0,0.12120300205723418
test/C/rain + noise + low resolution/010,C,rain+noise+low resolution,010,/root/autodl-tmp/aaa/graphrestore/artifacts/formal_mio100/graphrestore_v7_1_stage4_step040000/methods/graphrestore_v7_1_stage4_step040000/d3/rain+noise+low resolution/010.png,5bdc3f46cf72845e819d251410fb759f65ba792522440579630da8eda4a54f01,/root/autodl-tmp/graph/data/graphrestore/raw/agenticir/extracted/HQ/010.png,327492996d853f5c8873b435f98a91afd07db64567545baa61c9f4f64f717a0d,21.056917190551758,0.6229025604793861,430.9985637664795,1,1,2,0,0,0,0,0.12120300205723418
test/C/rain + noise + low resolution/011,C,rain+noise+low resolution,011,/root/autodl-tmp/aaa/graphrestore/artifacts/formal_mio100/graphrestore_v7_1_stage4_step040000/methods/graphrestore_v7_1_stage4_step040000/d3/rain+noise+low resolution/011.png,83c01e8cb4662235d060b1f291b683dbd792ef2652630bd365e8e9b9c092cf29,/root/autodl-tmp/graph/data/graphrestore/raw/agenticir/extracted/HQ/011.png,dcafe4ee2b43e667674ccc874b42e160ea37427b7c935297734ba69ece6b6f35,19.03947639465332,0.46659270887503523,265.90902358293533,1,1,2,0,0,0,0,0.12120300205723418
test/C/rain + noise + low resolution/012,C,rain+noise+low resolution,012,/root/autodl-tmp/aaa/graphrestore/artifacts/formal_mio100/graphrestore_v7_1_stage4_step040000/methods/graphrestore_v7_1_stage4_step040000/d3/rain+noise+low resolution/012.png,a3a45a74ea37c7530b185767c2aed237d38cc1955db8214c147ff1fcbf81066a,/root/autodl-tmp/graph/data/graphrestore/raw/agenticir/extracted/HQ/012.png,0884a3dabb3fa30cde26a4dfbf003a133139f708c65c3f8b02c24a87a6d073c3,23.248249053955078,0.6699745188945481,265.47035574913025,1,1,2,0,0,0,0,0.12120300205723418
test/C/rain + noise + low resolution/013,C,rain+noise+low resolution,013,/root/autodl-tmp/aaa/graphrestore/artifacts/formal_mio100/graphrestore_v7_1_stage4_step040000/methods/graphrestore_v7_1_stage4_step040000/d3/rain+noise+low resolution/013.png,49bf0ef808e0d83d1fa00f06647b3529fa5cccc6806560b825f330f110bf3b5a,/root/autodl-tmp/graph/data/graphrestore/raw/agenticir/extracted/HQ/013.png,afe18305499bd0b8318392e8f34ede33aafb5a0df2371075fe9f30a1c81a75eb,19.645856857299805,0.4593912435260494,315.40512293577194,1,1,2,0,0,0,0,0.12120300205723418
test/C/rain + noise + low resolution/014,C,rain+noise+low resolution,014,/root/autodl-tmp/aaa/graphrestore/artifacts/formal_mio100/graphrestore_v7_1_stage4_step040000/methods/graphrestore_v7_1_stage4_step040000/d3/rain+noise+low resolution/014.png,62add679c56bbca24216548456d42557f75e72a8e97431dc2649db541891a121,/root/autodl-tmp/graph/data/graphrestore/raw/agenticir/extracted/HQ/014.png,2d569d9b923a96b1542c0b845dce0c7657794eba9f6f22ae5d02f335ef1bc4a0,25.926536560058594,0.8351627538580675,322.387732565403,1,1,2,0,0,0,0,0.12120300205723418
test/C/rain + noise + low resolution/015,C,rain+noise+low resolution,015,/root/autodl-tmp/aaa/graphrestore/artifacts/formal_mio100/graphrestore_v7_1_stage4_step040000/methods/graphrestore_v7_1_stage4_step040000/d3/rain+noise+low resolution/015.png,b0011a852584add8ee557c22999d0115561806a40805669239c424d5b3dcfcf6,/root/autodl-tmp/graph/data/graphrestore/raw/agenticir/extracted/HQ/015.png,286adb5a1c45ee88f14e1b16e3af420910584bf5ebdd72c40cf75317559c731f,19.82009506225586,0.5898634540553821,270.89761197566986,1,1,2,0,0,0,0,0.12120300205723418
test/C/rain + noise + low resolution/016,C,rain+noise+low resolution,016,/root/autodl-tmp/aaa/graphrestore/artifacts/formal_mio100/graphrestore_v7_1_stage4_step040000/methods/graphrestore_v7_1_stage4_step040000/d3/rain+noise+low resolution/016.png,2a6f1df8e0300a6d08fbcaf4759e26678c3620c2fe386bcdf95d226381f2e368,/root/autodl-tmp/graph/data/graphrestore/raw/agenticir/extracted/HQ/016.png,ddc71b4b9bd2a57cabf985c7743b8ff7083a0d9205008603edb440ba27da9313,18.273290634155273,0.45828293950051413,325.38600265979767,1,0,1,0,0,0,0,0.12120300205723418
test/C/rain + noise + low resolution/017,C,rain+noise+low resolution,017,/root/autodl-tmp/aaa/graphrestore/artifacts/formal_mio100/graphrestore_v7_1_stage4_step040000/methods/graphrestore_v7_1_stage4_step040000/d3/rain+noise+low resolution/017.png,c3cd3bc75769fccc91adb3266ae8afd3551a4d93b7e318191868875042176c3b,/root/autodl-tmp/graph/data/graphrestore/raw/agenticir/extracted/HQ/017.png,ab3ab0c03c2d8c9c0befbcad219fae23c9795fdf99d664630f4f4febbd02c519,21.586238861083984,0.6420599891184211,244.10545080900192,1,0,1,0,0,0,0,0.12120300205723418
test/C/rain + noise + low resolution/018,C,rain+noise+low resolution,018,/root/autodl-tmp/aaa/graphrestore/artifacts/formal_mio100/graphrestore_v7_1_stage4_step040000/methods/graphrestore_v7_1_stage4_step040000/d3/rain+noise+low resolution/018.png,d4996ce9dfea1f790fa2f1bb7f2af8802e387239cc871c347eb2dd1e7bac8fe6,/root/autodl-tmp/graph/data/graphrestore/raw/agenticir/extracted/HQ/018.png,66db8e4aeb78f506ae4415572eb910726c3f16ede70138093ab4eced187b8df1,18.450712203979492,0.4252053785796227,316.7216330766678,1,1,2,0,0,0,0,0.12120300205723418
test/C/rain + noise + low resolution/019,C,rain+noise+low resolution,019,/root/autodl-tmp/aaa/graphrestore/artifacts/formal_mio100/graphrestore_v7_1_stage4_step040000/methods/graphrestore_v7_1_stage4_step040000/d3/rain+noise+low resolution/019.png,85a7fc4666d640109ad554a967ae2f7534456e00895e036c62f10c79cc4667c7,/root/autodl-tmp/graph/data/graphrestore/raw/agenticir/extracted/HQ/019.png,fb026cef85a4f7e64ad7c5f064ed15de1f04a7a7b6bde70b28ee78a55db21aeb,19.31464385986328,0.5556476360621496,268.30653846263885,1,1,2,0,0,0,0,0.12120300205723418
test/C/rain + noise + low resolution/020,C,rain+noise+low resolution,020,/root/autodl-tmp/aaa/graphrestore/artifacts/formal_mio100/graphrestore_v7_1_stage4_step040000/methods/graphrestore_v7_1_stage4_step040000/d3/rain+noise+low resolution/020.png,4aee602051bd402135d36fba2a04cb7ac040fb7de7aba6992c7821167665bbfe,/root/autodl-tmp/graph/data/graphrestore/raw/agenticir/extracted/HQ/020.png,daa15d9f51eab9eca70197a7f05df7873e3eab75e432b0a81fe9488be552f37a,17.294952392578125,0.49658516619039694,328.68798077106476,1,1,2,0,0,0,0,0.12120300205723418
test/C/rain + noise + low resolution/021,C,rain+noise+low resolution,021,/root/autodl-tmp/aaa/graphrestore/artifacts/formal_mio100/graphrestore_v7_1_stage4_step040000/methods/graphrestore_v7_1_stage4_step040000/d3/rain+noise+low resolution/021.png,c55d3546b91b98044d9a5a7b5c8bb86bd6c3063639682f0fcb04143e20f8d2e6,/root/autodl-tmp/graph/data/graphrestore/raw/agenticir/extracted/HQ/021.png,9fcc8dda4bbbe5e54e419f5cbb07e7b4310dd291ad1f1cd3cd65a90f9809baa8,22.378185272216797,0.5241797640554264,374.73875284194946,1,1,2,0,0,0,0,0.12120300205723418
test/C/rain + noise + low resolution/022,C,rain+noise+low resolution,022,/root/autodl-tmp/aaa/graphrestore/artifacts/formal_mio100/graphrestore_v7_1_stage4_step040000/methods/graphrestore_v7_1_stage4_step040000/d3/rain+noise+low resolution/022.png,7d24640b7a333afe0f3df441231ae93014f4d7b9833de0c6ae53e481090eaf51,/root/autodl-tmp/graph/data/graphrestore/raw/agenticir/extracted/HQ/022.png,70c41dc6f249472324664323044853cb85a1256f39b4a31853ddbd89fcc1e191,22.693178176879883,0.6229899810171362,263.6733800172806,1,1,2,0,0,0,0,0.12120300205723418
test/C/rain + noise + low resolution/023,C,rain+noise+low resolution,023,/root/autodl-tmp/aaa/graphrestore/artifacts/formal_mio100/graphrestore_v7_1_stage4_step040000/methods/graphrestore_v7_1_stage4_step040000/d3/rain+noise+low resolution/023.png,3cb1aaf480d4236f3967b7e9e1fe7e1c5227e409ff31dc1a5c86c6da4c07942d,/root/autodl-tmp/graph/data/graphrestore/raw/agenticir/extracted/HQ/023.png,befde78eca5789c87200ca1e2ac905ba8ad5706b50af86454bd30bc857c90e02,20.599246978759766,0.5726828832875676,261.8364095687866,1,1,2,0,0,0,0,0.12120300205723418
test/C/rain + noise + low resolution/024,C,rain+noise+low resolution,024,/root/autodl-tmp/aaa/graphrestore/artifacts/formal_mio100/graphrestore_v7_1_stage4_step040000/methods/graphrestore_v7_1_stage4_step040000/d3/rain+noise+low resolution/024.png,978266ffb50c90a4bdcf5af44012f3bdbe583f3f69375e07c22157c2ed7b1fc9,/root/autodl-tmp/graph/data/graphrestore/raw/agenticir/extracted/HQ/024.png,e51441e174dd8dc0c47872ccb4221ab3f054b716588ee0f42d58a56098bd9538,21.99655532836914,0.6774823421055798,264.2669156193733,1,1,2,0,0,0,0,0.12120300205723418
test/C/rain + noise + low resolution/025,C,rain+noise+low resolution,025,/root/autodl-tmp/aaa/graphrestore/artifacts/formal_mio100/graphrestore_v7_1_stage4_step040000/methods/graphrestore_v7_1_stage4_step040000/d3/rain+noise+low resolution/025.png,408b83b89df78f3531d5beec5ecc32b8e6662d159659bfa805324e539f19ecda,/root/autodl-tmp/graph/data/graphrestore/raw/agenticir/extracted/HQ/025.png,f384d4a9bc3c31bc29038378f849002dc4ff2db373d852b732f5cfc24ebed244,24.64103889465332,0.6144446694164925,258.5887014865875,1,1,2,0,0,0,0,0.12120300205723418
test/C/rain + noise + low resolution/026,C,rain+noise+low resolution,026,/root/autodl-tmp/aaa/graphrestore/artifacts/formal_mio100/graphrestore_v7_1_stage4_step040000/methods/graphrestore_v7_1_stage4_step040000/d3/rain+noise+low resolution/026.png,71b5806f2132569d49e3c58a16c267e20fdcd0c527761c1fb1eaf31f39ed0c9b,/root/autodl-tmp/graph/data/graphrestore/raw/agenticir/extracted/HQ/026.png,cfce1d4c02a00f28988a64f63cd538c4147c3a72c147a6549d71f1105d671224,27.364402770996094,0.7774059486549133,312.9332438111305,1,1,2,0,0,0,0,0.12120300205723418
test/C/rain + noise + low resolution/027,C,rain+noise+low resolution,027,/root/autodl-tmp/aaa/graphrestore/artifacts/formal_mio100/graphrestore_v7_1_stage4_step040000/methods/graphrestore_v7_1_stage4_step040000/d3/rain+noise+low resolution/027.png,5d2a6f3528c43c4837d515b59eec06432c419bb859d6943e42220b9649af0589,/root/autodl-tmp/graph/data/graphrestore/raw/agenticir/extracted/HQ/027.png,d69be3d26f3d3c95ffd9de3bd8d565120e0f09fb4aa84c72ae18d8fc4f871aae,25.15190887451172,0.717783515871053,316.96175783872604,1,1,2,0,0,0,0,0.12120300205723418
test/C/rain + noise + low resolution/028,C,rain+noise+low resolution,028,/root/autodl-tmp/aaa/graphrestore/artifacts/formal_mio100/graphrestore_v7_1_stage4_step040000/methods/graphrestore_v7_1_stage4_step040000/d3/rain+noise+low resolution/028.png,7bb092b34f3a1685225deb52b3978e31a8556cbf11659187628ceef489a53f65,/root/autodl-tmp/graph/data/graphrestore/raw/agenticir/extracted/HQ/028.png,181f97da79059de1a93d1a0d30f6851393282c6af8b607d83ce29ab8c9dbf771,27.16808319091797,0.7301824419683632,266.00322872400284,1,1,2,0,0,0,0,0.12120300205723418
test/C/rain + noise + low resolution/029,C,rain+noise+low resolution,029,/root/autodl-tmp/aaa/graphrestore/artifacts/formal_mio100/graphrestore_v7_1_stage4_step040000/methods/graphrestore_v7_1_stage4_step040000/d3/rain+noise+low resolution/029.png,bbe9a9e5651c1ceffd17683a7508e28918165ba4342573a4931de322fb964015,/root/autodl-tmp/graph/data/graphrestore/raw/agenticir/extracted/HQ/029.png,3c7f43d0544ada8d7b64d7bb197621349fa1dcdf8400fb6128afaf8787814556,21.102920532226562,0.5125913337001179,244.20152604579926,1,0,1,0,0,0,0,0.12120300205723418
test/C/rain + noise + low resolution/030,C,rain+noise+low resolution,030,/root/autodl-tmp/aaa/graphrestore/artifacts/formal_mio100/graphrestore_v7_1_stage4_step040000/methods/graphrestore_v7_1_stage4_step040000/d3/rain+noise+low resolution/030.png,7be806d1c05ffc470a00ed4f6f3aea0fc01f5944d3e5510552ada3daffce14a1,/root/autodl-tmp/graph/data/graphrestore/raw/agenticir/extracted/HQ/030.png,576b0158cf5a541dd6aaf522902400e8ba3175aacca36d9df22951f52acf3f2f,22.132423400878906,0.6467711720990226,232.31808841228485,1,1,2,0,0,0,0,0.12120300205723418
test/C/rain + noise + low resolution/031,C,rain+noise+low resolution,031,/root/autodl-tmp/aaa/graphrestore/artifacts/formal_mio100/graphrestore_v7_1_stage4_step040000/methods/graphrestore_v7_1_stage4_step040000/d3/rain+noise+low resolution/031.png,566b8b7520831887fa112471351a6436112fbdac6766d3f462ad430b90cc7185,/root/autodl-tmp/graph/data/graphrestore/raw/agenticir/extracted/HQ/031.png,ee314f8cd1954636c1817c95d1cb0db5aa871e179961c3463869d5dc2100d422,21.636940002441406,0.5225370423364558,286.8828549981117,1,1,2,0,0,0,0,0.12120300205723418
test/C/rain + noise + low resolution/032,C,rain+noise+low resolution,032,/root/autodl-tmp/aaa/graphrestore/artifacts/formal_mio100/graphrestore_v7_1_stage4_step040000/methods/graphrestore_v7_1_stage4_step040000/d3/rain+noise+low resolution/032.png,fa983b305ec5c2a1068d8996d7a215aeb0f59572c2ca0cf5b820ec92604c6dd2,/root/autodl-tmp/graph/data/graphrestore/raw/agenticir/extracted/HQ/032.png,e9749385ec471240dd782d677482b0d949b80ccb7472dc409fa260d1748ed9b9,25.23151397705078,0.6597757643540365,214.80239182710648,1,1,2,0,0,0,0,0.12120300205723418
test/C/rain + noise + low resolution/033,C,rain+noise+low resolution,033,/root/autodl-tmp/aaa/graphrestore/artifacts/formal_mio100/graphrestore_v7_1_stage4_step040000/methods/graphrestore_v7_1_stage4_step040000/d3/rain+noise+low resolution/033.png,fba079cd25842b34652860dc5f130a865863903fb5c7f6abf2ac10df04a86f56,/root/autodl-tmp/graph/data/graphrestore/raw/agenticir/extracted/HQ/033.png,9590f1419e378254c01f330c248e12e8a62792b04a27b72daf2c0afd6c41c758,20.587949752807617,0.4974944982004993,202.81293243169785,1,1,2,0,0,0,0,0.12120300205723418
test/C/rain + noise + low resolution/034,C,rain+noise+low resolution,034,/root/autodl-tmp/aaa/graphrestore/artifacts/formal_mio100/graphrestore_v7_1_stage4_step040000/methods/graphrestore_v7_1_stage4_step040000/d3/rain+noise+low resolution/034.png,59ea3161d035c6c2fb2a272863251114637db569ba87373be3b214d843a0184c,/root/autodl-tmp/graph/data/graphrestore/raw/agenticir/extracted/HQ/034.png,0575cc2334f8f50fcbd3d9f58173645db8764f938ee55e8899084ca2b66fd018,25.26332664489746,0.49702725750525906,287.9924178123474,1,1,2,0,0,0,0,0.12120300205723418
test/C/rain + noise + low resolution/035,C,rain+noise+low resolution,035,/root/autodl-tmp/aaa/graphrestore/artifacts/formal_mio100/graphrestore_v7_1_stage4_step040000/methods/graphrestore_v7_1_stage4_step040000/d3/rain+noise+low resolution/035.png,db0fecfa9f36faddd5ce15877b1fa3fabca9c1a77c420baa46c87ad5edfe8f22,/root/autodl-tmp/graph/data/graphrestore/raw/agenticir/extracted/HQ/035.png,4e230744a9cb7c3ebe976ae7267155312b876fb355283b4938b34b758aef7ff9,24.456825256347656,0.6505882487694354,314.397394657135,1,1,2,0,0,0,0,0.12120300205723418
test/C/rain + noise + low resolution/036,C,rain+noise+low resolution,036,/root/autodl-tmp/aaa/graphrestore/artifacts/formal_mio100/graphrestore_v7_1_stage4_step040000/methods/graphrestore_v7_1_stage4_step040000/d3/rain+noise+low resolution/036.png,7034fedde0401b854bc8e4e084ff13ce82aad306c2e01a072c32e8273115d255,/root/autodl-tmp/graph/data/graphrestore/raw/agenticir/extracted/HQ/036.png,409fbd0ad51be33e9e2711cb7b22cb39999eaac6e278ca1621c20300be446d76,22.380807876586914,0.6050942382729895,264.63473588228226,1,1,2,0,0,0,0,0.12120300205723418
test/C/rain + noise + low resolution/037,C,rain+noise+low resolution,037,/root/autodl-tmp/aaa/graphrestore/artifacts/formal_mio100/graphrestore_v7_1_stage4_step040000/methods/graphrestore_v7_1_stage4_step040000/d3/rain+noise+low resolution/037.png,b7e418355664b53adb55fe2c297a682f3d464db8834fbc6a5cc3a5206a4a7a6f,/root/autodl-tmp/graph/data/graphrestore/raw/agenticir/extracted/HQ/037.png,8f31abe11ce5d5377f131fdc788024ffb8d5cfdda501c06a64ca1fc80fab0d07,25.24778175354004,0.7344116459259209,259.0923234820366,1,1,2,0,0,0,0,0.12120300205723418
test/C/rain + noise + low resolution/038,C,rain+noise+low resolution,038,/root/autodl-tmp/aaa/graphrestore/artifacts/formal_mio100/graphrestore_v7_1_stage4_step040000/methods/graphrestore_v7_1_stage4_step040000/d3/rain+noise+low resolution/038.png,2bb56aca83c9d042ea329687c428cb6bc037580fd006edff1975e948222bf0f2,/root/autodl-tmp/graph/data/graphrestore/raw/agenticir/extracted/HQ/038.png,fe7df2186482ca2cc105baed74cb1da9667b3b03e1629055880b6012db131aa1,24.94807243347168,0.6469490359073514,202.90692150592804,1,1,2,0,0,0,0,0.12120300205723418
test/C/rain + noise + low resolution/039,C,rain+noise+low resolution,039,/root/autodl-tmp/aaa/graphrestore/artifacts/formal_mio100/graphrestore_v7_1_stage4_step040000/methods/graphrestore_v7_1_stage4_step040000/d3/rain+noise+low resolution/039.png,e905fc707ea3b3ac886d22a804710f88b8113159538238c29a63a1181f6fc62d,/root/autodl-tmp/graph/data/graphrestore/raw/agenticir/extracted/HQ/039.png,a2038f7610363fb1916197e0557fa84b50b610d86885a2d6409f9e3aa75fbbcd,25.292774200439453,0.7406690257634369,239.85671252012253,1,0,1,0,0,0,0,0.12120300205723418
test/C/rain + noise + low resolution/040,C,rain+noise+low resolution,040,/root/autodl-tmp/aaa/graphrestore/artifacts/formal_mio100/graphrestore_v7_1_stage4_step040000/methods/graphrestore_v7_1_stage4_step040000/d3/rain+noise+low resolution/040.png,d74481e34067211c60513fd88ba00089c817b457cf22ecb41b56f04e99b55d0b,/root/autodl-tmp/graph/data/graphrestore/raw/agenticir/extracted/HQ/040.png,c5a9e4bb9d84a6734bdc04c272c48c1b17b150a1e346afab2338eb0ba41f1464,25.000041961669922,0.698872543129958,286.869652569294,1,1,2,0,0,0,0,0.12120300205723418
test/C/rain + noise + low resolution/041,C,rain+noise+low resolution,041,/root/autodl-tmp/aaa/graphrestore/artifacts/formal_mio100/graphrestore_v7_1_stage4_step040000/methods/graphrestore_v7_1_stage4_step040000/d3/rain+noise+low resolution/041.png,6ad5eab98305a1025a8f09d2ce4ee5c8b4ebab61e759a522155a94982d13488f,/root/autodl-tmp/graph/data/graphrestore/raw/agenticir/extracted/HQ/041.png,8d928c89de2952ccb40028ba7ecd3f9fee3f3907c9a371fbbcb7fdaf683bc27e,19.49924659729004,0.48626210831428784,313.5194629430771,1,1,2,0,0,0,0,0.12120300205723418
test/C/rain + noise + low resolution/042,C,rain+noise+low resolution,042,/root/autodl-tmp/aaa/graphrestore/artifacts/formal_mio100/graphrestore_v7_1_stage4_step040000/methods/graphrestore_v7_1_stage4_step040000/d3/rain+noise+low resolution/042.png,fa3398c0b705dd577030994537a8af624accb5cd3437e6838220ca6cda1a007d,/root/autodl-tmp/graph/data/graphrestore/raw/agenticir/extracted/HQ/042.png,9ae42a00babed185468a76384204ff947b6baab53a82ca9b3cff6ef951f461bf,26.371723175048828,0.5738342764085625,291.00529849529266,1,1,2,0,0,0,0,0.12120300205723418
test/C/rain + noise + low resolution/043,C,rain+noise+low resolution,043,/root/autodl-tmp/aaa/graphrestore/artifacts/formal_mio100/graphrestore_v7_1_stage4_step040000/methods/graphrestore_v7_1_stage4_step040000/d3/rain+noise+low resolution/043.png,ef5418814f575e540c6a777677200e100fe58be1172ce6a5816e4ad1340cf152,/root/autodl-tmp/graph/data/graphrestore/raw/agenticir/extracted/HQ/043.png,15880c27b3101797c4e5896dee7349ad832ac1c49fcd0c559b357f4e28296b4d,20.54377555847168,0.4874633095909541,238.8521358370781,1,0,1,0,0,0,0,0.12120300205723418
test/C/rain + noise + low resolution/044,C,rain+noise+low resolution,044,/root/autodl-tmp/aaa/graphrestore/artifacts/formal_mio100/graphrestore_v7_1_stage4_step040000/methods/graphrestore_v7_1_stage4_step040000/d3/rain+noise+low resolution/044.png,b7c4959e6f6dc9f5fc4dafaf57030b3529872b57365b9dc7d3e64aa693196900,/root/autodl-tmp/graph/data/graphrestore/raw/agenticir/extracted/HQ/044.png,0645011c1dc3777ab263df617d1747b902c2d321de6f939549cfbe43eabc9245,27.03185272216797,0.7136532804393456,259.85827296972275,1,1,2,0,0,0,0,0.12120300205723418
test/C/rain + noise + low resolution/045,C,rain+noise+low resolution,045,/root/autodl-tmp/aaa/graphrestore/artifacts/formal_mio100/graphrestore_v7_1_stage4_step040000/methods/graphrestore_v7_1_stage4_step040000/d3/rain+noise+low resolution/045.png,7874e5e3c62741db100cc631964ea3133650d1ab81494d207d8dd0bd646f1467,/root/autodl-tmp/graph/data/graphrestore/raw/agenticir/extracted/HQ/045.png,d3e352c98c1fe9df1181c1e362bb9c3ba3a1d077456198796083821dab20d1fc,20.259078979492188,0.4494994444069732,238.58235776424408,1,0,1,0,0,0,0,0.12120300205723418
test/C/rain + noise + low resolution/046,C,rain+noise+low resolution,046,/root/autodl-tmp/aaa/graphrestore/artifacts/formal_mio100/graphrestore_v7_1_stage4_step040000/methods/graphrestore_v7_1_stage4_step040000/d3/rain+noise+low resolution/046.png,5d526ed0b255f1d8ce922544ca475d998e31f362503d97a9c82745b764fb7abf,/root/autodl-tmp/graph/data/graphrestore/raw/agenticir/extracted/HQ/046.png,af4b21bf96515f2ff4f97a4990856b43ae02a1d8f39909428228a2612b5f936f,20.48956871032715,0.457084522587593,258.4429383277893,1,1,2,0,0,0,0,0.12120300205723418
test/C/rain + noise + low resolution/047,C,rain+noise+low resolution,047,/root/autodl-tmp/aaa/graphrestore/artifacts/formal_mio100/graphrestore_v7_1_stage4_step040000/methods/graphrestore_v7_1_stage4_step040000/d3/rain+noise+low resolution/047.png,6b58bdc0ba195ca8392195604bae3c1eedc7fb9f43885603f38e2cf0c99290eb,/root/autodl-tmp/graph/data/graphrestore/raw/agenticir/extracted/HQ/047.png,8ecf454f7d68ca4ebf19b2b4a22275d3bb344666e4e483fda2c8cb84d5ff94db,24.71278190612793,0.667723692383345,314.13690745830536,1,1,2,0,0,0,0,0.12120300205723418
test/C/rain + noise + low resolution/048,C,rain+noise+low resolution,048,/root/autodl-tmp/aaa/graphrestore/artifacts/formal_mio100/graphrestore_v7_1_stage4_step040000/methods/graphrestore_v7_1_stage4_step040000/d3/rain+noise+low resolution/048.png,a479e6fcb6e2199590179a552e97492bf8cf2221037a251a37ab74cadd850dd2,/root/autodl-tmp/graph/data/graphrestore/raw/agenticir/extracted/HQ/048.png,b74e449ab10a96799f5e791f68de34dcfaf90a4befdb242cee372f6743841606,20.346797943115234,0.463667209670666,260.24598628282547,1,1,2,0,0,0,0,0.12120300205723418
test/C/rain + noise + low resolution/049,C,rain+noise+low resolution,049,/root/autodl-tmp/aaa/graphrestore/artifacts/formal_mio100/graphrestore_v7_1_stage4_step040000/methods/graphrestore_v7_1_stage4_step040000/d3/rain+noise+low resolution/049.png,cf28e9fca7a783242854988c62327de3aaa149535d81ce923292f278b664803f,/root/autodl-tmp/graph/data/graphrestore/raw/agenticir/extracted/HQ/049.png,bdd8f4cec02d5659a12541bb32718429d397d6be195679045764e31574c4f226,20.320283889770508,0.5045882149928624,259.4626843929291,1,1,2,0,0,0,0,0.12120300205723418
test/C/rain + noise + low resolution/050,C,rain+noise+low resolution,050,/root/autodl-tmp/aaa/graphrestore/artifacts/formal_mio100/graphrestore_v7_1_stage4_step040000/methods/graphrestore_v7_1_stage4_step040000/d3/rain+noise+low resolution/050.png,69a5f30d62987f423410826ff1dc7c419fe04ed5e398fab32f90a134f17d4970,/root/autodl-tmp/graph/data/graphrestore/raw/agenticir/extracted/HQ/050.png,c4cfbc77b28b145af37ea26b0b501d69633ebdedd3ce9a90d5760063ee95f492,20.876117706298828,0.5419392924504544,313.8244301080704,1,1,2,0,0,0,0,0.12120300205723418
test/C/rain + noise + low resolution/051,C,rain+noise+low resolution,051,/root/autodl-tmp/aaa/graphrestore/artifacts/formal_mio100/graphrestore_v7_1_stage4_step040000/methods/graphrestore_v7_1_stage4_step040000/d3/rain+noise+low resolution/051.png,5d4da60f459b2c47d009ebf5c59b64534efe91df2258fd3de587ae2d012b6ea4,/root/autodl-tmp/graph/data/graphrestore/raw/agenticir/extracted/HQ/051.png,433269b5d76ea42b944162d49085d86b82a4eab52705e69d4dfa7c8a0ccbe187,24.854143142700195,0.781721384584166,263.87520879507065,1,1,2,0,0,0,0,0.12120300205723418
test/C/rain + noise + low resolution/052,C,rain+noise+low resolution,052,/root/autodl-tmp/aaa/graphrestore/artifacts/formal_mio100/graphrestore_v7_1_stage4_step040000/methods/graphrestore_v7_1_stage4_step040000/d3/rain+noise+low resolution/052.png,1e9497512234b8e86a1613d9fce7c059dde8c5e89da0f25bd51e353c2b3f72cc,/root/autodl-tmp/graph/data/graphrestore/raw/agenticir/extracted/HQ/052.png,b0fe4f61cfdf3e31caa56791dcd8d50f729c75652d7970a654be64494341ada3,24.965293884277344,0.6302587063926104,257.9033747315407,1,1,2,0,0,0,0,0.12120300205723418
test/C/rain + noise + low resolution/053,C,rain+noise+low resolution,053,/root/autodl-tmp/aaa/graphrestore/artifacts/formal_mio100/graphrestore_v7_1_stage4_step040000/methods/graphrestore_v7_1_stage4_step040000/d3/rain+noise+low resolution/053.png,2dffe65497c9bd982a4e8fe0a52fcf290e8146688137fd060b1017bccd82dbb2,/root/autodl-tmp/graph/data/graphrestore/raw/agenticir/extracted/HQ/053.png,6b1f2208c72adcd28d96a15d538bbfbe27cb5a21be416b6f30fa836b12ac867d,30.507898330688477,0.8408133476658012,258.9331716299057,1,1,2,0,0,0,0,0.12120300205723418
test/C/rain + noise + low resolution/054,C,rain+noise+low resolution,054,/root/autodl-tmp/aaa/graphrestore/artifacts/formal_mio100/graphrestore_v7_1_stage4_step040000/methods/graphrestore_v7_1_stage4_step040000/d3/rain+noise+low resolution/054.png,17691aa8919630e7c95e5f2d429c97fe22a5b9f11c364632d25b22ccc5dcbd91,/root/autodl-tmp/graph/data/graphrestore/raw/agenticir/extracted/HQ/054.png,699ffde2d8d110e52811d39e5b9d745965d4211dd2312f453ce367f1bc0e66f5,23.241098403930664,0.6030104276199751,238.55122178792953,1,0,1,0,0,0,0,0.12120300205723418
test/C/rain + noise + low resolution/055,C,rain+noise+low resolution,055,/root/autodl-tmp/aaa/graphrestore/artifacts/formal_mio100/graphrestore_v7_1_stage4_step040000/methods/graphrestore_v7_1_stage4_step040000/d3/rain+noise+low resolution/055.png,87b2cd7a6326d7aba6b26f2fb53f4d363c5d2c9c489cec1f77aed64ba2d021b1,/root/autodl-tmp/graph/data/graphrestore/raw/agenticir/extracted/HQ/055.png,5a59c6f9051a70f1c3ad8e9550b2a21322ef8ad71bd70085fb2330f6f6da3948,28.593904495239258,0.7383183931880744,317.61427968740463,1,1,2,0,0,0,0,0.12120300205723418
test/C/rain + noise + low resolution/056,C,rain+noise+low resolution,056,/root/autodl-tmp/aaa/graphrestore/artifacts/formal_mio100/graphrestore_v7_1_stage4_step040000/methods/graphrestore_v7_1_stage4_step040000/d3/rain+noise+low resolution/056.png,85efb41bbf3164deee4cc230ff3d5c734821d1168c0d6017d179abe0061cfe81,/root/autodl-tmp/graph/data/graphrestore/raw/agenticir/extracted/HQ/056.png,c5f28866f72e2d370875385eb6575124b0735f8f927fae1c07ff7151e200c956,26.815021514892578,0.7437773899745678,242.21256375312805,1,1,2,0,0,0,0,0.12120300205723418
test/C/rain + noise + low resolution/057,C,rain+noise+low resolution,057,/root/autodl-tmp/aaa/graphrestore/artifacts/formal_mio100/graphrestore_v7_1_stage4_step040000/methods/graphrestore_v7_1_stage4_step040000/d3/rain+noise+low resolution/057.png,e04a9bf2cd491dd8f054e85582dab1a7975cfd0158abe3b48bce96107d910dd3,/root/autodl-tmp/graph/data/graphrestore/raw/agenticir/extracted/HQ/057.png,42353ae75793843947c257055d87e0568db28ed51b9a5d87cc0d6a0dafb242af,29.101791381835938,0.8459559397148882,257.7156722545624,1,1,2,0,0,0,0,0.12120300205723418
test/C/rain + noise + low resolution/058,C,rain+noise+low resolution,058,/root/autodl-tmp/aaa/graphrestore/artifacts/formal_mio100/graphrestore_v7_1_stage4_step040000/methods/graphrestore_v7_1_stage4_step040000/d3/rain+noise+low resolution/058.png,1d500d06686eac44e32db9c1b8d596461985c4c184b20d2ee01af0e49ffad0f8,/root/autodl-tmp/graph/data/graphrestore/raw/agenticir/extracted/HQ/058.png,e50e67dc4e57dc18d552546044c5ca169fdb26de4d5d81650d00d4b0f3ab7e76,27.48392105102539,0.8303056236434818,257.5936019420624,1,1,2,0,0,0,0,0.12120300205723418
test/C/rain + noise + low resolution/059,C,rain+noise+low resolution,059,/root/autodl-tmp/aaa/graphrestore/artifacts/formal_mio100/graphrestore_v7_1_stage4_step040000/methods/graphrestore_v7_1_stage4_step040000/d3/rain+noise+low resolution/059.png,6976e3b41847d38fcc8c7d6b959b40820240b4a31cdfd4d8267eeb93aa194bc1,/root/autodl-tmp/graph/data/graphrestore/raw/agenticir/extracted/HQ/059.png,e60c8277194566df02c7cefc895d1390756059f7a29ac67206ec202f1b897add,30.591630935668945,0.8616165068247378,284.1085270047188,1,1,2,0,0,0,0,0.12120300205723418
test/C/rain + noise + low resolution/060,C,rain+noise+low resolution,060,/root/autodl-tmp/aaa/graphrestore/artifacts/formal_mio100/graphrestore_v7_1_stage4_step040000/methods/graphrestore_v7_1_stage4_step040000/d3/rain+noise+low resolution/060.png,e56cf141112fa337c95c26136849efae0dc58ea4bdc7abb811632f0b46793dc3,/root/autodl-tmp/graph/data/graphrestore/raw/agenticir/extracted/HQ/060.png,d173273231bf0b68767ae3e287f4f34baa71e7d986a98c43a41fa9668fd8a0d4,20.245798110961914,0.4832557875726776,237.33919858932495,1,0,1,0,0,0,0,0.12120300205723418
test/C/rain + noise + low resolution/061,C,rain+noise+low resolution,061,/root/autodl-tmp/aaa/graphrestore/artifacts/formal_mio100/graphrestore_v7_1_stage4_step040000/methods/graphrestore_v7_1_stage4_step040000/d3/rain+noise+low resolution/061.png,bf7b9659790ce5e709e56a75ceee50888dfd0c260dc9c1ebc26a1aa55450be4f,/root/autodl-tmp/graph/data/graphrestore/raw/agenticir/extracted/HQ/061.png,a7818ddc00c398726bcd4724e9a51456bf18e4eb573f2f68b79ea2dedf0e699c,24.456886291503906,0.7704173465578616,257.7688992023468,1,1,2,0,0,0,0,0.12120300205723418
test/C/rain + noise + low resolution/062,C,rain+noise+low resolution,062,/root/autodl-tmp/aaa/graphrestore/artifacts/formal_mio100/graphrestore_v7_1_stage4_step040000/methods/graphrestore_v7_1_stage4_step040000/d3/rain+noise+low resolution/062.png,a217a01f1205c208d1005caa1a55d75a577a3ee9137486fe3bb48de9f40eb9d7,/root/autodl-tmp/graph/data/graphrestore/raw/agenticir/extracted/HQ/062.png,7829e8bf6fee7705051b0e4486c3abb2cdf412c83ac15b9f5ed9d9036c296d40,22.52090835571289,0.6508360945963929,312.3185634613037,1,1,2,0,0,0,0,0.12120300205723418
test/C/rain + noise + low resolution/063,C,rain+noise+low resolution,063,/root/autodl-tmp/aaa/graphrestore/artifacts/formal_mio100/graphrestore_v7_1_stage4_step040000/methods/graphrestore_v7_1_stage4_step040000/d3/rain+noise+low resolution/063.png,d5e0673232e5e6aaa39472194188082854cd418168289fd5bb52fbe7de6cc400,/root/autodl-tmp/graph/data/graphrestore/raw/agenticir/extracted/HQ/063.png,f7ccce7c58be38c16fb08060b8b379825cb0417a04e6813c72985768a480929c,21.842575073242188,0.5714781077916796,261.92766427993774,1,1,2,0,0,0,0,0.12120300205723418
test/C/rain + noise + low resolution/064,C,rain+noise+low resolution,064,/root/autodl-tmp/aaa/graphrestore/artifacts/formal_mio100/graphrestore_v7_1_stage4_step040000/methods/graphrestore_v7_1_stage4_step040000/d3/rain+noise+low resolution/064.png,14fa864fb74b5d96a43af036883dbac892105f25a518099d1078f85a4500ebb1,/root/autodl-tmp/graph/data/graphrestore/raw/agenticir/extracted/HQ/064.png,b34caae8d574b2c008d53ceb0490df55c099e68844b2819f0c02fc50db26cee0,23.93191146850586,0.6862406786829426,284.3209579586983,1,1,2,0,0,0,0,0.12120300205723418
test/C/rain + noise + low resolution/065,C,rain+noise+low resolution,065,/root/autodl-tmp/aaa/graphrestore/artifacts/formal_mio100/graphrestore_v7_1_stage4_step040000/methods/graphrestore_v7_1_stage4_step040000/d3/rain+noise+low resolution/065.png,5e68d4614a51d2d1081644ee47d5f7b713cee23d6dd1e8720d3d4200a8774fde,/root/autodl-tmp/graph/data/graphrestore/raw/agenticir/extracted/HQ/065.png,f0770ae16bf79be3b5d94a7868da009f5ce1bbf54bfe5c879e352a4df590ef63,24.711217880249023,0.6668108494009448,313.36530297994614,1,1,2,0,0,0,0,0.12120300205723418
test/C/rain + noise + low resolution/066,C,rain+noise+low resolution,066,/root/autodl-tmp/aaa/graphrestore/artifacts/formal_mio100/graphrestore_v7_1_stage4_step040000/methods/graphrestore_v7_1_stage4_step040000/d3/rain+noise+low resolution/066.png,4768d3c125d958bfa07ada763336db41921e38051ce4c566f29548777c626015,/root/autodl-tmp/graph/data/graphrestore/raw/agenticir/extracted/HQ/066.png,a19230b326bd2fb5c26ae283f65bf0b85f39f90421056a47c7ecd6d683379aff,23.060192108154297,0.6924501109962795,312.27800995111465,1,1,2,0,0,0,0,0.12120300205723418
test/C/rain + noise + low resolution/067,C,rain+noise+low resolution,067,/root/autodl-tmp/aaa/graphrestore/artifacts/formal_mio100/graphrestore_v7_1_stage4_step040000/methods/graphrestore_v7_1_stage4_step040000/d3/rain+noise+low resolution/067.png,13dfecf73949953e255b008df9b62a6d5512026b5f91cf81590261c325572768,/root/autodl-tmp/graph/data/graphrestore/raw/agenticir/extracted/HQ/067.png,91cd9f021a6902b7f3220c6a373cba11f3bfbe4e4984c1d6fc4be0c76acb67a0,22.400991439819336,0.6814594430288797,267.4523741006851,1,1,2,0,0,0,0,0.12120300205723418
test/C/rain + noise + low resolution/068,C,rain+noise+low resolution,068,/root/autodl-tmp/aaa/graphrestore/artifacts/formal_mio100/graphrestore_v7_1_stage4_step040000/methods/graphrestore_v7_1_stage4_step040000/d3/rain+noise+low resolution/068.png,73851c6417219bef1b18ca0b25fa00cb0c9b34f2194c849230f8eed7ac124bd9,/root/autodl-tmp/graph/data/graphrestore/raw/agenticir/extracted/HQ/068.png,b8187d79db16002364f6017df807e6cac41e7ee9a68413a384b1bd69eddaa638,23.034252166748047,0.6755618503979838,257.84531980752945,1,1,2,0,0,0,0,0.12120300205723418
test/C/rain + noise + low resolution/069,C,rain+noise+low resolution,069,/root/autodl-tmp/aaa/graphrestore/artifacts/formal_mio100/graphrestore_v7_1_stage4_step040000/methods/graphrestore_v7_1_stage4_step040000/d3/rain+noise+low resolution/069.png,0e271b41c7a1a5eff9c1561dacd8f1451b7bd8e07e191f9570af522cd404d238,/root/autodl-tmp/graph/data/graphrestore/raw/agenticir/extracted/HQ/069.png,abb08be58f50075e5e6b1de44ddfe61c30ebb34882e9d72681edd73a5cdbb156,24.22610855102539,0.6179088533561394,318.1857541203499,1,1,2,0,0,0,0,0.12120300205723418
test/C/rain + noise + low resolution/070,C,rain+noise+low resolution,070,/root/autodl-tmp/aaa/graphrestore/artifacts/formal_mio100/graphrestore_v7_1_stage4_step040000/methods/graphrestore_v7_1_stage4_step040000/d3/rain+noise+low resolution/070.png,7f40bc8d973addc288038dd5baac6027755336305e328dd5a5143aabde55364d,/root/autodl-tmp/graph/data/graphrestore/raw/agenticir/extracted/HQ/070.png,718ae2570e431003fb32f2a40e19f813545164ace18230ac03f9ec96b2747f85,23.864501953125,0.7135363177688299,257.8791305422783,1,1,2,0,0,0,0,0.12120300205723418
test/C/rain + noise + low resolution/071,C,rain+noise+low resolution,071,/root/autodl-tmp/aaa/graphrestore/artifacts/formal_mio100/graphrestore_v7_1_stage4_step040000/methods/graphrestore_v7_1_stage4_step040000/d3/rain+noise+low resolution/071.png,40878aa1d18e3ea533ea55651956b534b93c4b7ba4f2445fa64b586d1d588566,/root/autodl-tmp/graph/data/graphrestore/raw/agenticir/extracted/HQ/071.png,e8bc40490eabb437e225b0acde6b8dc1d8942f2b9657e042051c166804b07b15,28.5134334564209,0.7909706258155991,258.6046978831291,1,1,2,0,0,0,0,0.12120300205723418
test/C/rain + noise + low resolution/072,C,rain+noise+low resolution,072,/root/autodl-tmp/aaa/graphrestore/artifacts/formal_mio100/graphrestore_v7_1_stage4_step040000/methods/graphrestore_v7_1_stage4_step040000/d3/rain+noise+low resolution/072.png,a2fdd29c6fdff6f536aa54908fcc306442db82518fa80a9fdc9d7003bc50a75d,/root/autodl-tmp/graph/data/graphrestore/raw/agenticir/extracted/HQ/072.png,6b887c3fd578dc80ca3b15a823f1b43d80db2d30abc07d144e03f7228acb8144,24.18914031982422,0.6352294332155323,286.5387126803398,1,1,2,0,0,0,0,0.12120300205723418
test/C/rain + noise + low resolution/073,C,rain+noise+low resolution,073,/root/autodl-tmp/aaa/graphrestore/artifacts/formal_mio100/graphrestore_v7_1_stage4_step040000/methods/graphrestore_v7_1_stage4_step040000/d3/rain+noise+low resolution/073.png,376675d315694b4ee44508015fa14b13ebd4033784d651fe06e68d5c75ab3cbc,/root/autodl-tmp/graph/data/graphrestore/raw/agenticir/extracted/HQ/073.png,e4a8516954bfb4b79f2fc6194b6b4a8ed63250e14fe7ce0b6f6d77c922f84730,22.793970108032227,0.6625303493475304,287.7358943223953,1,0,1,0,0,0,0,0.12120300205723418
test/C/rain + noise + low resolution/074,C,rain+noise+low resolution,074,/root/autodl-tmp/aaa/graphrestore/artifacts/formal_mio100/graphrestore_v7_1_stage4_step040000/methods/graphrestore_v7_1_stage4_step040000/d3/rain+noise+low resolution/074.png,f6468b91afbde4f96f685a50c6126a8acfe538b57b92b3dff2234dc026d30a36,/root/autodl-tmp/graph/data/graphrestore/raw/agenticir/extracted/HQ/074.png,cfa80e9825a34173ab0d1810b1b63bf645aa1b6b743966a77d7d03463319fd8e,23.11370086669922,0.6083586156783611,258.44306498765945,1,1,2,0,0,0,0,0.12120300205723418
test/C/rain + noise + low resolution/075,C,rain+noise+low resolution,075,/root/autodl-tmp/aaa/graphrestore/artifacts/formal_mio100/graphrestore_v7_1_stage4_step040000/methods/graphrestore_v7_1_stage4_step040000/d3/rain+noise+low resolution/075.png,983815073639cb8b39c71cff9ec65c106009de82bb8e195dcc15e3e17056e7b7,/root/autodl-tmp/graph/data/graphrestore/raw/agenticir/extracted/HQ/075.png,637e76a0398c825f3214d13b10485f7c180dc359b838ade377382c22c8f6b788,22.16628646850586,0.5964653211034353,258.6565688252449,1,1,2,0,0,0,0,0.12120300205723418
test/C/rain + noise + low resolution/076,C,rain+noise+low resolution,076,/root/autodl-tmp/aaa/graphrestore/artifacts/formal_mio100/graphrestore_v7_1_stage4_step040000/methods/graphrestore_v7_1_stage4_step040000/d3/rain+noise+low resolution/076.png,339e6ae84d349113673f08e8070f0a5dd5ec1f90bd5e061b513170d0540366e2,/root/autodl-tmp/graph/data/graphrestore/raw/agenticir/extracted/HQ/076.png,28f7193b83d2979c14a7c73e95657ce02a2cc902196495bea289e190f48cecae,25.811450958251953,0.7408395579205539,258.3213001489639,1,1,2,0,0,0,0,0.12120300205723418
test/C/rain + noise + low resolution/077,C,rain+noise+low resolution,077,/root/autodl-tmp/aaa/graphrestore/artifacts/formal_mio100/graphrestore_v7_1_stage4_step040000/methods/graphrestore_v7_1_stage4_step040000/d3/rain+noise+low resolution/077.png,ced740a23b40eaf324c628cba3b26814425d640af9e86de60e0a351b643c9355,/root/autodl-tmp/graph/data/graphrestore/raw/agenticir/extracted/HQ/077.png,6d0b3c0c4255ee2de7c3c275c114eb531248c06fce157913f4e69dacd492cc91,25.06606674194336,0.7939250816768457,260.249599814415,1,1,2,0,0,0,0,0.12120300205723418
test/C/rain + noise + low resolution/078,C,rain+noise+low resolution,078,/root/autodl-tmp/aaa/graphrestore/artifacts/formal_mio100/graphrestore_v7_1_stage4_step040000/methods/graphrestore_v7_1_stage4_step040000/d3/rain+noise+low resolution/078.png,bc0da93a1239a5ccb91da211062ae49802d528c61f5337c846502e41917de988,/root/autodl-tmp/graph/data/graphrestore/raw/agenticir/extracted/HQ/078.png,ae84b8b3592a0f623d5bd2c5791b049e6fd87155614fbbad37f1ac00a2cfa870,23.40143394470215,0.6056149753221415,313.81699442863464,1,1,2,0,0,0,0,0.12120300205723418
test/C/rain + noise + low resolution/079,C,rain+noise+low resolution,079,/root/autodl-tmp/aaa/graphrestore/artifacts/formal_mio100/graphrestore_v7_1_stage4_step040000/methods/graphrestore_v7_1_stage4_step040000/d3/rain+noise+low resolution/079.png,2a1be3b6ad4c949174b4df571d9831d33753ee5e01035c002b006d3a4d1d0e10,/root/autodl-tmp/graph/data/graphrestore/raw/agenticir/extracted/HQ/079.png,166cde30b17743be2ca3fb2c29004e0b38b126bfa1d8d5f41013c23eb248aad5,26.161306381225586,0.7041260957885274,292.1600714325905,1,1,2,0,0,0,0,0.12120300205723418
test/C/rain + noise + low resolution/080,C,rain+noise+low resolution,080,/root/autodl-tmp/aaa/graphrestore/artifacts/formal_mio100/graphrestore_v7_1_stage4_step040000/methods/graphrestore_v7_1_stage4_step040000/d3/rain+noise+low resolution/080.png,2412fdbd98417fa54189d025a30bb623c30c5699d470876dd1b0d8cf8a911329,/root/autodl-tmp/graph/data/graphrestore/raw/agenticir/extracted/HQ/080.png,b208599722bce230536ae4db62272e883a7714d4bfca7d73e1361da3b2ca9225,29.56210708618164,0.8956766580513409,258.96547734737396,1,1,2,0,0,0,0,0.12120300205723418
test/C/rain + noise + low resolution/081,C,rain+noise+low resolution,081,/root/autodl-tmp/aaa/graphrestore/artifacts/formal_mio100/graphrestore_v7_1_stage4_step040000/methods/graphrestore_v7_1_stage4_step040000/d3/rain+noise+low resolution/081.png,fabc3e5ff65a323d1b306dba2d660db0c97fdc0d3326c50660bd5187ca6381f4,/root/autodl-tmp/graph/data/graphrestore/raw/agenticir/extracted/HQ/081.png,f86df1e220755af6ab50844f797e3fb45165c5dde9ac8ee1750544154cfd1ad7,22.54063606262207,0.6222105223048626,313.69929760694504,1,1,2,0,0,0,0,0.12120300205723418
test/C/rain + noise + low resolution/082,C,rain+noise+low resolution,082,/root/autodl-tmp/aaa/graphrestore/artifacts/formal_mio100/graphrestore_v7_1_stage4_step040000/methods/graphrestore_v7_1_stage4_step040000/d3/rain+noise+low resolution/082.png,dbf58e4b0c7c3374563f6040ce8b8772bfb7a9e08081b89b1ece459a8fe763a8,/root/autodl-tmp/graph/data/graphrestore/raw/agenticir/extracted/HQ/082.png,698a641215db75e2471381c00fc2a84208122a4a0115beeb5679de746977682e,20.540800094604492,0.3930865982694238,263.6992931365967,1,1,2,0,0,0,0,0.12120300205723418
test/C/rain + noise + low resolution/083,C,rain+noise+low resolution,083,/root/autodl-tmp/aaa/graphrestore/artifacts/formal_mio100/graphrestore_v7_1_stage4_step040000/methods/graphrestore_v7_1_stage4_step040000/d3/rain+noise+low resolution/083.png,72355104a5e56c7cd54ebf5fd93ff10abf2ffa65d61d7f90d462234a3ab1a3d3,/root/autodl-tmp/graph/data/graphrestore/raw/agenticir/extracted/HQ/083.png,4772b8d475dfc90626760cea35452db0ee8dfdd89f7cd8def57f8b4d74ecef44,22.283361434936523,0.6692160099980607,287.8522425889969,1,1,2,0,0,0,0,0.12120300205723418
test/C/rain + noise + low resolution/084,C,rain+noise+low resolution,084,/root/autodl-tmp/aaa/graphrestore/artifacts/formal_mio100/graphrestore_v7_1_stage4_step040000/methods/graphrestore_v7_1_stage4_step040000/d3/rain+noise+low resolution/084.png,aeb71818e271006318eab42fb72a25eb37763cca731c483a467dc0388b181f22,/root/autodl-tmp/graph/data/graphrestore/raw/agenticir/extracted/HQ/084.png,1bc34c4607ba66d84248fe8e7d5e30546ae13841542d8b1cb9146f2a2485df64,29.223386764526367,0.8494666562968092,264.87401872873306,1,1,2,0,0,0,0,0.12120300205723418
test/C/rain + noise + low resolution/085,C,rain+noise+low resolution,085,/root/autodl-tmp/aaa/graphrestore/artifacts/formal_mio100/graphrestore_v7_1_stage4_step040000/methods/graphrestore_v7_1_stage4_step040000/d3/rain+noise+low resolution/085.png,0e19b37d6727c9ab2f09753b3e2212cf097530a392ca00698f2e9fc75d8af172,/root/autodl-tmp/graph/data/graphrestore/raw/agenticir/extracted/HQ/085.png,6174b7cb004afd2a578ec1950d92b99c41115b5a6bf70a511f19156c62bd5274,30.95413589477539,0.9299885361786056,258.3680525422096,1,1,2,0,0,0,0,0.12120300205723418
test/C/rain + noise + low resolution/086,C,rain+noise+low resolution,086,/root/autodl-tmp/aaa/graphrestore/artifacts/formal_mio100/graphrestore_v7_1_stage4_step040000/methods/graphrestore_v7_1_stage4_step040000/d3/rain+noise+low resolution/086.png,b4537ebf9415040447d7d57312cf74e3e7e0bc300d0921e730c9905c7f062b8c,/root/autodl-tmp/graph/data/graphrestore/raw/agenticir/extracted/HQ/086.png,68a629299aaf0e4d70065c504c9b3e397721fa17a25c2585446914aa5c7bafb5,21.13816261291504,0.654723722206718,266.56433939933777,1,1,2,0,0,0,0,0.12120300205723418
test/C/rain + noise + low resolution/087,C,rain+noise+low resolution,087,/root/autodl-tmp/aaa/graphrestore/artifacts/formal_mio100/graphrestore_v7_1_stage4_step040000/methods/graphrestore_v7_1_stage4_step040000/d3/rain+noise+low resolution/087.png,1b9571d789597fceaf589a22a1111b0b77848ee18782c33dafc7974266eed575,/root/autodl-tmp/graph/data/graphrestore/raw/agenticir/extracted/HQ/087.png,059a862de1498fc3b783bcfcce8fad399573aa912bb6638bbd3d43d23b88cdc6,22.393123626708984,0.653565470342217,258.9300498366356,1,1,2,0,0,0,0,0.12120300205723418
test/C/rain + noise + low resolution/088,C,rain+noise+low resolution,088,/root/autodl-tmp/aaa/graphrestore/artifacts/formal_mio100/graphrestore_v7_1_stage4_step040000/methods/graphrestore_v7_1_stage4_step040000/d3/rain+noise+low resolution/088.png,b91c326fe03735fccd8e59d721359bd0f5cf446d9aee6a387297f52cba286c28,/root/autodl-tmp/graph/data/graphrestore/raw/agenticir/extracted/HQ/088.png,e76841066e027bd2a2fa101a4598c597d4891a7c535e3cc3195b7afcc249d7ae,24.340824127197266,0.6808464723055978,292.33598709106445,1,0,1,0,0,0,0,0.12120300205723418
test/C/rain + noise + low resolution/089,C,rain+noise+low resolution,089,/root/autodl-tmp/aaa/graphrestore/artifacts/formal_mio100/graphrestore_v7_1_stage4_step040000/methods/graphrestore_v7_1_stage4_step040000/d3/rain+noise+low resolution/089.png,82515aa8166eba7820b6575954a2c3e2b211dc46b7a16c5dd4fda9f166a2bd54,/root/autodl-tmp/graph/data/graphrestore/raw/agenticir/extracted/HQ/089.png,046e493440ea7499fe07cec3853e6e170225ce6cdc903aac14730fa6b9bf36ab,25.01653289794922,0.7783495998716355,281.33538365364075,1,1,2,0,0,0,0,0.12120300205723418
test/C/rain + noise + low resolution/090,C,rain+noise+low resolution,090,/root/autodl-tmp/aaa/graphrestore/artifacts/formal_mio100/graphrestore_v7_1_stage4_step040000/methods/graphrestore_v7_1_stage4_step040000/d3/rain+noise+low resolution/090.png,930e693bf11fcf89f2e7b64d4e4675766385068b6c68e4f975b016ea6a7a32b1,/root/autodl-tmp/graph/data/graphrestore/raw/agenticir/extracted/HQ/090.png,830f74b8389bfef595e56e910efc49cf4246f6f7bd552ea8c45d071a0113053c,21.951641082763672,0.6806845378892528,287.0996817946434,1,1,2,0,0,0,0,0.12120300205723418
test/C/rain + noise + low resolution/091,C,rain+noise+low resolution,091,/root/autodl-tmp/aaa/graphrestore/artifacts/formal_mio100/graphrestore_v7_1_stage4_step040000/methods/graphrestore_v7_1_stage4_step040000/d3/rain+noise+low resolution/091.png,df89b8273e8479a74493a43f9cac27f16227a5926225afb2adb4ce9727d7100b,/root/autodl-tmp/graph/data/graphrestore/raw/agenticir/extracted/HQ/091.png,5e553db9d41f0f077260ca811d0fc988002511f536fd217035e5495bab201d6c,22.741567611694336,0.7576952829492535,261.13977283239365,1,1,2,0,0,0,0,0.12120300205723418
test/C/rain + noise + low resolution/092,C,rain+noise+low resolution,092,/root/autodl-tmp/aaa/graphrestore/artifacts/formal_mio100/graphrestore_v7_1_stage4_step040000/methods/graphrestore_v7_1_stage4_step040000/d3/rain+noise+low resolution/092.png,1cd137052186413e2eaa2f014ac285015f42cfc927fa5d050c751fa99b1bd685,/root/autodl-tmp/graph/data/graphrestore/raw/agenticir/extracted/HQ/092.png,d2fdbb69f6828c6707d3f41abfcb56dcb6e0d8e75181ac8d0c55eea107f20d48,19.460071563720703,0.5308749413819178,284.984827041626,1,1,2,0,0,0,0,0.12120300205723418
test/C/rain + noise + low resolution/093,C,rain+noise+low resolution,093,/root/autodl-tmp/aaa/graphrestore/artifacts/formal_mio100/graphrestore_v7_1_stage4_step040000/methods/graphrestore_v7_1_stage4_step040000/d3/rain+noise+low resolution/093.png,df675d787f9691caebf490a896d3d6a40abaacd206250b8ded35598cf17f1842,/root/autodl-tmp/graph/data/graphrestore/raw/agenticir/extracted/HQ/093.png,b9ef1df7a3be70176f064c2568ea12d8cd9c9c54b3e8fd72bca53d170eaf06f2,22.458843231201172,0.7671109363657942,429.52488362789154,1,1,2,0,0,0,0,0.12120300205723418
test/C/rain + noise + low resolution/094,C,rain+noise+low resolution,094,/root/autodl-tmp/aaa/graphrestore/artifacts/formal_mio100/graphrestore_v7_1_stage4_step040000/methods/graphrestore_v7_1_stage4_step040000/d3/rain+noise+low resolution/094.png,7184b4aa01a5d227539dfe5aea1277aea61f4b2441a1eba00e8e15e29d2fd88e,/root/autodl-tmp/graph/data/graphrestore/raw/agenticir/extracted/HQ/094.png,45dab31fa407b6793844322a5e147cdfedc3bfa449cd28fc9605f41dba80966d,22.494110107421875,0.6903001402478394,261.65615022182465,1,1,2,0,0,0,0,0.12120300205723418
test/C/rain + noise + low resolution/095,C,rain+noise+low resolution,095,/root/autodl-tmp/aaa/graphrestore/artifacts/formal_mio100/graphrestore_v7_1_stage4_step040000/methods/graphrestore_v7_1_stage4_step040000/d3/rain+noise+low resolution/095.png,ecdea9320b4f515d89a973e20cd5588012fd52e0a4ec1897a6692c440baf4eb2,/root/autodl-tmp/graph/data/graphrestore/raw/agenticir/extracted/HQ/095.png,2f04f8c811593049180a1c6bdcf5d723d3c2f6443ba518c407e4976d7a6b2637,16.82960319519043,0.6393908399831825,233.57104510068893,1,1,2,0,0,0,0,0.12120300205723418
test/C/rain + noise + low resolution/096,C,rain+noise+low resolution,096,/root/autodl-tmp/aaa/graphrestore/artifacts/formal_mio100/graphrestore_v7_1_stage4_step040000/methods/graphrestore_v7_1_stage4_step040000/d3/rain+noise+low resolution/096.png,871eb99efc2c1696721fd007ae642a1e759eafb01419cd863e5632feba2ea06f,/root/autodl-tmp/graph/data/graphrestore/raw/agenticir/extracted/HQ/096.png,3ac9dbd626f9e294ae10a8ab11a34f6c0132ed355627d25ce3f8790f701fae29,21.965625762939453,0.6146057484786831,257.96789675951004,1,1,2,0,0,0,0,0.12120300205723418
test/C/rain + noise + low resolution/097,C,rain+noise+low resolution,097,/root/autodl-tmp/aaa/graphrestore/artifacts/formal_mio100/graphrestore_v7_1_stage4_step040000/methods/graphrestore_v7_1_stage4_step040000/d3/rain+noise+low resolution/097.png,7f18b724262f36c81fcb20d5e3723c91afdb04dc416687951c55d81e6e051154,/root/autodl-tmp/graph/data/graphrestore/raw/agenticir/extracted/HQ/097.png,9b6c3c0d294f54e89b51656b0163aa8d0715dd7904848721ea76c07ccf737d2e,22.79719352722168,0.7336087202384367,259.4691887497902,1,1,2,0,0,0,0,0.12120300205723418
test/C/rain + noise + low resolution/098,C,rain+noise+low resolution,098,/root/autodl-tmp/aaa/graphrestore/artifacts/formal_mio100/graphrestore_v7_1_stage4_step040000/methods/graphrestore_v7_1_stage4_step040000/d3/rain+noise+low resolution/098.png,dc04f983907857092d046546cc063811cff226263a4c72febe433f2f0fa1f260,/root/autodl-tmp/graph/data/graphrestore/raw/agenticir/extracted/HQ/098.png,f0574e5262ab9942e66006e0df3aab8738de997489badc302e131ae74299181f,20.84033966064453,0.6202815425550224,312.4013990163803,1,1,2,0,0,0,0,0.12120300205723418
test/C/rain + noise + low resolution/099,C,rain+noise+low resolution,099,/root/autodl-tmp/aaa/graphrestore/artifacts/formal_mio100/graphrestore_v7_1_stage4_step040000/methods/graphrestore_v7_1_stage4_step040000/d3/rain+noise+low resolution/099.png,cb1e973724cc3462a250b5493fa23aa5ebee46b12072f2f61d35470aa2172bb9,/root/autodl-tmp/graph/data/graphrestore/raw/agenticir/extracted/HQ/099.png,15ddff6cab9869d7fe8a7cb6fd328b436bbfa9b089e6adcbba7a5048e4c97f8b,22.56747055053711,0.6491894349371197,267.6868587732315,1,1,2,0,0,0,0,0.12120300205723418
test/C/rain + noise + low resolution/100,C,rain+noise+low resolution,100,/root/autodl-tmp/aaa/graphrestore/artifacts/formal_mio100/graphrestore_v7_1_stage4_step040000/methods/graphrestore_v7_1_stage4_step040000/d3/rain+noise+low resolution/100.png,64f3e2490de86b6135db9f6d7487cccdd5e4e46c775dcf99592cf9fe24040c1a,/root/autodl-tmp/graph/data/graphrestore/raw/agenticir/extracted/HQ/100.png,b7f5d60dbb3e7047b9c62efc7d61db97052a2cde687d3fae367a14a6793a0c40,20.027122497558594,0.6353649504386613,238.01426589488983,1,0,1,0,0,0,0,0.12120300205723418
